eval,policy,point,target,threshold,feasible,note,review_rate,err_caught,accepted_err_rate,accepted_wer,word_errors_caught,n_accepted_errors,accepted_sub_rate,accepted_del_rate,accepted_ins_rate,accepted_num_err,accepted_neg_err,accepted_ent_err,accepted_term_err,accepted_crit_err_rate,crit_caught,review_rate_lo,review_rate_hi,err_caught_lo,err_caught_hi,accepted_err_rate_lo,accepted_err_rate_hi,accepted_crit_err_rate_lo,accepted_crit_err_rate_hi,pred_accepted_err
eka_test,P1,budget_0.01,0.01,0.6516987456,True,,0.0200381679389,0.0503978779841,0.34858812074,0.124626494024,0.0990099009901,358,0.081984561753,0.00983565737052,0.0328062749004,0.0844155844156,0.045045045045,0.304850626405,0.0789473684211,0.0798442064265,0.0352941176471,0.00611201996264,0.0287932080466,0.0174285279144,0.197238061297,0.0517680681231,0.472310581587,0.0647001535374,0.108468220703,
eka_test,P1,budget_0.05,0.05,0.6131726276,True,,0.0543893129771,0.137931034483,0.327951564077,0.119504721406,0.1399639964,325,0.0795447439185,0.00988055781377,0.0300794196736,0.0853018372703,0.045045045045,0.297042573936,0.0776218001652,0.079717457114,0.0705882352941,0.0118468688845,0.0739616501412,0.0954588733139,0.226288741303,0.0480418730201,0.450658510816,0.0640327248665,0.106614659904,
eka_test,P1,budget_0.10,0.1,0.5820509874,True,,0.0887404580153,0.220159151194,0.307853403141,0.116281994843,0.167866786679,294,0.077605182064,0.00974781460286,0.0289289981762,0.0857908847185,0.045045045045,0.290036172312,0.0738589211618,0.0816753926702,0.0823529411765,0.0161140819964,0.12032071199,0.173635660627,0.299443826474,0.0423958938276,0.428477316901,0.0653885340586,0.107888079617,
eka_test,P1,budget_0.20,0.2,0.5261961235,True,,0.217557251908,0.501326259947,0.229268292683,0.103086141357,0.279927992799,188,0.0692610012241,0.00959989691386,0.0242252432189,0.0848920863309,0.045045045045,0.26324845148,0.0705289672544,0.080487804878,0.223529411765,0.0282526528826,0.306926357321,0.367781954887,0.535049862678,0.0350397113972,0.337394303007,0.0617928999479,0.108974217496,
eka_test,P1,budget_0.30,0.3,0.4834536613,True,,0.325381679389,0.68700265252,0.166902404526,0.0925043040657,0.371287128713,118,0.061978545888,0.00907164613958,0.0214541120381,0.0769230769231,0.045045045045,0.242652329749,0.0641573994867,0.0806223479491,0.329411764706,0.0442358604091,0.440718788153,0.455582706767,0.701547816473,0.032985952761,0.261419215935,0.055524691358,0.11744295583,
eka_test,P1,risk_0.10,0.1,0.4346512688,True,,0.454198473282,0.867374005305,0.0874125874126,0.0836070060208,0.4500450045,50,0.0558976464149,0.00848385331144,0.0192255062945,0.0771869639794,0.045871559633,0.221762048193,0.0588752196837,0.0874125874126,0.411764705882,0.0487301717536,0.613317718209,0.541127819549,0.886088229737,0.0237711224022,0.15078692923,0.0615393153726,0.122207389988,
eka_test,P1,risk_0.20,0.2,0.5151706634,True,,0.248091603053,0.559681697613,0.210659898477,0.0987261146497,0.316381638164,166,0.0662290393865,0.00922916937476,0.0232679058885,0.079528718704,0.045045045045,0.256704980843,0.0682967959528,0.0799492385787,0.258823529412,0.0342519964993,0.346025690441,0.371353383459,0.586584840655,0.0344081373905,0.314306331729,0.0588139538728,0.112583711994,
eka_test,P1,risk_0.30,0.3,0.5930596162,True,,0.0772900763359,0.188328912467,0.316442605998,0.117676609105,0.156615661566,306,0.0783673469388,0.00992150706436,0.029387755102,0.0868983957219,0.045045045045,0.292826727809,0.0746268656716,0.081695966908,0.0705882352941,0.012110010612,0.104757272108,0.14271037182,0.276223581758,0.0442855062969,0.438662243977,0.0655948389629,0.108209198879,
eka_test,P1,riskcp_0.10,0.1,0.3866576581,True,,0.535305343511,0.949602122016,0.0390143737166,0.077173605211,0.509450945095,19,0.0515434721042,0.00785896346644,0.0177711696403,0.0752293577982,0.0377358490566,0.207924676344,0.0552536231884,0.0862422997947,0.505882352941,0.0745211218277,0.715206538084,0.684700460829,0.960994930744,0.0132352440457,0.0682563951432,0.0557253105884,0.120387047711,
eka_test,P1,riskcp_0.20,0.2,0.4898481584,True,,0.30820610687,0.657824933687,0.177931034483,0.0939827324853,0.358235823582,129,0.06313846965,0.00902919659922,0.0218150662361,0.077399380805,0.045045045045,0.246794871795,0.0662701784197,0.0813793103448,0.305882352941,0.0362668198228,0.420902430303,0.371353383459,0.674785494134,0.0344094257846,0.27524142475,0.0583489224783,0.114208564888,
eka_test,P1,riskcp_0.30,0.3,0.5644954322,True,,0.124045801527,0.307692307692,0.28431372549,0.112447003733,0.200270027003,261,0.0751755995697,0.00968170600519,0.0275896981586,0.0857142857143,0.045045045045,0.282290279627,0.0715474209651,0.0816993464052,0.117647058824,0.0198494018546,0.168841948227,0.257031490015,0.372273456295,0.0425650646632,0.399990022513,0.0657814844662,0.108937655087,
eka_test,P2,budget_0.01,0.01,1.23236093297,True,,0.0152671755725,0.0132625994695,0.360465116279,0.128813992085,0.0918091809181,372,0.0841312396272,0.00963870803013,0.0350440444274,0.0863213811421,0.045871559633,0.311475409836,0.0829805249788,0.0794573643411,0.0352941176471,0.00406126199227,0.0416687375746,0,0.158375959079,0.0554903084467,0.483040444352,0.0650816804639,0.107411508108,
eka_test,P2,budget_0.05,0.05,0.549136317964,True,,0.155534351145,0.206896551724,0.337853107345,0.121601208459,0.20297029703,299,0.07992309805,0.00858280692118,0.0330953034881,0.0940438871473,0.039603960396,0.298523586604,0.0805729632945,0.0813559322034,0.152941176471,0.0665625,0.272564038172,0.0695467347298,0.561237928007,0.0297598662753,0.476652521133,0.0649987402016,0.111897426604,
eka_test,P2,budget_0.10,0.1,0.441654457571,True,,0.218511450382,0.289124668435,0.327228327228,0.116995768688,0.253375337534,268,0.0776445698166,0.00839210155148,0.0309590973202,0.0912106135987,0.040404040404,0.290780141844,0.0789473684211,0.0769230769231,0.258823529412,0.116571023337,0.346224677716,0.148455477501,0.620587172072,0.0304248080725,0.474008029539,0.0603346001938,0.107011766596,
eka_test,P2,budget_0.20,0.2,0.317888742529,True,,0.323473282443,0.46949602122,0.282087447109,0.105247576049,0.3600360036,200,0.0717933535638,0.00762341795574,0.0258308045296,0.0747126436782,0.0337078651685,0.270043877144,0.0768509840675,0.0719322990127,0.4,0.164090872353,0.450359224353,0.345078198642,0.774534813926,0.0210904535865,0.444688014384,0.0588064295486,0.0956271008403,
eka_test,P2,budget_0.30,0.3,0.238063139342,True,,0.439885496183,0.63925729443,0.231686541738,0.0943901670344,0.460846084608,136,0.0645288370627,0.00716987078475,0.0226914591869,0.0600858369099,0.0357142857143,0.249352890423,0.0707876370887,0.0698466780239,0.517647058824,0.210528133374,0.57221294448,0.544103917501,0.886533647829,0.0149348255625,0.40522492163,0.0541646018696,0.094259040469,
eka_test,P2,risk_0.10,0.1,0.0865577638574,True,,0.669847328244,0.93899204244,0.0664739884393,0.0735779460299,0.658865886589,23,0.0508639099204,0.00698893418754,0.015725101922,0.0593471810089,0.0153846153846,0.200220022002,0.0569696969697,0.0722543352601,0.705882352941,0.345667146546,0.803675707649,0.865967741935,0.983677026927,0.00345566963526,0.168681903303,0.0492259385351,0.0997864673695,
eka_test,P2,risk_0.20,0.2,0.147980944369,True,,0.568702290076,0.84350132626,0.130530973451,0.0815060343362,0.568406840684,59,0.0560938296787,0.00696923338433,0.0184429712732,0.0620347394541,0.037037037037,0.218483412322,0.0621707060063,0.0796460176991,0.576470588235,0.25095119179,0.708660812765,0.770865956178,0.97324035929,0.00557712968351,0.271180853345,0.0567218554088,0.108451878937,
eka_test,P2,risk_0.30,0.3,0.345395150339,True,,0.291030534351,0.416445623342,0.296096904441,0.10856602676,0.328082808281,220,0.0735165794066,0.00770796974985,0.0273414776033,0.0759493670886,0.0434782608696,0.276438569207,0.0777058279371,0.0726783310902,0.364705882353,0.149218886114,0.412675430241,0.301277292576,0.699103446616,0.0248170742946,0.450599353506,0.059367073937,0.0984020893701,
eka_test,P2,riskcp_0.10,0.1,0.0661016935239,True,,0.709923664122,0.954907161804,0.0559210526316,0.0717276924729,0.699369936994,17,0.0498228283045,0.00676473746376,0.0151401267046,0.0610169491525,0.0166666666667,0.194630872483,0.06,0.0756578947368,0.729411764706,0.390257029253,0.838411957405,0.865967741935,0.993431205328,0.00358422939068,0.144350165563,0.05,0.102336886305,
eka_test,P2,riskcp_0.20,0.2,0.119862691217,True,,0.620229007634,0.89124668435,0.103015075377,0.0791150764749,0.608910891089,41,0.0544428259286,0.0073743627094,0.0172978878369,0.0653950953678,0.027397260274,0.212570260603,0.0600907029478,0.0804020100503,0.623529411765,0.306371835404,0.75053256896,0.83869629233,0.976150807051,0.00598266428158,0.236083433444,0.05551558753,0.110426614727,
eka_test,P2,riskcp_0.30,0.3,0.228194269518,True,,0.451335877863,0.655172413793,0.226086956522,0.09318145863,0.469846984698,130,0.0639930390761,0.00711912672046,0.0220692928334,0.0603448275862,0.0357142857143,0.247181266262,0.0707876370887,0.0713043478261,0.517647058824,0.210528133374,0.588114481393,0.552920877602,0.898084830947,0.0149348255625,0.402796828909,0.0551409929944,0.0966283524904,
eka_test,P2,whisper_rule,,1,True,,0.0362595419847,0.0238726790451,0.364356435644,0.128915978503,0.114761476148,368,0.0844147332547,0.00963429020842,0.03486695504,0.0887323943662,0.0471698113208,0.313216453136,0.0844827586207,0.0792079207921,0.0588235294118,0.0151727586959,0.080461526615,0.00495299575741,0.261605890603,0.0475540764339,0.489060014529,0.0649880948086,0.107318258366,
eka_test,P2-rawCR,budget_0.01,0.01,1.23209635417,True,,0.0152671755725,0.0132625994695,0.360465116279,0.128813992085,0.0918091809181,372,0.0841312396272,0.00963870803013,0.0350440444274,0.0863213811421,0.045871559633,0.311475409836,0.0829805249788,0.0794573643411,0.0352941176471,0.00406126199227,0.0416687375746,0,0.158375959079,0.0554903084467,0.483040444352,0.0650816804639,0.107411508108,
eka_test,P2-rawCR,budget_0.05,0.05,0.648702595,True,,0.12213740458,0.143236074271,0.351086956522,0.125355517634,0.206570657066,323,0.0828356086462,0.0087457337884,0.0337741751991,0.0903614457831,0.021978021978,0.306730415594,0.0830291970803,0.0782608695652,0.152941176471,0.0458646102666,0.2294097443,0.0440974305353,0.578989813243,0.02815401179,0.479329457101,0.0640845070423,0.104859359193,
eka_test,P2-rawCR,budget_0.10,0.1,0.629251700833,True,,0.155534351145,0.153846153846,0.360451977401,0.129430844081,0.245724572457,319,0.085566453008,0.00864931654954,0.0352150745231,0.0880503144654,0.025641025641,0.312871287129,0.0836614173228,0.0768361581921,0.2,0.0647401743219,0.2783109757,0.0466896753904,0.605454159593,0.0302954545455,0.486912907969,0.0604873593689,0.1091184573,
eka_test,P2-rawCR,budget_0.20,0.2,0.598958333333,True,,0.25858778626,0.175066312997,0.400257400257,0.147690373939,0.365436543654,311,0.0954226458573,0.00974127998324,0.0425264480989,0.0931558935361,0.0192307692308,0.342886920271,0.094839609484,0.0772200772201,0.294117647059,0.123604288733,0.441606449886,0.0518165342999,0.652536231884,0.0337880079568,0.516097473152,0.0604461422644,0.116002954992,
eka_test,P2-rawCR,budget_0.30,0.3,0.57035519125,True,,0.400763358779,0.209549071618,0.474522292994,0.20878243513,0.529252925293,298,0.132135728543,0.0109780439122,0.0656686626747,0.104519774011,0.0384615384615,0.450549450549,0.125698324022,0.0732484076433,0.458823529412,0.203561349072,0.717715243719,0.0754753587324,0.750512295082,0.0471993557623,0.549998665883,0.0551463351088,0.138972222222,
eka_test,P2-rawCR,risk_0.10,0.1,-inf,False,,1,1,,,1,0,,,,,,,,,1,1,1,1,1,,,,,
eka_test,P2-rawCR,risk_0.20,0.2,-inf,False,,1,1,,,1,0,,,,,,,,,1,1,1,1,1,,,,,
eka_test,P2-rawCR,risk_0.30,0.3,-inf,False,,1,1,,,1,0,,,,,,,,,1,1,1,1,1,,,,,
eka_test,P2-rawCR,riskcp_0.10,0.1,-inf,False,,1,1,,,1,0,,,,,,,,,1,1,1,1,1,,,,,
eka_test,P2-rawCR,riskcp_0.20,0.2,-inf,False,,1,1,,,1,0,,,,,,,,,1,1,1,1,1,,,,,
eka_test,P2-rawCR,riskcp_0.30,0.3,-inf,False,,1,1,,,1,0,,,,,,,,,1,1,1,1,1,,,,,
eka_test,P2-rawCR,whisper_rule,,1,True,,0.0343511450382,0.0212201591512,0.364624505929,0.129308093995,0.108460846085,369,0.0844647519582,0.0095953002611,0.0352480417755,0.0896551724138,0.0471698113208,0.312772376802,0.0842648323302,0.0800395256917,0.0470588235294,0.0144430712482,0.0789391818105,0.00330801482203,0.217425271739,0.0536425086213,0.487951997735,0.0655953864091,0.109991483789,
eka_test,P3,budget_0.01,0.01,0.955563136401,True,,0.0190839694656,0.053050397878,0.347276264591,0.124898873608,0.0967596759676,357,0.0820212832161,0.00989482855187,0.0329827618396,0.0844155844156,0.045045045045,0.304431599229,0.0781893004115,0.0807392996109,0.0235294117647,0.00309883876041,0.0280106759318,0.0203954716215,0.187052429668,0.0536199646873,0.470035245503,0.0657684518501,0.108070321152,0.33658341655
eka_test,P3,budget_0.05,0.05,0.904432994603,True,,0.050572519084,0.135278514589,0.327638190955,0.119925046846,0.135913591359,326,0.0799500312305,0.00986883198001,0.0301061836352,0.0847457627119,0.045045045045,0.297630639403,0.076222038111,0.0793969849246,0.0705882352941,0.00958741030659,0.0716212934566,0.0821117386926,0.218918504902,0.0499087192588,0.449050228424,0.0641008073775,0.109377174165,0.317033402884
eka_test,P3,budget_0.10,0.1,0.835237451469,True,,0.105916030534,0.267904509284,0.294557097118,0.113478754255,0.189918991899,276,0.0762829403606,0.00977178161644,0.0274240322784,0.083109919571,0.045045045045,0.286139596427,0.074812967581,0.076840981857,0.152941176471,0.0195721925134,0.146049700297,0.223187196602,0.372273456295,0.0407417542788,0.40945827623,0.0587803929197,0.107710843373,0.282748107147
eka_test,P3,budget_0.20,0.2,0.650321471623,True,,0.24713740458,0.559681697613,0.210392902408,0.0994863125041,0.311431143114,166,0.067299564341,0.00968853631576,0.0224982118473,0.0824587706147,0.045045045045,0.257649513213,0.0659340659341,0.0785804816223,0.270588235294,0.0277065202061,0.344719272129,0.394154135338,0.608540735346,0.0345954608805,0.314796860906,0.0586019178312,0.110432738059,0.195265287104
eka_test,P3,budget_0.30,0.3,0.506108051794,True,,0.338740458015,0.729442970822,0.147186147186,0.0895125357452,0.394239423942,102,0.0604508878101,0.00911085987897,0.0199507880561,0.0771704180064,0.0454545454545,0.238026647461,0.0638841567291,0.0793650793651,0.352941176471,0.0396275024614,0.46699281938,0.484097744361,0.755817092772,0.0284343247426,0.229897758789,0.0561269392642,0.111824392998,0.14204143992
eka_test,P3,risk_0.10,0.1,0.347626513306,True,,0.442748091603,0.864721485411,0.0873287671233,0.0828191416427,0.456345634563,51,0.0554641436994,0.00863842040313,0.0187165775401,0.0716783216783,0.045871559633,0.220882020354,0.0603146853147,0.0804794520548,0.447058823529,0.0484460124713,0.604655513637,0.570476190476,0.886818903192,0.0242179045745,0.154991217799,0.0531666621289,0.115345011333,0.0880063934165
eka_test,P3,risk_0.20,0.2,0.617505956118,True,,0.270992366412,0.602122015915,0.196335078534,0.0976981428198,0.327632763276,150,0.0661130002616,0.00967826314413,0.0219068794141,0.0844854070661,0.045045045045,0.253244475623,0.0651989839119,0.0811518324607,0.270588235294,0.0291462711457,0.379834816806,0.394154135338,0.651669085193,0.0345972078953,0.297992721451,0.0610758706468,0.112004237179,0.181024940504
eka_test,P3,risk_0.30,0.3,0.882229303801,True,,0.0687022900763,0.180371352785,0.316598360656,0.116966017898,0.158865886589,309,0.0787283309344,0.00988797797109,0.0283497089931,0.0848563968668,0.045045045045,0.293925538863,0.075456053068,0.078893442623,0.0941176470588,0.012110010612,0.0962208762207,0.134314718755,0.276223581758,0.0442855062969,0.436434689085,0.0624924412578,0.106724929365,0.305765831432
eka_test,P3,riskcp_0.10,0.1,0.229072782222,True,,0.529580152672,0.946949602122,0.0405679513185,0.0768570201803,0.516651665167,20,0.0520251896379,0.00780020037212,0.0170316301703,0.0718562874251,0.0377358490566,0.210484511517,0.0569105691057,0.079107505071,0.541176470588,0.0866509926855,0.706334652731,0.836723790323,0.960758822709,0.00669513931259,0.0787179135836,0.0540510173094,0.106671684785,0.0508071269196
eka_test,P3,riskcp_0.20,0.2,0.543726863432,True,,0.31679389313,0.68700265252,0.164804469274,0.0919076291934,0.374887488749,118,0.0619996029908,0.00906504334017,0.0208429828624,0.0789889415482,0.0454545454545,0.243571428571,0.0638841567291,0.0796089385475,0.329411764706,0.036167999635,0.438329190668,0.455582706767,0.730218715393,0.0333156739213,0.256940484085,0.0581565019192,0.111135824437,0.154344278408
eka_test,P3,riskcp_0.30,0.3,0.811804516598,True,,0.13072519084,0.323607427056,0.279912184413,0.11078754115,0.212421242124,255,0.0747657634844,0.00981261078754,0.0262091668777,0.0848153214774,0.045045045045,0.28028028028,0.0732722731057,0.0779363336992,0.164705882353,0.0212752939029,0.17961505183,0.257109634551,0.408852213053,0.0388255192391,0.393890599336,0.0604555675384,0.108878238383,0.267336606528
eka_test,P3,plugin_0.10,0.1,0.385208176122,True,,0.417938931298,0.846153846154,0.0950819672131,0.0840301856007,0.443744374437,58,0.056292066082,0.00883812631722,0.0188999932014,0.0731292517007,0.045871559633,0.225037257824,0.0601569311247,0.0786885245902,0.435294117647,0,0.668553685181,0,0.926608510993,0.0581569591132,0.126829871017,0.0544138824885,0.114225082147,0.099958724624
eka_test,P3,plugin_0.20,0.2,0.667558830466,True,,0.239503816794,0.546419098143,0.214554579674,0.1,0.306930693069,171,0.0676623376623,0.00967532467532,0.0226623376623,0.0824587706147,0.045045045045,0.25866851595,0.0657672849916,0.077791718946,0.270588235294,0,0.488839366347,0,0.764282296651,0.0598993923565,0.229845206297,0.0552639453809,0.115923550016,0.199923870034
eka_test,P3,plugin_0.30,0.3,0.870833770671,True,,0.0782442748092,0.201591511936,0.311594202899,0.115951112504,0.167416741674,301,0.0782199937324,0.00984017549358,0.027890943278,0.0850785340314,0.045045045045,0.292267365662,0.0755813953488,0.0776397515528,0.117647058824,0,0.317896128394,0,0.540372289937,0.0598993923565,0.335546016719,0.0598139939904,0.115923550016,0.299850139364
eka_test,P3-conf,budget_0.01,0.01,0.96238663833,True,,0.0143129770992,0.0397877984085,0.350435624395,0.125979843225,0.0886588658866,362,0.0823068309071,0.00989175065323,0.0337812616648,0.0844155844156,0.045045045045,0.305546649567,0.0789473684211,0.080348499516,0.0235294117647,0.00309883876041,0.0230010368664,0.0203954716215,0.187052429668,0.0536199646873,0.473155277327,0.0654567136118,0.108070321152,0.333115222781
eka_test,P3-conf,budget_0.05,0.05,0.907851122496,True,,0.0448473282443,0.116710875332,0.332667332667,0.121145924354,0.126462646265,333,0.0805142928473,0.00992385469979,0.0307077768069,0.0847457627119,0.045045045045,0.299319727891,0.0761589403974,0.0799200799201,0.0588235294118,0.00902612133783,0.0684392892629,0.0494430181454,0.215728900256,0.0517680681231,0.456201158071,0.0644386321174,0.108662961928,0.313891556451
eka_test,P3-conf,budget_0.10,0.1,0.839131576506,True,,0.0982824427481,0.254641909814,0.297354497354,0.113892208037,0.18496849685,281,0.0767876234199,0.00974781460286,0.0273567700145,0.0837765957447,0.045045045045,0.287363906302,0.074812967581,0.0772486772487,0.141176470588,0.0161586452763,0.134485683313,0.21868326005,0.333333333333,0.0424803073238,0.413765466817,0.0595289456998,0.106294556121,0.280870271539
eka_test,P3-conf,budget_0.20,0.2,0.654457403852,True,,0.239503816794,0.549071618037,0.213299874529,0.100181676616,0.305130513051,170,0.0676096548144,0.00966779133143,0.0229042304698,0.0823353293413,0.045045045045,0.258321775312,0.0657672849916,0.0765370138018,0.282352941176,0.0276578820738,0.335341422394,0.367781954887,0.596916684126,0.0353969009695,0.316023227538,0.0562714070894,0.108230139993,0.194399279371
eka_test,P3-conf,budget_0.30,0.3,0.518567798177,True,,0.326335877863,0.700265251989,0.160056657224,0.0915777615797,0.37803780378,113,0.0616923994434,0.00907825856471,0.0208071035717,0.0779014308426,0.0454545454545,0.241577060932,0.0638841567291,0.0793201133144,0.341176470588,0.0378675746636,0.450925195297,0.455582706767,0.732634990644,0.0333168764225,0.25076858602,0.0563567914638,0.112266423625,0.143969317475
eka_test,P3-conf,risk_0.10,0.1,0.341675169306,True,,0.43893129771,0.859416445623,0.0901360544218,0.0830870730534,0.455895589559,53,0.0555975534328,0.0086591986805,0.0188303209401,0.0732142857143,0.045871559633,0.221342383107,0.0603674540682,0.0799319727891,0.447058823529,0.0582944973198,0.598433473519,0.570476190476,0.877692607399,0.0243081922904,0.157146341463,0.052871060942,0.114670557229,0.0877105825751
eka_test,P3-conf,risk_0.20,0.2,0.612092422579,True,,0.263358778626,0.599469496021,0.195595854922,0.0960570195514,0.338883888389,151,0.0646701105081,0.00948146210685,0.0219054469365,0.0807926829268,0.045045045045,0.252801120448,0.0643522438611,0.0764248704663,0.305882352941,0.031890439577,0.368321863553,0.399868421053,0.648736780259,0.0328632115747,0.295892022936,0.0551348419803,0.10705667789,0.180096166442
eka_test,P3-conf,risk_0.30,0.3,0.886496780368,True,,0.0601145038168,0.159151193634,0.321827411168,0.11889423979,0.144464446445,317,0.0793670648571,0.00975670773657,0.0297704671962,0.083660130719,0.045045045045,0.295669163139,0.075456053068,0.0781725888325,0.0941176470588,0.00958741030659,0.084423152601,0.0967232597623,0.219428790984,0.0499087192588,0.443493265993,0.0627718578457,0.109377174165,0.304420836179
eka_test,P3-conf,riskcp_0.10,0.1,0.203174546737,True,,0.532442748092,0.944297082228,0.0428571428571,0.0767243235484,0.518901890189,21,0.0517476494653,0.00803846981985,0.0169382042633,0.0704225352113,0.047619047619,0.209032773781,0.0587172538392,0.0795918367347,0.541176470588,0.0957874606954,0.705941079176,0.79935483871,0.959298310519,0.00826855270829,0.0818388429752,0.0548766979892,0.110344654509,0.0506504905826
eka_test,P3-conf,riskcp_0.20,0.2,0.553675207247,True,,0.304389312977,0.663129973475,0.174211248285,0.0932594644506,0.363636363636,127,0.0629864134019,0.00910170162248,0.0211713494262,0.0796875,0.045045045045,0.246356203342,0.063829787234,0.079561042524,0.317647058824,0.0378675746636,0.421464155165,0.455582706767,0.701515796619,0.0333168764225,0.268244161484,0.0584433059049,0.111798937337,0.156301360934
eka_test,P3-conf,riskcp_0.30,0.3,0.813703677513,True,,0.112595419847,0.286472148541,0.289247311828,0.112568581699,0.196669666967,269,0.0758655483383,0.0097748628366,0.0269281705241,0.0846774193548,0.045045045045,0.284151193634,0.0740432612313,0.0774193548387,0.152941176471,0.0195553902495,0.154616594403,0.241169030082,0.379505005562,0.0386705761143,0.404939062812,0.0592505334282,0.107308544523,0.272074012361
eka_test,P3-conf,plugin_0.10,0.1,0.375229434263,True,,0.413167938931,0.835543766578,0.10081300813,0.0840701945314,0.443744374437,62,0.0562508502245,0.00870629846279,0.0191130458441,0.0702054794521,0.045871559633,0.225037257824,0.0608695652174,0.0764227642276,0.447058823529,0,0.655261720144,0,0.920327975794,0.0584488315874,0.12902148538,0.0524483729086,0.113693628144,0.0996636133776
eka_test,P3-conf,plugin_0.20,0.2,0.667644714707,True,,0.230916030534,0.53050397878,0.219602977667,0.101016641844,0.297929792979,177,0.0681214789872,0.00964838438127,0.0232467784757,0.0832095096582,0.045045045045,0.25993778085,0.0656013456686,0.0781637717122,0.258823529412,0,0.46978090791,0,0.738631883251,0.0598993923565,0.241646367506,0.0561095638441,0.115923550016,0.199600725626
eka_test,P3-conf,plugin_0.30,0.3,0.875913546894,True,,0.0677480916031,0.175066312997,0.318321392016,0.117919509295,0.152115211521,311,0.0789885460349,0.00976403580146,0.0291669274582,0.083660130719,0.045045045045,0.294482533464,0.0755186721992,0.0777891504606,0.105882352941,0,0.298312356979,0,0.508359496571,0.0598993923565,0.344882224719,0.0604878619074,0.115923550016,0.299692720125
pm_window_test,P1,budget_0.01,0.01,0.6516987456,True,,0,0,0.0315487571702,0.115973115973,0,33,0.0394966394966,0.0652938652939,0.0111826111826,0.142076502732,0.121575342466,,0.0961446930033,0.24378585086,0,0,0,0,0,0.017429542767,0.0528818555296,0.212241477678,0.273159413522,
pm_window_test,P1,budget_0.05,0.05,0.6131726276,True,,0.000956022944551,0,0.0315789473684,0.115974774414,0,33,0.0394972043072,0.0652947990104,0.0111827710964,0.142076502732,0.121575342466,,0.0961446930033,0.244019138756,0,0,0.00293269493137,0,0,0.017429542767,0.0530294501195,0.212621431551,0.273410251486,
pm_window_test,P1,budget_0.10,0.1,0.5820509874,True,,0.000956022944551,0,0.0315789473684,0.115974774414,0,33,0.0394972043072,0.0652947990104,0.0111827710964,0.142076502732,0.121575342466,,0.0961446930033,0.244019138756,0,0,0.00293269493137,0,0,0.017429542767,0.0530294501195,0.212621431551,0.273410251486,
pm_window_test,P1,budget_0.20,0.2,0.5261961235,True,,0.000956022944551,0,0.0315789473684,0.115974774414,0,33,0.0394972043072,0.0652947990104,0.0111827710964,0.142076502732,0.121575342466,,0.0961446930033,0.244019138756,0,0,0.00293269493137,0,0,0.017429542767,0.0530294501195,0.212621431551,0.273410251486,
pm_window_test,P1,budget_0.30,0.3,0.4834536613,True,,0.000956022944551,0,0.0315789473684,0.115974774414,0,33,0.0394972043072,0.0652947990104,0.0111827710964,0.142076502732,0.121575342466,,0.0961446930033,0.244019138756,0,0,0.00293269493137,0,0,0.017429542767,0.0530294501195,0.212621431551,0.273410251486,
pm_window_test,P1,risk_0.10,0.1,0.4346512688,True,,0.00478011472275,0.0606060606061,0.0297790585975,0.115822159896,0.0019728729963,31,0.0394516549089,0.0651946825408,0.0111758224461,0.141025641026,0.121644774415,,0.0961446930033,0.243035542747,0.0078431372549,0.000938901197447,0.00856491511987,0,0.174110671937,0.0165070733169,0.0510293889202,0.210578519034,0.272351998403,
pm_window_test,P1,risk_0.20,0.2,0.5151706634,True,,0.000956022944551,0,0.0315789473684,0.115974774414,0,33,0.0394972043072,0.0652947990104,0.0111827710964,0.142076502732,0.121575342466,,0.0961446930033,0.244019138756,0,0,0.00293269493137,0,0,0.017429542767,0.0530294501195,0.212621431551,0.273410251486,
pm_window_test,P1,risk_0.30,0.3,0.5930596162,True,,0.000956022944551,0,0.0315789473684,0.115974774414,0,33,0.0394972043072,0.0652947990104,0.0111827710964,0.142076502732,0.121575342466,,0.0961446930033,0.244019138756,0,0,0.00293269493137,0,0,0.017429542767,0.0530294501195,0.212621431551,0.273410251486,
pm_window_test,P1,riskcp_0.10,0.1,0.3866576581,True,,0.0133843212237,0.181818181818,0.0261627906977,0.115140890607,0.0119605425401,27,0.0393574066357,0.0646185679594,0.0111649160117,0.140221402214,0.121055651176,,0.0958512160229,0.242248062016,0.0196078431373,0.00685944570136,0.0209226795767,0.0788255360624,0.323266129032,0.0131150877864,0.0462806296227,0.209310555014,0.273157051282,
pm_window_test,P1,riskcp_0.20,0.2,0.4898481584,True,,0.000956022944551,0,0.0315789473684,0.115974774414,0,33,0.0394972043072,0.0652947990104,0.0111827710964,0.142076502732,0.121575342466,,0.0961446930033,0.244019138756,0,0,0.00293269493137,0,0,0.017429542767,0.0530294501195,0.212621431551,0.273410251486,
pm_window_test,P1,riskcp_0.30,0.3,0.5644954322,True,,0.000956022944551,0,0.0315789473684,0.115974774414,0,33,0.0394972043072,0.0652947990104,0.0111827710964,0.142076502732,0.121575342466,,0.0961446930033,0.244019138756,0,0,0.00293269493137,0,0,0.017429542767,0.0530294501195,0.212621431551,0.273410251486,
pm_window_test,P2,budget_0.01,0.01,1.23236093297,True,,0.0564053537285,0.0606060606061,0.0314083080041,0.114853142596,0.0694204685573,31,0.0395982346675,0.0647998782529,0.0104550296758,0.139763779528,0.120899149453,,0.0966280825365,0.239108409321,0.0745098039216,0.0445223264131,0.0705459594307,0,0.166666666667,0.0172148755719,0.0537666602279,0.208771292428,0.268300728719,
pm_window_test,P2,budget_0.05,0.05,0.549136317964,True,,0.169216061185,0.212121212121,0.029919447641,0.113882063882,0.199876695438,26,0.0394173394173,0.0643032643033,0.0101614601615,0.135944700461,0.122001370802,,0.0951025056948,0.2416570771,0.176470588235,0.143551781655,0.194991612997,0.0554166666667,0.344956896552,0.0168955974167,0.0480676749461,0.21024403187,0.269904817943,
pm_window_test,P2,budget_0.10,0.1,0.441654457571,True,,0.210325047801,0.212121212121,0.0314769975787,0.114016232443,0.24130702836,26,0.0392469332543,0.0645406366972,0.0102286624912,0.138686131387,0.119883040936,,0.0953530476765,0.237288135593,0.23137254902,0.176673116891,0.237760979642,0.0554166666667,0.344956896552,0.0178889852348,0.0510671139768,0.20662142863,0.263604474143,
pm_window_test,P2,budget_0.20,0.2,0.317888742529,True,,0.299235181644,0.242424242424,0.0341064120055,0.11359618293,0.34241676942,25,0.0388949240633,0.0646686689245,0.0100325899418,0.112426035503,0.117247238743,,0.0953375086987,0.218281036835,0.372549019608,0.263647874735,0.329955520477,0.0554166666667,0.388888888889,0.019073982529,0.0547891647334,0.189147950003,0.248430356483,
pm_window_test,P2,budget_0.30,0.3,0.238063139342,True,,0.369980879541,0.333333333333,0.0333839150228,0.112136027552,0.425893958076,22,0.0380771176031,0.0642566412177,0.00980226873149,0.117056856187,0.116959064327,,0.0962441314554,0.218512898331,0.435294117647,0.326585279614,0.407760830006,0.15375,0.482832512315,0.0186671332039,0.0518313664698,0.190928384078,0.25,
pm_window_test,P2,risk_0.10,0.1,0.0865577638574,True,,0.767686424474,0.787878787879,0.0288065843621,0.09584952804,0.829716399507,7,0.0331760133259,0.0535119378123,0.00916157690172,0.106382978723,0.0878378378378,,0.0764331210191,0.148148148148,0.858823529412,0.716675118263,0.811138850797,0.605681818182,0.906268168605,0.01180420957,0.0542096309593,0.106534562212,0.190724600614,
pm_window_test,P2,risk_0.20,0.2,0.147980944369,True,,0.568833652008,0.575757575758,0.0310421286031,0.104086240804,0.647595561036,14,0.0363828392454,0.0580158787967,0.00968752276204,0.126262626263,0.102479338843,,0.0895170789164,0.181818181818,0.678431372549,0.514164534426,0.61049773073,0.363636363636,0.718103448276,0.015693315583,0.0442018198008,0.149825746854,0.220597447407,
pm_window_test,P2,risk_0.30,0.3,0.345395150339,True,,0.270554493308,0.242424242424,0.0327653997379,0.113298391029,0.312330456227,25,0.0388834714773,0.0643791646351,0.0100357549163,0.118309859155,0.1144,,0.0965608465608,0.21756225426,0.349019607843,0.235377944618,0.302098399017,0.0554166666667,0.388888888889,0.0183755226172,0.0524629000298,0.191641383495,0.24624623888,
pm_window_test,P2,riskcp_0.10,0.1,0.0661016935239,True,,0.836520076482,0.909090909091,0.0175438596491,0.093676334939,0.887299630086,3,0.032694475761,0.0527826176079,0.00819924157015,0.121212121212,0.0878048780488,,0.0670731707317,0.152046783626,0.898039215686,0.797453271028,0.874362748454,0.773804226919,1,0,0.036277173913,0.108087808839,0.19542230467,
pm_window_test,P2,riskcp_0.20,0.2,0.119862691217,True,,0.654875717017,0.69696969697,0.0277008310249,0.0986247000185,0.736498150432,10,0.0340132914898,0.055242754292,0.00936865423666,0.117647058824,0.0862068965517,,0.0805270863836,0.157894736842,0.776470588235,0.605279495931,0.703064608348,0.519931034483,0.829875886525,0.013018309916,0.0411252159242,0.114197509584,0.195595288289,
pm_window_test,P2,riskcp_0.30,0.3,0.228194269518,True,,0.385277246654,0.363636363636,0.0326594090202,0.111290242572,0.4467324291,21,0.0378242968401,0.0637184384146,0.00974750731683,0.118644067797,0.117886178862,,0.0968775020016,0.217729393468,0.450980392157,0.344951816731,0.419226243549,0.2,0.517353823088,0.0174223623428,0.0513504859722,0.188038793576,0.248055432524,
pm_window_test,P2,whisper_rule,,1,True,,0.0803059273423,0.121212121212,0.0301455301455,0.114503936268,0.0979038224414,29,0.0396287543236,0.0643889001925,0.0104862817523,0.141700404858,0.119524405507,,0.0960247805885,0.238045738046,0.101960784314,0.0653780763765,0.0986797273535,0,0.200092592593,0.0175214673754,0.0483890909671,0.207837117303,0.266538071147,
pm_window_test,P2-rawCR,budget_0.01,0.01,1.23209635417,True,,0.0564053537285,0.0606060606061,0.0314083080041,0.114853142596,0.0694204685573,31,0.0395982346675,0.0647998782529,0.0104550296758,0.139763779528,0.120899149453,,0.0966280825365,0.239108409321,0.0745098039216,0.0445223264131,0.0705459594307,0,0.166666666667,0.0172148755719,0.0537666602279,0.208771292428,0.268300728719,
pm_window_test,P2-rawCR,budget_0.05,0.05,0.648702595,True,,0.624282982792,0.333333333333,0.0559796437659,0.126042351039,0.692478421702,22,0.0386617476121,0.0784858745641,0.00889472886238,0.198924731183,0.152542372881,,0.110918544194,0.229007633588,0.647058823529,0.591944816599,0.659911554679,0.15,0.517273307791,0.0324030998299,0.0914488523941,0.186332802583,0.26686728881,
pm_window_test,P2-rawCR,budget_0.10,0.1,0.629251700833,True,,0.706500956023,0.393939393939,0.0651465798046,0.129378374637,0.76954377312,20,0.0395957358438,0.0814066177489,0.00837602104389,0.195945945946,0.148825065274,,0.100250626566,0.224755700326,0.729411764706,0.675488906089,0.739384560257,0.217219679634,0.586366538953,0.0350909532175,0.106471710593,0.176388888889,0.271573940909,
pm_window_test,P2-rawCR,budget_0.20,0.2,0.598958333333,True,,0.842256214149,0.484848484848,0.10303030303,0.15266571745,0.881011097411,17,0.0419237462427,0.102990033223,0.0077519379845,0.222222222222,0.175141242938,,0.105590062112,0.206060606061,0.866666666667,0.821006294928,0.860275962136,0.2995,0.666666666667,0.0565861947732,0.165896524487,0.147416666667,0.263809712553,
pm_window_test,P2-rawCR,budget_0.30,0.3,0.57035519125,True,,0.904397705545,0.666666666667,0.11,0.159333752357,0.93748458693,11,0.0452545568825,0.107479572596,0.00659962287869,0.233333333333,0.175,,0.10447761194,0.2,0.921568627451,0.887158101344,0.918613796085,0.52,0.81498015873,0.049929245283,0.185009982254,0.122575471698,0.269739530133,
pm_window_test,P2-rawCR,risk_0.10,0.1,-inf,False,,1,1,,,1,0,,,,,,,,,1,1,1,1,1,,,,,
pm_window_test,P2-rawCR,risk_0.20,0.2,-inf,False,,1,1,,,1,0,,,,,,,,,1,1,1,1,1,,,,,
pm_window_test,P2-rawCR,risk_0.30,0.3,-inf,False,,1,1,,,1,0,,,,,,,,,1,1,1,1,1,,,,,
pm_window_test,P2-rawCR,riskcp_0.10,0.1,-inf,False,,1,1,,,1,0,,,,,,,,,1,1,1,1,1,,,,,
pm_window_test,P2-rawCR,riskcp_0.20,0.2,-inf,False,,1,1,,,1,0,,,,,,,,,1,1,1,1,1,,,,,
pm_window_test,P2-rawCR,riskcp_0.30,0.3,-inf,False,,1,1,,,1,0,,,,,,,,,1,1,1,1,1,,,,,
pm_window_test,P2-rawCR,whisper_rule,,1,True,,0.0793499043977,0.121212121212,0.0301142263759,0.114507277872,0.0969173859433,29,0.039617892153,0.0643986179078,0.0104907678116,0.141129032258,0.119524405507,,0.0960247805885,0.23779854621,0.101960784314,0.0642756223563,0.0977317651581,0,0.200092592593,0.0175043503887,0.0483715727797,0.207832063692,0.266277941278,
pm_window_test,P3,budget_0.01,0.01,0.955563136401,True,,0,0,0.0315487571702,0.115973115973,0,33,0.0394966394966,0.0652938652939,0.0111826111826,0.142076502732,0.121575342466,,0.0961446930033,0.24378585086,0,0,0,0,0,0.017429542767,0.0528818555296,0.212241477678,0.273159413522,0.0301641384117
pm_window_test,P3,budget_0.05,0.05,0.904432994603,True,,0.000956022944551,0,0.0315789473684,0.115974774414,0,33,0.0394972043072,0.0652947990104,0.0111827710964,0.142076502732,0.121575342466,,0.0961446930033,0.244019138756,0,0,0.00293269493137,0,0,0.017429542767,0.0530294501195,0.212621431551,0.273410251486,0.0293015849822
pm_window_test,P3,budget_0.10,0.1,0.835237451469,True,,0.000956022944551,0,0.0315789473684,0.115974774414,0,33,0.0394972043072,0.0652947990104,0.0111827710964,0.142076502732,0.121575342466,,0.0961446930033,0.244019138756,0,0,0.00293269493137,0,0,0.017429542767,0.0530294501195,0.212621431551,0.273410251486,0.0293015849822
pm_window_test,P3,budget_0.20,0.2,0.650321471623,True,,0.0019120458891,0,0.0316091954023,0.116050725675,0.000246609124538,33,0.0395328199697,0.0653536770389,0.0111642286663,0.142335766423,0.121575342466,,0.0963740458015,0.244252873563,0,0,0.00493806644278,0,0,0.0174633632533,0.0530775857568,0.212819948687,0.273668087408,0.0285547237789
pm_window_test,P3,budget_0.30,0.3,0.506108051794,True,,0.0038240917782,0.0606060606061,0.0297504798464,0.115895130228,0.0019728729963,31,0.0395481034952,0.065178481937,0.0111685447959,0.142335766423,0.121575342466,,0.0963740458015,0.24472168906,0,0.000945984625632,0.00828980294831,0,0.161424731183,0.0162657770364,0.0509932071373,0.21301347397,0.274389349467,0.0275449678625
pm_window_test,P3,risk_0.10,0.1,0.347626513306,True,,0.00478011472275,0.0909090909091,0.028818443804,0.115796107188,0.00308261405672,30,0.039529654402,0.0650950287163,0.0111714240701,0.142335766423,0.121575342466,,0.0963740458015,0.244956772334,0,0.00177362245475,0.0102604515145,0,0.225843108504,0.0142942043967,0.0505778275288,0.213207351657,0.274389349467,0.0271335932278
pm_window_test,P3,risk_0.20,0.2,0.617505956118,True,,0.0019120458891,0,0.0316091954023,0.116050725675,0.000246609124538,33,0.0395328199697,0.0653536770389,0.0111642286663,0.142335766423,0.121575342466,,0.0963740458015,0.244252873563,0,0,0.00493806644278,0,0,0.0174633632533,0.0530775857568,0.212819948687,0.273668087408,0.0285547237789
pm_window_test,P3,risk_0.30,0.3,0.882229303801,True,,0.000956022944551,0,0.0315789473684,0.115974774414,0,33,0.0394972043072,0.0652947990104,0.0111827710964,0.142076502732,0.121575342466,,0.0961446930033,0.244019138756,0,0,0.00293269493137,0,0,0.017429542767,0.0530294501195,0.212621431551,0.273410251486,0.0293015849822
pm_window_test,P3,riskcp_0.10,0.1,0.229072782222,True,,0.0124282982792,0.151515151515,0.027105517909,0.115472478844,0.00900123304562,28,0.0394821913478,0.0648410223991,0.0111492650968,0.14128440367,0.121783876501,,0.0964200477327,0.245885769603,0.00392156862745,0.00647416215815,0.0194281249944,0.0369883040936,0.344956896552,0.0122044545798,0.0496693695198,0.214050561629,0.275951218231,0.0252596459407
pm_window_test,P3,riskcp_0.20,0.2,0.543726863432,True,,0.00286806883365,0.030303030303,0.0306807286673,0.116030403229,0.000493218249075,32,0.0395356493609,0.0653297261705,0.0111650276979,0.142335766423,0.121575342466,,0.0963740458015,0.244487056568,0,0,0.00604249111354,0,0.0971326164875,0.0169696261254,0.0518527253669,0.212825313715,0.273668087408,0.0280252721245
pm_window_test,P3,riskcp_0.30,0.3,0.811804516598,True,,0.000956022944551,0,0.0315789473684,0.115974774414,0,33,0.0394972043072,0.0652947990104,0.0111827710964,0.142076502732,0.121575342466,,0.0961446930033,0.244019138756,0,0,0.00293269493137,0,0,0.017429542767,0.0530294501195,0.212621431551,0.273410251486,0.0293015849822
pm_window_test,P3,plugin_0.10,0.1,0.931532472239,True,,0,0,0.0315487571702,0.115973115973,0,33,0.0394966394966,0.0652938652939,0.0111826111826,0.142076502732,0.121575342466,,0.0961446930033,0.24378585086,0,0,0,0,0,0.017429542767,0.0528818555296,0.212241477678,0.273159413522,0.0301641384117
pm_window_test,P3,plugin_0.20,0.2,0.931532472239,True,,0,0,0.0315487571702,0.115973115973,0,33,0.0394966394966,0.0652938652939,0.0111826111826,0.142076502732,0.121575342466,,0.0961446930033,0.24378585086,0,0,0,0,0,0.017429542767,0.0528818555296,0.212241477678,0.273159413522,0.0301641384117
pm_window_test,P3,plugin_0.30,0.3,0.931532472239,True,,0,0,0.0315487571702,0.115973115973,0,33,0.0394966394966,0.0652938652939,0.0111826111826,0.142076502732,0.121575342466,,0.0961446930033,0.24378585086,0,0,0,0,0,0.017429542767,0.0528818555296,0.212241477678,0.273159413522,0.0301641384117
pm_window_test,P3-conf,budget_0.01,0.01,0.96238663833,True,,0,0,0.0315487571702,0.115973115973,0,33,0.0394966394966,0.0652938652939,0.0111826111826,0.142076502732,0.121575342466,,0.0961446930033,0.24378585086,0,0,0,0,0,0.017429542767,0.0528818555296,0.212241477678,0.273159413522,0.0474915822858
pm_window_test,P3-conf,budget_0.05,0.05,0.907851122496,True,,0.000956022944551,0,0.0315789473684,0.115974774414,0,33,0.0394972043072,0.0652947990104,0.0111827710964,0.142076502732,0.121575342466,,0.0961446930033,0.244019138756,0,0,0.00293269493137,0,0,0.017429542767,0.0530294501195,0.212621431551,0.273410251486,0.0466272803154
pm_window_test,P3-conf,budget_0.10,0.1,0.839131576506,True,,0.0019120458891,0,0.0316091954023,0.116050725675,0.000246609124538,33,0.0395328199697,0.0653536770389,0.0111642286663,0.142335766423,0.121575342466,,0.0963740458015,0.244252873563,0,0,0.00493806644278,0,0,0.0174633632533,0.0530775857568,0.212819948687,0.273668087408,0.0458480120089
pm_window_test,P3-conf,budget_0.20,0.2,0.654457403852,True,,0.0019120458891,0,0.0316091954023,0.116050725675,0.000246609124538,33,0.0395328199697,0.0653536770389,0.0111642286663,0.142335766423,0.121575342466,,0.0963740458015,0.244252873563,0,0,0.00493806644278,0,0,0.0174633632533,0.0530775857568,0.212819948687,0.273668087408,0.0458480120089
pm_window_test,P3-conf,budget_0.30,0.3,0.518567798177,True,,0.0019120458891,0,0.0316091954023,0.116050725675,0.000246609124538,33,0.0395328199697,0.0653536770389,0.0111642286663,0.142335766423,0.121575342466,,0.0963740458015,0.244252873563,0,0,0.00493806644278,0,0,0.0174633632533,0.0530775857568,0.212819948687,0.273668087408,0.0458480120089
pm_window_test,P3-conf,risk_0.10,0.1,0.341675169306,True,,0.00764818355641,0.121212121212,0.0279383429672,0.115524346989,0.00801479654747,29,0.0394319275119,0.0650497566019,0.0110426628757,0.142857142857,0.121783876501,,0.0956937799043,0.245664739884,0,0.00311120207521,0.0132591525387,0.0342456896552,0.285829493088,0.0133312945973,0.0496788036164,0.213785699909,0.275074037038,0.0437336486772
pm_window_test,P3-conf,risk_0.20,0.2,0.612092422579,True,,0.0019120458891,0,0.0316091954023,0.116050725675,0.000246609124538,33,0.0395328199697,0.0653536770389,0.0111642286663,0.142335766423,0.121575342466,,0.0963740458015,0.244252873563,0,0,0.00493806644278,0,0,0.0174633632533,0.0530775857568,0.212819948687,0.273668087408,0.0458480120089
pm_window_test,P3-conf,risk_0.30,0.3,0.886496780368,True,,0.000956022944551,0,0.0315789473684,0.115974774414,0,33,0.0394972043072,0.0652947990104,0.0111827710964,0.142076502732,0.121575342466,,0.0961446930033,0.244019138756,0,0,0.00293269493137,0,0,0.017429542767,0.0530294501195,0.212621431551,0.273410251486,0.0466272803154
pm_window_test,P3-conf,riskcp_0.10,0.1,0.203174546737,True,,0.0200764818356,0.242424242424,0.0243902439024,0.11495000289,0.0191122071517,25,0.0392751864054,0.0645916421016,0.011083174383,0.141544117647,0.12183908046,,0.0950552088334,0.246829268293,0.0078431372549,0.0125922731539,0.0293255131965,0.110964912281,0.5,0.0103289875609,0.046466792622,0.21491710759,0.276893868923,0.0410330087935
pm_window_test,P3-conf,riskcp_0.20,0.2,0.553675207247,True,,0.0019120458891,0,0.0316091954023,0.116050725675,0.000246609124538,33,0.0395328199697,0.0653536770389,0.0111642286663,0.142335766423,0.121575342466,,0.0963740458015,0.244252873563,0,0,0.00493806644278,0,0,0.0174633632533,0.0530775857568,0.212819948687,0.273668087408,0.0458480120089
pm_window_test,P3-conf,riskcp_0.30,0.3,0.813703677513,True,,0.0019120458891,0,0.0316091954023,0.116050725675,0.000246609124538,33,0.0395328199697,0.0653536770389,0.0111642286663,0.142335766423,0.121575342466,,0.0963740458015,0.244252873563,0,0,0.00493806644278,0,0,0.0174633632533,0.0530775857568,0.212819948687,0.273668087408,0.0458480120089
pm_window_test,P3-conf,plugin_0.10,0.1,0.950687141379,True,,0,0,0.0315487571702,0.115973115973,0,33,0.0394966394966,0.0652938652939,0.0111826111826,0.142076502732,0.121575342466,,0.0961446930033,0.24378585086,0,0,0,0,0,0.017429542767,0.0528818555296,0.212241477678,0.273159413522,0.0474915822858
pm_window_test,P3-conf,plugin_0.20,0.2,0.950687141379,True,,0,0,0.0315487571702,0.115973115973,0,33,0.0394966394966,0.0652938652939,0.0111826111826,0.142076502732,0.121575342466,,0.0961446930033,0.24378585086,0,0,0,0,0,0.017429542767,0.0528818555296,0.212241477678,0.273159413522,0.0474915822858
pm_window_test,P3-conf,plugin_0.30,0.3,0.950687141379,True,,0,0,0.0315487571702,0.115973115973,0,33,0.0394966394966,0.0652938652939,0.0111826111826,0.142076502732,0.121575342466,,0.0961446930033,0.24378585086,0,0,0,0,0,0.017429542767,0.0528818555296,0.212241477678,0.273159413522,0.0474915822858
pm_window_test,P1-retuned,budget_0.01,0.01,0.3980800571,True,,0.00764818355641,0.121212121212,0.0279383429672,0.115530601429,0.00542540073983,29,0.0394603033645,0.0648839107954,0.0111863872696,0.141025641026,0.121644774415,,0.0961446930033,0.243737957611,0.0078431372549,0.00358879707984,0.0123120702145,0.0211956521739,0.25027173913,0.0136506293613,0.0493781384327,0.211093333321,0.273355817435,
pm_window_test,P1-retuned,budget_0.05,0.05,0.3426190023,True,,0.0611854684512,0.575757575758,0.0142566191446,0.110442007113,0.0886559802713,14,0.0376557783688,0.0615791518484,0.0112070768955,0.134502923977,0.115361625822,,0.0924453280318,0.238289205703,0.0823529411765,0.0435166936024,0.0850684261975,0.4,0.724263649425,0.00633932331421,0.0231279856341,0.207463465715,0.269222350821,
pm_window_test,P1-retuned,budget_0.10,0.1,0.3112877252,True,,0.142447418738,0.606060606061,0.0144927536232,0.106459465123,0.185696670777,13,0.035932487547,0.059919720149,0.0106072574275,0.139784946237,0.112556929083,,0.0876344086022,0.230769230769,0.188235294118,0.114567247571,0.177670784209,0.428463203463,0.75882183908,0.00577068173173,0.0244587322033,0.199551246244,0.258929563815,
pm_window_test,P1-retuned,budget_0.20,0.2,0.2863647601,True,,0.247609942639,0.848484848485,0.00635324015248,0.100635861122,0.3130702836,5,0.0348097835904,0.0557281693703,0.0100979081614,0.124390243902,0.106696100074,,0.0804321728691,0.223634053367,0.309803921569,0.204539264097,0.291110205773,0.639625,0.947391107078,0.00137838463319,0.0113353699404,0.191590596105,0.251600367279,
pm_window_test,P1-retuned,budget_0.30,0.3,0.2659306675,True,,0.376673040153,0.909090909091,0.00460122699387,0.094724426335,0.455363748459,3,0.0316534419901,0.0539352348274,0.00913574951748,0.117117117117,0.0869167429094,,0.0710144927536,0.194785276074,0.501960784314,0.33638768923,0.423742366503,0.757988505747,1,0,0.0103782866836,0.158312007874,0.223260356105,
pm_window_test,P1-retuned,risk_0.10,0.1,0.4004959449,True,,0.00764818355641,0.121212121212,0.0279383429672,0.115530601429,0.00542540073983,29,0.0394603033645,0.0648839107954,0.0111863872696,0.141025641026,0.121644774415,,0.0961446930033,0.243737957611,0.0078431372549,0.00358879707984,0.0123120702145,0.0211956521739,0.25027173913,0.0136506293613,0.0493781384327,0.211093333321,0.273355817435,
pm_window_test,P1-retuned,risk_0.20,0.2,0.4004959449,True,,0.00764818355641,0.121212121212,0.0279383429672,0.115530601429,0.00542540073983,29,0.0394603033645,0.0648839107954,0.0111863872696,0.141025641026,0.121644774415,,0.0961446930033,0.243737957611,0.0078431372549,0.00358879707984,0.0123120702145,0.0211956521739,0.25027173913,0.0136506293613,0.0493781384327,0.211093333321,0.273355817435,
pm_window_test,P1-retuned,risk_0.30,0.3,0.4004959449,True,,0.00764818355641,0.121212121212,0.0279383429672,0.115530601429,0.00542540073983,29,0.0394603033645,0.0648839107954,0.0111863872696,0.141025641026,0.121644774415,,0.0961446930033,0.243737957611,0.0078431372549,0.00358879707984,0.0123120702145,0.0211956521739,0.25027173913,0.0136506293613,0.0493781384327,0.211093333321,0.273355817435,
pm_window_test,P1-retuned,riskcp_0.10,0.1,0.4004959449,True,,0.00764818355641,0.121212121212,0.0279383429672,0.115530601429,0.00542540073983,29,0.0394603033645,0.0648839107954,0.0111863872696,0.141025641026,0.121644774415,,0.0961446930033,0.243737957611,0.0078431372549,0.00358879707984,0.0123120702145,0.0211956521739,0.25027173913,0.0136506293613,0.0493781384327,0.211093333321,0.273355817435,
pm_window_test,P1-retuned,riskcp_0.20,0.2,0.4004959449,True,,0.00764818355641,0.121212121212,0.0279383429672,0.115530601429,0.00542540073983,29,0.0394603033645,0.0648839107954,0.0111863872696,0.141025641026,0.121644774415,,0.0961446930033,0.243737957611,0.0078431372549,0.00358879707984,0.0123120702145,0.0211956521739,0.25027173913,0.0136506293613,0.0493781384327,0.211093333321,0.273355817435,
pm_window_test,P1-retuned,riskcp_0.30,0.3,0.4004959449,True,,0.00764818355641,0.121212121212,0.0279383429672,0.115530601429,0.00542540073983,29,0.0394603033645,0.0648839107954,0.0111863872696,0.141025641026,0.121644774415,,0.0961446930033,0.243737957611,0.0078431372549,0.00358879707984,0.0123120702145,0.0211956521739,0.25027173913,0.0136506293613,0.0493781384327,0.211093333321,0.273355817435,
pm_window_test,P2-retuned,budget_0.01,0.01,1.60752934706,True,,0.0124282982792,0.030303030303,0.0309777347531,0.115316072386,0.0186189889026,32,0.0392065952854,0.0652284153639,0.0108810617366,0.136194029851,0.121317157712,,0.095513748191,0.241045498548,0.0235294117647,0.00708219763232,0.0170884534006,0,0.111217948718,0.016477622319,0.0532313019281,0.21134113392,0.27213714455,
pm_window_test,P2-retuned,budget_0.05,0.05,1.29258046083,True,,0.0516252390057,0.0606060606061,0.03125,0.114886143411,0.0643649815043,31,0.0395924176357,0.0648619186047,0.0104318071705,0.138671875,0.120533010297,,0.0968875502008,0.237903225806,0.0745098039216,0.03859806335,0.0666056910569,0,0.166666666667,0.0170370003505,0.053455650934,0.207833205213,0.267290893721,
pm_window_test,P2-retuned,budget_0.10,0.1,0.892946078988,True,,0.0946462715105,0.121212121212,0.0306230200634,0.114731688708,0.109987669544,29,0.0395949898271,0.064757121058,0.010379577823,0.142276422764,0.121424030515,,0.096909376637,0.24181626188,0.101960784314,0.0767537706554,0.115410174152,0,0.200092592593,0.0178695361766,0.0489909413817,0.213765100032,0.269801229065,
pm_window_test,P2-retuned,budget_0.20,0.2,0.49840607218,True,,0.185468451243,0.212121212121,0.0305164319249,0.113760876571,0.216522811344,26,0.0392451749203,0.0643821391485,0.0101335625022,0.136150234742,0.120956399437,,0.0944606413994,0.239436619718,0.2,0.154481843707,0.216447819005,0.0554166666667,0.344956896552,0.0173813386484,0.0493585977282,0.208362185502,0.2662578535,
pm_window_test,P2-retuned,budget_0.30,0.3,0.310136017667,True,,0.303059273423,0.242424242424,0.0342935528121,0.113128372013,0.348458692972,25,0.0385587051469,0.0645071508093,0.0100625160572,0.112426035503,0.115780445969,,0.0946704067321,0.218106995885,0.376470588235,0.266579880081,0.336294002874,0.0554166666667,0.388888888889,0.0191865899979,0.0550170110167,0.190135314836,0.24871031746,
pm_window_test,P2-retuned,risk_0.10,0.1,1.62627143583,True,,0.00764818355641,0.030303030303,0.0308285163776,0.115532623265,0.0115906288533,32,0.0392603375467,0.0653041811395,0.0109681045789,0.137291280148,0.121420389462,,0.0955352856457,0.241811175337,0.0156862745098,0.00288372507123,0.0120615286969,0,0.111217948718,0.016393442623,0.0529814039537,0.211267050862,0.273159233308,
pm_window_test,P2-retuned,risk_0.20,0.2,1.62627143583,True,,0.00764818355641,0.030303030303,0.0308285163776,0.115532623265,0.0115906288533,32,0.0392603375467,0.0653041811395,0.0109681045789,0.137291280148,0.121420389462,,0.0955352856457,0.241811175337,0.0156862745098,0.00288372507123,0.0120615286969,0,0.111217948718,0.016393442623,0.0529814039537,0.211267050862,0.273159233308,
pm_window_test,P2-retuned,risk_0.30,0.3,1.62627143583,True,,0.00764818355641,0.030303030303,0.0308285163776,0.115532623265,0.0115906288533,32,0.0392603375467,0.0653041811395,0.0109681045789,0.137291280148,0.121420389462,,0.0955352856457,0.241811175337,0.0156862745098,0.00288372507123,0.0120615286969,0,0.111217948718,0.016393442623,0.0529814039537,0.211267050862,0.273159233308,
pm_window_test,P2-retuned,riskcp_0.10,0.1,-inf,False,,1,1,,,1,0,,,,,,,,,1,1,1,1,1,,,,,
pm_window_test,P2-retuned,riskcp_0.20,0.2,1.62627143583,True,,0.00764818355641,0.030303030303,0.0308285163776,0.115532623265,0.0115906288533,32,0.0392603375467,0.0653041811395,0.0109681045789,0.137291280148,0.121420389462,,0.0955352856457,0.241811175337,0.0156862745098,0.00288372507123,0.0120615286969,0,0.111217948718,0.016393442623,0.0529814039537,0.211267050862,0.273159233308,
pm_window_test,P2-retuned,riskcp_0.30,0.3,1.62627143583,True,,0.00764818355641,0.030303030303,0.0308285163776,0.115532623265,0.0115906288533,32,0.0392603375467,0.0653041811395,0.0109681045789,0.137291280148,0.121420389462,,0.0955352856457,0.241811175337,0.0156862745098,0.00288372507123,0.0120615286969,0,0.111217948718,0.016393442623,0.0529814039537,0.211267050862,0.273159233308,
pm_window_test,P2-retuned,whisper_rule,,1,True,,0.0803059273423,0.121212121212,0.0301455301455,0.114503936268,0.0979038224414,29,0.0396287543236,0.0643889001925,0.0104862817523,0.141700404858,0.119524405507,,0.0960247805885,0.238045738046,0.101960784314,0.0653780763765,0.0986797273535,0,0.200092592593,0.0175214673754,0.0483890909671,0.207837117303,0.266538071147,
pm_window_test,P4,budget_0.01,0.01,0.315066573338,True,P3 score with thresholds re-tuned on PriMock57 recalibration,0.0229445506692,0.242424242424,0.0244618395303,0.114800086762,0.021085080148,25,0.0391728725327,0.0645651073675,0.0110621068614,0.139705882353,0.122413793103,,0.0947570947571,0.247553816047,0.0078431372549,0.0145125705091,0.0326220871581,0.126975524476,0.434782608696,0.0111743902439,0.0442834264081,0.215132800198,0.276820723506,0.0352440406996
pm_window_test,P4,budget_0.05,0.05,0.1588336316,True,P3 score with thresholds re-tuned on PriMock57 recalibration,0.0602294455067,0.454545454545,0.0183112919634,0.112624496087,0.0630086313194,18,0.0382677258715,0.0632558691013,0.0111009011145,0.141242937853,0.114812611541,,0.0927479033054,0.242115971516,0.0666666666667,0.0416177298218,0.0802028188569,0.333035714286,0.609311594203,0.00876699385119,0.0316451473481,0.211975140124,0.272504446597,0.0283390151515
pm_window_test,P4,budget_0.10,0.1,0.0865372229882,True,P3 score with thresholds re-tuned on PriMock57 recalibration,0.120458891013,0.606060606061,0.0141304347826,0.109243828362,0.135141800247,13,0.0373491161125,0.060960984347,0.0109337279028,0.135029354207,0.110971786834,,0.0897703549061,0.241304347826,0.129411764706,0.100699715515,0.141955034213,0.479764705882,0.782780320366,0.00569804721655,0.0226002455616,0.20930269342,0.269129246864,0.0225681087771
pm_window_test,P4,budget_0.20,0.2,0.0439007149267,True,P3 score with thresholds re-tuned on PriMock57 recalibration,0.258126195029,0.787878787879,0.0090206185567,0.102171642597,0.300369913687,7,0.0351316310729,0.0563618684049,0.0106781431195,0.123188405797,0.106853352985,,0.0784671532847,0.235824742268,0.282352941176,0.22961953273,0.289765281542,0.66640625,0.913043478261,0.00253566935039,0.0159662898102,0.201119931974,0.269348483097,0.0154051231375
pm_window_test,P4,budget_0.30,0.3,0.0290028640939,True,P3 score with thresholds re-tuned on PriMock57 recalibration,0.359464627151,0.939393939394,0.00298507462687,0.095180201529,0.43045622688,2,0.0322075460034,0.0529374188629,0.0100352366626,0.117647058824,0.0942275042445,,0.0681502086231,0.220895522388,0.419607843137,0.311742201264,0.408230578058,0.821263227513,1,0,0.00755287009063,0.179872115525,0.249678208032,0.0122305941828
pm_window_test,P4,risk_0.10,0.1,0.736647616928,True,P3 score with thresholds re-tuned on PriMock57 recalibration,0.00478011472275,0.0909090909091,0.028818443804,0.115796107188,0.00308261405672,30,0.039529654402,0.0650950287163,0.0111714240701,0.142335766423,0.121575342466,,0.0963740458015,0.244956772334,0,0.00177362245475,0.0102604515145,0,0.225843108504,0.0142942043967,0.0505778275288,0.213207351657,0.274389349467,0.0428939538934
pm_window_test,P4,risk_0.20,0.2,0.736647616928,True,P3 score with thresholds re-tuned on PriMock57 recalibration,0.00478011472275,0.0909090909091,0.028818443804,0.115796107188,0.00308261405672,30,0.039529654402,0.0650950287163,0.0111714240701,0.142335766423,0.121575342466,,0.0963740458015,0.244956772334,0,0.00177362245475,0.0102604515145,0,0.225843108504,0.0142942043967,0.0505778275288,0.213207351657,0.274389349467,0.0428939538934
pm_window_test,P4,risk_0.30,0.3,0.736647616928,True,P3 score with thresholds re-tuned on PriMock57 recalibration,0.00478011472275,0.0909090909091,0.028818443804,0.115796107188,0.00308261405672,30,0.039529654402,0.0650950287163,0.0111714240701,0.142335766423,0.121575342466,,0.0963740458015,0.244956772334,0,0.00177362245475,0.0102604515145,0,0.225843108504,0.0142942043967,0.0505778275288,0.213207351657,0.274389349467,0.0428939538934
pm_window_test,P4,riskcp_0.10,0.1,-inf,False,P3 score with thresholds re-tuned on PriMock57 recalibration,1,1,,,1,0,,,,,,,,,1,1,1,1,1,,,,,
pm_window_test,P4,riskcp_0.20,0.2,0.736647616928,True,P3 score with thresholds re-tuned on PriMock57 recalibration,0.00478011472275,0.0909090909091,0.028818443804,0.115796107188,0.00308261405672,30,0.039529654402,0.0650950287163,0.0111714240701,0.142335766423,0.121575342466,,0.0963740458015,0.244956772334,0,0.00177362245475,0.0102604515145,0,0.225843108504,0.0142942043967,0.0505778275288,0.213207351657,0.274389349467,0.0428939538934
pm_window_test,P4,riskcp_0.30,0.3,0.736647616928,True,P3 score with thresholds re-tuned on PriMock57 recalibration,0.00478011472275,0.0909090909091,0.028818443804,0.115796107188,0.00308261405672,30,0.039529654402,0.0650950287163,0.0111714240701,0.142335766423,0.121575342466,,0.0963740458015,0.244956772334,0,0.00177362245475,0.0102604515145,0,0.225843108504,0.0142942043967,0.0505778275288,0.213207351657,0.274389349467,0.0428939538934
pm_window_test,P4,plugin_0.10,0.1,0.994027242336,True,,0,0,0.0315487571702,0.115973115973,0,33,0.0394966394966,0.0652938652939,0.0111826111826,0.142076502732,0.121575342466,,0.0961446930033,0.24378585086,0,0,0,0,0,0.017429542767,0.0528818555296,0.212241477678,0.273159413522,0.0469844185381
pm_window_test,P4,plugin_0.20,0.2,0.994027242336,True,,0,0,0.0315487571702,0.115973115973,0,33,0.0394966394966,0.0652938652939,0.0111826111826,0.142076502732,0.121575342466,,0.0961446930033,0.24378585086,0,0,0,0,0,0.017429542767,0.0528818555296,0.212241477678,0.273159413522,0.0469844185381
pm_window_test,P4,plugin_0.30,0.3,0.994027242336,True,,0,0,0.0315487571702,0.115973115973,0,33,0.0394966394966,0.0652938652939,0.0111826111826,0.142076502732,0.121575342466,,0.0961446930033,0.24378585086,0,0,0,0,0,0.017429542767,0.0528818555296,0.212241477678,0.273159413522,0.0469844185381
pm_window_test,P4-refit,budget_0.01,0.01,0.430972363869,True,,0.0124282982792,0.212121212121,0.0251694094869,0.115280386562,0.00863131935882,26,0.0393731270522,0.0647090030541,0.0111982564558,0.141025641026,0.121783876501,,0.0961446930033,0.244917715392,0.0078431372549,0.0074853424015,0.0180279744083,0.0740514905149,0.458482142857,0.0109538877986,0.0473563837854,0.212629549295,0.274122033186,0.0328774845274
pm_window_test,P4-refit,budget_0.05,0.05,0.136944114364,True,,0.0592734225621,0.515151515152,0.0162601626016,0.112189160937,0.0604192355117,16,0.038382827108,0.0626315866963,0.0111747471327,0.139622641509,0.116568047337,,0.0946341463415,0.242886178862,0.0627450980392,0.0409269106333,0.0779685477266,0.356964285714,0.636454545455,0.00812831678181,0.0272457097351,0.210698143584,0.272745418254,0.0234780126068
pm_window_test,P4-refit,budget_0.10,0.1,0.0623582162172,True,,0.142447418738,0.757575757576,0.00891861761427,0.106287802419,0.16794081381,8,0.0368258568548,0.058845766129,0.0106161794355,0.135802469136,0.107582631238,,0.088467614534,0.230769230769,0.188235294118,0.113213285877,0.169222869211,0.593329326923,0.880727272727,0.00315012283728,0.015555988135,0.199157261456,0.262903719163,0.0168252547734
pm_window_test,P4-refit,budget_0.20,0.2,0.0421220612156,True,,0.210325047801,0.818181818182,0.00726392251816,0.102721214054,0.245499383477,6,0.0358743641827,0.0563548154241,0.0104920344474,0.128035320088,0.103714085494,,0.0826259196378,0.225181598063,0.270588235294,0.177490652705,0.244390738674,0.695502248876,0.950113636364,0.00119581877001,0.0144146219373,0.191138955582,0.25755736378,0.0138817846971
pm_window_test,P4-refit,budget_0.30,0.3,0.026701203122,True,,0.31931166348,0.909090909091,0.00421348314607,0.0969931369203,0.369173859433,3,0.0341447692716,0.0527812535548,0.010067114094,0.1225,0.0965125709651,,0.0755208333333,0.216292134831,0.396078431373,0.276406746631,0.357799115778,0.806290322581,1,0,0.00955110534717,0.178238083526,0.245034251463,0.0108179493419
pm_window_test,P4-refit,risk_0.10,0.1,0.859224078757,True,,0.00286806883365,0.0606060606061,0.0297219558965,0.115819289863,0.00172626387176,31,0.0395124603016,0.0651197390633,0.0111870904981,0.142076502732,0.121575342466,,0.0961446930033,0.244487056568,0,0,0.00599948722535,0,0.161424731183,0.0162008695372,0.0508527644427,0.212814594541,0.273865730643,0.0394647575203
pm_window_test,P4-refit,risk_0.20,0.2,0.859224078757,True,,0.00286806883365,0.0606060606061,0.0297219558965,0.115819289863,0.00172626387176,31,0.0395124603016,0.0651197390633,0.0111870904981,0.142076502732,0.121575342466,,0.0961446930033,0.244487056568,0,0,0.00599948722535,0,0.161424731183,0.0162008695372,0.0508527644427,0.212814594541,0.273865730643,0.0394647575203
pm_window_test,P4-refit,risk_0.30,0.3,0.859224078757,True,,0.00286806883365,0.0606060606061,0.0297219558965,0.115819289863,0.00172626387176,31,0.0395124603016,0.0651197390633,0.0111870904981,0.142076502732,0.121575342466,,0.0961446930033,0.244487056568,0,0,0.00599948722535,0,0.161424731183,0.0162008695372,0.0508527644427,0.212814594541,0.273865730643,0.0394647575203
pm_window_test,P4-refit,riskcp_0.10,0.1,0.859224078757,True,,0.00286806883365,0.0606060606061,0.0297219558965,0.115819289863,0.00172626387176,31,0.0395124603016,0.0651197390633,0.0111870904981,0.142076502732,0.121575342466,,0.0961446930033,0.244487056568,0,0,0.00599948722535,0,0.161424731183,0.0162008695372,0.0508527644427,0.212814594541,0.273865730643,0.0394647575203
pm_window_test,P4-refit,riskcp_0.20,0.2,0.859224078757,True,,0.00286806883365,0.0606060606061,0.0297219558965,0.115819289863,0.00172626387176,31,0.0395124603016,0.0651197390633,0.0111870904981,0.142076502732,0.121575342466,,0.0961446930033,0.244487056568,0,0,0.00599948722535,0,0.161424731183,0.0162008695372,0.0508527644427,0.212814594541,0.273865730643,0.0394647575203
pm_window_test,P4-refit,riskcp_0.30,0.3,0.859224078757,True,,0.00286806883365,0.0606060606061,0.0297219558965,0.115819289863,0.00172626387176,31,0.0395124603016,0.0651197390633,0.0111870904981,0.142076502732,0.121575342466,,0.0961446930033,0.244487056568,0,0,0.00599948722535,0,0.161424731183,0.0162008695372,0.0508527644427,0.212814594541,0.273865730643,0.0394647575203
pm_window_test,P4-refit,plugin_0.10,0.1,0.999994135829,True,,0,0,0.0315487571702,0.115973115973,0,33,0.0394966394966,0.0652938652939,0.0111826111826,0.142076502732,0.121575342466,,0.0961446930033,0.24378585086,0,0,0,0,0,0.017429542767,0.0528818555296,0.212241477678,0.273159413522,0.0420839762793
pm_window_test,P4-refit,plugin_0.20,0.2,0.999994135829,True,,0,0,0.0315487571702,0.115973115973,0,33,0.0394966394966,0.0652938652939,0.0111826111826,0.142076502732,0.121575342466,,0.0961446930033,0.24378585086,0,0,0,0,0,0.017429542767,0.0528818555296,0.212241477678,0.273159413522,0.0420839762793
pm_window_test,P4-refit,plugin_0.30,0.3,0.999994135829,True,,0,0,0.0315487571702,0.115973115973,0,33,0.0394966394966,0.0652938652939,0.0111826111826,0.142076502732,0.121575342466,,0.0961446930033,0.24378585086,0,0,0,0,0,0.017429542767,0.0528818555296,0.212241477678,0.273159413522,0.0420839762793
pm_turn_test,P1,budget_0.01,0.01,0.6516987456,True,,0.00539334201227,0.0336351875809,0.139678384443,0.11332668187,0.00686984761429,747,0.0508979475485,0.0470496009122,0.0153791334094,0.124555160142,0.137298499166,,0.130558183538,0.0639491398654,0.014409221902,0.00353047315751,0.00749668457634,0.0207465084506,0.0470753693268,0.127394914847,0.154612068966,0.0560465434322,0.0740856348439,
pm_turn_test,P1,budget_0.05,0.05,0.6131726276,True,,0.0139482983076,0.0789133247089,0.134288947567,0.112186349234,0.0182363227579,712,0.0501983957067,0.0469298621221,0.0150580914048,0.125,0.133184107443,,0.129734848485,0.0624292719728,0.0461095100865,0.0101286266509,0.0178200413123,0.0589703595796,0.100314973604,0.122518719212,0.147749146525,0.0550870728419,0.0719889850471,
pm_turn_test,P1,budget_0.10,0.1,0.5820509874,True,,0.031244188209,0.166882276843,0.123632175082,0.110088064724,0.0397202098426,644,0.0486575499391,0.0468532970573,0.0145772177275,0.122302158273,0.127334465195,,0.127790973872,0.0606642349779,0.0893371757925,0.0266289590131,0.0355823254834,0.145082746814,0.192252035579,0.112038515974,0.136130829423,0.053291138828,0.0697843843483,
pm_turn_test,P1,budget_0.20,0.2,0.5261961235,True,,0.0822019713595,0.329883570505,0.104964539007,0.10661042413,0.0781913564826,518,0.0462267421703,0.0466312261643,0.0137524557957,0.107606679035,0.117406542056,,0.124038461538,0.0571428571429,0.187319884726,0.0759350354393,0.0916324145198,0.300299316728,0.361233788251,0.093300150723,0.116342143821,0.0498704944904,0.0669317677978,
pm_turn_test,P1,budget_0.30,0.3,0.4834536613,True,,0.144690347778,0.46701164295,0.0895846923244,0.102931691586,0.122907819136,412,0.0438581061272,0.0460275579009,0.0130460275579,0.0970873786408,0.111043319097,,0.117876278617,0.0547945205479,0.273775216138,0.134925519026,0.157935361694,0.433570108627,0.505121260534,0.0782264809747,0.100435556054,0.0479304321792,0.06430573998,
pm_turn_test,P1,risk_0.10,0.1,0.4346512688,True,,0.217407476288,0.617076326003,0.0703422053232,0.0979394632671,0.187234574069,296,0.0406237300381,0.0452595614022,0.0120561718268,0.0886597938144,0.102681491171,,0.109035840485,0.0518060836502,0.371757925072,0.201884505262,0.238361017225,0.579464824,0.660460777736,0.060582384342,0.080131357413,0.0440026340411,0.0607097628911,
pm_turn_test,P1,risk_0.20,0.2,0.5151706634,True,,0.0963362469779,0.369987063389,0.10022638403,0.105165463035,0.0941793654759,487,0.0452304301169,0.0463905565707,0.0135444763479,0.106941838649,0.116155660377,,0.121006776379,0.0565960074089,0.207492795389,0.0887826831864,0.106101103467,0.340762585598,0.407381709949,0.0891792160145,0.111372179398,0.0490434889521,0.0667529994092,
pm_turn_test,P1,risk_0.30,0.3,0.5930596162,True,,0.0238050957783,0.133247089263,0.12764336064,0.110667696533,0.0335998001499,670,0.0490330701453,0.0469447305184,0.0146898958691,0.122302158273,0.130972456436,,0.127790973872,0.0615355305773,0.0691642651297,0.0203775434313,0.0274873857199,0.11397010259,0.152594922268,0.115667326383,0.141765146101,0.0540331509234,0.0708115347292,
pm_turn_test,P1,riskcp_0.10,0.1,0.3866576581,True,,0.311326018226,0.759379042691,0.0502295436133,0.0911195185416,0.287034723957,186,0.0369554459397,0.0432290918379,0.010934980764,0.0848623853211,0.100443131462,,0.0982627578719,0.0496894409938,0.469740634006,0.293050506058,0.332784811808,0.728490452175,0.797713267217,0.0408217013432,0.0594384868373,0.0414714988428,0.0602269356455,
pm_turn_test,P1,riskcp_0.20,0.2,0.4898481584,True,,0.134089641064,0.441138421734,0.0927835051546,0.103594976682,0.114913814639,432,0.0441952603032,0.0460811976433,0.0133185187351,0.0980769230769,0.112786489747,,0.118305744888,0.0556271477663,0.253602305476,0.125112178225,0.146352036958,0.401091842075,0.478697596036,0.0814645354705,0.104535454333,0.0490655784663,0.0650548360421,
pm_turn_test,P1,riskcp_0.30,0.3,0.5644954322,True,,0.0424028268551,0.20957309185,0.118663818217,0.10930843052,0.0482138396203,611,0.0481703031085,0.0467931890233,0.0143449383885,0.122302158273,0.125639567936,,0.127973358706,0.0605942901534,0.100864553314,0.0377177098566,0.0489078552918,0.182537001287,0.23353610156,0.106770736283,0.132133026947,0.0532311692342,0.0698292497958,
pm_turn_test,P2,budget_0.01,0.01,1.23236093297,True,,0.00334759159383,0.0168175937904,0.141817503266,0.113348364633,0.00786909817637,760,0.0509589588447,0.0469775672127,0.0154118385753,0.122994652406,0.138888888889,,0.131031220435,0.0641910804255,0.00864553314121,0.00193829069384,0.00467458031789,0.00912528303546,0.024394403221,0.128949496213,0.157069213002,0.0562946803905,0.0742544700384,
pm_turn_test,P2,budget_0.05,0.05,0.549136317964,True,,0.030500278966,0.0931435963777,0.134471513524,0.111800701836,0.0369722707969,701,0.0501290565819,0.0466778805719,0.014993764682,0.12,0.13321799308,,0.130935251799,0.0621523115289,0.0662824207493,0.0245948160288,0.0380652006932,0.0731667567654,0.113923775515,0.121619275526,0.149103874861,0.0539847519117,0.073012046369,
pm_turn_test,P2,budget_0.10,0.1,0.441654457571,True,,0.0477961688674,0.131953428202,0.1310546875,0.110922376301,0.053834624032,671,0.0497869411782,0.0463311417317,0.0148042933915,0.118081180812,0.132119788608,,0.130371801062,0.06171875,0.0893371757925,0.0395638648692,0.0616404090739,0.1085456792,0.164142313311,0.118380844477,0.144838890524,0.0537046109897,0.0719221555769,
pm_turn_test,P2,budget_0.20,0.2,0.317888742529,True,,0.082573925981,0.217335058215,0.122643421853,0.108296798991,0.099050711966,605,0.0488108822293,0.0452675514984,0.0142183652633,0.113461538462,0.124154886294,,0.128268376912,0.059193188729,0.158501440922,0.0702479036788,0.103189977293,0.180266988172,0.250296854942,0.110947555735,0.134550949559,0.0512254592423,0.069584941199,
pm_turn_test,P2,budget_0.30,0.3,0.238063139342,True,,0.130556072159,0.298835705045,0.115935828877,0.105587819809,0.159755183612,542,0.0474336838801,0.0442630670224,0.013891068906,0.111776447106,0.120734908136,,0.129297075423,0.0575401069519,0.224783861671,0.113638527144,0.154814109829,0.254384504871,0.347211752628,0.10315480652,0.128473052593,0.0504039394813,0.0680781254704,
pm_turn_test,P2,risk_0.10,0.1,0.0865577638574,True,,0.398921331598,0.639068564036,0.0863242574257,0.0925651436059,0.461778666,279,0.0419539859509,0.0388820863139,0.0117290713411,0.1,0.104077253219,,0.10953346856,0.0461014851485,0.57060518732,0.367848104873,0.436172936132,0.589328057175,0.682878515167,0.0739402354983,0.099028495946,0.0389222861462,0.0554046734757,
pm_turn_test,P2,risk_0.20,0.2,0.147980944369,True,,0.23972475358,0.450194049159,0.103962818004,0.101155002373,0.281289033225,425,0.0459363957597,0.0421391276831,0.0130794789304,0.117647058824,0.117600631413,,0.12166003411,0.0547945205479,0.35446685879,0.218119369394,0.265437853034,0.4034236386,0.500559442501,0.0909919107236,0.116709496844,0.0463114955188,0.0654845603823,
pm_turn_test,P2,risk_0.30,0.3,0.345395150339,True,,0.0727171285103,0.195342820181,0.124749298034,0.108846577873,0.0874344241819,622,0.0490301242514,0.0454992401895,0.0143172134323,0.114068441065,0.126743480898,,0.129411764706,0.0599679101484,0.138328530259,0.0608735852242,0.0890408565404,0.159356307246,0.227682521984,0.112547076351,0.137238302449,0.0522402004679,0.0708458174986,
pm_turn_test,P2,riskcp_0.10,0.1,0.0661016935239,True,,0.489864236563,0.724450194049,0.0776522056143,0.0877583546257,0.566699975019,213,0.0405778036378,0.0355688228895,0.0116117280984,0.0968858131488,0.103107344633,,0.106918238994,0.042654028436,0.662824207493,0.456927039185,0.527682728324,0.680452193778,0.769988325042,0.0657199150544,0.0922645287373,0.0360190534104,0.0530885789468,
pm_turn_test,P2,riskcp_0.20,0.2,0.119862691217,True,,0.303328993863,0.542043984476,0.0945008008542,0.0973424449506,0.359480389708,354,0.0443432042521,0.0404517843584,0.0125474563402,0.104218362283,0.111111111111,,0.115642118077,0.0501868659904,0.458213256484,0.27867875193,0.33452158458,0.491537258646,0.584984543713,0.0823085044769,0.108318440147,0.0425741042527,0.0603805528936,
pm_turn_test,P2,riskcp_0.30,0.3,0.228194269518,True,,0.136879300725,0.311772315653,0.114630467572,0.105226634703,0.166625031227,532,0.047156420528,0.0441914014447,0.0138788127307,0.112224448898,0.120769741208,,0.127900979887,0.0575307045895,0.230547550432,0.120502933858,0.161769904428,0.270795879102,0.358954894727,0.101625492353,0.126392976904,0.0502812519148,0.0678310705014,
pm_turn_test,P2,whisper_rule,,1,True,,0.00595127394458,0.0310478654592,0.140130963517,0.113047822984,0.0108668498626,749,0.0507922912206,0.0469664525339,0.0152890792291,0.121428571429,0.137527839644,,0.131031220435,0.0636108512629,0.0201729106628,0.00387308644719,0.00812356871151,0.0215109378453,0.0433046968381,0.127239887495,0.155709923939,0.0557255248393,0.0739001030648,
pm_turn_test,P2-rawCR,budget_0.01,0.01,1.23209635417,True,,0.00204575041845,0.0116429495472,0.142377935147,0.113721911714,0.00374718960779,764,0.0511862666819,0.0469944108589,0.0155412341736,0.124555160142,0.138811771238,,0.131031220435,0.0644800596347,0.0028818443804,0.000945902694982,0.00311153839937,0.00542487899445,0.0185420648999,0.129235660045,0.157737156646,0.0566057824041,0.0745553433693,
pm_turn_test,P2-rawCR,budget_0.05,0.05,0.648702595,True,,0.0251069369537,0.0620957309185,0.13830599008,0.114681921648,0.0434673994504,725,0.0514106864742,0.0476069246436,0.0156643105307,0.122486288848,0.139766081871,,0.134511536573,0.0631438382297,0.0461095100865,0.0200056158437,0.0316190744452,0.0476173322355,0.0807042753551,0.125039362866,0.152836163289,0.0553672808824,0.0742253919843,
pm_turn_test,P2-rawCR,budget_0.10,0.1,0.629251700833,True,,0.0319880974521,0.0646830530401,0.138904899135,0.114952569231,0.0630776917312,723,0.0516451350896,0.047675968921,0.01563146522,0.122448979592,0.141661685595,,0.13566084788,0.0628242074928,0.0576368876081,0.0254583693433,0.0396319884823,0.0502512160778,0.0823523933693,0.126036213502,0.153375148909,0.0545623990121,0.0736584800044,
pm_turn_test,P2-rawCR,budget_0.20,0.2,0.598958333333,True,,0.0554212386089,0.0776196636481,0.140381964954,0.117328311113,0.112915313515,713,0.0526341874411,0.0486197155177,0.0160744081545,0.124505928854,0.141604010025,,0.135322322856,0.0614294152392,0.100864553314,0.0483343826805,0.0664751095604,0.0599136732519,0.0980837766864,0.12759407246,0.155591558102,0.053018749162,0.0731350649726,
pm_turn_test,P2-rawCR,budget_0.30,0.3,0.57035519125,True,,0.087409336061,0.0866752910737,0.143876095374,0.119298181619,0.182987759181,706,0.0537671670102,0.0491163435408,0.0164146710682,0.127429805616,0.147530040053,,0.140093786635,0.0613409415121,0.132564841499,0.0760431879295,0.102310374545,0.0664160401003,0.108636015326,0.130596259662,0.158821225178,0.0526046217302,0.0718544616967,
pm_turn_test,P2-rawCR,risk_0.10,0.1,-inf,False,,1,1,,,1,0,,,,,,,,,1,1,1,1,1,,,,,
pm_turn_test,P2-rawCR,risk_0.20,0.2,-inf,False,,1,1,,,1,0,,,,,,,,,1,1,1,1,1,,,,,
pm_turn_test,P2-rawCR,risk_0.30,0.3,-inf,False,,1,1,,,1,0,,,,,,,,,1,1,1,1,1,,,,,
pm_turn_test,P2-rawCR,riskcp_0.10,0.1,-inf,False,,1,1,,,1,0,,,,,,,,,1,1,1,1,1,,,,,
pm_turn_test,P2-rawCR,riskcp_0.20,0.2,-inf,False,,1,1,,,1,0,,,,,,,,,1,1,1,1,1,,,,,
pm_turn_test,P2-rawCR,riskcp_0.30,0.3,-inf,False,,1,1,,,1,0,,,,,,,,,1,1,1,1,1,,,,,
pm_turn_test,P2-rawCR,whisper_rule,,1,True,,0.00427747814767,0.0232858990944,0.141016062757,0.113514823952,0.00574569073195,755,0.0510816707785,0.0469746017712,0.0154585514025,0.122994652406,0.137854363535,,0.131031220435,0.0640642510273,0.0115273775216,0.00238773945545,0.00605186236132,0.0143193823765,0.0354804534977,0.127935225125,0.156537595044,0.0561972259135,0.0741932083481,
pm_turn_test,P3,budget_0.01,0.01,0.955563136401,True,,0.0396131671936,0.156532988357,0.126258714175,0.111327286773,0.0279790157382,652,0.0494835627021,0.0469085290836,0.0149351949873,0.121645796064,0.125284738041,,0.130558183538,0.0602246320682,0.103746397695,0.0335124852964,0.0460311128793,0.130306020812,0.189802286835,0.113774870419,0.137928181043,0.0529572367342,0.0693378327523,0.271322670611
pm_turn_test,P3,budget_0.05,0.05,0.904432994603,True,,0.0738329923749,0.271668822768,0.113052208835,0.108821922535,0.0545840619535,563,0.0477614515341,0.0469131897518,0.0141472812491,0.122302158273,0.119351100811,,0.129032258065,0.0590361445783,0.152737752161,0.0686906193389,0.0817281003861,0.244927234927,0.299053932878,0.100358158536,0.125969809974,0.0517640479176,0.0677991351631,0.246937362413
pm_turn_test,P3,budget_0.10,0.1,0.835237451469,True,,0.108052817556,0.353169469599,0.104253544621,0.10733385367,0.0724456657507,500,0.046743560836,0.0467001994623,0.0138900933715,0.119565217391,0.114029850746,,0.127497621313,0.057964970809,0.198847262248,0.0999986638161,0.118752790789,0.321915192165,0.385225404886,0.0923546489115,0.117327340777,0.0509184257045,0.0671459240039,0.222965981622
pm_turn_test,P3,budget_0.20,0.2,0.650321471623,True,,0.179840059513,0.53298835705,0.0818594104308,0.102197398398,0.131526355234,361,0.0432424487396,0.0462262070993,0.012728742559,0.0992366412214,0.106741573034,,0.11838913149,0.0553287981859,0.296829971182,0.167827855877,0.19572105784,0.497478465325,0.575304618799,0.0701686695176,0.0929006361762,0.048022760296,0.0649496918481,0.17719222707
pm_turn_test,P3,budget_0.30,0.3,0.506108051794,True,,0.232657615771,0.648124191462,0.0659234125061,0.0982869475293,0.180864351736,272,0.0408404897861,0.0457113738891,0.0117350838541,0.0958083832335,0.102040816327,,0.112103174603,0.0528356761997,0.371757925072,0.219291251569,0.250935507906,0.61202957903,0.686100746269,0.0561751373239,0.0764905344808,0.045662341723,0.0632655432811,0.149589344454
pm_turn_test,P3,risk_0.10,0.1,0.347626513306,True,,0.311326018226,0.77360931436,0.047258979206,0.0934435175801,0.251436422683,175,0.0377796834802,0.04453106728,0.01113276682,0.0883620689655,0.0994194484761,,0.105644743656,0.0518498514718,0.446685878963,0.295321949013,0.329486176603,0.741052427273,0.81016765648,0.0387245665852,0.0561119530682,0.0435120157059,0.0621017156863,0.118769597418
pm_turn_test,P3,risk_0.20,0.2,0.617505956118,True,,0.19378835782,0.576972833118,0.0754325259516,0.100901991467,0.146265301024,327,0.0424127902685,0.046118188931,0.0123710122677,0.1,0.104562737643,,0.115178135676,0.0544405997693,0.319884726225,0.182608046039,0.209176397002,0.541066705308,0.61562604509,0.0645372751183,0.0861057507623,0.0471516827852,0.064613665738,0.169309096927
pm_turn_test,P3,risk_0.30,0.3,0.882229303801,True,,0.0868514041287,0.30659767141,0.10916496945,0.108159884768,0.0620784411691,536,0.0473172488297,0.0468851278358,0.0139575081023,0.120938628159,0.117233294256,,0.128618889416,0.0586558044807,0.170028818444,0.0797283794191,0.093992416233,0.276200806768,0.337381706715,0.0972916349795,0.121079811573,0.0514833646311,0.0676512557977,0.23772854262
pm_turn_test,P3,riskcp_0.10,0.1,0.229072782222,True,,0.408964106379,0.860284605433,0.0339836375079,0.0864346949067,0.357731701224,108,0.0336359051942,0.0423768700622,0.0104219196504,0.0800970873786,0.0885028949545,,0.0886363636364,0.047514159849,0.564841498559,0.392668987863,0.42776669392,0.834311971212,0.887130783611,0.0266778949651,0.0420141453236,0.0400443330066,0.0559279801953,0.0916069975566
pm_turn_test,P3,riskcp_0.20,0.2,0.543726863432,True,,0.218709317463,0.630012936611,0.0680790288027,0.0989731590635,0.170497127155,286,0.0412524776822,0.0458576133772,0.011863068004,0.0970297029703,0.102213541667,,0.113961519487,0.0526065222566,0.363112391931,0.206490833693,0.235868773583,0.591686138891,0.669217134887,0.0575009225813,0.0789951455119,0.0453435452758,0.0625526898312,0.156273498847
pm_turn_test,P3,riskcp_0.30,0.3,0.811804516598,True,,0.117351683095,0.377749029754,0.101348504003,0.106690227546,0.0799400449663,481,0.0463058182819,0.0465230804884,0.0138613287757,0.116363636364,0.113377324535,,0.126371006199,0.0577328276443,0.210374639769,0.108221447471,0.129378844719,0.342672408839,0.412896870163,0.0891692600733,0.114246412136,0.0506945970051,0.0666401466179,0.216637037554
pm_turn_test,P3,plugin_0.10,0.1,0.262226970778,True,,0.375116235819,0.839586028461,0.0369047619048,0.0887058554363,0.32200849363,124,0.0347763560001,0.0433397068196,0.0105897926166,0.080831408776,0.0926791277259,,0.0970766685052,0.0494047619048,0.521613832853,0.349568335366,0.4001216722,0.804874440756,0.867994139821,0.0291968869483,0.0450907000395,0.0416949727141,0.0581176572189,0.0999593564895
pm_turn_test,P3,plugin_0.20,0.2,0.748492916805,True,,0.14283057467,0.442432082794,0.093512692558,0.104620178517,0.102548088933,431,0.0448039372716,0.0465949298892,0.0132213113561,0.110497237569,0.11050394657,,0.121387283237,0.0566283358646,0.247838616715,0.126066364152,0.164893726904,0.402694777553,0.487239841388,0.0822089371024,0.105801179091,0.0494520220964,0.0656250811267,0.199883019266
pm_turn_test,P3,plugin_0.30,0.3,0.999992727827,True,,0,0,0.143760461224,0.114024468403,0,773,0.0511728597268,0.047298933246,0.0155526754305,0.124555160142,0.139212423738,,0.130969267139,0.0645341268365,0,0,0.0198220930234,0,0.0767247195626,0.130296001762,0.155167814853,0.0565838026572,0.0743551058003,0.299273064047
pm_turn_test,P3-conf,budget_0.01,0.01,0.96238663833,True,,0.0249209596429,0.0918499353169,0.13389280946,0.112623161502,0.0148638521109,702,0.0503070112809,0.0469513065829,0.0153648436384,0.121645796064,0.129650507328,,0.130969267139,0.0614152202937,0.0720461095101,0.0201996042707,0.0292186316472,0.0715680428945,0.113891681797,0.120467194768,0.148347024383,0.0537177906386,0.070516225629,0.252665999207
pm_turn_test,P3-conf,budget_0.05,0.05,0.907851122496,True,,0.0591407848243,0.206985769728,0.121170191737,0.110276192388,0.0394703972021,613,0.0487710442539,0.0467920956779,0.0147130524565,0.122302158273,0.122119815668,,0.130146710838,0.0596955920142,0.129682997118,0.0525024719812,0.0673896229594,0.178146244003,0.239348978228,0.108802098656,0.133674740873,0.0523738610556,0.068517400198,0.227773257983
pm_turn_test,P3-conf,budget_0.10,0.1,0.839131576506,True,,0.0915008368979,0.310478654592,0.109109518936,0.108214815775,0.0619535348489,533,0.0473493854378,0.0467730082566,0.014092422081,0.121157323689,0.116470588235,,0.128266033254,0.0585465711361,0.175792507205,0.0850096073764,0.0987316003135,0.274968259877,0.33903325898,0.0964553222251,0.121565494847,0.0513056058788,0.0677323030704,0.20464995661
pm_turn_test,P3-conf,budget_0.20,0.2,0.654457403852,True,,0.160870373814,0.486416558862,0.0879875886525,0.103407944561,0.116537596802,397,0.0440211114198,0.0462141259375,0.0131727072033,0.0988593155894,0.109471094711,,0.120231772091,0.0560726950355,0.270893371758,0.149717138318,0.175443311214,0.448827087342,0.526132661565,0.0766597694999,0.100131784066,0.0488034108204,0.0663467658308,0.159741348461
pm_turn_test,P3-conf,budget_0.30,0.3,0.518567798177,True,,0.205504928399,0.597671410091,0.0727996254682,0.0999525377473,0.158256307769,311,0.0419151018955,0.0458307377414,0.0122066981104,0.0960784313725,0.104554201411,,0.114931237721,0.0533707865169,0.342939481268,0.193228498074,0.221738202714,0.566128693705,0.63274516832,0.0624010246856,0.0834822371832,0.0458211389355,0.0633843233373,0.135770872865
pm_turn_test,P3-conf,risk_0.10,0.1,0.341675169306,True,,0.279337920774,0.727037516171,0.0544516129032,0.0950328281279,0.226205345991,211,0.0388261643247,0.0448548812665,0.0113517825367,0.084388185654,0.0988086895585,,0.106632653061,0.0503225806452,0.438040345821,0.264688309977,0.299316056439,0.690559395801,0.767383408554,0.0456006493506,0.0632707073441,0.0417616166813,0.060402667489,0.106346707203
pm_turn_test,P3-conf,risk_0.20,0.2,0.612092422579,True,,0.176492467919,0.525226390686,0.08288166215,0.102553566187,0.127154634024,367,0.0434840035222,0.0461402993836,0.0129292632815,0.0994263862333,0.107520198881,,0.119554695063,0.0555555555556,0.291066282421,0.165795233121,0.192003315821,0.485052049281,0.568453080343,0.07072500826,0.0946971506117,0.0481353375388,0.0651365012726,0.150757719735
pm_turn_test,P3-conf,risk_0.30,0.3,0.886496780368,True,,0.0716012646457,0.250970245796,0.115985576923,0.109307203816,0.0497127154634,579,0.0481451682423,0.0467802649349,0.0143817706388,0.122302158273,0.118398142774,,0.129383886256,0.0586939102564,0.155619596542,0.0656406810573,0.0790432264515,0.22092584014,0.27967823705,0.103039103445,0.128422785449,0.0515831259886,0.0676615157973,0.218790283392
pm_turn_test,P3-conf,riskcp_0.10,0.1,0.203174546737,True,,0.390738329924,0.847347994825,0.0360195360195,0.087008501594,0.345490881839,118,0.0341890276302,0.0423253188098,0.0104941551541,0.083932853717,0.0917135961384,,0.0932439977666,0.0491452991453,0.536023054755,0.372576735742,0.409350892125,0.819510584531,0.876207356077,0.0285312137771,0.0446542392187,0.0412389100127,0.0580212919962,0.0770628229379
pm_turn_test,P3-conf,riskcp_0.20,0.2,0.553675207247,True,,0.192672493956,0.561448900388,0.0780926053905,0.101282827239,0.143017736697,339,0.0426182075848,0.04598396835,0.0126806513042,0.0972762645914,0.105793450882,,0.11756097561,0.0550564386086,0.311239193084,0.180286472304,0.210724772854,0.527344264649,0.601544004117,0.0672181958811,0.0893604312826,0.0475804473827,0.0650927443979,0.142134573761
pm_turn_test,P3-conf,riskcp_0.30,0.3,0.813703677513,True,,0.100985679747,0.336351875809,0.106123293339,0.1076763216,0.0680739445416,513,0.0469757977226,0.0466582961712,0.0140422277063,0.119565217391,0.114997036159,,0.127912505944,0.0581299131154,0.190201729107,0.0934972841588,0.110906462526,0.300786274379,0.370437834225,0.09387865921,0.118637028212,0.0509024468207,0.0670614580931,0.198091934078
pm_turn_test,P3-conf,plugin_0.10,0.1,0.310136402821,True,,0.299609447647,0.759379042691,0.0493892724376,0.0932726227292,0.250312265801,186,0.037700663569,0.0443052728092,0.011266686351,0.0845986984816,0.0954773869347,,0.104500775996,0.0499203398832,0.458213256484,0.276980495807,0.324751384184,0.722416905926,0.797095059185,0.0418394527011,0.0583961019669,0.0412400800913,0.0604881686603,0.0999903489948
pm_turn_test,P3-conf,plugin_0.20,0.2,0.821625918665,True,,0.0983819973963,0.329883570505,0.106848184818,0.107864066467,0.0659505370972,518,0.0470949688438,0.0467055158089,0.014063581814,0.119565217391,0.114860864417,,0.127851711027,0.0579620462046,0.190201729107,0.0837576220573,0.120292872752,0.289587164508,0.376727489592,0.0950637833571,0.118743904405,0.0507311679885,0.0670269238942,0.199881779236
pm_turn_test,P3-conf,plugin_0.30,0.3,0.999980060477,True,,0,0,0.143760461224,0.114024468403,0,773,0.0511728597268,0.047298933246,0.0155526754305,0.124555160142,0.139212423738,,0.130969267139,0.0645341268365,0,0,0,0,0,0.130679886006,0.159077667504,0.0570007283525,0.0745699494979,0.270844699648
pm_turn_test,P1-retuned,budget_0.01,0.01,0.6377668978,True,,0.00725311511996,0.0426908150065,0.138628699888,0.113157782182,0.00861853609793,740,0.050797678961,0.0470195748564,0.0153405283643,0.124555160142,0.135933147632,,0.130558183538,0.063506931435,0.0230547550432,0.00513319919095,0.00978321293174,0.0288701576777,0.0599088627386,0.126289875377,0.15289569615,0.0561219427467,0.0733019851938,
pm_turn_test,P1-retuned,budget_0.05,0.05,0.5603933811,True,,0.0448205318951,0.219922380336,0.117406542056,0.109059078451,0.0507119660255,603,0.0479859945183,0.0467949545826,0.0142781293498,0.122302158273,0.124145785877,,0.127973358706,0.0601635514019,0.109510086455,0.0399360860106,0.0514824116417,0.195887330579,0.245305765731,0.106013632163,0.130485474514,0.0528008923587,0.0695471045173,
pm_turn_test,P1-retuned,budget_0.10,0.1,0.5222519966,True,,0.0861074948856,0.342820181113,0.103378103378,0.10610137129,0.0838121408943,508,0.0459266331077,0.0465052363594,0.0136695018226,0.106542056075,0.117164616286,,0.122646064703,0.0567765567766,0.195965417867,0.0793610042816,0.0945158895599,0.308172380294,0.378539749049,0.0921194678537,0.114410608198,0.0492531801387,0.0662260451236,
pm_turn_test,P1-retuned,budget_0.20,0.2,0.4546077367,True,,0.186907197322,0.567917205692,0.076395242452,0.0998559056405,0.160379715214,334,0.042039900768,0.0455159915029,0.0123000133696,0.0947580645161,0.106463878327,,0.114567901235,0.0530649588289,0.331412103746,0.172561081353,0.204993153972,0.528863892013,0.608786198512,0.0658346629801,0.0861188165609,0.0450452593743,0.0631751077533,
pm_turn_test,P1-retuned,budget_0.30,0.3,0.4022893052,True,,0.277478147666,0.70892626132,0.0579150579151,0.0938527463966,0.247689233075,225,0.0383482664589,0.044098169069,0.0114063108687,0.0850111856823,0.102618542109,,0.101954569466,0.0501930501931,0.438040345821,0.258596933617,0.301596498384,0.675551244885,0.751643366677,0.0481231374179,0.068216687111,0.0418584156212,0.0601327422115,
pm_turn_test,P1-retuned,risk_0.10,0.1,0.5329340087,True,,0.0760647201041,0.315653298836,0.106481481481,0.106979495837,0.0739445415938,529,0.0464482057054,0.0466646465521,0.0138666435796,0.11376146789,0.117510180337,,0.124580737901,0.0573671497585,0.178674351585,0.0692146701888,0.0853255341374,0.289267726193,0.344337134252,0.0950015216707,0.117422891491,0.0500279642026,0.0668040747354,
pm_turn_test,P1-retuned,risk_0.20,0.2,1,True,,0,0,0.143760461224,0.114024468403,0,773,0.0511728597268,0.047298933246,0.0155526754305,0.124555160142,0.139212423738,,0.130969267139,0.0645341268365,0,0,0,0,0,0.130679886006,0.159077667504,0.0570007283525,0.0745699494979,
pm_turn_test,P1-retuned,risk_0.30,0.3,1,True,,0,0,0.143760461224,0.114024468403,0,773,0.0511728597268,0.047298933246,0.0155526754305,0.124555160142,0.139212423738,,0.130969267139,0.0645341268365,0,0,0,0,0,0.130679886006,0.159077667504,0.0570007283525,0.0745699494979,
pm_turn_test,P1-retuned,riskcp_0.10,0.1,0.4747984764,True,,0.155105077181,0.487710219922,0.0871670702179,0.102469861805,0.129402947789,396,0.0435754189944,0.0458982652161,0.0129961775948,0.0984251968504,0.109336609337,,0.118221787982,0.0545894783183,0.28530259366,0.144228744592,0.169868426955,0.447625968697,0.524411051603,0.0758543967603,0.0976501726957,0.0474405123784,0.0638974310781,
pm_turn_test,P1-retuned,riskcp_0.20,0.2,1,True,,0,0,0.143760461224,0.114024468403,0,773,0.0511728597268,0.047298933246,0.0155526754305,0.124555160142,0.139212423738,,0.130969267139,0.0645341268365,0,0,0,0,0,0.130679886006,0.159077667504,0.0570007283525,0.0745699494979,
pm_turn_test,P1-retuned,riskcp_0.30,0.3,1,True,,0,0,0.143760461224,0.114024468403,0,773,0.0511728597268,0.047298933246,0.0155526754305,0.124555160142,0.139212423738,,0.130969267139,0.0645341268365,0,0,0,0,0,0.130679886006,0.159077667504,0.0570007283525,0.0745699494979,
pm_turn_test,P2-retuned,budget_0.01,0.01,0.929191104217,True,,0.00762506974149,0.0375161707633,0.139430284858,0.112950730605,0.0132400699475,744,0.0507849360899,0.0469102971033,0.0152554974121,0.121428571429,0.137757947574,,0.13115530303,0.0637181409295,0.0201729106628,0.0051903198571,0.0099978701302,0.0264966291176,0.0500937891667,0.126571731715,0.154684741947,0.0557967634653,0.0739304194853,
pm_turn_test,P2-retuned,budget_0.05,0.05,0.391901183164,True,,0.0585828528919,0.157826649418,0.12860529435,0.110388652984,0.0648263802148,651,0.0495104977589,0.046178343949,0.0146998112762,0.112570356473,0.129089827484,,0.12925170068,0.0606479652311,0.115273775216,0.0486717947968,0.0756236136252,0.130311674815,0.186689012407,0.115721595638,0.142232825489,0.0527421627772,0.0708325226648,
pm_turn_test,P2-retuned,budget_0.10,0.1,0.274920080935,True,,0.106193044449,0.25873221216,0.119225967541,0.106516578605,0.131276542593,573,0.0480281797994,0.0446129106363,0.0138754881691,0.110891089109,0.123737373737,,0.128076343546,0.0586766541823,0.187319884726,0.092486417164,0.129692679449,0.218152834772,0.306418167985,0.107007164907,0.130997241577,0.0508981766876,0.0688651420258,
pm_turn_test,P2-retuned,budget_0.20,0.2,0.166338800405,True,,0.20587688302,0.399741267788,0.108665105386,0.103063215952,0.241443917062,464,0.0465167585914,0.0431226134917,0.0134238438693,0.114470842333,0.121551081283,,0.123355263158,0.056206088993,0.308357348703,0.184986824227,0.232004932091,0.356584341675,0.442602657005,0.0963461550838,0.120947935644,0.0474784593653,0.066755927154,
pm_turn_test,P2-retuned,budget_0.30,0.3,0.111623929604,True,,0.323972475358,0.562742561449,0.092984869326,0.0963627867129,0.381838621034,338,0.04377117489,0.0400911250438,0.0125004867791,0.103535353535,0.110395584177,,0.116192830655,0.0492434662999,0.484149855908,0.295996482609,0.355963263201,0.513491083642,0.615592021461,0.0809992203547,0.106305404149,0.0421868290568,0.0583351686662,
pm_turn_test,P2-retuned,risk_0.10,0.1,0.162635885854,True,,0.212200111586,0.404915912031,0.108593012276,0.103060650963,0.244191856108,460,0.0464973685555,0.0431590959413,0.0134041864664,0.113289760349,0.120754716981,,0.122527472527,0.0557129367328,0.319884726225,0.192019850338,0.23890562433,0.360502804273,0.450392512077,0.0960161846323,0.120779552145,0.0466190801184,0.0668547401857,
pm_turn_test,P2-retuned,risk_0.20,0.2,1.66766666667,True,,0.000743909243072,0.00388098318241,0.143309138284,0.11374583179,0.00299775168624,770,0.0509447943683,0.0472682189985,0.0155328184228,0.122994652406,0.139212423738,,0.130969267139,0.0643960543458,0.0028818443804,0.00018595489653,0.00148123702404,0,0.00835422354241,0.130198710518,0.158589059418,0.0568013489436,0.0744477853007,
pm_turn_test,P2-retuned,risk_0.30,0.3,1.66766666667,True,,0.000743909243072,0.00388098318241,0.143309138284,0.11374583179,0.00299775168624,770,0.0509447943683,0.0472682189985,0.0155328184228,0.122994652406,0.139212423738,,0.130969267139,0.0643960543458,0.0028818443804,0.00018595489653,0.00148123702404,0,0.00835422354241,0.130198710518,0.158589059418,0.0568013489436,0.0744477853007,
pm_turn_test,P2-retuned,riskcp_0.10,0.1,-inf,False,,1,1,,,1,0,,,,,,,,,1,1,1,1,1,,,,,
pm_turn_test,P2-retuned,riskcp_0.20,0.2,1.66766666667,True,,0.000743909243072,0.00388098318241,0.143309138284,0.11374583179,0.00299775168624,770,0.0509447943683,0.0472682189985,0.0155328184228,0.122994652406,0.139212423738,,0.130969267139,0.0643960543458,0.0028818443804,0.00018595489653,0.00148123702404,0,0.00835422354241,0.130198710518,0.158589059418,0.0568013489436,0.0744477853007,
pm_turn_test,P2-retuned,riskcp_0.30,0.3,1.66766666667,True,,0.000743909243072,0.00388098318241,0.143309138284,0.11374583179,0.00299775168624,770,0.0509447943683,0.0472682189985,0.0155328184228,0.122994652406,0.139212423738,,0.130969267139,0.0643960543458,0.0028818443804,0.00018595489653,0.00148123702404,0,0.00835422354241,0.130198710518,0.158589059418,0.0568013489436,0.0744477853007,
pm_turn_test,P2-retuned,whisper_rule,,1,True,,0.00595127394458,0.0310478654592,0.140130963517,0.113047822984,0.0108668498626,749,0.0507922912206,0.0469664525339,0.0152890792291,0.121428571429,0.137527839644,,0.131031220435,0.0636108512629,0.0201729106628,0.00387308644719,0.00812356871151,0.0215109378453,0.0433046968381,0.127239887495,0.155709923939,0.0557255248393,0.0739001030648,
pm_turn_test,P4,budget_0.01,0.01,0.648422461454,True,P3 score with thresholds re-tuned on PriMock57 recalibration,0.00967082015994,0.0439844760673,0.138779342723,0.113242256574,0.00811891081689,739,0.050710170555,0.046988192345,0.0155438936741,0.121428571429,0.134636871508,,0.130969267139,0.0629107981221,0.0345821325648,0.00677552658516,0.0122768428156,0.0297600601024,0.0586189724752,0.126438740899,0.154142524602,0.0555227343076,0.0728396746504,0.11678436396
pm_turn_test,P4,budget_0.05,0.05,0.452426145572,True,P3 score with thresholds re-tuned on PriMock57 recalibration,0.0437046680305,0.172056921087,0.124465188643,0.110998182,0.0314763927055,640,0.049272084401,0.046938746296,0.0147873513034,0.121863799283,0.124358243012,,0.130146710838,0.0598988720342,0.112391930836,0.0374762540563,0.0511597097007,0.145212375238,0.205336345789,0.111987472355,0.136739013355,0.0527817086601,0.0688139425205,0.102133191731
pm_turn_test,P4,budget_0.10,0.1,0.312667055153,True,P3 score with thresholds re-tuned on PriMock57 recalibration,0.0974521108425,0.336351875809,0.105707809602,0.107681874585,0.0678241319011,513,0.046936773151,0.0468357717946,0.0139093296396,0.120938628159,0.114201183432,,0.127851711027,0.0579023284566,0.190201729107,0.0900247157292,0.107284060253,0.303586779866,0.365398014972,0.0940916469432,0.118368165866,0.0507146898363,0.06698059496,0.0857452977223
pm_turn_test,P4,budget_0.20,0.2,0.199665936599,True,P3 score with thresholds re-tuned on PriMock57 recalibration,0.17667844523,0.527813712807,0.0824486107974,0.10237619691,0.129278041469,365,0.0433090524584,0.0462609410797,0.0128062033719,0.100569259962,0.106475716065,,0.118759088706,0.0553422182065,0.293948126801,0.165077371097,0.191685694604,0.491012527854,0.569937286123,0.0705793746575,0.0940903440205,0.047967722431,0.0647986733254,0.0699831066252
pm_turn_test,P4,budget_0.30,0.3,0.129192703099,True,P3 score with thresholds re-tuned on PriMock57 recalibration,0.268923191371,0.70892626132,0.0572373441872,0.0961336559091,0.210841868599,225,0.0394090169048,0.0453584090321,0.0113662299722,0.0925925925926,0.0986206896552,,0.10741301059,0.0513864156703,0.417867435159,0.254574726042,0.288032763234,0.667419499945,0.751559463964,0.047993726272,0.0667473871487,0.0429846706004,0.0617741058975,0.0585670208474
pm_turn_test,P4,risk_0.10,0.1,0.362618282494,True,P3 score with thresholds re-tuned on PriMock57 recalibration,0.074576901618,0.275549805951,0.112540192926,0.108762545653,0.0552085935548,560,0.0477238087022,0.0469185862595,0.0141201506916,0.122302158273,0.119351100811,,0.129032258065,0.0590836012862,0.152737752161,0.0689713745746,0.0825347543727,0.248951156295,0.305602621902,0.0996464168482,0.125390584484,0.0518242876325,0.0678643259098,0.0919945764707
pm_turn_test,P4,risk_0.20,0.2,0.98632813538,True,P3 score with thresholds re-tuned on PriMock57 recalibration,0.000557931932304,0.00388098318241,0.143282471157,0.113797279008,0.00224831376468,770,0.0510150295605,0.0472255858679,0.01555666358,0.124555160142,0.139212423738,,0.130969267139,0.0645701525865,0,0.000171927349674,0.00112506029104,0.00108816964286,0.00808901506783,0.130195422953,0.158551076413,0.0570212528123,0.0745976054245,0.122556777289
pm_turn_test,P4,risk_0.30,0.3,0.98632813538,True,P3 score with thresholds re-tuned on PriMock57 recalibration,0.000557931932304,0.00388098318241,0.143282471157,0.113797279008,0.00224831376468,770,0.0510150295605,0.0472255858679,0.01555666358,0.124555160142,0.139212423738,,0.130969267139,0.0645701525865,0,0.000171927349674,0.00112506029104,0.00108816964286,0.00808901506783,0.130195422953,0.158551076413,0.0570212528123,0.0745976054245,0.122556777289
pm_turn_test,P4,riskcp_0.10,0.1,0.244505750289,True,P3 score with thresholds re-tuned on PriMock57 recalibration,0.137809187279,0.430789133247,0.0949094046592,0.104899479212,0.0993005246065,440,0.0449797794652,0.0465654185214,0.0133542812255,0.112132352941,0.110436893204,,0.121328839673,0.0565142364107,0.244956772334,0.127881452791,0.150875356131,0.400466785023,0.465799588234,0.082775864264,0.107316362899,0.0493946030085,0.0656432435666,0.0768351846914
pm_turn_test,P4,riskcp_0.20,0.2,0.98632813538,True,P3 score with thresholds re-tuned on PriMock57 recalibration,0.000557931932304,0.00388098318241,0.143282471157,0.113797279008,0.00224831376468,770,0.0510150295605,0.0472255858679,0.01555666358,0.124555160142,0.139212423738,,0.130969267139,0.0645701525865,0,0.000171927349674,0.00112506029104,0.00108816964286,0.00808901506783,0.130195422953,0.158551076413,0.0570212528123,0.0745976054245,0.122556777289
pm_turn_test,P4,riskcp_0.30,0.3,0.98632813538,True,P3 score with thresholds re-tuned on PriMock57 recalibration,0.000557931932304,0.00388098318241,0.143282471157,0.113797279008,0.00224831376468,770,0.0510150295605,0.0472255858679,0.01555666358,0.124555160142,0.139212423738,,0.130969267139,0.0645701525865,0,0.000171927349674,0.00112506029104,0.00108816964286,0.00808901506783,0.130195422953,0.158551076413,0.0570212528123,0.0745976054245,0.122556777289
pm_turn_test,P4,plugin_0.10,0.1,0.432902905296,True,,0.0498419192858,0.19275549806,0.12213740458,0.110571551354,0.0358481139146,624,0.0490187652199,0.0469273743017,0.0146254118321,0.121863799283,0.123068116772,,0.130146710838,0.059698571149,0.121037463977,0.038252924495,0.0658286898607,0.155604926593,0.246550707547,0.110334610863,0.133082760919,0.0528310096757,0.0688237957605,0.0999374047376
pm_turn_test,P4,plugin_0.20,0.2,0.989042690795,True,,0,0,0.143760461224,0.114024468403,0,773,0.0511728597268,0.047298933246,0.0155526754305,0.124555160142,0.139212423738,,0.130969267139,0.0645341268365,0,0,0,0,0,0.130679886006,0.159077667504,0.0570007283525,0.0745699494979,0.123039265384
pm_turn_test,P4,plugin_0.30,0.3,0.989042690795,True,,0,0,0.143760461224,0.114024468403,0,773,0.0511728597268,0.047298933246,0.0155526754305,0.124555160142,0.139212423738,,0.130969267139,0.0645341268365,0,0,0,0,0,0.130679886006,0.159077667504,0.0570007283525,0.0745699494979,0.123039265384
pm_turn_test,P4-refit,budget_0.01,0.01,0.708658153727,True,,0.0092988655384,0.0530401034929,0.137413178149,0.112686907887,0.0134898825881,732,0.0504793973291,0.0470408629152,0.015166647643,0.121428571429,0.136490250696,,0.130969267139,0.0632626243664,0.028818443804,0.00688762416029,0.0118773958321,0.0402758906895,0.0682258322516,0.124795607872,0.152895184417,0.0549024762018,0.0736993784414,0.129420891216
pm_turn_test,P4-refit,budget_0.05,0.05,0.493463205094,True,,0.0531895108797,0.256144890039,0.112944411707,0.107972370125,0.0628278790907,575,0.0471434738811,0.046942006044,0.0138868902,0.116152450091,0.121125143513,,0.126074498567,0.0579453938323,0.149855907781,0.0473177163261,0.0593387154302,0.230990613516,0.280253623188,0.101611867548,0.125238396007,0.0502958904485,0.0676009775426,0.107653531701
pm_turn_test,P4-refit,budget_0.10,0.1,0.342415252974,True,,0.102101543612,0.408796895213,0.0946561723281,0.103525969276,0.116162877842,457,0.04412582297,0.0463350402341,0.0130651060717,0.10861423221,0.114388922336,,0.119082479258,0.0550952775476,0.233429394813,0.0911089012855,0.115046668014,0.3675933472,0.446294985385,0.0843622672637,0.105661152709,0.0481259113421,0.0649501404038,0.0910513637932
pm_turn_test,P4-refit,budget_0.20,0.2,0.183321578531,True,,0.221312999814,0.663648124191,0.062096966802,0.0933663613136,0.251436422683,260,0.037966598118,0.0438711285599,0.0115286346358,0.102510460251,0.100753941056,,0.104320337197,0.0494387389539,0.403458213256,0.206673554817,0.239311179822,0.625292506435,0.700316292057,0.0528074614842,0.0718321154029,0.0417828377895,0.0590064591814,0.0666384677964
pm_turn_test,P4-refit,budget_0.30,0.3,0.129629251017,True,,0.311697972847,0.777490297542,0.046473925966,0.086329968592,0.357981513865,172,0.0342800517308,0.0416029829188,0.0104469339425,0.0843091334895,0.0954580446497,,0.0928899082569,0.046203728722,0.507204610951,0.291170957833,0.334183570191,0.746836927928,0.808339113073,0.0377690152987,0.0560567862313,0.0390810684839,0.0549569024823,0.0551028636674
pm_turn_test,P4-refit,risk_0.10,0.1,0.433825541411,True,,0.0693695369165,0.310478654592,0.106514788169,0.106465417534,0.0801898576068,533,0.0461051353227,0.0466256072172,0.0137346749942,0.110905730129,0.11955890888,,0.124399615754,0.0571542765787,0.175792507205,0.061148368509,0.0770003425591,0.280767765338,0.343495625436,0.0959644488454,0.117964557012,0.049506035592,0.0667396598578,0.101509715028
pm_turn_test,P4-refit,risk_0.20,0.2,0.999386428526,True,,0.000557931932304,0.00388098318241,0.143282471157,0.113797279008,0.00224831376468,770,0.0510150295605,0.0472255858679,0.01555666358,0.124555160142,0.139212423738,,0.130969267139,0.0645701525865,0,0.000171927349674,0.00112506029104,0.00108816964286,0.00808901506783,0.130195422953,0.158551076413,0.0570212528123,0.0745976054245,0.13522968951
pm_turn_test,P4-refit,risk_0.30,0.3,0.999386428526,True,,0.000557931932304,0.00388098318241,0.143282471157,0.113797279008,0.00224831376468,770,0.0510150295605,0.0472255858679,0.01555666358,0.124555160142,0.139212423738,,0.130969267139,0.0645701525865,0,0.000171927349674,0.00112506029104,0.00108816964286,0.00808901506783,0.130195422953,0.158551076413,0.0570212528123,0.0745976054245,0.13522968951
pm_turn_test,P4-refit,riskcp_0.10,0.1,0.30725982024,True,,0.121629161242,0.469598965071,0.0868092314207,0.102041417938,0.135273544841,410,0.0431719360307,0.0460903530105,0.0127791288967,0.106666666667,0.110769230769,,0.116141732283,0.0535676476816,0.270893371758,0.109052702544,0.135741484037,0.432286648498,0.505167071689,0.0759474467855,0.0985363528924,0.046522829319,0.0631622171204,0.0858544676602
pm_turn_test,P4-refit,riskcp_0.20,0.2,0.999386428526,True,,0.000557931932304,0.00388098318241,0.143282471157,0.113797279008,0.00224831376468,770,0.0510150295605,0.0472255858679,0.01555666358,0.124555160142,0.139212423738,,0.130969267139,0.0645701525865,0,0.000171927349674,0.00112506029104,0.00108816964286,0.00808901506783,0.130195422953,0.158551076413,0.0570212528123,0.0745976054245,0.13522968951
pm_turn_test,P4-refit,riskcp_0.30,0.3,0.999386428526,True,,0.000557931932304,0.00388098318241,0.143282471157,0.113797279008,0.00224831376468,770,0.0510150295605,0.0472255858679,0.01555666358,0.124555160142,0.139212423738,,0.130969267139,0.0645701525865,0,0.000171927349674,0.00112506029104,0.00108816964286,0.00808901506783,0.130195422953,0.158551076413,0.0570212528123,0.0745976054245,0.13522968951
pm_turn_test,P4-refit,plugin_0.10,0.1,0.421316728018,True,,0.0738329923749,0.323415265201,0.105020080321,0.106070481902,0.0853110167374,523,0.0457422616202,0.0466113356219,0.0137168846594,0.109259259259,0.118059614261,,0.122950819672,0.0564257028112,0.190201729107,0.0590645224292,0.0935850906927,0.280941477809,0.384067061353,0.0949865341169,0.114558332978,0.0493419258734,0.0652221129711,0.0999352285634
pm_turn_test,P4-refit,plugin_0.20,0.2,0.999531249471,True,,0,0,0.143760461224,0.114024468403,0,773,0.0511728597268,0.047298933246,0.0155526754305,0.124555160142,0.139212423738,,0.130969267139,0.0645341268365,0,0,0,0,0,0.130679886006,0.159077667504,0.0570007283525,0.0745699494979,0.135711858849
pm_turn_test,P4-refit,plugin_0.30,0.3,0.999531249471,True,,0,0,0.143760461224,0.114024468403,0,773,0.0511728597268,0.047298933246,0.0155526754305,0.124555160142,0.139212423738,,0.130969267139,0.0645341268365,0,0,0,0,0,0.130679886006,0.159077667504,0.0570007283525,0.0745699494979,0.135711858849
