eval,policy,point,target,threshold,feasible,note,review_rate,err_caught,accepted_err_rate,accepted_wer,word_errors_caught,n_accepted_errors,accepted_sub_rate,accepted_del_rate,accepted_ins_rate,accepted_num_err,accepted_neg_err,accepted_ent_err,accepted_term_err,accepted_crit_err_rate,crit_caught,review_rate_lo,review_rate_hi,err_caught_lo,err_caught_hi,accepted_err_rate_lo,accepted_err_rate_hi,accepted_crit_err_rate_lo,accepted_crit_err_rate_hi,pred_accepted_err
eka_test,P1,budget_0.01,0.01,0.6318330495,True,,0.0143129770992,0.0326797385621,0.4298160697,0.0963118551924,0.0505481120585,444,0.0598010749367,0.0181009452029,0.0184098350528,0.0815006468305,0.00900900900901,0.250715876551,0.0672609400324,0.0522749273959,0.0181818181818,0.00544221978513,0.0205982262482,0.0203667091837,0.0551078971534,0.190120481928,0.543325496659,0.0373349873552,0.0780407655368,
eka_test,P1,budget_0.05,0.05,0.5532712038,True,,0.0639312977099,0.124183006536,0.409785932722,0.0837358088189,0.186967113276,402,0.0578937464718,0.00909490058333,0.0167471617638,0.0777338603426,0.00900900900901,0.234584013051,0.0520661157025,0.0519877675841,0.0727272727273,0.0221568627451,0.0962982153138,0.0721979768786,0.204310128698,0.183509709132,0.529280524171,0.0389360184756,0.0729839267723,
eka_test,P1,budget_0.10,0.1,0.5160116508,True,,0.0963740458015,0.183006535948,0.395987328405,0.0808392665869,0.218635809988,375,0.0562031377985,0.00901014428832,0.0156259845,0.0757978723404,0.00900900900901,0.228307489277,0.0483736447039,0.0496304118268,0.145454545455,0.0231491384433,0.13168084205,0.0897844409411,0.263190517616,0.179589649729,0.514432481645,0.0360353008326,0.0726116994611,
eka_test,P1,budget_0.20,0.2,0.4475078049,True,,0.195610687023,0.333333333333,0.362989323843,0.0757107937733,0.283191230207,306,0.0520391097388,0.00900553196964,0.0146661520648,0.0762711864407,0.00900900900901,0.213187564059,0.0447257383966,0.0521945432977,0.2,0.0329400454647,0.273228657077,0.114990722238,0.451836927371,0.169638941731,0.481547760091,0.0361213511619,0.0766058173004,
eka_test,P1,budget_0.30,0.3,0.4019691294,True,,0.287213740458,0.468409586057,0.326639892905,0.0700737618546,0.352009744214,244,0.0478793466807,0.00856164383562,0.0136327713383,0.0739064856712,0.00917431192661,0.199149539334,0.0446735395189,0.0508701472557,0.309090909091,0.0462982768865,0.393822185068,0.150108835284,0.596070731396,0.170692683732,0.438382210892,0.0341617410844,0.0770718214459,
eka_test,P1,risk_0.10,0.1,0.189773523,True,,0.773854961832,0.917211328976,0.160337552743,0.0502590673575,0.763702801462,38,0.0338082901554,0.00660621761658,0.00984455958549,0.0909090909091,0,0.141715116279,0.0478927203065,0.0590717299578,0.745454545455,0.466919584955,0.895258328666,0.612624892949,0.964655236084,0.10293614021,0.221720403643,0.0285452162516,0.0900076496462,
eka_test,P1,risk_0.20,0.2,0.278703178,True,,0.540076335878,0.779956427015,0.209543568465,0.0586608442504,0.509135200974,101,0.0393013100437,0.00742358078603,0.0119359534207,0.0828625235405,0.0103092783505,0.164131305044,0.0438024231128,0.0663900414938,0.418181818182,0.110826080824,0.706571330724,0.246789127838,0.859618993506,0.14786929299,0.276430036523,0.047025835396,0.0880232472388,
eka_test,P1,risk_0.30,0.3,0.3744039867,True,,0.354961832061,0.553376906318,0.30325443787,0.0671316477768,0.390377588307,205,0.0458051103212,0.00851720206559,0.01280933539,0.0785256410256,0.00925925925926,0.189818181818,0.0451781059948,0.0562130177515,0.309090909091,0.052520785472,0.47909202062,0.158938766771,0.680535015224,0.171975395894,0.409628434446,0.039408493805,0.0802967439675,
eka_test,P1,riskcp_0.10,0.1,-inf,False,,1,1,,,1,0,,,,,,,,,1,1,1,1,1,,,,,
eka_test,P1,riskcp_0.20,0.2,0.2220934634,True,,0.672709923664,0.882352941176,0.157434402332,0.051540769021,0.654689403167,54,0.0345423143351,0.00654485955822,0.0104535951277,0.0753246753247,0.0121951219512,0.148614609572,0.0386940749698,0.0612244897959,0.618181818182,0.272469676354,0.839561753961,0.485518331226,0.944338798701,0.112474956446,0.203933466591,0.0356969149528,0.0855520500602,
eka_test,P1,riskcp_0.30,0.3,0.320275504,True,,0.474236641221,0.701525054466,0.248638838475,0.0620871862616,0.456151035323,137,0.0417159146214,0.00827365639992,0.0120976152402,0.0798611111111,0.00952380952381,0.173680183627,0.0447227191413,0.0617059891107,0.381818181818,0.0766396961828,0.629776235563,0.185066833751,0.807285846884,0.152422265727,0.34154645515,0.0452402201398,0.0833464360587,
eka_test,P2,budget_0.01,0.01,0.512934391887,True,,0.00763358778626,0.00871459694989,0.4375,0.0991492555986,0.0347137637028,455,0.0605529838609,0.0198298511197,0.018766420618,0.0791268758527,0.00909090909091,0.256600128783,0.0717781402936,0.0490384615385,0.0727272727273,0.00217729584903,0.0232053284016,0.00130275209724,0.0530675647452,0.193773829645,0.549339538612,0.0350148602187,0.0703377650018,
eka_test,P2,budget_0.05,0.05,0.19259159146,True,,0.0333969465649,0.0392156862745,0.435340572557,0.0977211532147,0.0937880633374,441,0.0597622643988,0.0200302094963,0.0179286793196,0.0532724505327,0,0.2577040298,0.0723793677205,0.0375123395854,0.309090909091,0.0146932312006,0.0828368794326,0.0151394226998,0.217798387097,0.176411205074,0.548094004862,0.0251734903061,0.0461869109403,
eka_test,P2,budget_0.10,0.1,0.0006024863563,True,,0.0868320610687,0.106753812636,0.42842215256,0.0915763968073,0.217417783191,410,0.0601482326112,0.0143244013683,0.0171037628278,0.0501618122977,0,0.252295262578,0.0651376146789,0.0376175548589,0.345454545455,0.0587869879239,0.147114764668,0.0713011503679,0.295118421053,0.16534104923,0.543748713374,0.0247027685056,0.0469072534404,
eka_test,P2,budget_0.20,0.2,0.0004959393099,True,,0.18320610687,0.274509803922,0.389018691589,0.0783571220507,0.344701583435,333,0.0554180017477,0.0088115351005,0.0141275852024,0.0456081081081,0,0.227935533384,0.0464895635674,0.0338785046729,0.472727272727,0.156166209778,0.221837728779,0.225885179957,0.381533219154,0.145974272741,0.507040224187,0.021723555643,0.0440115436535,
eka_test,P2,budget_0.30,0.3,0.0004378321797,True,,0.277671755725,0.40522875817,0.360634081902,0.0731325480841,0.402557856273,273,0.0510660503951,0.0088713284628,0.0131951692262,0.0438756855576,0,0.213003589948,0.0441035474593,0.0343461030383,0.527272727273,0.172993472632,0.361361419574,0.325303433563,0.546416169289,0.139740542864,0.481684082892,0.0238661112086,0.0462387677843,
eka_test,P2,risk_0.10,0.1,0.000195478109,True,,0.790076335878,0.941176470588,0.122727272727,0.0435760472308,0.811205846529,27,0.0303626651673,0.0060444194546,0.00716896260894,0.0268817204301,0,0.129777070064,0.0415019762846,0.0181818181818,0.927272727273,0.519278996865,0.899001265591,0.765300372142,0.972594728726,0.0752350860544,0.188354509218,0,0.0395102339181,
eka_test,P2,risk_0.20,0.2,0.0002890447874,True,,0.578244274809,0.806100217865,0.201357466063,0.0547430004179,0.601096224117,89,0.0376932720435,0.00718763058922,0.00986209778521,0.0376884422111,0,0.159534883721,0.0431125131441,0.0339366515837,0.727272727273,0.229877230645,0.710312328767,0.508017224213,0.874479301783,0.113416006023,0.289244784014,0.0224296680175,0.0462992264416,
eka_test,P2,risk_0.30,0.3,0.0003974052934,True,,0.360687022901,0.531590413943,0.320895522388,0.0669724770642,0.466504263094,215,0.0464831804281,0.00833333333333,0.0121559633028,0.0394477317554,0,0.197428452924,0.0439453125,0.0313432835821,0.618181818182,0.185769882945,0.463959392045,0.40749405371,0.655809291822,0.141003387772,0.435538332173,0.0216444805195,0.0447622119023,
eka_test,P2,riskcp_0.10,0.1,-inf,False,,1,1,,,1,0,,,,,,,,,1,1,1,1,1,,,,,
eka_test,P2,riskcp_0.20,0.2,0.0001347330955,True,,0.945610687023,0.986928104575,0.105263157895,0.0318506315211,0.964677222899,6,0.0247116968699,0.00219659527732,0.00494233937397,0.0285714285714,0,0.098976109215,0.0425531914894,0.0175438596491,0.981818181818,0.859048573975,0.981057179836,0.936428571429,0.99778426562,0.041625,0.177561335756,0,0.0430718475073,
eka_test,P2,riskcp_0.30,0.3,0.0003541412737,True,,0.467557251908,0.657952069717,0.281362007168,0.0624106717485,0.52131546894,157,0.0430363665237,0.00825790058758,0.0111164046371,0.0419426048565,0,0.181460428509,0.0443995963673,0.0358422939068,0.636363636364,0.213774858338,0.578329687591,0.444404761905,0.782648225813,0.142907390139,0.400547417017,0.0245326175184,0.0451237910394,
eka_test,P2,whisper_rule,,1,True,,0.00190839694656,0.00217864923747,0.437858508604,0.10049382716,0.00852618757613,458,0.0614197530864,0.0201851851852,0.0188888888889,0.0815789473684,0.00900900900901,0.256507936508,0.0718901453958,0.0516252390057,0.0181818181818,0,0.0074741212642,0,0.0198052188054,0.198200478469,0.549184981328,0.0370350098826,0.0773097209619,
eka_test,P2-rawCR,budget_0.01,0.01,0.67475124375,True,,0.013358778626,0.0130718954248,0.438104448743,0.100191204589,0.0426309378806,453,0.0610579987253,0.0196940726577,0.0194391332059,0.0804749340369,0,0.256668835394,0.0707236842105,0.0502901353965,0.0545454545455,0.00452469664787,0.0377986717134,0.00295821695478,0.0902191358025,0.187557866774,0.550725094357,0.0351568596347,0.0734622093023,
eka_test,P2-rawCR,budget_0.05,0.05,0.637755102083,True,,0.0429389312977,0.0261437908497,0.445663010967,0.103102001513,0.0870889159562,447,0.062727835477,0.0204278148428,0.0199463511933,0.0753424657534,0,0.265313265663,0.0711743772242,0.049850448654,0.0909090909091,0.018253852393,0.109382711513,0.00685972992622,0.178607142857,0.190558160392,0.555294176831,0.0338108145044,0.0758564597733,
eka_test,P2-rawCR,budget_0.10,0.1,0.618530020833,True,,0.0849236641221,0.037037037037,0.460896767466,0.110291262136,0.135200974421,442,0.066640776699,0.0225242718447,0.0211262135922,0.079295154185,0,0.280701754386,0.0780780780781,0.0510948905109,0.109090909091,0.0376505826034,0.204617797849,0.0108078642105,0.212436788875,0.20440821256,0.564052447172,0.0341936588858,0.0801454286318,
eka_test,P2-rawCR,budget_0.20,0.2,0.592369477917,True,,0.185114503817,0.0697167755991,0.5,0.134399117971,0.257612667479,427,0.0793825799338,0.0297684674752,0.0252480705623,0.0871212121212,0,0.328215987295,0.0970873786408,0.0503512880562,0.218181818182,0.0757707650442,0.436718913271,0.0225689011202,0.357473544974,0.226610644258,0.58522313526,0.0355690122543,0.0878043303776,
eka_test,P2-rawCR,budget_0.30,0.3,0.562106918333,True,,0.297709923664,0.104575163399,0.558423913043,0.197518708153,0.38915956151,411,0.113430484443,0.0488381252462,0.035250098464,0.106598984772,0,0.434819897084,0.138964577657,0.0516304347826,0.309090909091,0.127788984297,0.708266616918,0.0381594976822,0.529121187801,0.311115710081,0.617826516562,0.037176883483,0.139463197375,
eka_test,P2-rawCR,risk_0.10,0.1,-inf,False,,1,1,,,1,0,,,,,,,,,1,1,1,1,1,,,,,
eka_test,P2-rawCR,risk_0.20,0.2,-inf,False,,1,1,,,1,0,,,,,,,,,1,1,1,1,1,,,,,
eka_test,P2-rawCR,risk_0.30,0.3,-inf,False,,1,1,,,1,0,,,,,,,,,1,1,1,1,1,,,,,
eka_test,P2-rawCR,riskcp_0.10,0.1,-inf,False,,1,1,,,1,0,,,,,,,,,1,1,1,1,1,,,,,
eka_test,P2-rawCR,riskcp_0.20,0.2,-inf,False,,1,1,,,1,0,,,,,,,,,1,1,1,1,1,,,,,
eka_test,P2-rawCR,riskcp_0.30,0.3,-inf,False,,1,1,,,1,0,,,,,,,,,1,1,1,1,1,,,,,
eka_test,P2-rawCR,whisper_rule,,1,True,,0,0,0.437977099237,0.10097159021,0,459,0.0615545443365,0.0201082277703,0.0193088181036,0.0825806451613,0.00900900900901,0.256394063783,0.071716357776,0.0524809160305,0,0,0,0,0,0.19972166998,0.549460255846,0.0377736045835,0.0799619648205,
eka_test,P3,budget_0.01,0.01,0.962295545324,True,,0.0124045801527,0.0283224400871,0.430917874396,0.0905812869133,0.112667478685,446,0.0603668013677,0.0116257382655,0.0185887472801,0.080310880829,0.00900900900901,0.245917387128,0.0565573770492,0.0512077294686,0.0363636363636,0.00705143707221,0.0233052729877,0.0166480007925,0.0842434210526,0.189996349032,0.545258616188,0.036990583984,0.0745750470463,0.400790354402
eka_test,P3,budget_0.05,0.05,0.863718682561,True,,0.0591603053435,0.126361655773,0.406693711968,0.0824071735287,0.205237515225,401,0.0572114170245,0.00903005809548,0.0161656984087,0.0757780784844,0.00900900900901,0.234734077479,0.0497512437811,0.0486815415822,0.127272727273,0.0270852573252,0.0757559910987,0.0901127819549,0.184617117117,0.173606225031,0.52285778068,0.0355720008272,0.0702736968095,0.375288981875
eka_test,P3,budget_0.10,0.1,0.763977861825,True,,0.120229007634,0.239651416122,0.37852494577,0.0763879943321,0.277710109622,349,0.0533943063249,0.00895272446219,0.014040963545,0.0693641618497,0.00900900900901,0.223422207222,0.0480202190396,0.0455531453362,0.236363636364,0.0356578040781,0.155985163328,0.129020737327,0.303818364997,0.165427159907,0.492935278138,0.0318439760649,0.0686496825586,0.344973102615
eka_test,P3,budget_0.20,0.2,0.646217790052,True,,0.214694656489,0.398692810458,0.335358444714,0.0704048609735,0.350791717418,276,0.0490060101711,0.00845386698369,0.0129449838188,0.0692307692308,0.00909090909091,0.206715634837,0.0454545454545,0.044957472661,0.327272727273,0.0464217073458,0.281146399557,0.176966171853,0.46789408222,0.16248181424,0.440954651366,0.0300647362601,0.0698285609269,0.302118752115
eka_test,P3,budget_0.30,0.3,0.54416895558,True,,0.30820610687,0.544662309368,0.288275862069,0.0634612719967,0.442143727162,209,0.0449632811417,0.00803658029652,0.0104614105584,0.0657193605684,0.00970873786408,0.190122539918,0.0450530035336,0.0427586206897,0.436363636364,0.092666442425,0.392055347446,0.320825866189,0.618582461385,0.143224704202,0.39218147598,0.02782543246,0.0640569261959,0.263181697054
eka_test,P3,risk_0.10,0.1,0.178295897782,True,,0.770038167939,0.943355119826,0.107883817427,0.0391034811636,0.850182704019,26,0.0257510729614,0.00731203306311,0.00604037513909,0.0328947368421,0,0.116942909761,0.0329411764706,0.0165975103734,0.927272727273,0.581345221942,0.84188783832,0.864144316731,0.962413578106,0.0580644427459,0.15658008658,0.00376885101779,0.0316046910755,0.120832340414
eka_test,P3,risk_0.20,0.2,0.386028364987,True,,0.460877862595,0.734204793028,0.21592920354,0.053726169844,0.584652862363,122,0.0375768079408,0.00716874113755,0.00898062076572,0.0606060606061,0,0.163465642339,0.0431293881645,0.0371681415929,0.618181818182,0.180893264457,0.568762631154,0.512810898929,0.795011210762,0.117461031175,0.302380345086,0.027299335502,0.0509559591688,0.206328209876
eka_test,P3,risk_0.30,0.3,0.592597206394,True,,0.259541984733,0.466230936819,0.315721649485,0.0673923268158,0.38915956151,245,0.0471007189411,0.00839884431902,0.0118927635557,0.068515497553,0.00934579439252,0.199285714286,0.0459670424978,0.0451030927835,0.363636363636,0.0588175876411,0.343637845641,0.2300505689,0.550981655116,0.159481791926,0.423070088951,0.0296554349524,0.0692918584154,0.283049377778
eka_test,P3,riskcp_0.10,0.1,0.0975946777783,True,,0.93606870229,0.989106753813,0.0746268656716,0.0234192037471,0.975639464068,5,0.016393442623,0.00292740046838,0.00409836065574,0,0,0.0696864111498,0.0238095238095,0,1,0.876475026991,0.958648260957,0.978411831465,1,0,0.149000644745,0,0,0.0810018828774
eka_test,P3,riskcp_0.20,0.2,0.307483207014,True,,0.548664122137,0.81045751634,0.183932346723,0.0501882057716,0.658952496955,87,0.034504391468,0.00761785266177,0.00806596164187,0.0492753623188,0,0.152859960552,0.041958041958,0.0295983086681,0.745454545455,0.265318581684,0.650869658686,0.599717741935,0.865544607033,0.102237522924,0.264984427529,0.0208588857581,0.041669386423,0.179614502902
eka_test,P3,riskcp_0.30,0.3,0.522892510296,True,,0.328244274809,0.562091503268,0.285511363636,0.0629528029823,0.454933008526,201,0.0448758528522,0.00766687768165,0.0104100724485,0.0683918669131,0.01,0.190116937005,0.0454140694568,0.0440340909091,0.436363636364,0.10488552273,0.41597361261,0.332862903226,0.640153846154,0.144859477124,0.392363381364,0.0287940556456,0.0654933931386,0.255103920799
eka_test,P3,plugin_0.10,0.1,0.132396026937,True,,0.857824427481,0.97385620915,0.0805369127517,0.0314162655181,0.924482338611,12,0.0220420572587,0.00456042563973,0.00481378261971,0.0361445783133,0,0.099533437014,0.0225563909774,0.0201342281879,0.945454545455,0.727596717206,0.901734191768,0.932574747667,0.983561769006,0.0384375,0.119056503198,0,0.0435073757764,0.0997999549817
eka_test,P3,plugin_0.20,0.2,0.362256431724,True,,0.480916030534,0.751633986928,0.209558823529,0.0526701400195,0.605968331303,114,0.0367144252686,0.00724519700423,0.00871051774666,0.0559610705596,0,0.15945229682,0.0404564315353,0.0349264705882,0.654545454545,0.134180265985,0.610692873962,0.427011648746,0.835828219062,0.131370548501,0.28388882624,0.0252564724598,0.0578705631863,0.19989673885
eka_test,P3,plugin_0.30,0.3,0.635884971678,True,,0.220419847328,0.407407407407,0.332925336597,0.0701858834425,0.353836784409,272,0.0488192101607,0.00846728848316,0.0128993847986,0.0696594427245,0.00909090909091,0.205748335086,0.0454935622318,0.0452876376989,0.327272727273,0,0.365386117837,0,0.561524500907,0.19972166998,0.41198752128,0.0291486037379,0.0758982903506,0.299634226399
eka_test,P3-conf,budget_0.01,0.01,0.960353872137,True,,0.0104961832061,0.0239651416122,0.432015429122,0.0908243192838,0.110231425091,448,0.0604252144722,0.0116250155415,0.0187740892702,0.080310880829,0.00900900900901,0.2464,0.0565573770492,0.0511089681774,0.0363636363636,0.00555893500988,0.0219512906992,0.0128853198042,0.0842434210526,0.189996349032,0.546097857926,0.03692697517,0.0744679384293,0.406171266069
eka_test,P3-conf,budget_0.05,0.05,0.860540159006,True,,0.0667938931298,0.141612200436,0.402862985685,0.0814763231198,0.216199756395,394,0.0566599139023,0.00898961762472,0.0158267915928,0.0767123287671,0.00900900900901,0.233048057933,0.0513245033113,0.0490797546012,0.127272727273,0.0282075265288,0.0853837181267,0.0901127819549,0.188748264719,0.173606225031,0.51753734683,0.0360197673256,0.0702736968095,0.375615252581
eka_test,P3-conf,budget_0.10,0.1,0.761930731343,True,,0.11927480916,0.241830065359,0.377031419285,0.0767550902434,0.272228989038,348,0.0536322178688,0.00886376774359,0.014259104631,0.0744985673352,0.00900900900901,0.222745625841,0.0478187919463,0.0465872156013,0.218181818182,0.0324867811691,0.1513984298,0.12845448799,0.308521332554,0.168493055556,0.489905740862,0.0334493962782,0.0699362041467,0.34982997314
eka_test,P3-conf,budget_0.20,0.2,0.643048559145,True,,0.226145038168,0.41394335512,0.331689272503,0.0699754820754,0.356881851401,269,0.0487707905374,0.0084818766152,0.0127228149228,0.0700934579439,0.00909090909091,0.205407303371,0.0456110154905,0.0468557336621,0.309090909091,0.0484796238245,0.289777801869,0.185708525346,0.477623396177,0.160897206517,0.438166335328,0.0321928787282,0.0703303884346,0.300602494228
eka_test,P3-conf,budget_0.30,0.3,0.543815608771,True,,0.322519083969,0.564270152505,0.281690140845,0.0641451925741,0.436053593179,200,0.0446106954835,0.00831255195345,0.0112219451372,0.0719298245614,0.00952380952381,0.18828762046,0.0466138962181,0.0478873239437,0.381818181818,0.080894419528,0.413998790357,0.258041474654,0.632917862839,0.14968108022,0.377981512998,0.0313335306255,0.0718520262764,0.259907787669
eka_test,P3-conf,risk_0.10,0.1,0.167244819242,True,,0.792938931298,0.956427015251,0.0921658986175,0.0369863013699,0.868453105968,20,0.023801369863,0.00753424657534,0.00565068493151,0.034965034965,0,0.108673978066,0.026525198939,0.0184331797235,0.927272727273,0.58598354232,0.865789496437,0.879311705189,0.973693177946,0.0570922384702,0.121775717757,0.00434243621991,0.0355630810093,0.115428107844
eka_test,P3-conf,risk_0.20,0.2,0.364543567529,True,,0.479961832061,0.747276688453,0.212844036697,0.0542437779196,0.58587088916,116,0.0376515634971,0.00757817485641,0.00901403956605,0.0675990675991,0,0.163151097718,0.0414141414141,0.0422018348624,0.581818181818,0.190417804457,0.589164774951,0.494263582343,0.814636584563,0.120839187234,0.298020794582,0.0310717503942,0.0563231096528,0.20145364171
eka_test,P3-conf,risk_0.30,0.3,0.577652558436,True,,0.285305343511,0.514161220044,0.297730307076,0.065737860138,0.408038976857,223,0.0457865548492,0.00845394291898,0.0114973623698,0.0697674418605,0.00909090909091,0.193153153153,0.0460469157255,0.0480640854473,0.345454545455,0.0621371707143,0.372181925628,0.2254390681,0.589887377342,0.154926950544,0.399805047651,0.0320877616773,0.0701555549454,0.275442802838
eka_test,P3-conf,riskcp_0.10,0.1,0.090875355338,True,,0.957061068702,0.993464052288,0.0666666666667,0.0226385636222,0.982338611449,3,0.0148321623731,0.00312256049961,0.00468384074941,0,0,0.0733944954128,0.010989010989,0,1,0.907657704101,0.979750216464,0.985151242887,1,0,0.172451274363,0,0,0.0766897479538
eka_test,P3-conf,riskcp_0.20,0.2,0.260432733221,True,,0.629770992366,0.880174291939,0.14175257732,0.0469393908936,0.715590742996,55,0.0317619861293,0.00763895868932,0.00753844607498,0.0479452054795,0,0.140711902113,0.0369881109643,0.0283505154639,0.8,0.336317128919,0.750140554723,0.663011531638,0.919606266836,0.0884249787935,0.195730751365,0.0159202145491,0.0440604380499,0.156765346137
eka_test,P3-conf,riskcp_0.30,0.3,0.510891358905,True,,0.349236641221,0.596949891068,0.271260997067,0.0620535088948,0.460414129111,185,0.0435635243031,0.00812438716907,0.0103655974226,0.0693430656934,0.00980392156863,0.185240963855,0.0470692717584,0.0469208211144,0.418181818182,0.0932360847237,0.447219545812,0.296189773845,0.663088076921,0.147624962586,0.365757630087,0.031930473682,0.0674493373584,0.248903883643
eka_test,P3-conf,plugin_0.10,0.1,0.129438716264,True,,0.860687022901,0.976034858388,0.0753424657534,0.0317300428104,0.923264311815,11,0.0219088390834,0.00453286325863,0.0052883404684,0.0229885057471,0,0.100763358779,0.0235294117647,0.013698630137,0.963636363636,0.706526299062,0.919782918929,0.932164201039,0.985555655836,0.0384398496241,0.118960130343,0,0.0348624105669,0.0998411425339
eka_test,P3-conf,plugin_0.20,0.2,0.359081678645,True,,0.484732824427,0.755991285403,0.207407407407,0.0535971799391,0.592570036541,112,0.0370132991508,0.00761095978209,0.00897292100625,0.0635294117647,0,0.161904761905,0.0416666666667,0.0388888888889,0.618181818182,0.108411182,0.642286412322,0.335283513602,0.835924861803,0.137517677927,0.273823068707,0.026386925568,0.0654301075269,0.199965255874
eka_test,P3-conf,plugin_0.30,0.3,0.633992420562,True,,0.228053435115,0.418300653595,0.330037082818,0.0696286472149,0.36053593179,267,0.0485411140584,0.00848806366048,0.012599469496,0.0704225352113,0.00909090909091,0.204848910752,0.0456110154905,0.0469715698393,0.309090909091,0,0.389559167263,0,0.582148458267,0.19972166998,0.393110965262,0.0323269119128,0.0775235441092,0.299772814366
pm_window_test,P1,budget_0.01,0.01,0.6318330495,True,,0,0,0.414913957935,0.099427999428,0,434,0.0277849277849,0.0624052624053,0.00923780923781,0.132969034608,0.112442922374,,0.0556877677297,0.228489483748,0,0,0,0,0,0.361761803332,0.474473540966,0.200988965681,0.253701713433,
pm_window_test,P1,budget_0.05,0.05,0.5532712038,True,,0,0,0.414913957935,0.099427999428,0,434,0.0277849277849,0.0624052624053,0.00923780923781,0.132969034608,0.112442922374,,0.0556877677297,0.228489483748,0,0,0,0,0,0.361761803332,0.474473540966,0.200988965681,0.253701713433,
pm_window_test,P1,budget_0.10,0.1,0.5160116508,True,,0,0,0.414913957935,0.099427999428,0,434,0.0277849277849,0.0624052624053,0.00923780923781,0.132969034608,0.112442922374,,0.0556877677297,0.228489483748,0,0,0,0,0,0.361761803332,0.474473540966,0.200988965681,0.253701713433,
pm_window_test,P1,budget_0.20,0.2,0.4475078049,True,,0.0019120458891,0.00230414746544,0.414750957854,0.0989940328835,0.00503379836042,433,0.027803614613,0.0619463961192,0.00924402215131,0.132969034608,0.111936036551,,0.054787994283,0.227969348659,0.00418410041841,0,0.00464165218054,0,0.00717789611704,0.361518816298,0.47488869863,0.2003289506,0.254298434442,
pm_window_test,P1,budget_0.30,0.3,0.4019691294,True,,0.0057361376673,0.00691244239631,0.414423076923,0.0988708660515,0.00762260894578,431,0.0277411589385,0.0618874305038,0.00924227660916,0.130275229358,0.112128146453,,0.0548664122137,0.226923076923,0.0125523012552,0.00179562697013,0.0105150238872,0,0.0168477511038,0.360967029072,0.474496348716,0.20086663977,0.252829475453,
pm_window_test,P1,risk_0.10,0.1,0.189773523,True,,0.622370936902,0.8133640553,0.205063291139,0.0697390155269,0.696390047462,81,0.0219028741328,0.0401717872481,0.00766435414602,0.109170305677,0.0822580645161,,0.037691401649,0.182278481013,0.698744769874,0.568600801679,0.677334899143,0.768257345866,0.851295633983,0.164592157354,0.25467272891,0.145366307866,0.222251082251,
pm_window_test,P1,risk_0.20,0.2,0.278703178,True,,0.129063097514,0.216589861751,0.373216245884,0.0910428166965,0.172155903926,340,0.0265409740126,0.0557708428895,0.00873099979438,0.111788617886,0.0968569595895,,0.0484300159659,0.21075740944,0.196652719665,0.107596872781,0.154725614331,0.182232370433,0.251122075672,0.326831896552,0.428959091819,0.182372768411,0.237331417392,
pm_window_test,P1,risk_0.30,0.3,0.3744039867,True,,0.0133843212237,0.0230414746544,0.410852713178,0.0982241873461,0.0191284337696,424,0.0276381547679,0.0615701467602,0.00901588581798,0.128676470588,0.111880046136,,0.0542486797888,0.22480620155,0.0292887029289,0.00725998160979,0.0199541531823,0.00852742943876,0.0374634645106,0.358916628715,0.469021475608,0.198828107994,0.2513583411,
pm_window_test,P1,riskcp_0.10,0.1,-inf,False,,1,1,,,1,0,,,,,,,,,1,1,1,1,1,,,,,
pm_window_test,P1,riskcp_0.20,0.2,0.2220934634,True,,0.380497131931,0.58064516129,0.280864197531,0.0786435786436,0.466992665037,182,0.0235760971055,0.046451914099,0.0086155674391,0.100278551532,0.0859301227573,,0.0441826215022,0.180555555556,0.510460251046,0.336481138772,0.424745974841,0.526572619013,0.629160010546,0.241336201077,0.342909299264,0.149506872776,0.207188170466,
pm_window_test,P1,riskcp_0.30,0.3,0.320275504,True,,0.0449330783939,0.0783410138249,0.4004004004,0.096762801648,0.0542211994822,400,0.0273101824603,0.0606091818717,0.00884343731607,0.128301886792,0.111962286388,,0.0541871921182,0.225225225225,0.0585774058577,0.0339018607619,0.0557387685571,0.0529399175498,0.0988893505055,0.350501278275,0.45700468862,0.198146206748,0.2517382289,
pm_window_test,P2,budget_0.01,0.01,0.512934391887,True,,0.0133843212237,0.0184331797235,0.412790697674,0.0991983097939,0.0140946354092,426,0.0278420930771,0.0620369298449,0.00931928687196,0.13172541744,0.112521638777,,0.0552353506244,0.229651162791,0.00836820083682,0.0070109214492,0.0196655082427,0.0077419630643,0.0306574306756,0.359695545009,0.471378564697,0.201377208141,0.256644808262,
pm_window_test,P2,budget_0.05,0.05,0.19259159146,True,,0.115678776291,0.124423963134,0.410810810811,0.0984235956336,0.129871997699,380,0.0277375587695,0.0618035107127,0.00888252615139,0.129511677282,0.114341085271,,0.0537870472009,0.228108108108,0.117154811715,0.0964199462791,0.136422413401,0.0965459423206,0.148874449004,0.357818659965,0.474717142496,0.200650809516,0.25605915001,
pm_window_test,P2,budget_0.10,0.1,0.0006024863563,True,,0.387189292543,0.375576036866,0.422776911076,0.102350831756,0.408888249676,271,0.0286881163462,0.0645482617791,0.00911445363084,0.141447368421,0.124,,0.0523648648649,0.237129485179,0.364016736402,0.355930518583,0.416442293192,0.328353244862,0.4147392378,0.366343938173,0.484547520775,0.200638904534,0.271528748433,
pm_window_test,P2,budget_0.20,0.2,0.0004959393099,True,,0.388145315488,0.375576036866,0.4234375,0.10235338065,0.408888249676,271,0.0286888307807,0.0645498692566,0.00911468061263,0.141447368421,0.124,,0.0523648648649,0.2375,0.364016736402,0.357842107511,0.417389600539,0.328353244862,0.4147392378,0.366913443292,0.485973424226,0.200646766169,0.27194228685,
pm_window_test,P2,budget_0.30,0.3,0.0004378321797,True,,0.390057361377,0.377880184332,0.423197492163,0.101598543605,0.414065870847,270,0.0287288959824,0.0637671762388,0.00910247138333,0.14238410596,0.123123123123,,0.0507614213198,0.236677115987,0.36820083682,0.359336947068,0.419059544021,0.330375943596,0.418574313482,0.365431650917,0.485968696615,0.199976303318,0.271682141617,
pm_window_test,P2,risk_0.10,0.1,0.000195478109,True,,0.760994263862,0.882488479263,0.204,0.0682426404996,0.823960880196,51,0.022914808207,0.0375223015165,0.00780553077609,0.107913669065,0.0782608695652,,0.0416666666667,0.18,0.811715481172,0.730728035919,0.788962467884,0.850174849016,0.907269219569,0.151660902147,0.264460748349,0.132511441113,0.224073095309,
pm_window_test,P2,risk_0.20,0.2,0.0002890447874,True,,0.470363288719,0.509216589862,0.384476534296,0.0934182590234,0.512728318711,213,0.027518129429,0.0573248407643,0.00857528883007,0.127272727273,0.104903078677,,0.0452830188679,0.22202166065,0.485355648536,0.438730922086,0.500518968254,0.456670246196,0.551336279167,0.326527069161,0.451491601222,0.186283622025,0.26159258475,
pm_window_test,P2,risk_0.30,0.3,0.0003974052934,True,,0.39292543021,0.382488479263,0.422047244094,0.10138951367,0.416510858622,268,0.0286149847553,0.0636527215475,0.00912180736742,0.136666666667,0.123493975904,,0.0508905852417,0.234645669291,0.376569037657,0.361390318015,0.423318068887,0.333315565032,0.424546036248,0.363053590359,0.484465412383,0.198952941519,0.271587621146,
pm_window_test,P2,riskcp_0.10,0.1,-inf,False,,1,1,,,1,0,,,,,,,,,1,1,1,1,1,,,,,
pm_window_test,P2,riskcp_0.20,0.2,0.0001347330955,True,,0.954110898662,0.990783410138,0.0833333333333,0.0516962843296,0.972386020423,4,0.0228863758751,0.0234248788368,0.00538502961766,0.130434782609,0.0172413793103,,0.0348837209302,0.104166666667,0.979079497908,0.937059574643,0.969035223679,0.978607989108,1,0,0.175170454545,0.0285328185328,0.181923890063,
pm_window_test,P2,riskcp_0.30,0.3,0.0003541412737,True,,0.402485659656,0.403225806452,0.4144,0.100580075662,0.426434632533,259,0.0283480453972,0.0632282471627,0.00900378310214,0.12925170068,0.123343527013,,0.0497427101201,0.2304,0.397489539749,0.37158621043,0.434344134502,0.351693751164,0.448830935252,0.356502004433,0.479507073386,0.194829639037,0.268308704339,
pm_window_test,P2,whisper_rule,,1,True,,0.000956022944551,0.00230414746544,0.414354066986,0.0993816380865,0.00143822810298,433,0.0277976582405,0.06233717901,0.00924680083593,0.133455210238,0.112442922374,,0.0556877677297,0.228708133971,0,0,0.00292975909549,0,0.0071267410813,0.360447867055,0.474461576697,0.20116179611,0.253821275429,
pm_window_test,P2-rawCR,budget_0.01,0.01,0.67475124375,True,,0.441682600382,0.373271889401,0.465753424658,0.111639956621,0.466992665037,272,0.0279852994337,0.074436679118,0.00921797806965,0.149006622517,0.129319955407,,0.050153531218,0.234589041096,0.426778242678,0.413773501178,0.470462939436,0.32818137579,0.426856211004,0.40519021397,0.531086601307,0.19561868947,0.26956873679,
pm_window_test,P2-rawCR,budget_0.05,0.05,0.637755102083,True,,0.700764818356,0.626728110599,0.517571884984,0.126826378834,0.722853444556,162,0.0285639068053,0.088785046729,0.00947742529946,0.209459459459,0.158690176322,,0.0528967254408,0.249201277955,0.673640167364,0.664931006494,0.733736095587,0.586733660389,0.662789191144,0.460991522606,0.573065008026,0.205482119793,0.284260152059,
pm_window_test,P2-rawCR,budget_0.10,0.1,0.618530020833,True,,0.790630975143,0.732718894009,0.529680365297,0.129459087541,0.824104703006,116,0.0301683073992,0.0912458981687,0.00804488197311,0.290697674419,0.135135135135,,0.0524193548387,0.223744292237,0.794979079498,0.757168114496,0.821468535884,0.687617841424,0.772475486191,0.448285304712,0.596335811452,0.179365504317,0.266080036019,
pm_window_test,P2-rawCR,budget_0.20,0.2,0.592369477917,True,,0.879541108987,0.852534562212,0.507936507937,0.14078440263,0.910686034805,64,0.0360462480163,0.0972568578554,0.0074812967581,0.266666666667,0.167938931298,,0.0521739130435,0.230158730159,0.878661087866,0.862407863052,0.895679564015,0.825594966235,0.883876792786,0.387302702703,0.600036231884,0.161074858409,0.294141755063,
pm_window_test,P2-rawCR,budget_0.30,0.3,0.562106918333,True,,0.928298279159,0.912442396313,0.506666666667,0.153360396933,0.951100244499,38,0.0387911592242,0.107803337844,0.00676589986468,0.3,0.156862745098,,0.0677966101695,0.2,0.937238493724,0.90965839854,0.941986979454,0.882501797357,0.933693069792,0.393674242424,0.626934065934,0.111073059361,0.289900362319,
pm_window_test,P2-rawCR,risk_0.10,0.1,-inf,False,,1,1,,,1,0,,,,,,,,,1,1,1,1,1,,,,,
pm_window_test,P2-rawCR,risk_0.20,0.2,-inf,False,,1,1,,,1,0,,,,,,,,,1,1,1,1,1,,,,,
pm_window_test,P2-rawCR,risk_0.30,0.3,-inf,False,,1,1,,,1,0,,,,,,,,,1,1,1,1,1,,,,,
pm_window_test,P2-rawCR,riskcp_0.10,0.1,-inf,False,,1,1,,,1,0,,,,,,,,,1,1,1,1,1,,,,,
pm_window_test,P2-rawCR,riskcp_0.20,0.2,-inf,False,,1,1,,,1,0,,,,,,,,,1,1,1,1,1,,,,,
pm_window_test,P2-rawCR,riskcp_0.30,0.3,-inf,False,,1,1,,,1,0,,,,,,,,,1,1,1,1,1,,,,,
pm_window_test,P2-rawCR,whisper_rule,,1,True,,0,0,0.414913957935,0.099427999428,0,434,0.0277849277849,0.0624052624053,0.00923780923781,0.132969034608,0.112442922374,,0.0556877677297,0.228489483748,0,0,0,0,0,0.361761803332,0.474473540966,0.200988965681,0.253701713433,
pm_window_test,P3,budget_0.01,0.01,0.962295545324,True,,0.000956022944551,0.00230414746544,0.414354066986,0.0989926163356,0.00503379836042,433,0.0278032167592,0.0619455097018,0.00924388987465,0.132969034608,0.111936036551,,0.054787994283,0.227751196172,0.00418410041841,0,0.00292726010675,0,0.00717789611704,0.361509671041,0.474461576697,0.200324053583,0.253701713433,0.396231869401
pm_window_test,P3,budget_0.05,0.05,0.863718682561,True,,0.00764818355641,0.0184331797235,0.410404624277,0.0984052505829,0.0166834459945,426,0.0276634330292,0.0616598059817,0.00908201157201,0.130275229358,0.112320916905,,0.0550766283525,0.226396917148,0.0167364016736,0.00296063371295,0.0126043117238,0.00738559291783,0.0311851571374,0.358733118323,0.470103787096,0.199030459466,0.253840380787,0.39290828125
pm_window_test,P3,budget_0.10,0.1,0.763977861825,True,,0.0372848948375,0.0829493087558,0.395233366435,0.0954242388482,0.0696102401841,398,0.0269795846118,0.0594465423649,0.00899811187161,0.12810707457,0.111567821491,,0.0515717092338,0.224428997021,0.0543933054393,0.0238793657742,0.0479376507736,0.0549406781565,0.108252080487,0.345689509283,0.452257787899,0.197529866095,0.251218107489,0.380196168778
pm_window_test,P3,budget_0.20,0.2,0.646217790052,True,,0.104206500956,0.200460829493,0.370330843116,0.0903029538791,0.176039119804,347,0.025897670313,0.0555467986507,0.00885848491536,0.117171717172,0.102827763496,,0.0461538461538,0.211312700107,0.171548117155,0.0761626975435,0.13092829691,0.153798342541,0.247944867772,0.325799686473,0.428435675082,0.184920454545,0.23794947315,0.356694135774
pm_window_test,P3,budget_0.30,0.3,0.54416895558,True,,0.207456978967,0.361751152074,0.334137515078,0.0846379561787,0.307205522796,277,0.0243353891027,0.0522903378841,0.00801222919192,0.119369369369,0.0950226244344,,0.0438129070456,0.203860072376,0.292887029289,0.170709145184,0.248285859677,0.30786481381,0.409327978625,0.289377416661,0.391955941255,0.176514014558,0.235450391389,0.326407998728
pm_window_test,P3,risk_0.10,0.1,0.178295897782,True,,0.898661567878,0.983870967742,0.0660377358491,0.0451398135819,0.951244067309,7,0.0145139813582,0.024500665779,0.00612516644474,0.0769230769231,0.0215827338129,,0.0341463414634,0.0754716981132,0.966527196653,0.87218623344,0.923957815521,0.97449694062,0.995104309166,0.0210213652944,0.115198444623,0.0290230582524,0.126995798319,0.138060343969
pm_window_test,P3,risk_0.20,0.2,0.386028364987,True,,0.475143403442,0.684331797235,0.249544626594,0.0714156572048,0.602329929527,137,0.0210243562259,0.0432368210347,0.00715447994421,0.072202166065,0.0731428571429,,0.0351351351351,0.158469945355,0.635983263598,0.42135494949,0.522992598799,0.637204330448,0.7213794926,0.209924280269,0.312312791258,0.131367115154,0.192623792271,0.257181430043
pm_window_test,P3,risk_0.30,0.3,0.592597206394,True,,0.14913957935,0.269585253456,0.356179775281,0.0879646426333,0.232849129872,317,0.0252481942017,0.0542399155645,0.00847653286718,0.113871635611,0.093903293623,,0.0444319460067,0.2,0.255230125523,0.1133071162,0.183300311861,0.216718520439,0.323262653899,0.30836897648,0.41557145572,0.172634797425,0.226101555094,0.34285753921
pm_window_test,P3,riskcp_0.10,0.1,0.0975946777783,True,,0.991395793499,1,0,0.028901734104,0.997123543794,0,0.0115606936416,0.0130057803468,0.00433526011561,0,0,,0,0,1,0.985188853318,0.996888725197,1,1,0,0,0,0,0.0902947208865
pm_window_test,P3,riskcp_0.20,0.2,0.307483207014,True,,0.637667304015,0.845622119816,0.176781002639,0.0627334651725,0.75363152596,67,0.0186405918113,0.0372445616348,0.00684831172636,0.0828729281768,0.0571428571429,,0.0401034928849,0.131926121372,0.790794979079,0.583353311472,0.688945385157,0.802418224299,0.884876435945,0.13780226386,0.229304525535,0.0997364348407,0.160027355623,0.215673050689
pm_window_test,P3,riskcp_0.30,0.3,0.522892510296,True,,0.239005736138,0.41935483871,0.316582914573,0.0821789968709,0.354091758953,252,0.0239894600084,0.0502479459825,0.00794159087998,0.105263157895,0.0922712933754,,0.042777433354,0.198492462312,0.338912133891,0.202410206406,0.281483739597,0.369398890067,0.473692902487,0.272250819237,0.373250122789,0.170672275394,0.229690879554,0.3178318699
pm_window_test,P3,plugin_0.10,0.1,0.115981078099,True,,0.982791586998,0.997695852535,0.0555555555556,0.0334821428571,0.993527973537,1,0.0104166666667,0.0178571428571,0.00520833333333,0,0,,0,0,1,0.971989159892,0.991776090752,0.994501214083,1,0,0.105409356725,0,0.055637254902,0.0992044295821
pm_window_test,P3,plugin_0.20,0.2,0.279441668966,True,,0.698852772467,0.891705069124,0.149206349206,0.0591128639163,0.808140371063,47,0.0184783090353,0.0342978685691,0.00633668631187,0.0625,0.0548523206751,,0.0440060698027,0.126984126984,0.832635983264,0.635873285622,0.759868696434,0.848724279431,0.925132484563,0.106563941225,0.193830872618,0.0957159286947,0.160553997195,0.199806601072
pm_window_test,P3,plugin_0.30,0.3,0.481749951516,True,,0.305927342256,0.497695852535,0.300275482094,0.0787387423368,0.432906658996,218,0.0228448189788,0.048105916888,0.00778800647004,0.0911528150134,0.0842013888889,,0.0402730375427,0.176308539945,0.464435146444,0.228122869914,0.388105369807,0.415429606625,0.583197024669,0.265009752269,0.340992338032,0.149181842582,0.204246626687,0.299966804193
pm_window_test,P3-conf,budget_0.01,0.01,0.960353872137,True,,0,0,0.414913957935,0.099427999428,0,434,0.0277849277849,0.0624052624053,0.00923780923781,0.132969034608,0.112442922374,,0.0556877677297,0.228489483748,0,0,0,0,0,0.361761803332,0.474473540966,0.200988965681,0.253701713433,0.371162506952
pm_window_test,P3-conf,budget_0.05,0.05,0.860540159006,True,,0.0038240917782,0.00921658986175,0.412667946257,0.098770391839,0.00992377391054,430,0.0277917270471,0.0618964948276,0.00908216996427,0.131868131868,0.112128146453,,0.0549188156638,0.226487523992,0.0125523012552,0.000931055429794,0.00684847010863,0.0021274341868,0.0181369280159,0.359384419544,0.472535446763,0.198314248707,0.253706168145,0.369102551127
pm_window_test,P3-conf,budget_0.10,0.1,0.761930731343,True,,0.0248565965583,0.0576036866359,0.400980392157,0.0966000291843,0.0478929958291,409,0.0274478330658,0.0601196556253,0.00903254049321,0.129213483146,0.112586605081,,0.0526061776062,0.226470588235,0.0334728033473,0.0157660135041,0.0348309654054,0.0369242293434,0.0790699720134,0.350875141549,0.458665804743,0.199753642974,0.254149278991,0.359815262036
pm_window_test,P3-conf,budget_0.20,0.2,0.643048559145,True,,0.0869980879541,0.168202764977,0.378010471204,0.0922302269734,0.143822810298,361,0.0258889147107,0.0575257572236,0.00881555503912,0.119521912351,0.106741573034,,0.0471698113208,0.216753926702,0.133891213389,0.0656239803009,0.106966867021,0.121508287293,0.206469013628,0.329701938064,0.435187296788,0.192962496278,0.242898600524,0.337271492922
pm_window_test,P3-conf,budget_0.30,0.3,0.543815608771,True,,0.166347992352,0.285714285714,0.355504587156,0.0874800302699,0.251833740831,310,0.0249558563861,0.0542840326242,0.00824014125956,0.123404255319,0.0969131371141,,0.0442274554854,0.205275229358,0.251046025105,0.13357667004,0.197803340796,0.231282512022,0.334204209518,0.307771386431,0.414598738391,0.177186955484,0.235064647538,0.313168703973
pm_window_test,P3-conf,risk_0.10,0.1,0.167244819242,True,,0.891013384321,0.988479262673,0.0438596491228,0.0462555066079,0.945634977707,5,0.0143171806167,0.0265540871268,0.00538423886442,0.0888888888889,0.0387096774194,,0.034188034188,0.105263157895,0.949790794979,0.859562116964,0.919521675508,0.98007888021,0.997549318508,0.00933144777832,0.0834005376344,0.0509703881553,0.148551980198,0.131947892751
pm_window_test,P3-conf,risk_0.20,0.2,0.364543567529,True,,0.460803059273,0.663594470046,0.258865248227,0.0724553616463,0.586797066015,146,0.0217643498436,0.043226066781,0.00746494502169,0.078231292517,0.0790598290598,,0.0355285961872,0.171985815603,0.594142259414,0.408849781716,0.510343562811,0.612044438377,0.711886945546,0.212378867931,0.311283343757,0.141107607123,0.204308635255,0.239906464393
pm_window_test,P3-conf,risk_0.30,0.3,0.577652558436,True,,0.137667304015,0.248847926267,0.361419068736,0.0887727183897,0.216021861067,326,0.0253729398736,0.0548172757475,0.00858250276855,0.118852459016,0.100948509485,,0.0437915742794,0.210643015521,0.205020920502,0.109295884847,0.163959605842,0.197934617648,0.292004384262,0.315246207289,0.421350749533,0.181435187726,0.237838442899,0.321366604352
pm_window_test,P3-conf,riskcp_0.10,0.1,0.090875355338,True,,0.997131931166,1,0,0.0481927710843,0.998274126276,0,0.00401606425703,0.0321285140562,0.0120481927711,,0,,0,0,1,0.99436879168,1,1,1,0,0,0,0,0.0837392571723
pm_window_test,P3-conf,riskcp_0.20,0.2,0.260432733221,True,,0.7017208413,0.875576036866,0.173076923077,0.0609052384817,0.805695383288,54,0.0169506807321,0.0377783788657,0.00617617888378,0.0681818181818,0.0577689243028,,0.0410334346505,0.128205128205,0.832635983264,0.657211495069,0.746346016033,0.836477252689,0.913904109589,0.128354381936,0.235742481203,0.0950447591505,0.165554276162,0.184202820782
pm_window_test,P3-conf,riskcp_0.30,0.3,0.510891358905,True,,0.209369024857,0.352534562212,0.339782345828,0.0848245040716,0.30936286495,281,0.0241295861228,0.0525869530657,0.00810796488315,0.127232142857,0.0940106141016,,0.0426793123889,0.20677146312,0.284518828452,0.177035049888,0.244283254134,0.303735173208,0.395427987566,0.2921969097,0.398826416778,0.178041901692,0.238714895125,0.301533825065
pm_window_test,P3-conf,plugin_0.10,0.1,0.109502579632,True,,0.980879541109,1,0,0.0321903428971,0.993384150726,0,0.0111966410077,0.0174947515745,0.00349895031491,0.2,0.0357142857143,,0.027027027027,0.1,0.991631799163,0.966682666569,0.993396537327,1,1,0,0,0,0.200555555556,0.0996687987851
pm_window_test,P3-conf,plugin_0.20,0.2,0.284873978335,True,,0.637667304015,0.824884792627,0.200527704485,0.0649979814291,0.745289802963,76,0.0183139428194,0.0397841964253,0.00689984218446,0.0732984293194,0.0593220338983,,0.039897039897,0.137203166227,0.782426778243,0.57810111545,0.705298585595,0.780755916549,0.869055104801,0.156143769118,0.253186746988,0.100183726525,0.166166666667,0.199922118857
pm_window_test,P3-conf,plugin_0.30,0.3,0.503111971046,True,,0.216061185468,0.366359447005,0.335365853659,0.0844287699049,0.318279879189,275,0.0240461686438,0.0523493997364,0.00803320152471,0.127802690583,0.0909090909091,,0.0424641148325,0.203658536585,0.301255230126,0.149515861884,0.291861726676,0.275506032029,0.471629066589,0.300670173451,0.380722864519,0.173532105952,0.231826740524,0.299783711162
pm_window_test,P1-retuned,budget_0.01,0.01,0.3417759357,True,,0.0229445506692,0.0437788018433,0.406066536204,0.0977700550246,0.0289083848698,415,0.0275991891109,0.0612800463365,0.00889081957718,0.126865671642,0.112138728324,,0.0541062801932,0.225048923679,0.0376569037657,0.0145048657514,0.0345091398032,0.0240122686629,0.0649103226817,0.354934242438,0.46356975968,0.199185347709,0.252051337159,
pm_window_test,P1-retuned,budget_0.05,0.05,0.3099848124,True,,0.0592734225621,0.103686635945,0.395325203252,0.0961532740309,0.0703293542356,389,0.0271026091096,0.0603189242257,0.00873174069556,0.124282982792,0.110714285714,,0.0530530530531,0.221544715447,0.0878661087866,0.0436700207321,0.0722945448599,0.0750661066249,0.127908655323,0.345425990614,0.452185452369,0.193980999853,0.246298885985,
pm_window_test,P1-retuned,budget_0.10,0.1,0.2750132743,True,,0.135755258126,0.230414746544,0.369469026549,0.0907310704961,0.180353804113,334,0.0265872763166,0.0554352671464,0.00870852703305,0.112474437628,0.0960415314731,,0.0476445396146,0.21017699115,0.205020920502,0.114715000591,0.159507886797,0.19738997555,0.264734476915,0.323712989891,0.425726808055,0.18244159743,0.237678872054,
pm_window_test,P1-retuned,budget_0.20,0.2,0.2462516827,True,,0.249521988528,0.396313364055,0.333757961783,0.0860553775662,0.308499928089,262,0.0252546043565,0.0520842655403,0.00871650766945,0.109090909091,0.0915972747918,,0.0477356181151,0.19872611465,0.347280334728,0.212490649212,0.28704296672,0.348539402174,0.44471694888,0.287735119284,0.389879536351,0.168667232598,0.226245990123,
pm_window_test,P1-retuned,budget_0.30,0.3,0.2294080299,True,,0.344168260038,0.529953917051,0.297376093294,0.0808937601999,0.422551416655,204,0.0243587935446,0.0479318195555,0.00860314709971,0.10582010582,0.0866551126516,,0.045643153527,0.189504373178,0.456066945607,0.297178175139,0.392297730991,0.471208949097,0.58316526268,0.254590801328,0.356229983273,0.159104788736,0.219493587621,
pm_window_test,P1-retuned,risk_0.10,0.1,-inf,False,,1,1,,,1,0,,,,,,,,,1,1,1,1,1,,,,,
pm_window_test,P1-retuned,risk_0.20,0.2,0.1779263133,True,,0.689292543021,0.854838709677,0.193846153846,0.0681512538565,0.752193297857,63,0.0215568388577,0.0390791867732,0.00751522822562,0.11797752809,0.0676691729323,,0.0409604519774,0.172307692308,0.765690376569,0.639725197646,0.738616062485,0.815460326986,0.892077920119,0.147593189572,0.248506383151,0.124988879004,0.21452209676,
pm_window_test,P1-retuned,risk_0.30,0.3,0.2183986678,True,,0.405353728489,0.603686635945,0.27652733119,0.0780355065944,0.488566086581,172,0.0231517040093,0.0463253527617,0.00855844982334,0.0988023952096,0.0840751730959,,0.0420489296636,0.175241157556,0.543933054393,0.357804211911,0.44763468264,0.551712355667,0.651218615544,0.231869796701,0.335143754235,0.1430569436,0.201995849446,
pm_window_test,P1-retuned,riskcp_0.10,0.1,-inf,False,,1,1,,,1,0,,,,,,,,,1,1,1,1,1,,,,,
pm_window_test,P1-retuned,riskcp_0.20,0.2,-inf,False,,1,1,,,1,0,,,,,,,,,1,1,1,1,1,,,,,
pm_window_test,P1-retuned,riskcp_0.30,0.3,-inf,False,,1,1,,,1,0,,,,,,,,,1,1,1,1,1,,,,,
pm_window_test,P2-retuned,budget_0.01,0.01,0.571712466575,True,,0.00956022944551,0.0138248847926,0.413127413127,0.0990433314575,0.0128002301165,428,0.0277765753286,0.0619742291099,0.00929252701903,0.13123844732,0.11200459506,,0.0551294343241,0.228764478764,0.00836820083682,0.00441989400768,0.0158533418734,0.00443410033137,0.0272131152318,0.360002846877,0.472715414776,0.201207440597,0.254621499196,
pm_window_test,P2-retuned,budget_0.05,0.05,0.319394686037,True,,0.0458891013384,0.0460829493088,0.414829659319,0.0990546958098,0.0490435783115,414,0.0277598837471,0.0620964479933,0.00919836406945,0.134357005758,0.112244897959,,0.0533932135729,0.228456913828,0.0460251046025,0.0371251607028,0.0557333982456,0.0276091107474,0.0641388866137,0.361322064928,0.476204376512,0.202136523846,0.255523431336,
pm_window_test,P2-retuned,budget_0.10,0.1,0.175698430946,True,,0.129063097514,0.135944700461,0.411635565313,0.0986041280762,0.142528405005,375,0.0279505160095,0.0617557554909,0.00889785657581,0.131465517241,0.116217990808,,0.0531022917831,0.231613611416,0.117154811715,0.106900635995,0.151608874903,0.108627001242,0.162028737598,0.358031504811,0.475278317939,0.202921423882,0.260976964212,
pm_window_test,P2-retuned,budget_0.20,0.2,0.104387582814,True,,0.224665391969,0.228110599078,0.4130702836,0.098687299292,0.244211131886,335,0.0275685928374,0.0623110293151,0.00880767713948,0.133819951338,0.122372372372,,0.0526315789474,0.236744759556,0.196652719665,0.201808252213,0.25,0.193776092973,0.266674757282,0.354613076828,0.4817849547,0.20756245121,0.269152802992,
pm_window_test,P2-retuned,budget_0.30,0.3,0.0771445968345,True,,0.2982791587,0.311059907834,0.407356948229,0.0980123372173,0.321300158205,299,0.0278106631774,0.0614783891,0.00872328493987,0.126721763085,0.122117847993,,0.0540925266904,0.231607629428,0.28870292887,0.272800632681,0.326679659438,0.273316276966,0.354245353717,0.352826563959,0.472297517863,0.201084211468,0.268368480676,
pm_window_test,P2-retuned,risk_0.10,0.1,0.0001709443014,True,,0.863288718929,0.937788018433,0.188811188811,0.0621771391002,0.904789299583,27,0.0223537146614,0.0330609561379,0.00676246830093,0.108108108108,0.0625,,0.0524475524476,0.160839160839,0.903765690377,0.836388026005,0.891908244159,0.915135387904,0.959079848807,0.119685878428,0.26836831159,0.108620537292,0.216048717949,
pm_window_test,P2-retuned,risk_0.20,0.2,0.0002051853873,True,,0.717973231358,0.836405529954,0.240677966102,0.0727202954862,0.781964619589,71,0.0230728642011,0.0418285604643,0.00781887082074,0.103225806452,0.0780141843972,,0.0415944540728,0.166101694915,0.794979079498,0.687050700142,0.747539162965,0.799533974595,0.863315104846,0.184814744541,0.302162456082,0.127927686762,0.202713260135,
pm_window_test,P2-retuned,risk_0.30,0.3,0.0002244951683,True,,0.639579349904,0.76267281106,0.273209549072,0.0770592082484,0.711922910974,103,0.0248528449967,0.0436656022775,0.00854076097411,0.113989637306,0.0824742268041,,0.0444145356662,0.180371352785,0.715481171548,0.605008531755,0.676250190739,0.716016433004,0.802243960857,0.214437523304,0.339689918621,0.145033383657,0.223902268958,
pm_window_test,P2-retuned,riskcp_0.10,0.1,-inf,False,,1,1,,,1,0,,,,,,,,,1,1,1,1,1,,,,,
pm_window_test,P2-retuned,riskcp_0.20,0.2,-inf,False,,1,1,,,1,0,,,,,,,,,1,1,1,1,1,,,,,
pm_window_test,P2-retuned,riskcp_0.30,0.3,0.0001781488032,True,,0.834608030593,0.923963133641,0.190751445087,0.064,0.882640586797,33,0.0225882352941,0.0339607843137,0.00745098039216,0.111111111111,0.0691056910569,,0.0428571428571,0.167630057803,0.878661087866,0.806934929668,0.866299435028,0.901103911132,0.948840089984,0.134985215054,0.260612648221,0.111047619048,0.22105395398,
pm_window_test,P2-retuned,whisper_rule,,1,True,,0.000956022944551,0.00230414746544,0.414354066986,0.0993816380865,0.00143822810298,433,0.0277976582405,0.06233717901,0.00924680083593,0.133455210238,0.112442922374,,0.0556877677297,0.228708133971,0,0,0.00292975909549,0,0.0071267410813,0.360447867055,0.474461576697,0.20116179611,0.253821275429,
pm_window_test,P4,budget_0.01,0.01,0.892618721152,True,P3 score with thresholds re-tuned on PriMock57 recalibration,0.0038240917782,0.00921658986175,0.412667946257,0.098770391839,0.00992377391054,430,0.0277917270471,0.0618964948276,0.00908216996427,0.131868131868,0.112128146453,,0.0549188156638,0.226487523992,0.0125523012552,0.000931055429794,0.00684847010863,0.0021274341868,0.0181369280159,0.359384419544,0.472535446763,0.198314248707,0.253706168145,0.417165484232
pm_window_test,P4,budget_0.05,0.05,0.749410511391,True,P3 score with thresholds re-tuned on PriMock57 recalibration,0.0458891013384,0.103686635945,0.389779559118,0.0945726984882,0.0849992808859,389,0.0269209614841,0.0587177238334,0.00893401317061,0.126923076923,0.109198813056,,0.0506706408346,0.223446893788,0.0669456066946,0.03049590768,0.0596398665719,0.07359747288,0.13433659517,0.34367816092,0.447327821982,0.194890055496,0.250999550479,0.399955835554
pm_window_test,P4,budget_0.10,0.1,0.648637980571,True,P3 score with thresholds re-tuned on PriMock57 recalibration,0.11759082218,0.216589861751,0.368364030336,0.0900156604558,0.189846109593,340,0.0258237719326,0.0555306976893,0.00866119083384,0.118367346939,0.100724160632,,0.045010845987,0.208017334778,0.196652719665,0.0883483550278,0.143594320691,0.170720690157,0.267355387017,0.323182532596,0.426765935456,0.181296185271,0.234196156883,0.376145264085
pm_window_test,P4,budget_0.20,0.2,0.558935823793,True,P3 score with thresholds re-tuned on PriMock57 recalibration,0.217973231358,0.380184331797,0.328850855746,0.0839920244962,0.321443981015,269,0.0243537705618,0.051609342733,0.00802891120131,0.108545034642,0.0964039785769,,0.0442583732057,0.205378973105,0.297071129707,0.182116001054,0.258032375072,0.332481338863,0.431063705435,0.283182854678,0.385308662778,0.176843823542,0.237316580352,0.347735400703
pm_window_test,P4,budget_0.30,0.3,0.470277695349,True,P3 score with thresholds re-tuned on PriMock57 recalibration,0.366156787763,0.562211981567,0.286576168929,0.076280019108,0.494750467424,190,0.0223216224432,0.0462283406436,0.00773005602119,0.0847953216374,0.081826831589,,0.037397157816,0.170437405732,0.52719665272,0.315387721656,0.413974959989,0.505489965008,0.606572241465,0.245795662419,0.341706074493,0.144419018939,0.200618163994,0.308612400613
pm_window_test,P4,risk_0.10,0.1,-inf,False,P3 score with thresholds re-tuned on PriMock57 recalibration,1,1,,,1,0,,,,,,,,,1,1,1,1,1,,,,,
pm_window_test,P4,risk_0.20,0.2,0.279457938972,True,P3 score with thresholds re-tuned on PriMock57 recalibration,0.750478011472,0.91935483871,0.134099616858,0.0572148640678,0.846541061412,35,0.0176416966057,0.0337819722237,0.00579119523835,0.0701754385965,0.0524934383202,,0.0377358490566,0.122605363985,0.866108786611,0.70348344075,0.794158036769,0.884186925119,0.946105531254,0.0851511544581,0.191114209827,0.0919821576763,0.153549800542,0.208008527125
pm_window_test,P4,risk_0.30,0.3,0.424103984664,True,P3 score with thresholds re-tuned on PriMock57 recalibration,0.456022944551,0.661290322581,0.25834797891,0.0724162936661,0.583489141378,147,0.021254782326,0.0438098572179,0.00735165412218,0.0709219858156,0.075055187638,,0.0360598065084,0.158172231986,0.623430962343,0.399995361781,0.502470695196,0.612021450959,0.705630943707,0.217493489988,0.319350262267,0.13283989813,0.190864500205,0.286094216681
pm_window_test,P4,riskcp_0.10,0.1,-inf,False,P3 score with thresholds re-tuned on PriMock57 recalibration,1,1,,,1,0,,,,,,,,,1,1,1,1,1,,,,,
pm_window_test,P4,riskcp_0.20,0.2,-inf,False,P3 score with thresholds re-tuned on PriMock57 recalibration,1,1,,,1,0,,,,,,,,,1,1,1,1,1,,,,,
pm_window_test,P4,riskcp_0.30,0.3,0.238020685174,True,P3 score with thresholds re-tuned on PriMock57 recalibration,0.836520076482,0.963133640553,0.093567251462,0.0483514685429,0.915000719114,16,0.0158717172544,0.0267528430009,0.00572690828765,0.0615384615385,0.0379746835443,,0.031339031339,0.093567251462,0.933054393305,0.800556160636,0.874482648652,0.94733805668,0.977445018797,0.0541717980296,0.139968080255,0.0540108422376,0.136801242236,0.181110343777
pm_window_test,P4,plugin_0.10,0.1,0.102926846024,True,,0.996175908222,1,0,0.0238907849829,0.998993240328,0,0.00682593856655,0.0170648464164,0,,0,,0,0,1,0.989824374174,1,1,1,0,0,0,0,0.0993284583465
pm_window_test,P4,plugin_0.20,0.2,0.266077723574,True,,0.778202676864,0.930875576037,0.129310344828,0.0551195254928,0.867683014526,30,0.0177940207297,0.0313941645198,0.00593134024324,0.0631578947368,0.0535714285714,,0.0355648535565,0.120689655172,0.882845188285,0.72719042794,0.83158265081,0.897989608035,0.955375564152,0.0725391786776,0.19521978673,0.0844595835885,0.149535301468,0.19994840015
pm_window_test,P4,plugin_0.30,0.3,0.449855243667,True,,0.400573613767,0.603686635945,0.274322169059,0.0751369863014,0.52667913131,172,0.0222374429224,0.045502283105,0.00739726027397,0.0881458966565,0.0785714285714,,0.035685963521,0.165869218501,0.564853556485,0.320550015683,0.483516851993,0.518828273971,0.673221780406,0.239605561769,0.325488303202,0.136964547647,0.195647617347,0.299898031163
pm_window_test,P4-refit,budget_0.01,0.01,0.774040138922,True,,0.0143403441683,0.0253456221198,0.41028128031,0.0981250540019,0.0199913706314,423,0.0276057717232,0.0612885573572,0.00923072492152,0.129390018484,0.11251435132,,0.0550766283525,0.226964112512,0.0209205020921,0.00641412362064,0.0233010977839,0.00947867298578,0.0405979735932,0.359757161887,0.468069239356,0.199623035537,0.254411039161,0.411898556636
pm_window_test,P4-refit,budget_0.05,0.05,0.656549135181,True,,0.0602294455067,0.122119815668,0.387589013225,0.0938587191853,0.0959298144686,381,0.0265181491049,0.0585609126066,0.00877965747391,0.124045801527,0.106674612634,,0.0495,0.221770091556,0.0878661087866,0.0412306271432,0.0763103190415,0.086832540245,0.154658331011,0.340946231817,0.441752494878,0.192482132129,0.249564281347,0.397331681508
pm_window_test,P4-refit,budget_0.10,0.1,0.59063086318,True,,0.108030592734,0.209677419355,0.367631296892,0.0904026217228,0.166834459945,343,0.0258114856429,0.0558520599251,0.00873907615481,0.120315581854,0.0987179487179,,0.0481481481481,0.209003215434,0.18410041841,0.0833889241187,0.130758543574,0.161415163416,0.25127677298,0.320987486993,0.423705096389,0.183184571799,0.234901020341,0.38532576098
pm_window_test,P4-refit,budget_0.20,0.2,0.487132211073,True,,0.251434034417,0.428571428571,0.316730523627,0.0819779143774,0.349777074644,248,0.0238444940071,0.0495566556057,0.00857676476455,0.114349775785,0.0857371794872,,0.0421313506815,0.191570881226,0.372384937238,0.212790217982,0.293970842841,0.374349998515,0.488417692658,0.273016090183,0.371442048518,0.162027621208,0.222531201728,0.358220131537
pm_window_test,P4-refit,budget_0.30,0.3,0.450623361231,True,,0.343212237094,0.548387096774,0.285298398836,0.0772503494803,0.451603624335,196,0.02295427379,0.0461314046071,0.00816467108329,0.1015625,0.0759493670886,,0.0392953929539,0.174672489083,0.497907949791,0.294592511433,0.394881384179,0.504772644928,0.600031982942,0.243080357143,0.337245600074,0.149072002127,0.205799232737,0.343009591019
pm_window_test,P4-refit,risk_0.10,0.1,-inf,False,,1,1,,,1,0,,,,,,,,,1,1,1,1,1,,,,,
pm_window_test,P4-refit,risk_0.20,0.2,0.36877600023,True,,0.587954110899,0.804147465438,0.197215777262,0.0667489584941,0.688911261326,85,0.019719179139,0.0399629686777,0.00706681067736,0.0909090909091,0.0729312762973,,0.0383795309168,0.162412993039,0.707112970711,0.532336973891,0.644161022296,0.762658898305,0.844772587479,0.155311716064,0.242266802229,0.130133561644,0.196835038363,0.30248577588
pm_window_test,P4-refit,risk_0.30,0.3,0.450623361231,True,,0.343212237094,0.548387096774,0.285298398836,0.0772503494803,0.451603624335,196,0.02295427379,0.0461314046071,0.00816467108329,0.1015625,0.0759493670886,,0.0392953929539,0.174672489083,0.497907949791,0.294592511433,0.394881384179,0.504772644928,0.600031982942,0.243080357143,0.337245600074,0.149072002127,0.205799232737,0.343009591019
pm_window_test,P4-refit,riskcp_0.10,0.1,-inf,False,,1,1,,,1,0,,,,,,,,,1,1,1,1,1,,,,,
pm_window_test,P4-refit,riskcp_0.20,0.2,-inf,False,,1,1,,,1,0,,,,,,,,,1,1,1,1,1,,,,,
pm_window_test,P4-refit,riskcp_0.30,0.3,-inf,False,,1,1,,,1,0,,,,,,,,,1,1,1,1,1,,,,,
pm_window_test,P4-refit,plugin_0.10,0.1,-inf,False,,1,1,,,1,0,,,,,,,,,1,1,1,1,1,,,,,
pm_window_test,P4-refit,plugin_0.20,0.2,0.205725676373,True,,0.997131931166,1,0,0.0316901408451,0.998705594707,0,0.00704225352113,0.0211267605634,0.00352112676056,,0,,0,0,1,0.993081590902,1,1,1,0,0,0,0,0.19978550456
pm_window_test,P4-refit,plugin_0.30,0.3,0.362344456299,True,,0.604206500956,0.815668202765,0.193236714976,0.0663760776898,0.702142959873,80,0.0195186051729,0.0398384667158,0.0070190058011,0.0964912280702,0.0723589001447,,0.04,0.164251207729,0.715481171548,0.534977133494,0.676875714313,0.770746923985,0.863196283521,0.156987110271,0.235145742202,0.12775224245,0.193420254924,0.299871328965
pm_turn_test,P1,budget_0.01,0.01,0.6318330495,True,,0.00297563697229,0.00863664404688,0.299757507928,0.0890839400977,0.00445859872611,1607,0.0327866516579,0.0446987076274,0.0115985808125,0.0996441281139,0.115191986644,,0.0704824976348,0.0518559970155,0.017667844523,0.001641832409,0.00438020155127,0.00483738764695,0.0132921764849,0.279960712407,0.323603167392,0.0438502141453,0.060675796955,
pm_turn_test,P1,budget_0.05,0.05,0.5532712038,True,,0.0325460293844,0.0703269586675,0.289696270665,0.0867717143961,0.0345541401274,1507,0.031428448757,0.0442374021439,0.0111058634952,0.0971223021583,0.103606182026,,0.0678368121442,0.0476739715494,0.123674911661,0.0282483450241,0.0383663041937,0.0601451746825,0.0814272719068,0.269839482834,0.314756975115,0.0401445708697,0.0566338349735,
pm_turn_test,P1,budget_0.10,0.1,0.5160116508,True,,0.0611865352427,0.115977791487,0.283874801902,0.0848629457676,0.059872611465,1433,0.0302999813141,0.044070086674,0.0104928777795,0.0943738656987,0.0992410974898,,0.0661589719181,0.0455625990491,0.187279151943,0.0543861100737,0.0699769275993,0.1036291916,0.131193728561,0.262328029775,0.308666341302,0.0379570520067,0.0547178882941,
pm_turn_test,P1,budget_0.20,0.2,0.4475078049,True,,0.156034963734,0.223318938927,0.277434993389,0.0814431932995,0.114331210191,1259,0.0279384417144,0.0438112251622,0.00969352642291,0.0854368932039,0.0879256965944,,0.0645161290323,0.0427501101807,0.314487632509,0.143574483616,0.170831055368,0.204757815136,0.247572633815,0.255179082826,0.303655448393,0.0348811660665,0.0526544921293,
pm_turn_test,P1,budget_0.30,0.3,0.4019691294,True,,0.240282685512,0.320172732881,0.26976744186,0.0777672115806,0.179617834395,1102,0.0259626560401,0.0426421530891,0.00916240245136,0.0775681341719,0.0794923179693,,0.0568578553616,0.040146878825,0.420494699647,0.225192769853,0.258124974382,0.29728183462,0.348179644411,0.248554875317,0.295417374271,0.0333413397689,0.0487110315874,
pm_turn_test,P1,risk_0.10,0.1,0.189773523,True,,0.891203273201,0.952498457742,0.131623931624,0.0450179679843,0.890286624204,77,0.0135903299575,0.0263312642927,0.00509637373407,0.03125,0.0346020761246,,0.0325814536341,0.0290598290598,0.939929328622,0.871322982521,0.910758560688,0.93636747283,0.967960058405,0.101905615514,0.165678079581,0.014083095769,0.0421482920512,
pm_turn_test,P1,risk_0.20,0.2,0.278703178,True,,0.602194532267,0.731030228254,0.203833567087,0.0626801306548,0.532484076433,436,0.0193420294187,0.0359514100895,0.00738669114665,0.064308681672,0.0536105032823,,0.0340740740741,0.0331930808789,0.749116607774,0.58101694752,0.623701073476,0.705618942572,0.753530127815,0.181412195921,0.227356609094,0.0261055871212,0.0398218889592,
pm_turn_test,P1,risk_0.30,0.3,0.3744039867,True,,0.309280267807,0.404688463911,0.259827679052,0.0749964911186,0.23423566879,965,0.0245309795237,0.041779080829,0.00868643076587,0.0770925110132,0.074232690935,,0.0535254760679,0.0385029617663,0.494699646643,0.293186755062,0.327463923381,0.376365995116,0.433648646448,0.239222527211,0.285141533089,0.0315165074819,0.0482629668894,
pm_turn_test,P1,riskcp_0.10,0.1,-inf,False,,1,1,,,1,0,,,,,,,,,1,1,1,1,1,,,,,
pm_turn_test,P1,riskcp_0.20,0.2,0.2220934634,True,,0.794681048912,0.893275755706,0.156702898551,0.0511250461084,0.779299363057,173,0.0156399852453,0.0296938399115,0.00579122095168,0.0674157303371,0.04,,0.0272479564033,0.0307971014493,0.879858657244,0.775033145471,0.814730990701,0.875652894255,0.909402051318,0.133468983747,0.185519124516,0.0217183425094,0.0403214651444,
pm_turn_test,P1,riskcp_0.30,0.3,0.320275504,True,,0.45266877441,0.56755089451,0.238192320761,0.0697512610889,0.361464968153,701,0.0216907288224,0.0400591407201,0.00800139154636,0.0647668393782,0.0687606112054,,0.0418385385975,0.037037037037,0.614840989399,0.432570890926,0.477370496475,0.536990957473,0.599528499114,0.215595280955,0.264123096201,0.0296063713723,0.0464230773575,
pm_turn_test,P2,budget_0.01,0.01,0.512934391887,True,,0.00706713780919,0.00863664404688,0.300992695261,0.089189111418,0.012898089172,1607,0.0329621316759,0.0446736878453,0.0115532918969,0.1,0.118539325843,,0.0702676864245,0.0526315789474,0.00706713780919,0.00518444196678,0.00968283407943,0.00445775322699,0.0139325499389,0.279532568654,0.324822556867,0.0447761004753,0.0612026597043,
pm_turn_test,P2,budget_0.05,0.05,0.19259159146,True,,0.0269667100614,0.0333127698951,0.299503058104,0.0890993399489,0.0606687898089,1567,0.0331082816016,0.0443004516139,0.0116906067334,0.10147601476,0.119131455399,,0.0706059088633,0.0516055045872,0.0459363957597,0.0214007797891,0.0329112516298,0.0237163951015,0.0440326701049,0.278511515261,0.322116862497,0.0436650476587,0.0604409657989,
pm_turn_test,P2,budget_0.10,0.1,0.0006024863563,True,,0.0459363957597,0.062924120913,0.296101364522,0.0887783756648,0.0988853503185,1519,0.0330389219208,0.0440989598858,0.0116404938581,0.101313320826,0.11620795107,,0.0694801852805,0.0495126705653,0.102473498233,0.0388391621325,0.0528507405368,0.0489338315936,0.074823667743,0.276243719534,0.318797274893,0.0415353788736,0.0587901939655,
pm_turn_test,P2,budget_0.20,0.2,0.0004959393099,True,,0.122001115864,0.182603331277,0.280660876933,0.0840818402938,0.157802547771,1325,0.0302052366342,0.0435591307251,0.0103174729345,0.0968992248062,0.0994798439532,,0.0652511651994,0.0438466426605,0.268551236749,0.111214010877,0.136378317814,0.165271141622,0.200649510326,0.259937782652,0.304200874583,0.0363901469792,0.052282088055,
pm_turn_test,P2,budget_0.30,0.3,0.0004378321797,True,,0.206806769574,0.278223318939,0.274325908558,0.0807092681819,0.207802547771,1170,0.0278223909411,0.0431530961535,0.00973378108726,0.0871369294606,0.0889042039972,,0.0640419947507,0.041266119578,0.378091872792,0.190627695532,0.224060922363,0.260958650835,0.299977449049,0.253165918283,0.300604150235,0.0339108909145,0.0504602798484,
pm_turn_test,P2,risk_0.10,0.1,0.000195478109,True,,0.887855681607,0.950647748304,0.132669983416,0.0472409152086,0.88821656051,80,0.0131897711978,0.028532974428,0.00551816958277,0.0612244897959,0.0464285714286,,0.0248756218905,0.0298507462687,0.936395759717,0.867232899295,0.906972044732,0.936367298848,0.963079629901,0.109324103167,0.165888330581,0.0190251490796,0.0415979314048,
pm_turn_test,P2,risk_0.20,0.2,0.0002890447874,True,,0.592337734796,0.720542874769,0.206660583942,0.0632475167241,0.552866242038,453,0.019640966732,0.0361961393788,0.00741041061333,0.0627062706271,0.0549065420561,,0.0348297213622,0.0301094890511,0.766784452297,0.569411511512,0.615684956543,0.693317306632,0.744842145724,0.184047188939,0.233443949013,0.0238086746824,0.036592856762,
pm_turn_test,P2,risk_0.30,0.3,0.0003974052934,True,,0.286591035894,0.371375694016,0.265641293014,0.0770854978718,0.267515923567,1019,0.0257733686363,0.0420953849248,0.00921674431076,0.079006772009,0.0807778608826,,0.0547645125958,0.0377997914494,0.487632508834,0.269572012294,0.305462426053,0.346794740697,0.399467270875,0.243924214995,0.2902154134,0.030941391925,0.0463041970906,
pm_turn_test,P2,riskcp_0.10,0.1,-inf,False,,1,1,,,1,0,,,,,,,,,1,1,1,1,1,,,,,
pm_turn_test,P2,riskcp_0.20,0.2,0.0001347330955,True,,0.979728473126,0.993830968538,0.0917431192661,0.0415603353992,0.981847133758,10,0.0105723660226,0.0247903755013,0.00619759387532,0.125,0.0363636363636,,0.012987012987,0.0366972477064,0.985865724382,0.971748216199,0.986764673391,0.989577792553,0.9974822292,0.0373576890399,0.146651371895,0.00718330740813,0.0824765913175,
pm_turn_test,P2,riskcp_0.30,0.3,0.0003541412737,True,,0.391854193788,0.492288710672,0.251681957187,0.0730656219393,0.346656050955,823,0.0234885584543,0.0409580625056,0.00861900097943,0.0693069306931,0.0743871513102,,0.0496785505552,0.0354740061162,0.590106007067,0.372147805895,0.411642461303,0.465666783455,0.524092458607,0.230732899023,0.275834250351,0.0289409949316,0.0435580818439,
pm_turn_test,P2,whisper_rule,,1,True,,0.00167379579691,0.00308451573103,0.301043219076,0.0892989561348,0.00286624203822,1616,0.0329986880383,0.0446209571616,0.0116793109349,0.0996441281139,0.117483296214,,0.070042593469,0.0525335320417,0.00353356890459,0.000773402169564,0.00284875347483,0.000660338636278,0.00599725132862,0.279430637533,0.325787753691,0.044601292713,0.0614522157612,
pm_turn_test,P2-rawCR,budget_0.01,0.01,0.67475124375,True,,0.00483541007997,0.00308451573103,0.301999626238,0.090284249767,0.0127388535032,1616,0.0331721808015,0.04536055452,0.0117515144455,0.101083032491,0.119235095613,,0.0713941148095,0.0525135488694,0.00706713780919,0.00303382926033,0.0065733836362,0.000642570923907,0.00567190541812,0.28127794955,0.32554313828,0.0449345378252,0.0614805545865,
pm_turn_test,P2-rawCR,budget_0.05,0.05,0.637755102083,True,,0.0135763436861,0.00678593460827,0.303544494721,0.0914038473135,0.0345541401274,1610,0.0334378580474,0.0459958994151,0.0119700898511,0.101289134438,0.121598147076,,0.0720675944334,0.052036199095,0.0247349823322,0.0107010121614,0.0173294503374,0.00295750777846,0.01104314522,0.282360141566,0.326414488042,0.0440797517345,0.0612481791129,
pm_turn_test,P2-rawCR,budget_0.10,0.1,0.618530020833,True,,0.0254788915752,0.0197409006786,0.303244274809,0.0921377660997,0.0675159235669,1589,0.0339380398697,0.0459272778766,0.0122724483534,0.103969754253,0.120977353993,,0.0737113402062,0.0513358778626,0.0494699646643,0.0209248471008,0.0307714984583,0.0127098984696,0.0283932214666,0.280650628224,0.326036562461,0.0431894347646,0.0604467827214,
pm_turn_test,P2-rawCR,budget_0.20,0.2,0.592369477917,True,,0.0503998512182,0.0431832202344,0.303760282021,0.0931924238265,0.135031847134,1551,0.0343981608564,0.046321712874,0.0124725500961,0.105263157895,0.126733921816,,0.0740537575425,0.0509204857031,0.0812720848057,0.043566333893,0.0599191099349,0.0320873820475,0.0576874951905,0.28180832399,0.325596365228,0.0432134504867,0.059274374011,
pm_turn_test,P2-rawCR,budget_0.30,0.3,0.562106918333,True,,0.082573925981,0.0715607649599,0.305088181634,0.0943562272814,0.214649681529,1505,0.0351253108858,0.0466041706524,0.0126267457433,0.105726872247,0.130551816958,,0.0766400980993,0.0510845327387,0.109540636042,0.0704870261813,0.0971594302407,0.0540875983501,0.092494408634,0.284630280697,0.326678304074,0.0432547804399,0.0598012346413,
pm_turn_test,P2-rawCR,risk_0.10,0.1,-inf,False,,1,1,,,1,0,,,,,,,,,1,1,1,1,1,,,,,
pm_turn_test,P2-rawCR,risk_0.20,0.2,-inf,False,,1,1,,,1,0,,,,,,,,,1,1,1,1,1,,,,,
pm_turn_test,P2-rawCR,risk_0.30,0.3,-inf,False,,1,1,,,1,0,,,,,,,,,1,1,1,1,1,,,,,
pm_turn_test,P2-rawCR,riskcp_0.10,0.1,-inf,False,,1,1,,,1,0,,,,,,,,,1,1,1,1,1,,,,,
pm_turn_test,P2-rawCR,riskcp_0.20,0.2,-inf,False,,1,1,,,1,0,,,,,,,,,1,1,1,1,1,,,,,
pm_turn_test,P2-rawCR,riskcp_0.30,0.3,-inf,False,,1,1,,,1,0,,,,,,,,,1,1,1,1,1,,,,,
pm_turn_test,P2-rawCR,whisper_rule,,1,True,,0,0,0.301469220755,0.089442126102,0,1621,0.0329995869711,0.0447637901813,0.0116787489496,0.0996441281139,0.117581808098,,0.0709219858156,0.0526315789474,0,0,0,0,0,0.28066290816,0.325410250172,0.0447284704038,0.0613737995726,
pm_turn_test,P3,budget_0.01,0.01,0.962295545324,True,,0.00650920587688,0.0166563849476,0.298390116061,0.0888369374635,0.00764331210191,1594,0.0326581231914,0.0445752733389,0.0116035409331,0.0980392156863,0.112541993281,,0.0704824976348,0.0507300636466,0.0424028268551,0.0046034854713,0.00889920529685,0.0109622019035,0.0234443098823,0.277931003952,0.322494423575,0.0430424193945,0.0597909265021,0.34187790972
pm_turn_test,P3,budget_0.05,0.05,0.863718682561,True,,0.0334759159383,0.0789636027144,0.287281123725,0.0858673637944,0.0480891719745,1493,0.0307387351154,0.0440971573852,0.0110314712938,0.086876155268,0.103567318757,,0.0649474689589,0.0457956513373,0.159010600707,0.028304261986,0.0399651363493,0.0640078818703,0.0983781283725,0.266251224499,0.311194290101,0.0380989638169,0.0551448665644,0.326006672669
pm_turn_test,P3,budget_0.10,0.1,0.763977861825,True,,0.072159196578,0.158544108575,0.273401483263,0.0821969807574,0.103503184713,1364,0.0287762431746,0.0430694659386,0.0103512716442,0.0812854442344,0.0949253731343,,0.0627737226277,0.0420926037282,0.257950530035,0.0637536738707,0.0824642952709,0.14070993557,0.185368009676,0.252188903353,0.296607548503,0.035412345131,0.0499535347447,0.305684246058
pm_turn_test,P3,budget_0.20,0.2,0.646217790052,True,,0.133903663753,0.257865515114,0.258320807387,0.0777791236411,0.182006369427,1203,0.025981891409,0.042107016322,0.00969021591012,0.0825147347741,0.0861850443599,,0.0592705167173,0.0392956839167,0.353356890459,0.121512312651,0.14874032777,0.235246788791,0.285720281397,0.236053716547,0.281198659072,0.0324170321056,0.0465666670341,0.277276545592
pm_turn_test,P3,budget_0.30,0.3,0.54416895558,True,,0.209782406546,0.375077112893,0.238409037421,0.0718713488251,0.29474522293,1013,0.0231403349344,0.0399844216539,0.00874659223679,0.0728476821192,0.0759581881533,,0.0514223194748,0.0355377735938,0.466431095406,0.19463458184,0.230195735191,0.347459448514,0.401673207977,0.214844877019,0.260138351552,0.0295104664692,0.0439232081805,0.246834448529
pm_turn_test,P3,risk_0.10,0.1,0.178295897782,True,,0.694253301097,0.881554595928,0.116788321168,0.0391302543674,0.849840764331,192,0.0124071538238,0.0214116768331,0.00531142371053,0.0434782608696,0.0320512820513,,0.0311572700297,0.0133819951338,0.922261484099,0.662941644818,0.724131067297,0.863961816703,0.898834125211,0.101010138742,0.137539471313,0.00766619566399,0.0180789458955,0.111838853239
pm_turn_test,P3,risk_0.20,0.2,0.386028364987,True,,0.366375302213,0.579888957434,0.199882594658,0.060419041629,0.51050955414,681,0.0192617634341,0.0339439443374,0.00721333385746,0.0666666666667,0.0597920277296,,0.0419161676647,0.0272967420018,0.671378091873,0.343652531634,0.393233215987,0.550879554355,0.610649304006,0.179546820835,0.218434864836,0.0221462401285,0.0330549648669,0.194558682085
pm_turn_test,P3,risk_0.30,0.3,0.592597206394,True,,0.173144876325,0.323257248612,0.246738641475,0.0745926959685,0.242515923567,1097,0.024383359729,0.0410988976526,0.00911043858686,0.0741525423729,0.0818363273453,,0.0561385099685,0.0373369320738,0.413427561837,0.159779575103,0.191882898291,0.297525939062,0.355377898059,0.222860976099,0.268554333035,0.0306047639369,0.0449926884049,0.261097832458
pm_turn_test,P3,riskcp_0.10,0.1,0.0975946777783,True,,0.883392226148,0.966070326959,0.0877192982456,0.0283347340617,0.962420382166,55,0.00936486973226,0.015247928923,0.00372193540641,0.0769230769231,0.0310559006211,,0.0227272727273,0.0111642743222,0.975265017668,0.864243396444,0.901957622617,0.956256272009,0.973684598292,0.0666467065868,0.112866242038,0.00171310617094,0.021060296372,0.0703682193723
pm_turn_test,P3,riskcp_0.20,0.2,0.307483207014,True,,0.468290868514,0.693399136336,0.173837005946,0.0541485123139,0.629936305732,497,0.0170320836925,0.0307556094038,0.0063608192176,0.0620437956204,0.0498938428875,,0.0370656370656,0.0227352221056,0.770318021201,0.440910694299,0.499917940844,0.66963044106,0.72235729741,0.152540539933,0.193849419402,0.0164335774957,0.0287781481577,0.165725449168
pm_turn_test,P3,riskcp_0.30,0.3,0.522892510296,True,,0.225032546029,0.397285626157,0.234461243101,0.0705218152104,0.31974522293,977,0.0227148917906,0.039189791505,0.00861713191475,0.0719101123596,0.0749646393211,,0.0489432703003,0.0352771778258,0.480565371025,0.208840660866,0.244210044474,0.36681756657,0.426661000048,0.211141358915,0.254123284901,0.0290746225495,0.043217055987,0.241208632149
pm_turn_test,P3,plugin_0.10,0.1,0.153607035723,True,,0.748930630463,0.911782850093,0.105925925926,0.0359753252812,0.88949044586,143,0.0120263335234,0.019283603753,0.00466538800477,0.06,0.0315789473684,,0.0286259541985,0.0118518518519,0.943462897527,0.712418635645,0.786741976671,0.894502740105,0.929798381995,0.0889198963167,0.124483257706,0.00621285818951,0.0181206369127,0.0999887374302
pm_turn_test,P3,plugin_0.20,0.2,0.400747358719,True,,0.34870745769,0.560764959901,0.203312392918,0.061422186415,0.490127388535,712,0.0197770999981,0.0342022980568,0.00744278836009,0.0698324022346,0.0615514333895,,0.0434219053791,0.0282695602513,0.650176678445,0.308635418445,0.393174123669,0.526487461907,0.609232128911,0.182661886676,0.218988819615,0.0228511412732,0.0339725406412,0.199974159511
pm_turn_test,P3,plugin_0.30,0.3,0.743923150499,True,,0.0838757671564,0.181369524985,0.269386926512,0.0813336664071,0.118630573248,1327,0.028286776483,0.0428636503901,0.0101832395339,0.0815939278937,0.0921131848284,,0.0618860510806,0.0412099066179,0.282685512367,0.0562147371321,0.118915267366,0.131862567812,0.226857462578,0.252601606916,0.287773440112,0.0349690724172,0.0487560031713,0.299949090336
pm_turn_test,P3-conf,budget_0.01,0.01,0.960353872137,True,,0.00948484284917,0.0259099321407,0.296470146451,0.0884290685072,0.0125796178344,1579,0.0324282699219,0.0445353944441,0.0114654041412,0.0964285714286,0.109735509285,,0.0691615348176,0.0493803980473,0.0706713780919,0.00654999568001,0.0126159484496,0.0175512747504,0.0346942219765,0.275920014064,0.320432878269,0.0415999929251,0.0586115821964,0.394205168173
pm_turn_test,P3-conf,budget_0.05,0.05,0.860540159006,True,,0.0490980100428,0.114743985194,0.280657148445,0.084396764286,0.0679936305732,1435,0.0297472278698,0.0440224365907,0.0106270998255,0.090405904059,0.0986573263281,,0.0646861523718,0.0445922159202,0.194346289753,0.0432238639571,0.0570456972045,0.0981384400076,0.135984125776,0.260086858369,0.304015907182,0.0375358462499,0.0541771837155,0.372690956662
pm_turn_test,P3-conf,budget_0.10,0.1,0.761930731343,True,,0.103589362098,0.212214682295,0.264937759336,0.0800933930339,0.136942675159,1277,0.0271460448346,0.0430317270323,0.00991562116712,0.0815939278937,0.0900183710961,,0.0620689655172,0.0404564315353,0.310954063604,0.0944734966178,0.114656881698,0.192394047731,0.237465983189,0.243815666481,0.288368948913,0.0332825079953,0.0485906196037,0.34605787279
pm_turn_test,P3-conf,budget_0.20,0.2,0.643048559145,True,,0.18169983262,0.328809376928,0.247272727273,0.0751694200681,0.233439490446,1088,0.023999875082,0.0421598326098,0.00900971237625,0.0770833333333,0.078313253012,,0.0549738219895,0.0370454545455,0.424028268551,0.169886393754,0.198882025725,0.302313295626,0.362657556414,0.222714282364,0.27383309653,0.0305898302791,0.0453755213766,0.312197470221
pm_turn_test,P3-conf,budget_0.30,0.3,0.543815608771,True,,0.275432397248,0.465761875386,0.22227926078,0.0684322575151,0.360191082803,866,0.0208805245678,0.0395639955718,0.00798773737546,0.0719257540603,0.0703812316716,,0.0450656018254,0.0338809034908,0.533568904594,0.258325788076,0.294105037832,0.431679893775,0.494433668122,0.199849329716,0.242339913685,0.0279631117539,0.0415720559517,0.27600484121
pm_turn_test,P3-conf,risk_0.10,0.1,0.167244819242,True,,0.81606843965,0.944478716841,0.0910010111223,0.0340774786605,0.917356687898,90,0.0101116217991,0.02028890348,0.00367695338148,0.0547945205479,0.0325732899023,,0.0254041570439,0.0131445904954,0.95406360424,0.793197377261,0.843050817747,0.930225830666,0.95722827673,0.0725597075442,0.111303967001,0.00620605077127,0.0192346066135,0.121155123185
pm_turn_test,P3-conf,risk_0.20,0.2,0.364543567529,True,,0.472568346662,0.696483652067,0.173483779972,0.0547723332421,0.617675159236,492,0.0164932931837,0.0320740943517,0.00620494570673,0.0688405797101,0.0462487153135,,0.0337331334333,0.0232722143865,0.766784452297,0.45109127789,0.500111250284,0.670490497113,0.723945246027,0.152878014158,0.195045164133,0.0177496114996,0.0292515225878,0.210670034267
pm_turn_test,P3-conf,risk_0.30,0.3,0.577652558436,True,,0.242514413242,0.413325107958,0.233488828873,0.0713347346295,0.308280254777,951,0.021971886495,0.0410043352601,0.00835851287441,0.0704845814978,0.0715297450425,,0.0496414782129,0.0343726982568,0.505300353357,0.226273672156,0.261453267219,0.383893874332,0.444096998518,0.21074092859,0.257421200978,0.0281539732511,0.0418505340995,0.288363428479
pm_turn_test,P3-conf,riskcp_0.10,0.1,0.090875355338,True,,0.966524084062,0.990129549661,0.0888888888889,0.0282439623414,0.989012738854,16,0.00777732296357,0.0176013098649,0.00286532951289,0.2,0.0555555555556,,0.027397260274,0.0222222222222,0.985865724382,0.955405486773,0.976911143854,0.982658748499,0.995507639469,0.0460672392124,0.146506711289,0,0.0530558968059,0.0775772409117
pm_turn_test,P3-conf,riskcp_0.20,0.2,0.260432733221,True,,0.635484470895,0.830351634793,0.140306122449,0.0462914769031,0.773407643312,275,0.0138256343526,0.0271958360442,0.00527000650618,0.0534759358289,0.0425867507886,,0.0309392265193,0.0188775510204,0.86925795053,0.611653081642,0.668782015042,0.809370382059,0.850439041283,0.122092089537,0.163114996371,0.0120766409153,0.0256237664578,0.166572231188
pm_turn_test,P3-conf,riskcp_0.30,0.3,0.510891358905,True,,0.309466245118,0.505243676743,0.215997845408,0.0667307110708,0.402707006369,802,0.0203874686449,0.0386757040437,0.00766753838217,0.0712530712531,0.068992248062,,0.0445103857567,0.0323188796122,0.575971731449,0.291721367397,0.330685602372,0.471522645959,0.534758926131,0.192151214859,0.236302108597,0.0265230542101,0.0388690903198,0.263573533773
pm_turn_test,P3-conf,plugin_0.10,0.1,0.129511507496,True,,0.897526501767,0.973473164713,0.0780399274047,0.0293279506056,0.960668789809,43,0.00831156494894,0.01674186654,0.0042745191166,0.0882352941176,0.0276243093923,,0.0294117647059,0.016333938294,0.968197879859,0.87507997769,0.922176987346,0.96247706414,0.983892011886,0.0571697018615,0.10509645145,0.0068714054011,0.0249445775544,0.0999949475254
pm_turn_test,P3-conf,plugin_0.20,0.2,0.33277588239,True,,0.510507718058,0.729179518816,0.16679331307,0.0532654006484,0.652070063694,439,0.0158942980425,0.0315691962653,0.00580190634065,0.0656370656371,0.0456062291435,,0.0325732899023,0.0227963525836,0.787985865724,0.4702091432,0.558581992773,0.701670217401,0.764674857491,0.149414170532,0.184580694176,0.0170794088608,0.0280733595021,0.199980532823
pm_turn_test,P3-conf,plugin_0.30,0.3,0.607754880462,True,,0.212572066208,0.372609500308,0.240198393954,0.0728427045353,0.274681528662,1017,0.0231081686177,0.0411309409582,0.00860359495938,0.0726495726496,0.0761316872428,,0.0536193029491,0.0361360415683,0.459363957597,0.181851517286,0.254814069636,0.338375590057,0.417230891088,0.219310010479,0.258295618035,0.0296161441619,0.0422893561622,0.299939327632
pm_turn_test,P1-retuned,budget_0.01,0.01,0.6104286837,True,,0.00688116049842,0.0160394818014,0.298689138577,0.088645858583,0.0100318471338,1595,0.0326094705773,0.0445296793236,0.0115067086821,0.0996441281139,0.112975391499,,0.0696022727273,0.0511235955056,0.0353356890459,0.00448000201292,0.00915154161501,0.0102720388987,0.0214905264592,0.278908920333,0.32280926029,0.0436015897542,0.0597627079306,
pm_turn_test,P1-retuned,budget_0.05,0.05,0.5280023395,True,,0.048912032732,0.0974706971006,0.286077434494,0.0855880412016,0.05,1463,0.0306860241586,0.0441425415316,0.0107594755114,0.0958408679928,0.100752750434,,0.0669833729216,0.0461478294877,0.166077738516,0.0427759408856,0.0578151026613,0.085954106081,0.109646148146,0.265296077035,0.30931471527,0.0390538830947,0.0556446186999,
pm_turn_test,P1-retuned,budget_0.10,0.1,0.4906446513,True,,0.092988655384,0.15114127082,0.282140660242,0.0837489699441,0.0775477707006,1376,0.0295354989808,0.0440502522734,0.0101632186899,0.0924214417745,0.0948121645796,,0.0654250238777,0.0446996104162,0.229681978799,0.0843758819163,0.104484430842,0.13710850694,0.171422733606,0.261636304282,0.305615830739,0.0366312806575,0.0543567327695,
pm_turn_test,P1-retuned,budget_0.20,0.2,0.4335459846,True,,0.178352241027,0.244910549044,0.277048438207,0.0807987032125,0.126910828025,1224,0.0275567344533,0.0436486884763,0.00959328028294,0.0867850098619,0.0848522941546,,0.0637989366844,0.0425531914894,0.335689045936,0.164121418454,0.194138548685,0.226114094265,0.271343055617,0.254216801026,0.303387093642,0.0349151092017,0.0521778638817,
pm_turn_test,P1-retuned,budget_0.30,0.3,0.3858401238,True,,0.280639761949,0.37075879087,0.263702171665,0.076189743984,0.210987261146,1020,0.0252018144076,0.0421157838087,0.00887214576766,0.0757575757576,0.0751043115438,,0.0554143365531,0.0382626680455,0.47703180212,0.265248112971,0.299696428748,0.345851100347,0.399630189982,0.242163611206,0.289526088732,0.0312036400437,0.0474659975306,
pm_turn_test,P1-retuned,risk_0.10,0.1,0.2308505166,True,,0.769760089269,0.872917951882,0.166397415186,0.0528191294502,0.747452229299,206,0.0162520398308,0.0305058780431,0.00606121157625,0.0695187165775,0.044404973357,,0.0291616038882,0.032310177706,0.858657243816,0.750100492914,0.790731517386,0.853502104417,0.893020428304,0.145736411723,0.192550631883,0.0231771155261,0.0423707842237,
pm_turn_test,P1-retuned,risk_0.20,0.2,0.4011207652,True,,0.243444299795,0.323257248612,0.269665683382,0.0775881614946,0.182643312102,1097,0.0258778360567,0.0425805281376,0.00912979730036,0.077731092437,0.0796519410977,,0.0565282641321,0.0400688298918,0.424028268551,0.228951654957,0.261143484134,0.299399571406,0.351799657394,0.248183922687,0.294574075056,0.0334312766264,0.0481794377173,
pm_turn_test,P1-retuned,risk_0.30,0.3,0.7420929356,True,,0,0,0.301469220755,0.089442126102,0,1621,0.0329995869711,0.0447637901813,0.0116787489496,0.0996441281139,0.117581808098,,0.0709219858156,0.0526315789474,0,0,0,0,0,0.28066290816,0.325410250172,0.0447284704038,0.0613737995726,
pm_turn_test,P1-retuned,riskcp_0.10,0.1,-inf,False,,1,1,,,1,0,,,,,,,,,1,1,1,1,1,,,,,
pm_turn_test,P1-retuned,riskcp_0.20,0.2,0.3369716225,True,,0.402268923191,0.514497223936,0.24486621033,0.0713178552976,0.318630573248,787,0.0224837080618,0.040567342789,0.00826680444674,0.0665024630542,0.0727272727273,,0.0445321307779,0.0379589296826,0.56890459364,0.382565860789,0.423085765297,0.485937596255,0.54947274907,0.222657649311,0.268914167919,0.0304551213946,0.0480151292371,
pm_turn_test,P1-retuned,riskcp_0.30,0.3,0.7420929356,True,,0,0,0.301469220755,0.089442126102,0,1621,0.0329995869711,0.0447637901813,0.0116787489496,0.0996441281139,0.117581808098,,0.0709219858156,0.0526315789474,0,0,0,0,0,0.28066290816,0.325410250172,0.0447284704038,0.0613737995726,
pm_turn_test,P2-retuned,budget_0.01,0.01,0.303202399565,True,,0.0159940487261,0.020974706971,0.299943299943,0.0890079248606,0.0342356687898,1587,0.0328734957441,0.0445406515996,0.0115937775169,0.100900900901,0.117916428163,,0.0704156479218,0.0521640521641,0.0247349823322,0.0119269054117,0.0215609125559,0.0129997097523,0.0305675622088,0.278550395441,0.322384652553,0.0442929194631,0.0608359955193,
pm_turn_test,P2-retuned,budget_0.05,0.05,0.0005679810091,True,,0.0600706713781,0.0943861813695,0.290462999604,0.0875772393516,0.113057324841,1468,0.0323108127231,0.0438672347919,0.0113991918366,0.101694915254,0.109733415995,,0.0685213807316,0.0474871388999,0.151943462898,0.0525220590293,0.0688728014649,0.0783429883159,0.110012518423,0.269588016715,0.314970584569,0.0400560437474,0.0566943435147,
pm_turn_test,P2-retuned,budget_0.10,0.1,0.0005105402881,True,,0.103403384787,0.162245527452,0.281684297864,0.084667648596,0.14872611465,1358,0.0305665098747,0.0435691547489,0.0105319839724,0.0959692898273,0.101412066752,,0.0662183135023,0.0439742791952,0.250883392226,0.09408994763,0.114308638871,0.144692366496,0.178788500976,0.258510463826,0.305152229738,0.0363687152744,0.0524325365804,
pm_turn_test,P2-retuned,budget_0.20,0.2,0.0004455861043,True,,0.194346289753,0.265268352869,0.274930747922,0.0811575001616,0.200159235669,1191,0.0280488593033,0.0433173915853,0.00979124927293,0.0864197530864,0.0907230559345,,0.0649554740702,0.0413204062789,0.367491166078,0.178558089233,0.21013423298,0.246264109457,0.288157304117,0.253465525389,0.300403477098,0.0335745796409,0.0508712569868,
pm_turn_test,P2-retuned,budget_0.30,0.3,0.000399698744,True,,0.282313557746,0.364589759408,0.266908525525,0.077210002509,0.264968152866,1030,0.0259262356778,0.0420339550054,0.00924981182571,0.0782997762864,0.0817843866171,,0.0561920349154,0.0383519046385,0.47703180212,0.26564375164,0.302008432715,0.340555824511,0.390591649754,0.245903661867,0.291914732815,0.0319386066712,0.0464569213068,
pm_turn_test,P2-retuned,risk_0.10,0.1,0.0002360968223,True,,0.775339408592,0.880937692782,0.159768211921,0.0514945357169,0.773407643312,193,0.0162481001665,0.0291669682275,0.00607946732286,0.0648648648649,0.0454545454545,,0.0260416666667,0.0289735099338,0.876325088339,0.753247564311,0.796179342162,0.861757840845,0.897760757563,0.138694403889,0.182097358361,0.0202829483696,0.0381126275281,
pm_turn_test,P2-retuned,risk_0.20,0.2,0.0004225992715,True,,0.232843593082,0.306600863664,0.272484848485,0.0798487180327,0.223407643312,1124,0.0272111071089,0.0430760666688,0.00956154425489,0.0845665961945,0.0866807610994,,0.0609756097561,0.0409696969697,0.402826855124,0.216019460562,0.250784088314,0.287089677625,0.33319548071,0.251426789095,0.299680067354,0.0337058138923,0.0494703600086,
pm_turn_test,P2-retuned,risk_0.30,0.3,2.50033742472,True,,0,0,0.301469220755,0.089442126102,0,1621,0.0329995869711,0.0447637901813,0.0116787489496,0.0996441281139,0.117581808098,,0.0709219858156,0.0526315789474,0,0,0,0,0,0.28066290816,0.325410250172,0.0447284704038,0.0613737995726,
pm_turn_test,P2-retuned,riskcp_0.10,0.1,0.0001624048325,True,,0.949786126093,0.983960518199,0.0962962962963,0.0397165214824,0.957165605096,26,0.0116639598405,0.0233279196811,0.00472464196073,0.0681818181818,0.0245901639344,,0.0265957446809,0.0259259259259,0.975265017668,0.934634268642,0.963218662889,0.974393295242,0.991229179936,0.0592300599355,0.137318097015,0.00777342224408,0.0501905539676,
pm_turn_test,P2-retuned,riskcp_0.20,0.2,0.0003490564751,True,,0.404872605542,0.508328192474,0.2490625,0.0722813462266,0.360828025478,797,0.0233194677039,0.0403363765689,0.00862550195379,0.0680100755668,0.073883161512,,0.0486935866983,0.0353125,0.600706713781,0.384646037402,0.425804769955,0.482991773657,0.535514590019,0.227558870148,0.272351296246,0.0284527871271,0.0431033364845,
pm_turn_test,P2-retuned,riskcp_0.30,0.3,2.50033742472,True,,0,0,0.301469220755,0.089442126102,0,1621,0.0329995869711,0.0447637901813,0.0116787489496,0.0996441281139,0.117581808098,,0.0709219858156,0.0526315789474,0,0,0,0,0,0.28066290816,0.325410250172,0.0447284704038,0.0613737995726,
pm_turn_test,P2-retuned,whisper_rule,,1,True,,0.00167379579691,0.00308451573103,0.301043219076,0.0892989561348,0.00286624203822,1616,0.0329986880383,0.0446209571616,0.0116793109349,0.0996441281139,0.117483296214,,0.070042593469,0.0525335320417,0.00353356890459,0.000773402169564,0.00284875347483,0.000660338636278,0.00599725132862,0.279430637533,0.325787753691,0.044601292713,0.0614522157612,
pm_turn_test,P4,budget_0.01,0.01,0.771303310015,True,P3 score with thresholds re-tuned on PriMock57 recalibration,0.00855495629533,0.0222085132634,0.29731757644,0.0886341275613,0.0101910828025,1585,0.0325391053885,0.0445879853417,0.0115070368311,0.0980392156863,0.111173498035,,0.0696022727273,0.0502719939974,0.0530035335689,0.00592450036878,0.0119464949107,0.014730048923,0.0306968269782,0.277119395846,0.321132750344,0.0428874486801,0.05924566833,0.249857730279
pm_turn_test,P4,budget_0.05,0.05,0.591059684388,True,P3 score with thresholds re-tuned on PriMock57 recalibration,0.0390552352613,0.0919185687847,0.284884846139,0.0851568906729,0.0574840764331,1472,0.0303566547254,0.0439236335909,0.0108766023566,0.0855018587361,0.101910828025,,0.0645315487572,0.0450938649119,0.17667844523,0.033793498317,0.0456384983513,0.076172235023,0.11295825844,0.263401125472,0.308429133131,0.0375063229129,0.0547947140314,0.236646391597
pm_turn_test,P4,budget_0.10,0.1,0.475829980126,True,P3 score with thresholds re-tuned on PriMock57 recalibration,0.0931746326948,0.193707587909,0.268047579984,0.0806267848423,0.132324840764,1307,0.0277880532086,0.042762233106,0.0100764985277,0.0833333333333,0.0924012158055,,0.0617588932806,0.0414273995078,0.286219081272,0.0826484965961,0.104606631365,0.171688186682,0.217686621557,0.245513443802,0.291791374895,0.0348512529343,0.0491438293912,0.21928937686
pm_turn_test,P4,budget_0.20,0.2,0.352242168259,True,P3 score with thresholds re-tuned on PriMock57 recalibration,0.212944020829,0.378161628624,0.238185255198,0.0717994628469,0.297611464968,1008,0.0230161959795,0.0400260437861,0.00875722308131,0.0728476821192,0.0761705101328,,0.0515350877193,0.0356805293006,0.466431095406,0.196728412897,0.234054515616,0.349942488461,0.405627024854,0.214701066316,0.259880019966,0.0296208943918,0.0440816497784,0.191033307478
pm_turn_test,P4,budget_0.30,0.3,0.289140991655,True,P3 score with thresholds re-tuned on PriMock57 recalibration,0.318393156035,0.529302899445,0.208185538881,0.0629237912736,0.456210191083,763,0.0201392983491,0.0351193985849,0.00766509433962,0.0687830687831,0.0635048231511,,0.0445820433437,0.0300136425648,0.611307420495,0.295430222106,0.342885945517,0.500670736914,0.55443756595,0.187956995283,0.227504967965,0.0238783020436,0.0376336540899,0.17127173921
pm_turn_test,P4,risk_0.10,0.1,0.178706180517,True,P3 score with thresholds re-tuned on PriMock57 recalibration,0.619676399479,0.822331893893,0.140831295844,0.0449070830414,0.785668789809,288,0.014179428152,0.0250225202682,0.00570513462116,0.0489130434783,0.0409165302782,,0.0306242638398,0.0180929095355,0.86925795053,0.591985403293,0.650597233291,0.799237261858,0.846416418938,0.123930996982,0.165390147593,0.0119226594814,0.0244613657433,0.125320656566
pm_turn_test,P4,risk_0.20,0.2,0.388323898905,True,P3 score with thresholds re-tuned on PriMock57 recalibration,0.168123488934,0.316471314004,0.247708473061,0.0749083534826,0.235350318471,1108,0.0246002651899,0.0410576398097,0.00925044848296,0.0751565762004,0.0815253122945,,0.0563674321503,0.037558685446,0.406360424028,0.1550324397,0.186474600181,0.290331806121,0.348631888607,0.224538741757,0.270568944158,0.0308373910885,0.0448762760763,0.200696483139
pm_turn_test,P4,risk_0.30,0.3,0.946165051579,True,P3 score with thresholds re-tuned on PriMock57 recalibration,0.000371954621536,0.00123380629241,0.301209302326,0.0893785519962,0.000796178343949,1619,0.0329881635734,0.044724884983,0.0116655034398,0.0996441281139,0.117157134925,,0.0709219858156,0.0524651162791,0.00353356890459,0,0.000922665222179,0,0.00307139937299,0.279869458571,0.325163288546,0.0445472101515,0.0613487673142,0.254562071954
pm_turn_test,P4,riskcp_0.10,0.1,-inf,False,P3 score with thresholds re-tuned on PriMock57 recalibration,1,1,,,1,0,,,,,,,,,1,1,1,1,1,,,,,
pm_turn_test,P4,riskcp_0.20,0.2,0.319592311465,True,P3 score with thresholds re-tuned on PriMock57 recalibration,0.262413985494,0.447254780999,0.225920322743,0.0674163125713,0.378503184713,896,0.0218675510416,0.0374304763879,0.00811828514181,0.0697115384615,0.0702016430172,,0.0482277745497,0.0330307614725,0.537102473498,0.242907069756,0.28346588547,0.415910536109,0.47895998558,0.203918920009,0.243732585669,0.0265727398661,0.0408049965894,0.181380273254
pm_turn_test,P4,riskcp_0.30,0.3,0.946165051579,True,P3 score with thresholds re-tuned on PriMock57 recalibration,0.000371954621536,0.00123380629241,0.301209302326,0.0893785519962,0.000796178343949,1619,0.0329881635734,0.044724884983,0.0116655034398,0.0996441281139,0.117157134925,,0.0709219858156,0.0524651162791,0.00353356890459,0,0.000922665222179,0,0.00307139937299,0.279869458571,0.325163288546,0.0445472101515,0.0613487673142,0.254562071954
pm_turn_test,P4,plugin_0.10,0.1,0.12949150903,True,,0.800446345546,0.939543491672,0.0913327120224,0.0325618409709,0.921815286624,98,0.0109423701837,0.0173751575038,0.00424431328337,0.0714285714286,0.0241379310345,,0.0271604938272,0.0111835973905,0.957597173145,0.766942882833,0.832802705767,0.924931067258,0.954293961575,0.0720722207552,0.115390037594,0.00540729767511,0.0177403928842,0.0999891022928
pm_turn_test,P4,plugin_0.20,0.2,0.38537319061,True,,0.171285103217,0.320172732881,0.247307001795,0.0747998248467,0.238375796178,1102,0.0245214562742,0.0410984611535,0.00917990741899,0.0733752620545,0.0819022457067,,0.0564853556485,0.0374775583483,0.409893992933,0.138977675836,0.211251039419,0.269334334328,0.375916105716,0.227326930279,0.264198375146,0.0313665419129,0.0445372441324,0.199986398912
pm_turn_test,P4,plugin_0.30,0.3,0.95037878639,True,,0,0,0.301469220755,0.089442126102,0,1621,0.0329995869711,0.0447637901813,0.0116787489496,0.0996441281139,0.117581808098,,0.0709219858156,0.0526315789474,0,0,0,0,0,0.28066290816,0.325410250172,0.0447284704038,0.0613737995726,0.254820255697
pm_turn_test,P4-refit,budget_0.01,0.01,0.85679038159,True,,0.0115305932676,0.0314620604565,0.295390404516,0.0873733615706,0.0277070063694,1570,0.031723999771,0.044459389846,0.0111899719535,0.0994575045208,0.112605042017,,0.0662851692895,0.050611476952,0.0494699646643,0.0091755718204,0.0150170217552,0.0245484938913,0.0399084962265,0.274464404076,0.318921337181,0.0427150772388,0.0592790318428,0.270083067288
pm_turn_test,P4-refit,budget_0.05,0.05,0.653171349177,True,,0.0652780360796,0.159777914867,0.270990847593,0.0810010123266,0.133598726115,1362,0.0280474007027,0.0429792175311,0.00997439409278,0.0863723608445,0.100238663484,,0.0609695152424,0.0437723836053,0.222614840989,0.0567292657305,0.0781124622698,0.138776531662,0.185515363152,0.248163841273,0.295034023056,0.0353516020093,0.0511375146787,0.243113702828
pm_turn_test,P4-refit,budget_0.10,0.1,0.534505729268,True,,0.121257206621,0.275755706354,0.248465608466,0.0754167852963,0.24076433121,1174,0.0252918287938,0.0409509348012,0.00917402170131,0.0733752620545,0.0882543802726,,0.0540254237288,0.037671957672,0.371024734982,0.107914441347,0.139270229604,0.24629402454,0.308781173609,0.225320478438,0.269382749587,0.0301054965077,0.0455356043267,0.221158621564
pm_turn_test,P4-refit,budget_0.20,0.2,0.384517661294,True,,0.240096708202,0.467612584824,0.211209006363,0.0654160475483,0.439171974522,863,0.0214524517088,0.0361627043091,0.00780089153046,0.0703125,0.0727699530516,,0.0442477876106,0.0308370044053,0.554770318021,0.219662954981,0.26335513456,0.437228567604,0.495061938569,0.192334321678,0.230274530494,0.0259052760764,0.0373264227717,0.185107241947
pm_turn_test,P4-refit,budget_0.30,0.3,0.293110580784,True,,0.36563139297,0.619987661937,0.1805922017,0.0582750582751,0.597929936306,616,0.019132682499,0.032149368783,0.00699300699301,0.0704697986577,0.0706575073602,,0.035046728972,0.0278510700674,0.664310954064,0.34123841465,0.394459206462,0.591705827068,0.65006428421,0.162967934212,0.200988529446,0.0220317077143,0.0345282452596,0.155121298468
pm_turn_test,P4-refit,risk_0.10,0.1,0.190719255541,True,,0.571136321369,0.818630475015,0.12749349523,0.0450447107714,0.806687898089,294,0.0149530629661,0.0248970353605,0.00519461244481,0.0722891566265,0.0427631578947,,0.0363164721141,0.0164787510841,0.865724381625,0.541322004393,0.602665586244,0.796281839804,0.842589006297,0.11068321903,0.147169341831,0.0110605746139,0.0225385546814,0.115249461714
pm_turn_test,P4-refit,risk_0.20,0.2,0.54943561125,True,,0.112330295704,0.256014805676,0.252671275927,0.0763795529154,0.221974522293,1206,0.0257777083008,0.0413162419884,0.00928560262623,0.0761316872428,0.0902688860435,,0.0541820094687,0.0389692017599,0.342756183746,0.0996257953321,0.12872832167,0.226463183535,0.290074760596,0.229589865431,0.274409401613,0.0318302203706,0.0463727606008,0.224381427851
pm_turn_test,P4-refit,risk_0.30,0.3,0.990317865245,True,,0.000185977310768,0.000616903146206,0.301339285714,0.089430431129,0.00015923566879,1620,0.033000526983,0.0447650653032,0.0116648388429,0.0996441281139,0.117647058824,,0.0709219858156,0.0526413690476,0,0,0.000583306553801,0,0.00201054089887,0.280399800832,0.325166761882,0.0447371427681,0.0613959437237,0.277443759383
pm_turn_test,P4-refit,riskcp_0.10,0.1,-inf,False,,1,1,,,1,0,,,,,,,,,1,1,1,1,1,,,,,
pm_turn_test,P4-refit,riskcp_0.20,0.2,0.459751655275,True,,0.170541193974,0.363355953115,0.231390134529,0.070284577517,0.336146496815,1032,0.0234000944096,0.0383539011397,0.00853058196777,0.0696629213483,0.0828690807799,,0.0515580736544,0.0345291479821,0.455830388693,0.151688028237,0.192925527753,0.332905728218,0.396329607907,0.208823406173,0.251234749236,0.0275722442905,0.0427870727675,0.204805402637
pm_turn_test,P4-refit,riskcp_0.30,0.3,0.990317865245,True,,0.000185977310768,0.000616903146206,0.301339285714,0.089430431129,0.00015923566879,1620,0.033000526983,0.0447650653032,0.0116648388429,0.0996441281139,0.117647058824,,0.0709219858156,0.0526413690476,0,0,0.000583306553801,0,0.00201054089887,0.280399800832,0.325166761882,0.0447371427681,0.0613959437237,0.277443759383
pm_turn_test,P4-refit,plugin_0.10,0.1,0.158512503433,True,,0.659103589362,0.870450339297,0.114566284779,0.0413917802864,0.865127388535,210,0.0142207887407,0.0223329912525,0.00483800029321,0.045045045045,0.0340425531915,,0.0334507042254,0.012547735952,0.918727915194,0.620400342661,0.695252568181,0.847801862629,0.891746990486,0.0980555796631,0.136207986235,0.00602855177159,0.0191246879442,0.0999877541613
pm_turn_test,P4-refit,plugin_0.20,0.2,0.438726639621,True,,0.1865352427,0.386798272671,0.227251943301,0.0687765022236,0.364649681529,994,0.0226497052436,0.0378529320509,0.00827386492916,0.0691244239631,0.0789096126255,,0.0500290866783,0.0338363054412,0.47703180212,0.152954454671,0.228867990123,0.344482790456,0.441618567047,0.209020381722,0.241895231926,0.0269892349685,0.0413603483934,0.199993969934
pm_turn_test,P4-refit,plugin_0.30,0.3,0.995156644084,True,,0,0,0.301469220755,0.089442126102,0,1621,0.0329995869711,0.0447637901813,0.0116787489496,0.0996441281139,0.117581808098,,0.0709219858156,0.0526315789474,0,0,0,0,0,0.28066290816,0.325382319394,0.0447284704038,0.0613332652581,0.277577237696
