eval,policy,point,target,threshold,feasible,note,review_rate,err_caught,accepted_err_rate,accepted_wer,word_errors_caught,n_accepted_errors,accepted_sub_rate,accepted_del_rate,accepted_ins_rate,accepted_num_err,accepted_neg_err,accepted_ent_err,accepted_term_err,accepted_crit_err_rate,crit_caught,review_rate_lo,review_rate_hi,err_caught_lo,err_caught_hi,accepted_err_rate_lo,accepted_err_rate_hi,accepted_crit_err_rate_lo,accepted_crit_err_rate_hi,pred_accepted_err
eka_test,P1,budget_0.01,0.01,0.6318330495,True,,0.0143129770992,0.0326797385621,0.4298160697,0.0963118551924,0.0505481120585,444,0.0598010749367,0.0181009452029,0.0184098350528,0.0815006468305,0.00900900900901,0.250715876551,0.0672609400324,0.0522749273959,0.0181818181818,0.00646537801836,0.0203432120787,0.0202279460888,0.0560227108085,0.228410771647,0.543265702458,0.0378270464345,0.0774678241865,
eka_test,P1,budget_0.05,0.05,0.5532712038,True,,0.0639312977099,0.124183006536,0.409785932722,0.0837358088189,0.186967113276,402,0.0578937464718,0.00909490058333,0.0167471617638,0.0777338603426,0.00900900900901,0.234584013051,0.0520661157025,0.0519877675841,0.0727272727273,0.0322494852437,0.0905129093132,0.0808817462629,0.197368421053,0.214857795335,0.527419277465,0.0387463305729,0.0742023460411,
eka_test,P1,budget_0.10,0.1,0.5160116508,True,,0.0963740458015,0.183006535948,0.395987328405,0.0808392665869,0.218635809988,375,0.0562031377985,0.00901014428832,0.0156259845,0.0757978723404,0.00900900900901,0.228307489277,0.0483736447039,0.0496304118268,0.145454545455,0.0403553797855,0.129033646105,0.124222587586,0.256800295438,0.209899815711,0.5108863973,0.0364621001286,0.0741953590729,
eka_test,P1,budget_0.20,0.2,0.4475078049,True,,0.195610687023,0.333333333333,0.362989323843,0.0757107937733,0.283191230207,306,0.0520391097388,0.00900553196964,0.0146661520648,0.0762711864407,0.00900900900901,0.213187564059,0.0447257383966,0.0521945432977,0.2,0.0596242303544,0.269667395135,0.195712046574,0.450172505853,0.192935013113,0.480811369549,0.0368817207007,0.0780800339418,
eka_test,P1,budget_0.30,0.3,0.4019691294,True,,0.287213740458,0.468409586057,0.326639892905,0.0700737618546,0.352009744214,244,0.0478793466807,0.00856164383562,0.0136327713383,0.0739064856712,0.00917431192661,0.199149539334,0.0446735395189,0.0508701472557,0.309090909091,0.0739930555556,0.393401184871,0.221014120668,0.597920482295,0.179347167591,0.440366972477,0.0341739862955,0.0799275092937,
eka_test,P1,risk_0.10,0.1,0.189773523,True,,0.773854961832,0.917211328976,0.160337552743,0.0502590673575,0.763702801462,38,0.0338082901554,0.00660621761658,0.00984455958549,0.0909090909091,0,0.141715116279,0.0478927203065,0.0590717299578,0.745454545455,0.522619724651,0.892456457307,0.686260504202,0.965518044051,0.102430865682,0.217578335658,0.0263072453862,0.0909090909091,
eka_test,P1,risk_0.20,0.2,0.278703178,True,,0.540076335878,0.779956427015,0.209543568465,0.0586608442504,0.509135200974,101,0.0393013100437,0.00742358078603,0.0119359534207,0.0828625235405,0.0103092783505,0.164131305044,0.0438024231128,0.0663900414938,0.418181818182,0.153279916308,0.711307967935,0.367964716007,0.865623254608,0.140256809699,0.273737810919,0.0457639781407,0.0895803624287,
eka_test,P1,risk_0.30,0.3,0.3744039867,True,,0.354961832061,0.553376906318,0.30325443787,0.0671316477768,0.390377588307,205,0.0458051103212,0.00851720206559,0.01280933539,0.0785256410256,0.00925925925926,0.189818181818,0.0451781059948,0.0562130177515,0.309090909091,0.0888771929825,0.480426541474,0.231366713352,0.679490740741,0.172281557394,0.411310669994,0.0394733133567,0.0837438423645,
eka_test,P1,riskcp_0.10,0.1,-inf,False,,1,1,,,1,0,,,,,,,,,1,1,1,1,1,,,,,
eka_test,P1,riskcp_0.20,0.2,0.2220934634,True,,0.672709923664,0.882352941176,0.157434402332,0.051540769021,0.654689403167,54,0.0345423143351,0.00654485955822,0.0104535951277,0.0753246753247,0.0121951219512,0.148614609572,0.0386940749698,0.0612244897959,0.618181818182,0.323397449674,0.83564380278,0.562115384615,0.94576048951,0.105571847507,0.206523984908,0.0350866945401,0.0866694214876,
eka_test,P1,riskcp_0.30,0.3,0.320275504,True,,0.474236641221,0.701525054466,0.248638838475,0.0620871862616,0.456151035323,137,0.0417159146214,0.00827365639992,0.0120976152402,0.0798611111111,0.00952380952381,0.173680183627,0.0447227191413,0.0617059891107,0.381818181818,0.115593132258,0.633115075866,0.290873205742,0.794241327875,0.151132636255,0.342684313178,0.0435725429502,0.0841121495327,
eka_test,P2,budget_0.01,0.01,0.512934391887,True,,0.00763358778626,0.00871459694989,0.4375,0.0991492555986,0.0347137637028,455,0.0605529838609,0.0198298511197,0.018766420618,0.0791268758527,0.00909090909091,0.256600128783,0.0717781402936,0.0490384615385,0.0727272727273,0.00227470465428,0.0208000594354,0.0013438172043,0.046751223854,0.229611037304,0.549687588809,0.0353810450877,0.0714285714286,
eka_test,P2,budget_0.05,0.05,0.19259159146,True,,0.0333969465649,0.0392156862745,0.435340572557,0.0977211532147,0.0937880633374,441,0.0597622643988,0.0200302094963,0.0179286793196,0.0532724505327,0,0.2577040298,0.0723793677205,0.0375123395854,0.309090909091,0.0148697610654,0.0762971521112,0.0148354405883,0.162866007953,0.211128147594,0.549418611209,0.0238969019775,0.0484081059823,
eka_test,P2,budget_0.10,0.1,0.0006024863563,True,,0.0868320610687,0.106753812636,0.42842215256,0.0915763968073,0.217417783191,410,0.0601482326112,0.0143244013683,0.0171037628278,0.0501618122977,0,0.252295262578,0.0651376146789,0.0376175548589,0.345454545455,0.057659688095,0.148902702528,0.0696831334252,0.253867924528,0.204286317568,0.543028350367,0.023855675471,0.0483114949375,
eka_test,P2,budget_0.20,0.2,0.0004959393099,True,,0.18320610687,0.274509803922,0.389018691589,0.0783571220507,0.344701583435,333,0.0554180017477,0.0088115351005,0.0141275852024,0.0456081081081,0,0.227935533384,0.0464895635674,0.0338785046729,0.472727272727,0.158380750567,0.221794762654,0.227978194303,0.377197120159,0.184782547023,0.505558030552,0.0225867621632,0.0459087045116,
eka_test,P2,budget_0.30,0.3,0.0004378321797,True,,0.277671755725,0.40522875817,0.360634081902,0.0731325480841,0.402557856273,273,0.0510660503951,0.0088713284628,0.0131951692262,0.0438756855576,0,0.213003589948,0.0441035474593,0.0343461030383,0.527272727273,0.191876888158,0.3590118233,0.327370652915,0.542788445483,0.16780701041,0.48167235376,0.0243555363322,0.0481426830205,
eka_test,P2,risk_0.10,0.1,0.000195478109,True,,0.790076335878,0.941176470588,0.122727272727,0.0435760472308,0.811205846529,27,0.0303626651673,0.0060444194546,0.00716896260894,0.0268817204301,0,0.129777070064,0.0415019762846,0.0181818181818,0.927272727273,0.557587645103,0.899235605058,0.789455151964,0.974948192264,0.0653839869281,0.184617834395,0,0.0388888888889,
eka_test,P2,risk_0.20,0.2,0.0002890447874,True,,0.578244274809,0.806100217865,0.201357466063,0.0547430004179,0.601096224117,89,0.0376932720435,0.00718763058922,0.00986209778521,0.0376884422111,0,0.159534883721,0.0431125131441,0.0339366515837,0.727272727273,0.272405874619,0.71599747626,0.54733805668,0.870610901132,0.113999953687,0.285332157554,0.0213398417229,0.0496636456543,
eka_test,P2,risk_0.30,0.3,0.0003974052934,True,,0.360687022901,0.531590413943,0.320895522388,0.0669724770642,0.466504263094,215,0.0464831804281,0.00833333333333,0.0121559633028,0.0394477317554,0,0.197428452924,0.0439453125,0.0313432835821,0.618181818182,0.210388757552,0.455633409488,0.418172016663,0.659092333105,0.157174585096,0.437152443963,0.0219433946418,0.0457152194211,
eka_test,P2,riskcp_0.10,0.1,-inf,False,,1,1,,,1,0,,,,,,,,,1,1,1,1,1,,,,,
eka_test,P2,riskcp_0.20,0.2,0.0001347330955,True,,0.945610687023,0.986928104575,0.105263157895,0.0318506315211,0.964677222899,6,0.0247116968699,0.00219659527732,0.00494233937397,0.0285714285714,0,0.098976109215,0.0425531914894,0.0175438596491,0.981818181818,0.87224177087,0.978942643634,0.942582357147,0.997677454917,0.0377358490566,0.194040215589,0,0.0444444444444,
eka_test,P2,riskcp_0.30,0.3,0.0003541412737,True,,0.467557251908,0.657952069717,0.281362007168,0.0624106717485,0.52131546894,157,0.0430363665237,0.00825790058758,0.0111164046371,0.0419426048565,0,0.181460428509,0.0443995963673,0.0358422939068,0.636363636364,0.245208060288,0.581963942967,0.478168754606,0.782716166775,0.137987147534,0.401274326039,0.024191119316,0.0491461748634,
eka_test,P2,whisper_rule,,1,True,,0.00190839694656,0.00217864923747,0.437858508604,0.10049382716,0.00852618757613,458,0.0614197530864,0.0201851851852,0.0188888888889,0.0815789473684,0.00900900900901,0.256507936508,0.0718901453958,0.0516252390057,0.0181818181818,0,0.00704266777133,0,0.0142882836588,0.233038137306,0.549275066438,0.037858478583,0.07604857696,
eka_test,P2-rawCR,budget_0.01,0.01,0.67475124375,True,,0.013358778626,0.0130718954248,0.438104448743,0.100191204589,0.0426309378806,453,0.0610579987253,0.0196940726577,0.0194391332059,0.0804749340369,0,0.256668835394,0.0707236842105,0.0502901353965,0.0545454545455,0.00437977149567,0.0345582139261,0.00256345177665,0.0662463656921,0.227272727273,0.550697185427,0.0362445085335,0.0747688540157,
eka_test,P2-rawCR,budget_0.05,0.05,0.637755102083,True,,0.0429389312977,0.0261437908497,0.445663010967,0.103102001513,0.0870889159562,447,0.062727835477,0.0204278148428,0.0199463511933,0.0753424657534,0,0.265313265663,0.0711743772242,0.049850448654,0.0909090909091,0.0161258064516,0.101413971934,0.00640974440895,0.125,0.229222605369,0.555222773441,0.0351719885249,0.0748000281156,
eka_test,P2-rawCR,budget_0.10,0.1,0.618530020833,True,,0.0849236641221,0.037037037037,0.460896767466,0.110291262136,0.135200974421,442,0.066640776699,0.0225242718447,0.0211262135922,0.079295154185,0,0.280701754386,0.0780780780781,0.0510948905109,0.109090909091,0.0346391719014,0.197745331219,0.0110122532063,0.172736013986,0.24136941775,0.564368911057,0.0356570124126,0.0800985470901,
eka_test,P2-rawCR,budget_0.20,0.2,0.592369477917,True,,0.185114503817,0.0697167755991,0.5,0.134399117971,0.257612667479,427,0.0793825799338,0.0297684674752,0.0252480705623,0.0871212121212,0,0.328215987295,0.0970873786408,0.0503512880562,0.218181818182,0.0775955459552,0.424212099736,0.0227272727273,0.307692307692,0.280126672603,0.588842164611,0.0361301935952,0.0838555277611,
eka_test,P2-rawCR,budget_0.30,0.3,0.562106918333,True,,0.297709923664,0.104575163399,0.558423913043,0.197518708153,0.38915956151,411,0.113430484443,0.0488381252462,0.035250098464,0.106598984772,0,0.434819897084,0.138964577657,0.0516304347826,0.309090909091,0.122942291025,0.677500294325,0.034299625359,0.461622807018,0.374964622642,0.619659807105,0.0367105415696,0.113866766219,
eka_test,P2-rawCR,risk_0.10,0.1,-inf,False,,1,1,,,1,0,,,,,,,,,1,1,1,1,1,,,,,
eka_test,P2-rawCR,risk_0.20,0.2,-inf,False,,1,1,,,1,0,,,,,,,,,1,1,1,1,1,,,,,
eka_test,P2-rawCR,risk_0.30,0.3,-inf,False,,1,1,,,1,0,,,,,,,,,1,1,1,1,1,,,,,
eka_test,P2-rawCR,riskcp_0.10,0.1,-inf,False,,1,1,,,1,0,,,,,,,,,1,1,1,1,1,,,,,
eka_test,P2-rawCR,riskcp_0.20,0.2,-inf,False,,1,1,,,1,0,,,,,,,,,1,1,1,1,1,,,,,
eka_test,P2-rawCR,riskcp_0.30,0.3,-inf,False,,1,1,,,1,0,,,,,,,,,1,1,1,1,1,,,,,
eka_test,P2-rawCR,whisper_rule,,1,True,,0,0,0.437977099237,0.10097159021,0,459,0.0615545443365,0.0201082277703,0.0193088181036,0.0825806451613,0.00900900900901,0.256394063783,0.071716357776,0.0524809160305,0,0,0,0,0,0.234552376463,0.549437551625,0.0385948816997,0.0780206987968,
eka_test,P3,budget_0.01,0.01,0.962295545324,True,,0.0124045801527,0.0283224400871,0.430917874396,0.0905812869133,0.112667478685,446,0.0603668013677,0.0116257382655,0.0185887472801,0.080310880829,0.00900900900901,0.245917387128,0.0565573770492,0.0512077294686,0.0363636363636,0.00645948020822,0.020385911743,0.0169478507641,0.0676749744732,0.228037109375,0.54383311421,0.0371368106862,0.0744815118024,0.400790354402
eka_test,P3,budget_0.05,0.05,0.863718682561,True,,0.0591603053435,0.126361655773,0.406693711968,0.0824071735287,0.205237515225,401,0.0572114170245,0.00903005809548,0.0161656984087,0.0757780784844,0.00900900900901,0.234734077479,0.0497512437811,0.0486815415822,0.127272727273,0.0319122499048,0.0754394240318,0.0960106114765,0.177915906381,0.213991880342,0.519734558603,0.0356124299374,0.0716982845014,0.375288981875
eka_test,P3,budget_0.10,0.1,0.763977861825,True,,0.120229007634,0.239651416122,0.37852494577,0.0763879943321,0.277710109622,349,0.0533943063249,0.00895272446219,0.014040963545,0.0693641618497,0.00900900900901,0.223422207222,0.0480202190396,0.0455531453362,0.236363636364,0.0513521169172,0.154369778874,0.172875841624,0.302598539559,0.199497892926,0.489338116564,0.0318524572351,0.0705906811789,0.344973102615
eka_test,P3,budget_0.20,0.2,0.646217790052,True,,0.214694656489,0.398692810458,0.335358444714,0.0704048609735,0.350791717418,276,0.0490060101711,0.00845386698369,0.0129449838188,0.0692307692308,0.00909090909091,0.206715634837,0.0454545454545,0.044957472661,0.327272727273,0.0745191890449,0.280352443566,0.241038794904,0.467950581395,0.185105238914,0.441465615141,0.0294089847659,0.0727976154019,0.302118752115
eka_test,P3,budget_0.30,0.3,0.54416895558,True,,0.30820610687,0.544662309368,0.288275862069,0.0634612719967,0.442143727162,209,0.0449632811417,0.00803658029652,0.0104614105584,0.0657193605684,0.00970873786408,0.190122539918,0.0450530035336,0.0427586206897,0.436363636364,0.115589578316,0.396733191498,0.358273305085,0.622388492172,0.155841494571,0.3907273645,0.0280188143901,0.0652841272504,0.263181697054
eka_test,P3,risk_0.10,0.1,0.178295897782,True,,0.770038167939,0.943355119826,0.107883817427,0.0391034811636,0.850182704019,26,0.0257510729614,0.00731203306311,0.00604037513909,0.0328947368421,0,0.116942909761,0.0329411764706,0.0165975103734,0.927272727273,0.605368998946,0.846544658076,0.874967105263,0.963031513194,0.0519931034483,0.157347447073,0.00343613190227,0.0331758470827,0.120832340414
eka_test,P3,risk_0.20,0.2,0.386028364987,True,,0.460877862595,0.734204793028,0.21592920354,0.053726169844,0.584652862363,122,0.0375768079408,0.00716874113755,0.00898062076572,0.0606060606061,0,0.163465642339,0.0431293881645,0.0371681415929,0.618181818182,0.225959051724,0.570985913938,0.542251399966,0.800011210762,0.117048346056,0.303553424906,0.0266438750322,0.0508115646806,0.206328209876
eka_test,P3,risk_0.30,0.3,0.592597206394,True,,0.259541984733,0.466230936819,0.315721649485,0.0673923268158,0.38915956151,245,0.0471007189411,0.00839884431902,0.0118927635557,0.068515497553,0.00934579439252,0.199285714286,0.0459670424978,0.0451030927835,0.363636363636,0.0864144316731,0.340398179349,0.285676691729,0.5567039597,0.170331712249,0.422126302064,0.0297283262491,0.0708222465621,0.283049377778
eka_test,P3,riskcp_0.10,0.1,0.0975946777783,True,,0.93606870229,0.989106753813,0.0746268656716,0.0234192037471,0.975639464068,5,0.016393442623,0.00292740046838,0.00409836065574,0,0,0.0696864111498,0.0238095238095,0,1,0.888376470588,0.958403146349,0.977272727273,1,0,0.157894736842,0,0,0.0810018828774
eka_test,P3,riskcp_0.20,0.2,0.307483207014,True,,0.548664122137,0.81045751634,0.183932346723,0.0501882057716,0.658952496955,87,0.034504391468,0.00761785266177,0.00806596164187,0.0492753623188,0,0.152859960552,0.041958041958,0.0295983086681,0.745454545455,0.313848717304,0.657409369115,0.640841907734,0.865454953119,0.101536231884,0.265585802376,0.0198858932872,0.0415673390383,0.179614502902
eka_test,P3,riskcp_0.30,0.3,0.522892510296,True,,0.328244274809,0.562091503268,0.285511363636,0.0629528029823,0.454933008526,201,0.0448758528522,0.00766687768165,0.0104100724485,0.0683918669131,0.01,0.190116937005,0.0454140694568,0.0440340909091,0.436363636364,0.131670923797,0.420522395812,0.374984605911,0.646564401623,0.154232269504,0.390396255631,0.0291498890624,0.0671467303769,0.255103920799
eka_test,P3,plugin_0.10,0.1,0.132396026937,True,,0.857824427481,0.97385620915,0.0805369127517,0.0314162655181,0.924482338611,12,0.0220420572587,0.00456042563973,0.00481378261971,0.0361445783133,0,0.099533437014,0.0225563909774,0.0201342281879,0.945454545455,0.75810441953,0.904548711883,0.942217391304,0.985225279346,0.0317418546366,0.126213592233,0,0.0466682242991,0.0997999549817
eka_test,P3,plugin_0.20,0.2,0.362256431724,True,,0.480916030534,0.751633986928,0.209558823529,0.0526701400195,0.605968331303,114,0.0367144252686,0.00724519700423,0.00871051774666,0.0559610705596,0,0.15945229682,0.0404564315353,0.0349264705882,0.654545454545,0.195854261796,0.624901185554,0.495692883895,0.833853080569,0.122621420465,0.287237099535,0.0236836370191,0.059829592685,0.19989673885
eka_test,P3,plugin_0.30,0.3,0.635884971678,True,,0.220419847328,0.407407407407,0.332925336597,0.0701858834425,0.353836784409,272,0.0488192101607,0.00846728848316,0.0128993847986,0.0696594427245,0.00909090909091,0.205748335086,0.0454935622318,0.0452876376989,0.327272727273,0,0.374528685622,0,0.564871643687,0.21651000834,0.41208111715,0.028857136308,0.0759324379335,0.299634226399
eka_test,P3-conf,budget_0.01,0.01,0.960353872137,True,,0.0104961832061,0.0239651416122,0.432015429122,0.0908243192838,0.110231425091,448,0.0604252144722,0.0116250155415,0.0187740892702,0.080310880829,0.00900900900901,0.2464,0.0565573770492,0.0511089681774,0.0363636363636,0.00525302672657,0.0193099824749,0.013016983017,0.0645336605891,0.229211178213,0.545186859451,0.0370705042392,0.0743902875188,0.406171266069
eka_test,P3-conf,budget_0.05,0.05,0.860540159006,True,,0.0667938931298,0.141612200436,0.402862985685,0.0814763231198,0.216199756395,394,0.0566599139023,0.00898961762472,0.0158267915928,0.0767123287671,0.00900900900901,0.233048057933,0.0513245033113,0.0490797546012,0.127272727273,0.0321026296494,0.0852370359909,0.106379654255,0.186891477327,0.213223560701,0.515224605879,0.0361004725294,0.0719761102603,0.375615252581
eka_test,P3-conf,budget_0.10,0.1,0.761930731343,True,,0.11927480916,0.241830065359,0.377031419285,0.0767550902434,0.272228989038,348,0.0536322178688,0.00886376774359,0.014259104631,0.0744985673352,0.00900900900901,0.222745625841,0.0478187919463,0.0465872156013,0.218181818182,0.0477720247901,0.153728626436,0.170704486063,0.304886619649,0.200285087719,0.488566098989,0.0331210396379,0.0718855182878,0.34982997314
eka_test,P3-conf,budget_0.20,0.2,0.643048559145,True,,0.226145038168,0.41394335512,0.331689272503,0.0699754820754,0.356881851401,269,0.0487707905374,0.0084818766152,0.0127228149228,0.0700934579439,0.00909090909091,0.205407303371,0.0456110154905,0.0468557336621,0.309090909091,0.0773894711816,0.295778380768,0.256693770041,0.481714993859,0.181415678366,0.438452476275,0.0318173009161,0.072947220596,0.300602494228
eka_test,P3-conf,budget_0.30,0.3,0.543815608771,True,,0.322519083969,0.564270152505,0.281690140845,0.0641451925741,0.436053593179,200,0.0446106954835,0.00831255195345,0.0112219451372,0.0719298245614,0.00952380952381,0.18828762046,0.0466138962181,0.0478873239437,0.381818181818,0.107226019314,0.417385479174,0.32140721121,0.632424549401,0.161465774793,0.378431593477,0.0313719343537,0.0731262879182,0.259907787669
eka_test,P3-conf,risk_0.10,0.1,0.167244819242,True,,0.792938931298,0.956427015251,0.0921658986175,0.0369863013699,0.868453105968,20,0.023801369863,0.00753424657534,0.00565068493151,0.034965034965,0,0.108673978066,0.026525198939,0.0184331797235,0.927272727273,0.626713403275,0.86867739252,0.884955752212,0.973451778942,0.0510887046889,0.126716162339,0.00384578544061,0.037269983166,0.115428107844
eka_test,P3-conf,risk_0.20,0.2,0.364543567529,True,,0.479961832061,0.747276688453,0.212844036697,0.0542437779196,0.58587088916,116,0.0376515634971,0.00757817485641,0.00901403956605,0.0675990675991,0,0.163151097718,0.0414141414141,0.0422018348624,0.581818181818,0.232070749207,0.594485410639,0.537918173599,0.813634761149,0.117194222702,0.303129347333,0.0298195943387,0.058443514317,0.20145364171
eka_test,P3-conf,risk_0.30,0.3,0.577652558436,True,,0.285305343511,0.514161220044,0.297730307076,0.065737860138,0.408038976857,223,0.0457865548492,0.00845394291898,0.0114973623698,0.0697674418605,0.00909090909091,0.193153153153,0.0460469157255,0.0480640854473,0.345454545455,0.0880537228209,0.373412602476,0.289095543011,0.590530942647,0.167338508868,0.398641673043,0.0326779624893,0.0712060936143,0.275442802838
eka_test,P3-conf,riskcp_0.10,0.1,0.090875355338,True,,0.957061068702,0.993464052288,0.0666666666667,0.0226385636222,0.982338611449,3,0.0148321623731,0.00312256049961,0.00468384074941,0,0,0.0733944954128,0.010989010989,0,1,0.913519720804,0.977428889813,0.982456140351,1,0,0.181818181818,0,0,0.0766897479538
eka_test,P3-conf,riskcp_0.20,0.2,0.260432733221,True,,0.629770992366,0.880174291939,0.14175257732,0.0469393908936,0.715590742996,55,0.0317619861293,0.00763895868932,0.00753844607498,0.0479452054795,0,0.140711902113,0.0369881109643,0.0283505154639,0.8,0.383803866146,0.748808588614,0.698795180723,0.918699186992,0.0867640528123,0.195351264287,0.0152662068431,0.0439198470448,0.156765346137
eka_test,P3-conf,riskcp_0.30,0.3,0.510891358905,True,,0.349236641221,0.596949891068,0.271260997067,0.0620535088948,0.460414129111,185,0.0435635243031,0.00812438716907,0.0103655974226,0.0693430656934,0.00980392156863,0.185240963855,0.0470692717584,0.0469208211144,0.418181818182,0.120683362698,0.450410221875,0.338308270677,0.663914049587,0.159075092466,0.365746226574,0.0317445229042,0.0696918236866,0.248903883643
eka_test,P3-conf,plugin_0.10,0.1,0.129438716264,True,,0.860687022901,0.976034858388,0.0753424657534,0.0317300428104,0.923264311815,11,0.0219088390834,0.00453286325863,0.0052883404684,0.0229885057471,0,0.100763358779,0.0235294117647,0.013698630137,0.963636363636,0.738868638585,0.916589610337,0.944095025251,0.988277335568,0.0268456375839,0.12840167754,0,0.0357142857143,0.0998411425339
eka_test,P3-conf,plugin_0.20,0.2,0.359081678645,True,,0.484732824427,0.755991285403,0.207407407407,0.0535971799391,0.592570036541,112,0.0370132991508,0.00761095978209,0.00897292100625,0.0635294117647,0,0.161904761905,0.0416666666667,0.0388888888889,0.618181818182,0.16600824005,0.649286327659,0.452690867619,0.842790079,0.128455000175,0.273172858763,0.0254948491612,0.0637551852738,0.199965255874
eka_test,P3-conf,plugin_0.30,0.3,0.633992420562,True,,0.228053435115,0.418300653595,0.330037082818,0.0696286472149,0.36053593179,267,0.0485411140584,0.00848806366048,0.012599469496,0.0704225352113,0.00909090909091,0.204848910752,0.0456110154905,0.0469715698393,0.309090909091,0,0.39734131821,0,0.590286478795,0.222570886718,0.39729358212,0.0319247962482,0.0758664389004,0.299772814366
pm_window_test,P1,budget_0.01,0.01,0.6318330495,True,,0,0,0.412045889101,0.099427999428,0,431,0.0277849277849,0.0624052624053,0.00923780923781,0.132969034608,0.112442922374,,0.0556877677297,0.228489483748,0,0,0,0,0,0.359216476647,0.468193810249,0.200183270677,0.256362559575,
pm_window_test,P1,budget_0.05,0.05,0.5532712038,True,,0,0,0.412045889101,0.099427999428,0,431,0.0277849277849,0.0624052624053,0.00923780923781,0.132969034608,0.112442922374,,0.0556877677297,0.228489483748,0,0,0,0,0,0.359216476647,0.468193810249,0.200183270677,0.256362559575,
pm_window_test,P1,budget_0.10,0.1,0.5160116508,True,,0,0,0.412045889101,0.099427999428,0,431,0.0277849277849,0.0624052624053,0.00923780923781,0.132969034608,0.112442922374,,0.0556877677297,0.228489483748,0,0,0,0,0,0.359216476647,0.468193810249,0.200183270677,0.256362559575,
pm_window_test,P1,budget_0.20,0.2,0.4475078049,True,,0.0019120458891,0.00232018561485,0.411877394636,0.0989940328835,0.00503379836042,430,0.027803614613,0.0619463961192,0.00924402215131,0.132969034608,0.111936036551,,0.054787994283,0.227969348659,0.00418410041841,0,0.00477623730764,0,0.00746315182194,0.358332191468,0.467733859148,0.199082356439,0.255655666644,
pm_window_test,P1,budget_0.30,0.3,0.4019691294,True,,0.0057361376673,0.00696055684455,0.411538461538,0.0988708660515,0.00762260894578,428,0.0277411589385,0.0618874305038,0.00924227660916,0.130275229358,0.112128146453,,0.0548664122137,0.226923076923,0.0125523012552,0.000990982441345,0.0107341965139,0,0.018307085435,0.357481742887,0.466947223947,0.198824681685,0.254088120948,
pm_window_test,P1,risk_0.10,0.1,0.189773523,True,,0.622370936902,0.816705336427,0.2,0.0697390155269,0.696390047462,79,0.0219028741328,0.0401717872481,0.00766435414602,0.109170305677,0.0822580645161,,0.037691401649,0.182278481013,0.698744769874,0.572368761679,0.672048940945,0.777771659325,0.853606308273,0.154053277415,0.249315068493,0.14025728988,0.228289306579,
pm_window_test,P1,risk_0.20,0.2,0.278703178,True,,0.129063097514,0.215777262181,0.371020856202,0.0910428166965,0.172155903926,338,0.0265409740126,0.0557708428895,0.00873099979438,0.111788617886,0.0968569595895,,0.0484300159659,0.21075740944,0.196652719665,0.104045675518,0.152688435962,0.178648028932,0.247667614791,0.319642544907,0.423994808436,0.182391192014,0.240344379333,
pm_window_test,P1,risk_0.30,0.3,0.3744039867,True,,0.0133843212237,0.0232018561485,0.407945736434,0.0982241873461,0.0191284337696,421,0.0276381547679,0.0615701467602,0.00901588581798,0.128676470588,0.111880046136,,0.0542486797888,0.22480620155,0.0292887029289,0.00684211955434,0.0204682446339,0.00956937799043,0.0390253429878,0.354678941748,0.462928636812,0.196188450939,0.252781007752,
pm_window_test,P1,riskcp_0.10,0.1,-inf,False,,1,1,,,1,0,,,,,,,,,1,1,1,1,1,,,,,
pm_window_test,P1,riskcp_0.20,0.2,0.2220934634,True,,0.380497131931,0.582366589327,0.277777777778,0.0786435786436,0.466992665037,180,0.0235760971055,0.046451914099,0.0086155674391,0.100278551532,0.0859301227573,,0.0441826215022,0.180555555556,0.510460251046,0.334947028717,0.424394607728,0.529130799916,0.631710358612,0.22678392614,0.333333333333,0.149679948461,0.212543919578,
pm_window_test,P1,riskcp_0.30,0.3,0.320275504,True,,0.0449330783939,0.07656612529,0.398398398398,0.096762801648,0.0542211994822,398,0.0273101824603,0.0606091818717,0.00884343731607,0.128301886792,0.111962286388,,0.0541871921182,0.225225225225,0.0585774058577,0.031836631323,0.0571428571429,0.0509165140415,0.100956496718,0.346340509839,0.453295653923,0.19680198098,0.252942948264,
pm_window_test,P2,budget_0.01,0.01,0.512934391887,True,,0.0133843212237,0.0185614849188,0.40988372093,0.0991983097939,0.0140946354092,423,0.0278420930771,0.0620369298449,0.00931928687196,0.13172541744,0.112521638777,,0.0552353506244,0.229651162791,0.00836820083682,0.00695134061569,0.0209733561686,0.00771109606243,0.0300609320493,0.356328850846,0.465424231986,0.201301574831,0.257400932401,
pm_window_test,P2,budget_0.05,0.05,0.19259159146,True,,0.115678776291,0.125290023202,0.407567567568,0.0984235956336,0.129871997699,377,0.0277375587695,0.0618035107127,0.00888252615139,0.129511677282,0.114341085271,,0.0537870472009,0.228108108108,0.117154811715,0.0948485800405,0.136232388046,0.0981885872186,0.152037752537,0.352046836253,0.465297040612,0.199798903371,0.256276150628,
pm_window_test,P2,budget_0.10,0.1,0.0006024863563,True,,0.387189292543,0.375870069606,0.419656786271,0.102350831756,0.408888249676,269,0.0286881163462,0.0645482617791,0.00911445363084,0.141447368421,0.124,,0.0523648648649,0.237129485179,0.364016736402,0.355640535373,0.419910725205,0.331131072874,0.418547823046,0.360127468553,0.47889582965,0.205084899009,0.270735524257,
pm_window_test,P2,budget_0.20,0.2,0.0004959393099,True,,0.388145315488,0.375870069606,0.4203125,0.10235338065,0.408888249676,269,0.0286888307807,0.0645498692566,0.00911468061263,0.141447368421,0.124,,0.0523648648649,0.2375,0.364016736402,0.356655438739,0.421353808991,0.331131072874,0.418547823046,0.360777438412,0.48044975108,0.205691834278,0.271132376396,
pm_window_test,P2,budget_0.30,0.3,0.0004378321797,True,,0.390057361377,0.37819025522,0.420062695925,0.101598543605,0.414065870847,268,0.0287288959824,0.0637671762388,0.00910247138333,0.14238410596,0.123123123123,,0.0507614213198,0.236677115987,0.36820083682,0.358043883043,0.424023011281,0.331895351739,0.421323581355,0.359711202595,0.48025586465,0.204171870887,0.270961909514,
pm_window_test,P2,risk_0.10,0.1,0.000195478109,True,,0.760994263862,0.886310904872,0.196,0.0682426404996,0.823960880196,49,0.022914808207,0.0375223015165,0.00780553077609,0.107913669065,0.0782608695652,,0.0416666666667,0.18,0.811715481172,0.731129635654,0.790467431182,0.858134910148,0.913670258483,0.140277079036,0.254170258621,0.135746606335,0.225232892467,
pm_window_test,P2,risk_0.20,0.2,0.0002890447874,True,,0.470363288719,0.510440835267,0.380866425993,0.0934182590234,0.512728318711,211,0.027518129429,0.0573248407643,0.00857528883007,0.127272727273,0.104903078677,,0.0452830188679,0.22202166065,0.485355648536,0.436745445469,0.505367576882,0.454545454545,0.562636385707,0.320202677766,0.442786394503,0.188041119705,0.258309756244,
pm_window_test,P2,risk_0.30,0.3,0.0003974052934,True,,0.39292543021,0.38283062645,0.418897637795,0.10138951367,0.416510858622,266,0.0286149847553,0.0636527215475,0.00912180736742,0.136666666667,0.123493975904,,0.0508905852417,0.234645669291,0.376569037657,0.360653767339,0.427352150538,0.336538461538,0.427892628205,0.357582708904,0.479814165111,0.201612903226,0.26886925379,
pm_window_test,P2,riskcp_0.10,0.1,-inf,False,,1,1,,,1,0,,,,,,,,,1,1,1,1,1,,,,,
pm_window_test,P2,riskcp_0.20,0.2,0.0001347330955,True,,0.954110898662,0.993039443155,0.0625,0.0516962843296,0.972386020423,3,0.0228863758751,0.0234248788368,0.00538502961766,0.130434782609,0.0172413793103,,0.0348837209302,0.104166666667,0.979079497908,0.93737418771,0.968780512367,0.983999542334,1,0,0.134615384615,0.027027027027,0.2,
pm_window_test,P2,riskcp_0.30,0.3,0.0003541412737,True,,0.402485659656,0.403712296984,0.4112,0.100580075662,0.426434632533,257,0.0283480453972,0.0632282471627,0.00900378310214,0.12925170068,0.123343527013,,0.0497427101201,0.2304,0.397489539749,0.36912779565,0.436776116519,0.353977082985,0.452656627467,0.349751960126,0.471811926606,0.196963487332,0.264519707581,
pm_window_test,P2,whisper_rule,,1,True,,0.000956022944551,0.00232018561485,0.411483253589,0.0993816380865,0.00143822810298,430,0.0277976582405,0.06233717901,0.00924680083593,0.133455210238,0.112442922374,,0.0556877677297,0.228708133971,0,0,0.00296442687747,0,0.00759541862109,0.358257853888,0.467594792987,0.200382496544,0.256362559575,
pm_window_test,P2-rawCR,budget_0.01,0.01,0.67475124375,True,,0.441682600382,0.371229698376,0.46404109589,0.111639956621,0.466992665037,271,0.0279852994337,0.074436679118,0.00921797806965,0.149006622517,0.129319955407,,0.050153531218,0.234589041096,0.426778242678,0.405686533131,0.475541464154,0.325921717172,0.424939512726,0.397882779468,0.523205621971,0.198447049779,0.271430936613,
pm_window_test,P2-rawCR,budget_0.05,0.05,0.637755102083,True,,0.700764818356,0.626450116009,0.514376996805,0.126826378834,0.722853444556,161,0.0285639068053,0.088785046729,0.00947742529946,0.209459459459,0.158690176322,,0.0528967254408,0.249201277955,0.673640167364,0.663657911063,0.736192577031,0.580274521463,0.672943422715,0.449839608724,0.568333656832,0.210884353741,0.286184487418,
pm_window_test,P2-rawCR,budget_0.10,0.1,0.618530020833,True,,0.790630975143,0.730858468677,0.529680365297,0.129459087541,0.824104703006,116,0.0301683073992,0.0912458981687,0.00804488197311,0.290697674419,0.135135135135,,0.0524193548387,0.223744292237,0.794979079498,0.755675374305,0.825636711924,0.684477067951,0.776534629089,0.454081632653,0.599101382488,0.17777258567,0.269411428955,
pm_window_test,P2-rawCR,budget_0.20,0.2,0.592369477917,True,,0.879541108987,0.85150812065,0.507936507937,0.14078440263,0.910686034805,64,0.0360462480163,0.0972568578554,0.0074812967581,0.266666666667,0.167938931298,,0.0521739130435,0.230158730159,0.878661087866,0.860264360072,0.898339114989,0.821680292599,0.883726672409,0.404572031834,0.607407407407,0.162785970883,0.3,
pm_window_test,P2-rawCR,budget_0.30,0.3,0.562106918333,True,,0.928298279159,0.911832946636,0.506666666667,0.153360396933,0.951100244499,38,0.0387911592242,0.107803337844,0.00676589986468,0.3,0.156862745098,,0.0677966101695,0.2,0.937238493724,0.911288438348,0.943751488095,0.884442176871,0.937653906725,0.386642857143,0.63237745098,0.115928093645,0.295091281669,
pm_window_test,P2-rawCR,risk_0.10,0.1,-inf,False,,1,1,,,1,0,,,,,,,,,1,1,1,1,1,,,,,
pm_window_test,P2-rawCR,risk_0.20,0.2,-inf,False,,1,1,,,1,0,,,,,,,,,1,1,1,1,1,,,,,
pm_window_test,P2-rawCR,risk_0.30,0.3,-inf,False,,1,1,,,1,0,,,,,,,,,1,1,1,1,1,,,,,
pm_window_test,P2-rawCR,riskcp_0.10,0.1,-inf,False,,1,1,,,1,0,,,,,,,,,1,1,1,1,1,,,,,
pm_window_test,P2-rawCR,riskcp_0.20,0.2,-inf,False,,1,1,,,1,0,,,,,,,,,1,1,1,1,1,,,,,
pm_window_test,P2-rawCR,riskcp_0.30,0.3,-inf,False,,1,1,,,1,0,,,,,,,,,1,1,1,1,1,,,,,
pm_window_test,P2-rawCR,whisper_rule,,1,True,,0,0,0.412045889101,0.099427999428,0,431,0.0277849277849,0.0624052624053,0.00923780923781,0.132969034608,0.112442922374,,0.0556877677297,0.228489483748,0,0,0,0,0,0.359216476647,0.468193810249,0.200183270677,0.256362559575,
pm_window_test,P3,budget_0.01,0.01,0.962295545324,True,,0.000956022944551,0.00232018561485,0.411483253589,0.0989926163356,0.00503379836042,430,0.0278032167592,0.0619455097018,0.00924388987465,0.132969034608,0.111936036551,,0.054787994283,0.227751196172,0.00418410041841,0,0.00294406280667,0,0.00746315182194,0.35767140785,0.467733859148,0.199080752112,0.255404717001,0.396231869401
pm_window_test,P3,budget_0.05,0.05,0.863718682561,True,,0.00764818355641,0.0185614849188,0.407514450867,0.0984052505829,0.0166834459945,423,0.0276634330292,0.0616598059817,0.00908201157201,0.130275229358,0.112320916905,,0.0550766283525,0.226396917148,0.0167364016736,0.00286779568424,0.0131728743996,0.00689615627966,0.0317133125273,0.354123413859,0.463075123889,0.197854684757,0.253987526137,0.39290828125
pm_window_test,P3,budget_0.10,0.1,0.763977861825,True,,0.0372848948375,0.0835266821346,0.392254220457,0.0954242388482,0.0696102401841,395,0.0269795846118,0.0594465423649,0.00899811187161,0.12810707457,0.111567821491,,0.0515717092338,0.224428997021,0.0543933054393,0.0244810046888,0.0510009924386,0.0568461096756,0.110061073795,0.338821043632,0.445341484557,0.195096749226,0.253281550501,0.380196168778
pm_window_test,P3,budget_0.20,0.2,0.646217790052,True,,0.104206500956,0.201856148492,0.367129135539,0.0903029538791,0.176039119804,344,0.025897670313,0.0555467986507,0.00885848491536,0.117171717172,0.102827763496,,0.0461538461538,0.211312700107,0.171548117155,0.0788218211318,0.130895624521,0.154585397175,0.247195446481,0.316062176166,0.420437895221,0.183279650685,0.240208975317,0.356694135774
pm_window_test,P3,budget_0.30,0.3,0.54416895558,True,,0.207456978967,0.361948955916,0.331724969843,0.0846379561787,0.307205522796,275,0.0243353891027,0.0522903378841,0.00801222919192,0.119369369369,0.0950226244344,,0.0438129070456,0.203860072376,0.292887029289,0.170628483238,0.24612798314,0.305931781509,0.41379936545,0.280470454949,0.386736828128,0.175368368014,0.234236001697,0.326407998728
pm_window_test,P3,risk_0.10,0.1,0.178295897782,True,,0.898661567878,0.986078886311,0.0566037735849,0.0451398135819,0.951244067309,6,0.0145139813582,0.024500665779,0.00612516644474,0.0769230769231,0.0215827338129,,0.0341463414634,0.0754716981132,0.966527196653,0.870470541507,0.923630159915,0.975608099152,0.995475368477,0.018013996139,0.1020466141,0.0294117647059,0.123711340206,0.138060343969
pm_window_test,P3,risk_0.20,0.2,0.386028364987,True,,0.475143403442,0.686774941995,0.245901639344,0.0714156572048,0.602329929527,135,0.0210243562259,0.0432368210347,0.00715447994421,0.072202166065,0.0731428571429,,0.0351351351351,0.158469945355,0.635983263598,0.417569173559,0.529002466285,0.638050288815,0.729490985018,0.197832846828,0.301081343782,0.127376180441,0.192244454534,0.257181430043
pm_window_test,P3,risk_0.30,0.3,0.592597206394,True,,0.14913957935,0.269141531323,0.35393258427,0.0879646426333,0.232849129872,315,0.0252481942017,0.0542399155645,0.00847653286718,0.113871635611,0.093903293623,,0.0444319460067,0.2,0.255230125523,0.118142945118,0.182413625263,0.216584779073,0.321891088338,0.301885180728,0.408488741622,0.173811237961,0.22785315301,0.34285753921
pm_window_test,P3,riskcp_0.10,0.1,0.0975946777783,True,,0.991395793499,1,0,0.028901734104,0.997123543794,0,0.0115606936416,0.0130057803468,0.00433526011561,0,0,,0,0,1,0.985102831581,0.996416170278,1,1,0,0,0,0,0.0902947208865
pm_window_test,P3,riskcp_0.20,0.2,0.307483207014,True,,0.637667304015,0.849187935035,0.171503957784,0.0627334651725,0.75363152596,65,0.0186405918113,0.0372445616348,0.00684831172636,0.0828729281768,0.0571428571429,,0.0401034928849,0.131926121372,0.790794979079,0.581091207359,0.690774154485,0.806449473774,0.88421842713,0.132528555782,0.219896439484,0.101600403007,0.16368436009,0.215673050689
pm_window_test,P3,riskcp_0.30,0.3,0.522892510296,True,,0.239005736138,0.419953596288,0.314070351759,0.0821789968709,0.354091758953,250,0.0239894600084,0.0502479459825,0.00794159087998,0.105263157895,0.0922712933754,,0.042777433354,0.198492462312,0.338912133891,0.199019646853,0.279814472387,0.363881225216,0.469548735834,0.264522571484,0.36953646518,0.170321878485,0.228675955482,0.3178318699
pm_window_test,P3,plugin_0.10,0.1,0.115981078099,True,,0.982791586998,0.997679814385,0.0555555555556,0.0334821428571,0.993527973537,1,0.0104166666667,0.0178571428571,0.00520833333333,0,0,,0,0,1,0.972138809765,0.99249583609,0.99404491342,1,0,0.111111111111,0,0.0588235294118,0.0992044295821
pm_window_test,P3,plugin_0.20,0.2,0.279441668966,True,,0.698852772467,0.895591647332,0.142857142857,0.0591128639163,0.808140371063,45,0.0184783090353,0.0342978685691,0.00633668631187,0.0625,0.0548523206751,,0.0440060698027,0.126984126984,0.832635983264,0.635913181773,0.758496189962,0.855355397019,0.931194834558,0.101693525979,0.186813186813,0.0957446808511,0.16296875,0.199806601072
pm_window_test,P3,plugin_0.30,0.3,0.481749951516,True,,0.305927342256,0.498839907193,0.297520661157,0.0787387423368,0.432906658996,216,0.0228448189788,0.048105916888,0.00778800647004,0.0911528150134,0.0842013888889,,0.0402730375427,0.176308539945,0.464435146444,0.225890121027,0.38733526083,0.413822825781,0.582682974871,0.253784201236,0.339322418248,0.150625258542,0.206185966595,0.299966804193
pm_window_test,P3-conf,budget_0.01,0.01,0.960353872137,True,,0,0,0.412045889101,0.099427999428,0,431,0.0277849277849,0.0624052624053,0.00923780923781,0.132969034608,0.112442922374,,0.0556877677297,0.228489483748,0,0,0,0,0,0.359216476647,0.468193810249,0.200183270677,0.256362559575,0.371162506952
pm_window_test,P3-conf,budget_0.05,0.05,0.860540159006,True,,0.0038240917782,0.0092807424594,0.409788867562,0.098770391839,0.00992377391054,427,0.0277917270471,0.0618964948276,0.00908216996427,0.131868131868,0.112128146453,,0.0549188156638,0.226487523992,0.0125523012552,0.000910746812386,0.00772275597857,0.00211853208872,0.0186068246033,0.356471641061,0.464873326873,0.19844975527,0.253822180497,0.369102551127
pm_window_test,P3-conf,budget_0.10,0.1,0.761930731343,True,,0.0248565965583,0.0580046403712,0.398039215686,0.0966000291843,0.0478929958291,406,0.0274478330658,0.0601196556253,0.00903254049321,0.129213483146,0.112586605081,,0.0526061776062,0.226470588235,0.0334728033473,0.0147058823529,0.0349866630479,0.0359849623599,0.079665709598,0.344925037481,0.451522079718,0.19739379573,0.255524604479,0.359815262036
pm_window_test,P3-conf,budget_0.20,0.2,0.643048559145,True,,0.0869980879541,0.169373549884,0.374869109948,0.0922302269734,0.143822810298,358,0.0258889147107,0.0575257572236,0.00881555503912,0.119521912351,0.106741573034,,0.0471698113208,0.216753926702,0.133891213389,0.0654228404966,0.10933459738,0.127900791687,0.209610837676,0.32362052403,0.429175588262,0.189071863671,0.245208124379,0.337271492922
pm_window_test,P3-conf,budget_0.30,0.3,0.543815608771,True,,0.166347992352,0.285382830626,0.353211009174,0.0874800302699,0.251833740831,308,0.0249558563861,0.0542840326242,0.00824014125956,0.123404255319,0.0969131371141,,0.0442274554854,0.205275229358,0.251046025105,0.135949742036,0.197889730024,0.234480064655,0.334967620432,0.301100002965,0.40718861293,0.178814537338,0.233573029084,0.313168703973
pm_window_test,P3-conf,risk_0.10,0.1,0.167244819242,True,,0.891013384321,0.988399071926,0.0438596491228,0.0462555066079,0.945634977707,5,0.0143171806167,0.0265540871268,0.00538423886442,0.0888888888889,0.0387096774194,,0.034188034188,0.105263157895,0.949790794979,0.857277838713,0.918309996067,0.97846722023,0.997549169423,0.0097992081448,0.0824765913175,0.0560747663551,0.154555057618,0.131947892751
pm_window_test,P3-conf,risk_0.20,0.2,0.364543567529,True,,0.460803059273,0.665893271462,0.255319148936,0.0724553616463,0.586797066015,144,0.0217643498436,0.043226066781,0.00746494502169,0.078231292517,0.0790598290598,,0.0355285961872,0.171985815603,0.594142259414,0.407652080992,0.511678658828,0.611625429854,0.711011722732,0.208402758681,0.307158257972,0.139704614604,0.207382334026,0.239906464393
pm_window_test,P3-conf,risk_0.30,0.3,0.577652558436,True,,0.137667304015,0.248259860789,0.359201773836,0.0887727183897,0.216021861067,324,0.0253729398736,0.0548172757475,0.00858250276855,0.118852459016,0.100948509485,,0.0437915742794,0.210643015521,0.205020920502,0.110585052742,0.165243151739,0.197838848124,0.297052154195,0.306277056277,0.416205052598,0.183602028802,0.237838442899,0.321366604352
pm_window_test,P3-conf,riskcp_0.10,0.1,0.090875355338,True,,0.997131931166,1,0,0.0481927710843,0.998274126276,0,0.00401606425703,0.0321285140562,0.0120481927711,,0,,0,0,1,0.99343877796,1,1,1,0,0,0,0,0.0837392571723
pm_window_test,P3-conf,riskcp_0.20,0.2,0.260432733221,True,,0.7017208413,0.879350348028,0.166666666667,0.0609052384817,0.805695383288,52,0.0169506807321,0.0377783788657,0.00617617888378,0.0681818181818,0.0577689243028,,0.0410334346505,0.128205128205,0.832635983264,0.656501360707,0.745561747871,0.836352982955,0.911971803097,0.122664516129,0.22225,0.0955189437428,0.165494147316,0.184202820782
pm_window_test,P3-conf,riskcp_0.30,0.3,0.510891358905,True,,0.209369024857,0.352668213457,0.337363966143,0.0848245040716,0.30936286495,279,0.0241295861228,0.0525869530657,0.00810796488315,0.127232142857,0.0940106141016,,0.0426793123889,0.20677146312,0.284518828452,0.175534424296,0.246219259607,0.301743562708,0.403808881576,0.284021138497,0.393730696434,0.178393552341,0.237387040583,0.301533825065
pm_window_test,P3-conf,plugin_0.10,0.1,0.109502579632,True,,0.980879541109,1,0,0.0321903428971,0.993384150726,0,0.0111966410077,0.0174947515745,0.00349895031491,0.2,0.0357142857143,,0.027027027027,0.1,0.991631799163,0.966279999783,0.99333490566,1,1,0,0,0,0.230769230769,0.0996687987851
pm_window_test,P3-conf,plugin_0.20,0.2,0.284873978335,True,,0.637667304015,0.828306264501,0.195250659631,0.0649979814291,0.745289802963,74,0.0183139428194,0.0397841964253,0.00689984218446,0.0732984293194,0.0593220338983,,0.039897039897,0.137203166227,0.782426778243,0.572444467619,0.699208142084,0.781087712124,0.872733047352,0.151612474262,0.243317276406,0.105121293801,0.166666666667,0.199922118857
pm_window_test,P3-conf,plugin_0.30,0.3,0.503111971046,True,,0.216061185468,0.366589327146,0.332926829268,0.0844287699049,0.318279879189,273,0.0240461686438,0.0523493997364,0.00803320152471,0.127802690583,0.0909090909091,,0.0424641148325,0.203658536585,0.301255230126,0.145137048139,0.29159549726,0.265877806195,0.459432419986,0.291315341893,0.376642944039,0.176538186042,0.228233581254,0.299783711162
pm_window_test,P1-retuned,budget_0.01,0.01,0.3417759357,True,,0.0229445506692,0.0440835266821,0.40313111546,0.0977700550246,0.0289083848698,412,0.0275991891109,0.0612800463365,0.00889081957718,0.126865671642,0.112138728324,,0.0541062801932,0.225048923679,0.0376569037657,0.0136359214715,0.03262080392,0.0256976157604,0.063350329561,0.350924938535,0.457774957797,0.196409405387,0.252786094874,
pm_window_test,P1-retuned,budget_0.05,0.05,0.3099848124,True,,0.0592734225621,0.102088167053,0.393292682927,0.0961532740309,0.0703293542356,387,0.0271026091096,0.0603189242257,0.00873174069556,0.124282982792,0.110714285714,,0.0530530530531,0.221544715447,0.0878661087866,0.0434371583018,0.0743571209101,0.0731691396548,0.128607723577,0.340954736033,0.447611695997,0.194331877488,0.247984501725,
pm_window_test,P1-retuned,budget_0.10,0.1,0.2750132743,True,,0.135755258126,0.22969837587,0.367256637168,0.0907310704961,0.180353804113,332,0.0265872763166,0.0554352671464,0.00870852703305,0.112474437628,0.0960415314731,,0.0476445396146,0.21017699115,0.205020920502,0.110671737938,0.159607342716,0.194627943564,0.260143198091,0.316735522599,0.419700510551,0.181818181818,0.239561304837,
pm_window_test,P1-retuned,budget_0.20,0.2,0.2462516827,True,,0.249521988528,0.396751740139,0.331210191083,0.0860553775662,0.308499928089,260,0.0252546043565,0.0520842655403,0.00871650766945,0.109090909091,0.0915972747918,,0.0477356181151,0.19872611465,0.347280334728,0.210373327279,0.286931818182,0.346834390691,0.444451423786,0.279930926067,0.383633561978,0.168287665891,0.229900673152,
pm_window_test,P1-retuned,budget_0.30,0.3,0.2294080299,True,,0.344168260038,0.5313225058,0.294460641399,0.0808937601999,0.422551416655,202,0.0243587935446,0.0479318195555,0.00860314709971,0.10582010582,0.0866551126516,,0.045643153527,0.189504373178,0.456066945607,0.297972850543,0.390143093062,0.476177606178,0.58223088685,0.243164478547,0.349548030648,0.159279407211,0.220294250226,
pm_window_test,P1-retuned,risk_0.10,0.1,-inf,False,,1,1,,,1,0,,,,,,,,,1,1,1,1,1,,,,,
pm_window_test,P1-retuned,risk_0.20,0.2,0.1779263133,True,,0.689292543021,0.858468677494,0.187692307692,0.0681512538565,0.752193297857,61,0.0215568388577,0.0390791867732,0.00751522822562,0.11797752809,0.0676691729323,,0.0409604519774,0.172307692308,0.765690376569,0.641019900498,0.737640402971,0.821002386635,0.89292933848,0.137562656642,0.243158823529,0.124241953698,0.221910022414,
pm_window_test,P1-retuned,risk_0.30,0.3,0.2183986678,True,,0.405353728489,0.605568445476,0.273311897106,0.0780355065944,0.488566086581,170,0.0231517040093,0.0463253527617,0.00855844982334,0.0988023952096,0.0840751730959,,0.0420489296636,0.175241157556,0.543933054393,0.361012770138,0.44905757874,0.5552881692,0.653108960219,0.222730286535,0.328080887742,0.143749522171,0.207340184878,
pm_window_test,P1-retuned,riskcp_0.10,0.1,-inf,False,,1,1,,,1,0,,,,,,,,,1,1,1,1,1,,,,,
pm_window_test,P1-retuned,riskcp_0.20,0.2,-inf,False,,1,1,,,1,0,,,,,,,,,1,1,1,1,1,,,,,
pm_window_test,P1-retuned,riskcp_0.30,0.3,-inf,False,,1,1,,,1,0,,,,,,,,,1,1,1,1,1,,,,,
pm_window_test,P2-retuned,budget_0.01,0.01,0.571712466575,True,,0.00956022944551,0.0139211136891,0.410231660232,0.0990433314575,0.0128002301165,425,0.0277765753286,0.0619742291099,0.00929252701903,0.13123844732,0.11200459506,,0.0551294343241,0.228764478764,0.00836820083682,0.00393964079661,0.0162681616183,0.00448430493274,0.025884644767,0.35670915039,0.465990676744,0.200595682728,0.256566609491,
pm_window_test,P2-retuned,budget_0.05,0.05,0.319394686037,True,,0.0458891013384,0.046403712297,0.411823647295,0.0990546958098,0.0490435783115,411,0.0277598837471,0.0620964479933,0.00919836406945,0.134357005758,0.112244897959,,0.0533932135729,0.228456913828,0.0460251046025,0.0358179373785,0.0564375877243,0.0285714285714,0.0665191822831,0.357290407657,0.468570419941,0.201105931538,0.255231281933,
pm_window_test,P2-retuned,budget_0.10,0.1,0.175698430946,True,,0.129063097514,0.136890951276,0.40834248079,0.0986041280762,0.142528405005,372,0.0279505160095,0.0617557554909,0.00889785657581,0.131465517241,0.116217990808,,0.0531022917831,0.231613611416,0.117154811715,0.106617065864,0.151770142784,0.109133747925,0.165657163349,0.352612593366,0.466147791076,0.202029918646,0.260731984963,
pm_window_test,P2-retuned,budget_0.20,0.2,0.104387582814,True,,0.224665391969,0.22969837587,0.409371146732,0.098687299292,0.244211131886,332,0.0275685928374,0.0623110293151,0.00880767713948,0.133819951338,0.122372372372,,0.0526315789474,0.236744759556,0.196652719665,0.197828809047,0.25225501967,0.192938274862,0.265728963808,0.351213477785,0.469603323438,0.206711942019,0.268032535012,
pm_window_test,P2-retuned,budget_0.30,0.3,0.0771445968345,True,,0.2982791587,0.31090487239,0.404632152589,0.0980123372173,0.321300158205,297,0.0278106631774,0.0614783891,0.00872328493987,0.126721763085,0.122117847993,,0.0540925266904,0.231607629428,0.28870292887,0.269838659148,0.329140227857,0.266519823789,0.354372789422,0.345605994674,0.464448257001,0.200560090732,0.263011734142,
pm_window_test,P2-retuned,risk_0.10,0.1,0.0001709443014,True,,0.863288718929,0.941995359629,0.174825174825,0.0621771391002,0.904789299583,25,0.0223537146614,0.0330609561379,0.00676246830093,0.108108108108,0.0625,,0.0524475524476,0.160839160839,0.903765690377,0.83235729807,0.891592578521,0.91860208995,0.962687385441,0.109751921149,0.255813953488,0.10369047619,0.217948717949,
pm_window_test,P2-retuned,risk_0.20,0.2,0.0002051853873,True,,0.717973231358,0.839907192575,0.233898305085,0.0727202954862,0.781964619589,69,0.0230728642011,0.0418285604643,0.00781887082074,0.103225806452,0.0780141843972,,0.0415944540728,0.166101694915,0.794979079498,0.687213456061,0.747727752448,0.807287946429,0.868352017531,0.178658809651,0.291979225154,0.127582826234,0.205884795779,
pm_window_test,P2-retuned,risk_0.30,0.3,0.0002244951683,True,,0.639579349904,0.7656612529,0.267904509284,0.0770592082484,0.711922910974,101,0.0248528449967,0.0436656022775,0.00854076097411,0.113989637306,0.0824742268041,,0.0444145356662,0.180371352785,0.715481171548,0.604928227044,0.67456851659,0.720615397075,0.803924031924,0.209470379757,0.332432967268,0.144696382429,0.218423251252,
pm_window_test,P2-retuned,riskcp_0.10,0.1,-inf,False,,1,1,,,1,0,,,,,,,,,1,1,1,1,1,,,,,
pm_window_test,P2-retuned,riskcp_0.20,0.2,-inf,False,,1,1,,,1,0,,,,,,,,,1,1,1,1,1,,,,,
pm_window_test,P2-retuned,riskcp_0.30,0.3,0.0001781488032,True,,0.834608030593,0.92807424594,0.179190751445,0.064,0.882640586797,31,0.0225882352941,0.0339607843137,0.00745098039216,0.111111111111,0.0691056910569,,0.0428571428571,0.167630057803,0.878661087866,0.803764545021,0.864997283066,0.902608481548,0.951714003936,0.115606936416,0.248447452229,0.114926108374,0.222955646231,
pm_window_test,P2-retuned,whisper_rule,,1,True,,0.000956022944551,0.00232018561485,0.411483253589,0.0993816380865,0.00143822810298,430,0.0277976582405,0.06233717901,0.00924680083593,0.133455210238,0.112442922374,,0.0556877677297,0.228708133971,0,0,0.00296442687747,0,0.00759541862109,0.358257853888,0.467594792987,0.200382496544,0.256362559575,
pm_window_test,P4,budget_0.01,0.01,0.892618721152,True,P3 score with thresholds re-tuned on PriMock57 recalibration,0.0038240917782,0.0092807424594,0.409788867562,0.098770391839,0.00992377391054,427,0.0277917270471,0.0618964948276,0.00908216996427,0.131868131868,0.112128146453,,0.0549188156638,0.226487523992,0.0125523012552,0.000910746812386,0.00772275597857,0.00211853208872,0.0186068246033,0.356471641061,0.464873326873,0.19844975527,0.253822180497,0.417165484232
pm_window_test,P4,budget_0.05,0.05,0.749410511391,True,P3 score with thresholds re-tuned on PriMock57 recalibration,0.0458891013384,0.104408352668,0.386773547094,0.0945726984882,0.0849992808859,386,0.0269209614841,0.0587177238334,0.00893401317061,0.126923076923,0.109198813056,,0.0506706408346,0.223446893788,0.0669456066946,0.0308449349889,0.0613959737535,0.075,0.133880324544,0.334949834949,0.439616438165,0.19447183421,0.252083992616,0.399955835554
pm_window_test,P4,budget_0.10,0.1,0.648637980571,True,P3 score with thresholds re-tuned on PriMock57 recalibration,0.11759082218,0.218097447796,0.36511375948,0.0900156604558,0.189846109593,337,0.0258237719326,0.0555306976893,0.00866119083384,0.118367346939,0.100724160632,,0.045010845987,0.208017334778,0.196652719665,0.0899788651774,0.146320104715,0.170974236884,0.26605789858,0.312758433143,0.419388859044,0.180847859523,0.236472800441,0.376145264085
pm_window_test,P4,budget_0.20,0.2,0.558935823793,True,P3 score with thresholds re-tuned on PriMock57 recalibration,0.217973231358,0.380510440835,0.326405867971,0.0839920244962,0.321443981015,267,0.0243537705618,0.051609342733,0.00802891120131,0.108545034642,0.0964039785769,,0.0442583732057,0.205378973105,0.297071129707,0.179662449976,0.257580389977,0.327011939482,0.431513049948,0.275943085043,0.381613300185,0.175821260108,0.235998577416,0.347735400703
pm_window_test,P4,budget_0.30,0.3,0.470277695349,True,P3 score with thresholds re-tuned on PriMock57 recalibration,0.366156787763,0.563805104408,0.283559577677,0.076280019108,0.494750467424,188,0.0223216224432,0.0462283406436,0.00773005602119,0.0847953216374,0.081826831589,,0.037397157816,0.170437405732,0.52719665272,0.31718368132,0.413965131822,0.502523697567,0.614776230413,0.235460992908,0.335538874528,0.142642527497,0.202081022145,0.308612400613
pm_window_test,P4,risk_0.10,0.1,-inf,False,P3 score with thresholds re-tuned on PriMock57 recalibration,1,1,,,1,0,,,,,,,,,1,1,1,1,1,,,,,
pm_window_test,P4,risk_0.20,0.2,0.279457938972,True,P3 score with thresholds re-tuned on PriMock57 recalibration,0.750478011472,0.92343387471,0.126436781609,0.0572148640678,0.846541061412,33,0.0176416966057,0.0337819722237,0.00579119523835,0.0701754385965,0.0524934383202,,0.0377358490566,0.122605363985,0.866108786611,0.706100607514,0.792709303426,0.889681066207,0.951393640351,0.0809694272446,0.182203389831,0.0938775510204,0.154867256637,0.208008527125
pm_window_test,P4,risk_0.30,0.3,0.424103984664,True,P3 score with thresholds re-tuned on PriMock57 recalibration,0.456022944551,0.663573085847,0.254833040422,0.0724162936661,0.583489141378,145,0.021254782326,0.0438098572179,0.00735165412218,0.0709219858156,0.075055187638,,0.0360598065084,0.158172231986,0.623430962343,0.399995361781,0.507588444901,0.61004591758,0.708070060278,0.205705357143,0.312139252856,0.127692110226,0.191768190834,0.286094216681
pm_window_test,P4,riskcp_0.10,0.1,-inf,False,P3 score with thresholds re-tuned on PriMock57 recalibration,1,1,,,1,0,,,,,,,,,1,1,1,1,1,,,,,
pm_window_test,P4,riskcp_0.20,0.2,-inf,False,P3 score with thresholds re-tuned on PriMock57 recalibration,1,1,,,1,0,,,,,,,,,1,1,1,1,1,,,,,
pm_window_test,P4,riskcp_0.30,0.3,0.238020685174,True,P3 score with thresholds re-tuned on PriMock57 recalibration,0.836520076482,0.967517401392,0.0818713450292,0.0483514685429,0.915000719114,14,0.0158717172544,0.0267528430009,0.00572690828765,0.0615384615385,0.0379746835443,,0.031339031339,0.093567251462,0.933054393305,0.798682341354,0.871146969506,0.951898336952,0.981819359397,0.0426515075124,0.133813451177,0.0542127971345,0.143791968842,0.181110343777
pm_window_test,P4,plugin_0.10,0.1,0.102926846024,True,,0.996175908222,1,0,0.0238907849829,0.998993240328,0,0.00682593856655,0.0170648464164,0,,0,,0,0,1,0.990467111535,1,1,1,0,0,0,0,0.0993284583465
pm_window_test,P4,plugin_0.20,0.2,0.266077723574,True,,0.778202676864,0.935034802784,0.120689655172,0.0551195254928,0.867683014526,28,0.0177940207297,0.0313941645198,0.00593134024324,0.0631578947368,0.0535714285714,,0.0355648535565,0.120689655172,0.882845188285,0.724731019529,0.829268884105,0.902171111609,0.962352941176,0.0737704918033,0.179174679487,0.0821824408468,0.154767857143,0.19994840015
pm_window_test,P4,plugin_0.30,0.3,0.449855243667,True,,0.400573613767,0.605568445476,0.271132376396,0.0751369863014,0.52667913131,170,0.0222374429224,0.045502283105,0.00739726027397,0.0881458966565,0.0785714285714,,0.035685963521,0.165869218501,0.564853556485,0.318316025385,0.48293499825,0.521481440566,0.673134672261,0.229806027899,0.317616447052,0.137455401165,0.197973134757,0.299898031163
pm_window_test,P4-refit,budget_0.01,0.01,0.774040138922,True,,0.0143403441683,0.0255220417633,0.407371483996,0.0981250540019,0.0199913706314,420,0.0276057717232,0.0612885573572,0.00923072492152,0.129390018484,0.11251435132,,0.0550766283525,0.226964112512,0.0209205020921,0.00676868785965,0.0227505518562,0.00966067447046,0.0416666666667,0.354675367123,0.461411628522,0.198039215686,0.255283048151,0.411898556636
pm_window_test,P4-refit,budget_0.05,0.05,0.656549135181,True,,0.0602294455067,0.122969837587,0.384537131231,0.0938587191853,0.0959298144686,378,0.0265181491049,0.0585609126066,0.00877965747391,0.124045801527,0.106674612634,,0.0495,0.221770091556,0.0878661087866,0.0428557531962,0.0772828636686,0.0890036624043,0.156583364035,0.333650406504,0.437203322785,0.192016255413,0.25105219092,0.397331681508
pm_window_test,P4-refit,budget_0.10,0.1,0.59063086318,True,,0.108030592734,0.211136890951,0.364415862808,0.0904026217228,0.166834459945,340,0.0258114856429,0.0558520599251,0.00873907615481,0.120315581854,0.0987179487179,,0.0481481481481,0.209003215434,0.18410041841,0.0848081837069,0.130944373864,0.168732996502,0.250608888478,0.313744571273,0.417113939831,0.18101520589,0.236576336192,0.38532576098
pm_window_test,P4-refit,budget_0.20,0.2,0.487132211073,True,,0.251434034417,0.429234338747,0.314176245211,0.0819779143774,0.349777074644,246,0.0238444940071,0.0495566556057,0.00857676476455,0.114349775785,0.0857371794872,,0.0421313506815,0.191570881226,0.372384937238,0.211999188641,0.292780468183,0.371858216971,0.48203349018,0.263222428212,0.366623290681,0.163342582672,0.222381009043,0.358220131537
pm_window_test,P4-refit,budget_0.30,0.3,0.450623361231,True,,0.343212237094,0.549883990719,0.282387190684,0.0772503494803,0.451603624335,194,0.02295427379,0.0461314046071,0.00816467108329,0.1015625,0.0759493670886,,0.0392953929539,0.174672489083,0.497907949791,0.294930486594,0.392497893174,0.498930578352,0.599490266008,0.235291942221,0.332355019397,0.144947705183,0.206028104591,0.343009591019
pm_window_test,P4-refit,risk_0.10,0.1,-inf,False,,1,1,,,1,0,,,,,,,,,1,1,1,1,1,,,,,
pm_window_test,P4-refit,risk_0.20,0.2,0.36877600023,True,,0.587954110899,0.807424593968,0.192575406032,0.0667489584941,0.688911261326,83,0.019719179139,0.0399629686777,0.00706681067736,0.0909090909091,0.0729312762973,,0.0383795309168,0.162412993039,0.707112970711,0.531495466291,0.640408280352,0.762940638381,0.847063737189,0.151890858583,0.239536731677,0.128242267289,0.202869625462,0.30248577588
pm_window_test,P4-refit,risk_0.30,0.3,0.450623361231,True,,0.343212237094,0.549883990719,0.282387190684,0.0772503494803,0.451603624335,194,0.02295427379,0.0461314046071,0.00816467108329,0.1015625,0.0759493670886,,0.0392953929539,0.174672489083,0.497907949791,0.294930486594,0.392497893174,0.498930578352,0.599490266008,0.235291942221,0.332355019397,0.144947705183,0.206028104591,0.343009591019
pm_window_test,P4-refit,riskcp_0.10,0.1,-inf,False,,1,1,,,1,0,,,,,,,,,1,1,1,1,1,,,,,
pm_window_test,P4-refit,riskcp_0.20,0.2,-inf,False,,1,1,,,1,0,,,,,,,,,1,1,1,1,1,,,,,
pm_window_test,P4-refit,riskcp_0.30,0.3,-inf,False,,1,1,,,1,0,,,,,,,,,1,1,1,1,1,,,,,
pm_window_test,P4-refit,plugin_0.10,0.1,-inf,False,,1,1,,,1,0,,,,,,,,,1,1,1,1,1,,,,,
pm_window_test,P4-refit,plugin_0.20,0.2,0.205725676373,True,,0.997131931166,1,0,0.0316901408451,0.998705594707,0,0.00704225352113,0.0211267605634,0.00352112676056,,0,,0,0,1,0.993383586424,1,1,1,0,0,0,0,0.19978550456
pm_window_test,P4-refit,plugin_0.30,0.3,0.362344456299,True,,0.604206500956,0.819025522042,0.188405797101,0.0663760776898,0.702142959873,78,0.0195186051729,0.0398384667158,0.0070190058011,0.0964912280702,0.0723589001447,,0.04,0.164251207729,0.715481171548,0.530556513363,0.673543746791,0.766303365636,0.864670112782,0.148315141547,0.231931593992,0.128365483804,0.202570754717,0.299871328965
pm_turn_test,P1,budget_0.01,0.01,0.6318330495,True,,0.00297563697229,0.00815558343789,0.29490766648,0.0890839400977,0.00445859872611,1581,0.0327866516579,0.0446987076274,0.0115985808125,0.0996441281139,0.115191986644,,0.0704824976348,0.0518559970155,0.017667844523,0.00169361555301,0.00434866698313,0.00464730786616,0.0120775785714,0.272923594923,0.317028649705,0.043453385764,0.0606291697549,
pm_turn_test,P1,budget_0.05,0.05,0.5532712038,True,,0.0325460293844,0.0683814303639,0.285467128028,0.0867717143961,0.0345541401274,1485,0.031428448757,0.0442374021439,0.0111058634952,0.0971223021583,0.103606182026,,0.0678368121442,0.0476739715494,0.123674911661,0.0280212049648,0.0374673691947,0.0567043033881,0.0797493099314,0.263744832937,0.308082942019,0.039881877818,0.0559658331025,
pm_turn_test,P1,budget_0.10,0.1,0.5160116508,True,,0.0611865352427,0.113550815558,0.279912836767,0.0848629457676,0.059872611465,1413,0.0302999813141,0.044070086674,0.0104928777795,0.0943738656987,0.0992410974898,,0.0661589719181,0.0455625990491,0.187279151943,0.0533767827065,0.069773598286,0.0982285664249,0.129821733694,0.257717751085,0.302319232587,0.0378373981953,0.0537669920651,
pm_turn_test,P1,budget_0.20,0.2,0.4475078049,True,,0.156034963734,0.217691342535,0.274790656677,0.0814431932995,0.114331210191,1247,0.0279384417144,0.0438112251622,0.00969352642291,0.0854368932039,0.0879256965944,,0.0645161290323,0.0427501101807,0.314487632509,0.14342448756,0.169579801258,0.198371420332,0.239922586696,0.2511214694,0.298873682001,0.0348589823073,0.0514184694455,
pm_turn_test,P1,budget_0.30,0.3,0.4019691294,True,,0.240282685512,0.316185696361,0.266829865361,0.0777672115806,0.179617834395,1090,0.0259626560401,0.0426421530891,0.00916240245136,0.0775681341719,0.0794923179693,,0.0568578553616,0.040146878825,0.420494699647,0.224807554359,0.256391356621,0.293300719032,0.341590950332,0.24340373093,0.29022497874,0.033013366915,0.0482400255534,
pm_turn_test,P1,risk_0.10,0.1,0.189773523,True,,0.891203273201,0.951693851945,0.131623931624,0.0450179679843,0.890286624204,77,0.0135903299575,0.0263312642927,0.00509637373407,0.03125,0.0346020761246,,0.0325814536341,0.0290598290598,0.939929328622,0.871328895623,0.908254336351,0.93527461414,0.964591646715,0.103617094652,0.162876437219,0.015777972028,0.0436324229092,
pm_turn_test,P1,risk_0.20,0.2,0.278703178,True,,0.602194532267,0.727728983689,0.202898550725,0.0626801306548,0.532484076433,434,0.0193420294187,0.0359514100895,0.00738669114665,0.064308681672,0.0536105032823,,0.0340740740741,0.0331930808789,0.749116607774,0.57835133122,0.625235550482,0.702627484245,0.751956854409,0.181346731249,0.2264892994,0.0255634981615,0.0410707515906,
pm_turn_test,P1,risk_0.30,0.3,0.3744039867,True,,0.309280267807,0.400250941029,0.257404415724,0.0749964911186,0.23423566879,956,0.0245309795237,0.041779080829,0.00868643076587,0.0770925110132,0.074232690935,,0.0535254760679,0.0385029617663,0.494699646643,0.292135978059,0.326232331547,0.3727906292,0.430905481925,0.233058078541,0.281914566592,0.0310811072636,0.0469977789834,
pm_turn_test,P1,riskcp_0.10,0.1,-inf,False,,1,1,,,1,0,,,,,,,,,1,1,1,1,1,,,,,
pm_turn_test,P1,riskcp_0.20,0.2,0.2220934634,True,,0.794681048912,0.892095357591,0.155797101449,0.0511250461084,0.779299363057,172,0.0156399852453,0.0296938399115,0.00579122095168,0.0674157303371,0.04,,0.0272479564033,0.0307971014493,0.879858657244,0.774177774818,0.814574769919,0.872886809097,0.909788697031,0.131664916759,0.181399940258,0.0209368624727,0.040744838202,
pm_turn_test,P1,riskcp_0.30,0.3,0.320275504,True,,0.45266877441,0.563989962359,0.236153584777,0.0697512610889,0.361464968153,695,0.0216907288224,0.0400591407201,0.00800139154636,0.0647668393782,0.0687606112054,,0.0418385385975,0.037037037037,0.614840989399,0.430951702341,0.474323095751,0.532012813537,0.59590681275,0.211672959166,0.261527705655,0.0291810859866,0.0458154366376,
pm_turn_test,P2,budget_0.01,0.01,0.512934391887,True,,0.00706713780919,0.00878293601004,0.295935568459,0.089189111418,0.012898089172,1580,0.0329621316759,0.0446736878453,0.0115532918969,0.1,0.118539325843,,0.0702676864245,0.0526315789474,0.00706713780919,0.00484419885978,0.00978062810101,0.00456859719915,0.0141392723976,0.273682120042,0.318073175216,0.0442607514539,0.0611468440032,
pm_turn_test,P2,budget_0.05,0.05,0.19259159146,True,,0.0269667100614,0.0338770388959,0.294342507645,0.0890993399489,0.0606687898089,1540,0.0331082816016,0.0443004516139,0.0116906067334,0.10147601476,0.119131455399,,0.0706059088633,0.0516055045872,0.0459363957597,0.0217710998885,0.0328139145195,0.02393264816,0.0445710493016,0.272416148504,0.316359657474,0.0433788648183,0.0603158465039,
pm_turn_test,P2,budget_0.10,0.1,0.0006024863563,True,,0.0459363957597,0.0633626097867,0.291033138402,0.0887783756648,0.0988853503185,1493,0.0330389219208,0.0440989598858,0.0116404938581,0.101313320826,0.11620795107,,0.0694801852805,0.0495126705653,0.102473498233,0.0391921861877,0.0528277305231,0.049866402527,0.0766261838604,0.268501506093,0.313528857176,0.0414688844472,0.058145457945,
pm_turn_test,P2,budget_0.20,0.2,0.0004959393099,True,,0.122001115864,0.180050188206,0.276848125397,0.0840818402938,0.157802547771,1307,0.0302052366342,0.0435591307251,0.0103174729345,0.0968992248062,0.0994798439532,,0.0652511651994,0.0438466426605,0.268551236749,0.110515969693,0.134220685774,0.163534876269,0.197396327788,0.254468474584,0.299499545896,0.0363675489563,0.0518520431589,
pm_turn_test,P2,budget_0.30,0.3,0.0004378321797,True,,0.206806769574,0.273525721455,0.271512309496,0.0807092681819,0.207802547771,1158,0.0278223909411,0.0431530961535,0.00973378108726,0.0871369294606,0.0889042039972,,0.0640419947507,0.041266119578,0.378091872792,0.192049561533,0.222406033921,0.254064864734,0.295331776993,0.248635350913,0.295769055584,0.0338860197414,0.0494271286235,
pm_turn_test,P2,risk_0.10,0.1,0.000195478109,True,,0.887855681607,0.949811794228,0.132669983416,0.0472409152086,0.88821656051,80,0.0131897711978,0.028532974428,0.00551816958277,0.0612244897959,0.0464285714286,,0.0248756218905,0.0298507462687,0.936395759717,0.867758361751,0.905647412733,0.934447707063,0.962244195413,0.104523016742,0.164258851587,0.018082366612,0.0421409453853,
pm_turn_test,P2,risk_0.20,0.2,0.0002890447874,True,,0.592337734796,0.717063989962,0.205748175182,0.0632475167241,0.552866242038,451,0.019640966732,0.0361961393788,0.00741041061333,0.0627062706271,0.0549065420561,,0.0348297213622,0.0301094890511,0.766784452297,0.567003736681,0.615308767125,0.688887254902,0.743754189049,0.182179082081,0.231103888364,0.0231575321121,0.0371052448499,
pm_turn_test,P2,risk_0.30,0.3,0.0003974052934,True,,0.286591035894,0.367628607277,0.262773722628,0.0770854978718,0.267515923567,1008,0.0257733686363,0.0420953849248,0.00921674431076,0.079006772009,0.0807778608826,,0.0547645125958,0.0377997914494,0.487632508834,0.270108692136,0.302841802625,0.343240454983,0.39360569141,0.239134895364,0.286277473844,0.030806744256,0.0449443943665,
pm_turn_test,P2,riskcp_0.10,0.1,-inf,False,,1,1,,,1,0,,,,,,,,,1,1,1,1,1,,,,,
pm_turn_test,P2,riskcp_0.20,0.2,0.0001347330955,True,,0.979728473126,0.993726474279,0.0917431192661,0.0415603353992,0.981847133758,10,0.0105723660226,0.0247903755013,0.00619759387532,0.125,0.0363636363636,,0.012987012987,0.0366972477064,0.985865724382,0.971623521028,0.986274105757,0.988953326785,0.997581875111,0.0396805752004,0.155963302752,0.00769230769231,0.0825688073394,
pm_turn_test,P2,riskcp_0.30,0.3,0.0003541412737,True,,0.391854193788,0.488080301129,0.249541284404,0.0730656219393,0.346656050955,816,0.0234885584543,0.0409580625056,0.00861900097943,0.0693069306931,0.0743871513102,,0.0496785505552,0.0354740061162,0.590106007067,0.372162346968,0.410341262697,0.460242660355,0.518068039767,0.225845918048,0.273311424237,0.0284915963059,0.0428877167877,
pm_turn_test,P2,whisper_rule,,1,True,,0.00167379579691,0.00313676286073,0.296013412817,0.0892989561348,0.00286624203822,1589,0.0329986880383,0.0446209571616,0.0116793109349,0.0996441281139,0.117483296214,,0.070042593469,0.0525335320417,0.00353356890459,0.000745142611743,0.00276517319212,0.000639335250269,0.00611842217553,0.273651272842,0.31832508861,0.0441422489547,0.0610683801614,
pm_turn_test,P2-rawCR,budget_0.01,0.01,0.67475124375,True,,0.00483541007997,0.00313676286073,0.296953840404,0.090284249767,0.0127388535032,1589,0.0331721808015,0.04536055452,0.0117515144455,0.101083032491,0.119235095613,,0.0713941148095,0.0525135488694,0.00706713780919,0.00301593743783,0.00683561402313,0.000650173948288,0.00593869423122,0.274672046786,0.319494321526,0.0442137758956,0.0610716447193,
pm_turn_test,P2-rawCR,budget_0.05,0.05,0.637755102083,True,,0.0135763436861,0.0069008782936,0.298453996983,0.0914038473135,0.0345541401274,1583,0.0334378580474,0.0459958994151,0.0119700898511,0.101289134438,0.121598147076,,0.0720675944334,0.052036199095,0.0247349823322,0.0104778228593,0.0173521535008,0.00308832612724,0.0110753369044,0.276127767538,0.320675790055,0.0436542676978,0.0607131733525,
pm_turn_test,P2-rawCR,budget_0.10,0.1,0.618530020833,True,,0.0254788915752,0.0200752823087,0.298091603053,0.0921377660997,0.0675159235669,1562,0.0339380398697,0.0459272778766,0.0122724483534,0.103969754253,0.120977353993,,0.0737113402062,0.0513358778626,0.0494699646643,0.0207975826739,0.0311121351767,0.0128367377915,0.0282995559439,0.275739406616,0.320016774405,0.0431181375438,0.060043598855,
pm_turn_test,P2-rawCR,budget_0.20,0.2,0.592369477917,True,,0.0503998512182,0.043287327478,0.298668233451,0.0931924238265,0.135031847134,1525,0.0343981608564,0.046321712874,0.0124725500961,0.105263157895,0.126733921816,,0.0740537575425,0.0509204857031,0.0812720848057,0.0426426642665,0.0596627824208,0.0300508830991,0.0571608357017,0.276463882489,0.320316689654,0.0429392416755,0.0593822519552,
pm_turn_test,P2-rawCR,budget_0.30,0.3,0.562106918333,True,,0.082573925981,0.0721455457967,0.29981755524,0.0943562272814,0.214649681529,1479,0.0351253108858,0.0466041706524,0.0126267457433,0.105726872247,0.130551816958,,0.0766400980993,0.0510845327387,0.109540636042,0.069881750767,0.0964395498052,0.0529843645205,0.0931613427356,0.277690479342,0.321407103788,0.042682450953,0.0598505726688,
pm_turn_test,P2-rawCR,risk_0.10,0.1,-inf,False,,1,1,,,1,0,,,,,,,,,1,1,1,1,1,,,,,
pm_turn_test,P2-rawCR,risk_0.20,0.2,-inf,False,,1,1,,,1,0,,,,,,,,,1,1,1,1,1,,,,,
pm_turn_test,P2-rawCR,risk_0.30,0.3,-inf,False,,1,1,,,1,0,,,,,,,,,1,1,1,1,1,,,,,
pm_turn_test,P2-rawCR,riskcp_0.10,0.1,-inf,False,,1,1,,,1,0,,,,,,,,,1,1,1,1,1,,,,,
pm_turn_test,P2-rawCR,riskcp_0.20,0.2,-inf,False,,1,1,,,1,0,,,,,,,,,1,1,1,1,1,,,,,
pm_turn_test,P2-rawCR,riskcp_0.30,0.3,-inf,False,,1,1,,,1,0,,,,,,,,,1,1,1,1,1,,,,,
pm_turn_test,P2-rawCR,whisper_rule,,1,True,,0,0,0.296447833364,0.089442126102,0,1594,0.0329995869711,0.0447637901813,0.0116787489496,0.0996441281139,0.117581808098,,0.0709219858156,0.0526315789474,0,0,0,0,0,0.274154282832,0.318809790705,0.0443108350871,0.0612486802644,
pm_turn_test,P3,budget_0.01,0.01,0.962295545324,True,,0.00650920587688,0.0163111668758,0.293523025084,0.0888369374635,0.00764331210191,1568,0.0326581231914,0.0445752733389,0.0116035409331,0.0980392156863,0.112541993281,,0.0704824976348,0.0507300636466,0.0424028268551,0.00435773047369,0.00883693347585,0.0107078464001,0.0223100774993,0.271058783352,0.316091094141,0.0426317557273,0.059418531782,0.34187790972
pm_turn_test,P3,budget_0.05,0.05,0.863718682561,True,,0.0334759159383,0.0765370138018,0.28324033096,0.0858673637944,0.0480891719745,1472,0.0307387351154,0.0440971573852,0.0110314712938,0.086876155268,0.103567318757,,0.0649474689589,0.0457956513373,0.159010600707,0.0281132066971,0.0390990973427,0.0621502266302,0.0919041385001,0.260911313489,0.305765950712,0.0379445518862,0.0542268028241,0.326006672669
pm_turn_test,P3,budget_0.10,0.1,0.763977861825,True,,0.072159196578,0.153701380176,0.270394868711,0.0821969807574,0.103503184713,1349,0.0287762431746,0.0430694659386,0.0103512716442,0.0812854442344,0.0949253731343,,0.0627737226277,0.0420926037282,0.257950530035,0.0631585491149,0.081238874392,0.135241336013,0.173731809701,0.248905894689,0.292304153367,0.0352745701143,0.0494610991233,0.305684246058
pm_turn_test,P3,budget_0.20,0.2,0.646217790052,True,,0.133903663753,0.253450439147,0.255529310715,0.0777791236411,0.182006369427,1190,0.025981891409,0.042107016322,0.00969021591012,0.0825147347741,0.0861850443599,,0.0592705167173,0.0392956839167,0.353356890459,0.121397079605,0.147263898419,0.231683619054,0.276247226088,0.233840623,0.277127551387,0.0328959822931,0.0461096192709,0.277276545592
pm_turn_test,P3,budget_0.30,0.3,0.54416895558,True,,0.209782406546,0.37139272271,0.235820192987,0.0718713488251,0.29474522293,1002,0.0231403349344,0.0399844216539,0.00874659223679,0.0728476821192,0.0759581881533,,0.0514223194748,0.0355377735938,0.466431095406,0.194470212833,0.226456413429,0.345051889867,0.398498869552,0.213305626376,0.257371456516,0.0294936197149,0.0421183692002,0.246834448529
pm_turn_test,P3,risk_0.10,0.1,0.178295897782,True,,0.694253301097,0.881430363864,0.11496350365,0.0391302543674,0.849840764331,189,0.0124071538238,0.0214116768331,0.00531142371053,0.0434782608696,0.0320512820513,,0.0311572700297,0.0133819951338,0.922261484099,0.665473971982,0.723463896622,0.8624251441,0.898940897881,0.096965637706,0.135263241232,0.00804594144759,0.0194725657508,0.111838853239
pm_turn_test,P3,risk_0.20,0.2,0.386028364987,True,,0.366375302213,0.57590966123,0.198415027884,0.060419041629,0.51050955414,676,0.0192617634341,0.0339439443374,0.00721333385746,0.0666666666667,0.0597920277296,,0.0419161676647,0.0272967420018,0.671378091873,0.343704678683,0.39070373984,0.546320718037,0.605123593735,0.178631741821,0.217534957123,0.0221336624979,0.0325916119608,0.194558682085
pm_turn_test,P3,risk_0.30,0.3,0.592597206394,True,,0.173144876325,0.31869510665,0.244264507422,0.0745926959685,0.242515923567,1086,0.024383359729,0.0410988976526,0.00911043858686,0.0741525423729,0.0818363273453,,0.0561385099685,0.0373369320738,0.413427561837,0.158829345459,0.188120603489,0.292742940679,0.34644100905,0.221204194597,0.266330720719,0.0311133647262,0.0439344740024,0.261097832458
pm_turn_test,P3,riskcp_0.10,0.1,0.0975946777783,True,,0.883392226148,0.966122961104,0.0861244019139,0.0283347340617,0.962420382166,54,0.00936486973226,0.015247928923,0.00372193540641,0.0769230769231,0.0310559006211,,0.0227272727273,0.0111642743222,0.975265017668,0.865240587399,0.900923878576,0.956019651904,0.974907486561,0.0638213441405,0.111904743676,0.0031007751938,0.0208355125523,0.0703682193723
pm_turn_test,P3,riskcp_0.20,0.2,0.307483207014,True,,0.468290868514,0.691342534504,0.172088142707,0.0541485123139,0.629936305732,492,0.0170320836925,0.0307556094038,0.0063608192176,0.0620437956204,0.0498938428875,,0.0370656370656,0.0227352221056,0.770318021201,0.441699647223,0.496223638719,0.663782596858,0.718951234226,0.151392948528,0.192069529781,0.017235652666,0.0285821169073,0.165725449168
pm_turn_test,P3,riskcp_0.30,0.3,0.522892510296,True,,0.225032546029,0.393977415307,0.231821454284,0.0705218152104,0.31974522293,966,0.0227148917906,0.039189791505,0.00861713191475,0.0719101123596,0.0749646393211,,0.0489432703003,0.0352771778258,0.480565371025,0.20888483561,0.242636581305,0.366768139815,0.421857763163,0.210113349766,0.252818339258,0.0292261662968,0.041877414356,0.241208632149
pm_turn_test,P3,plugin_0.10,0.1,0.153607035723,True,,0.748930630463,0.9121706399,0.103703703704,0.0359753252812,0.88949044586,140,0.0120263335234,0.019283603753,0.00466538800477,0.06,0.0315789473684,,0.0286259541985,0.0118518518519,0.943462897527,0.715880989711,0.7831340975,0.893504642817,0.93093173004,0.0850643557278,0.122357023641,0.00587391068462,0.01930509696,0.0999887374302
pm_turn_test,P3,plugin_0.20,0.2,0.400747358719,True,,0.34870745769,0.556461731493,0.20188463735,0.061422186415,0.490127388535,707,0.0197770999981,0.0342022980568,0.00744278836009,0.0698324022346,0.0615514333895,,0.0434219053791,0.0282695602513,0.650176678445,0.309160122005,0.3911346367,0.51531274627,0.598591666084,0.182978118956,0.219603389292,0.0230135646775,0.0335072808649,0.199974159511
pm_turn_test,P3,plugin_0.30,0.3,0.743923150499,True,,0.0838757671564,0.176286072773,0.266544863987,0.0813336664071,0.118630573248,1313,0.028286776483,0.0428636503901,0.0101832395339,0.0815939278937,0.0921131848284,,0.0618860510806,0.0412099066179,0.282685512367,0.0571722632337,0.113888271723,0.129281760322,0.218789821769,0.248370908155,0.285717198194,0.0349827903931,0.0484337687878,0.299949090336
pm_turn_test,P3-conf,budget_0.01,0.01,0.960353872137,True,,0.00948484284917,0.025721455458,0.291588434097,0.0884290685072,0.0125796178344,1553,0.0324282699219,0.0445353944441,0.0114654041412,0.0964285714286,0.109735509285,,0.0691615348176,0.0493803980473,0.0706713780919,0.0067776936417,0.0125636142752,0.0180449283608,0.0339755467801,0.26905565533,0.314087155389,0.041108921577,0.0580706946023,0.394205168173
pm_turn_test,P3-conf,budget_0.05,0.05,0.860540159006,True,,0.0490980100428,0.11104140527,0.277136710346,0.084396764286,0.0679936305732,1417,0.0297472278698,0.0440224365907,0.0106270998255,0.090405904059,0.0986573263281,,0.0646861523718,0.0445922159202,0.194346289753,0.0421159564357,0.0561988089642,0.0947009064295,0.128491713098,0.255220561039,0.299437418048,0.036922222209,0.0526531055973,0.372690956662
pm_turn_test,P3-conf,budget_0.10,0.1,0.761930731343,True,,0.103589362098,0.20765370138,0.262033195021,0.0800933930339,0.136942675159,1263,0.0271460448346,0.0430317270323,0.00991562116712,0.0815939278937,0.0900183710961,,0.0620689655172,0.0404564315353,0.310954063604,0.0941374177614,0.113291272081,0.187805771737,0.228938971353,0.240130118923,0.283538151409,0.0335965608858,0.0479838513708,0.34605787279
pm_turn_test,P3-conf,budget_0.20,0.2,0.643048559145,True,,0.18169983262,0.324341279799,0.244772727273,0.0751694200681,0.233439490446,1077,0.023999875082,0.0421598326098,0.00900971237625,0.0770833333333,0.078313253012,,0.0549738219895,0.0370454545455,0.424028268551,0.168720718918,0.195687948582,0.297750460422,0.352694848206,0.221137556068,0.267803402941,0.0308786696078,0.0437286399664,0.312197470221
pm_turn_test,P3-conf,budget_0.30,0.3,0.543815608771,True,,0.275432397248,0.461104140527,0.220482546201,0.0684322575151,0.360191082803,859,0.0208805245678,0.0395639955718,0.00798773737546,0.0719257540603,0.0703812316716,,0.0450656018254,0.0338809034908,0.533568904594,0.257683200821,0.293778355462,0.431945104273,0.490304910418,0.199304296567,0.241705600536,0.0279701462314,0.0400108925729,0.27600484121
pm_turn_test,P3-conf,risk_0.10,0.1,0.167244819242,True,,0.81606843965,0.944792973651,0.0889787664307,0.0340774786605,0.917356687898,88,0.0101116217991,0.02028890348,0.00367695338148,0.0547945205479,0.0325732899023,,0.0254041570439,0.0131445904954,0.95406360424,0.792815603392,0.838927559204,0.929250057402,0.957656446545,0.0714285714286,0.108027750248,0.00622210708117,0.0210895888754,0.121155123185
pm_turn_test,P3-conf,risk_0.20,0.2,0.364543567529,True,,0.472568346662,0.694479297365,0.171720733427,0.0547723332421,0.617675159236,487,0.0164932931837,0.0320740943517,0.00620494570673,0.0688405797101,0.0462487153135,,0.0337331334333,0.0232722143865,0.766784452297,0.448768191871,0.497504512998,0.666431096708,0.723139258095,0.150354547498,0.192962767758,0.0177103115625,0.0292443543533,0.210670034267
pm_turn_test,P3-conf,risk_0.30,0.3,0.577652558436,True,,0.242514413242,0.408406524467,0.231524674687,0.0713347346295,0.308280254777,943,0.021971886495,0.0410043352601,0.00835851287441,0.0704845814978,0.0715297450425,,0.0496414782129,0.0343726982568,0.505300353357,0.22641684068,0.259329539593,0.380579455418,0.438291873624,0.209399080288,0.253504790994,0.0282379967761,0.0406825160488,0.288363428479
pm_turn_test,P3-conf,riskcp_0.10,0.1,0.090875355338,True,,0.966524084062,0.989962358846,0.0888888888889,0.0282439623414,0.989012738854,16,0.00777732296357,0.0176013098649,0.00286532951289,0.2,0.0555555555556,,0.027397260274,0.0222222222222,0.985865724382,0.956367492381,0.975483967378,0.983216054289,0.995407633961,0.0416612694301,0.149708083832,0,0.0540540540541,0.0775772409117
pm_turn_test,P3-conf,riskcp_0.20,0.2,0.260432733221,True,,0.635484470895,0.828732747804,0.139285714286,0.0462914769031,0.773407643312,273,0.0138256343526,0.0271958360442,0.00527000650618,0.0534759358289,0.0425867507886,,0.0309392265193,0.0188775510204,0.86925795053,0.608573478082,0.663176654918,0.804430266186,0.850267986179,0.118990111547,0.160870504273,0.0127042830998,0.0256029657945,0.166572231188
pm_turn_test,P3-conf,riskcp_0.30,0.3,0.510891358905,True,,0.309466245118,0.5,0.214651225424,0.0667307110708,0.402707006369,797,0.0203874686449,0.0386757040437,0.00766753838217,0.0712530712531,0.068992248062,,0.0445103857567,0.0323188796122,0.575971731449,0.290845698281,0.328909771691,0.468705911899,0.5310738283,0.19264038692,0.235928387095,0.0265925434738,0.0383798835895,0.263573533773
pm_turn_test,P3-conf,plugin_0.10,0.1,0.129511507496,True,,0.897526501767,0.97365119197,0.0762250453721,0.0293279506056,0.960668789809,42,0.00831156494894,0.01674186654,0.0042745191166,0.0882352941176,0.0276243093923,,0.0294117647059,0.016333938294,0.968197879859,0.876076280407,0.917868369498,0.963173579109,0.982289834875,0.0546548220835,0.102294504854,0.00608781812765,0.0277789143481,0.0999949475254
pm_turn_test,P3-conf,plugin_0.20,0.2,0.33277588239,True,,0.510507718058,0.727728983689,0.164893617021,0.0532654006484,0.652070063694,434,0.0158942980425,0.0315691962653,0.00580190634065,0.0656370656371,0.0456062291435,,0.0325732899023,0.0227963525836,0.787985865724,0.470767443653,0.55304398787,0.692910920331,0.763527242208,0.145121987553,0.183272020114,0.0170229190883,0.0277454430364,0.199980532823
pm_turn_test,P3-conf,plugin_0.30,0.3,0.607754880462,True,,0.212572066208,0.367628607277,0.23807274445,0.0728427045353,0.274681528662,1008,0.0231081686177,0.0411309409582,0.00860359495938,0.0726495726496,0.0761316872428,,0.0536193029491,0.0361360415683,0.459363957597,0.180194484628,0.249306116206,0.330251809755,0.409991177583,0.216611289676,0.257596095628,0.030169124383,0.0418123672557,0.299939327632
pm_turn_test,P1-retuned,budget_0.01,0.01,0.6104286837,True,,0.00688116049842,0.0156838143036,0.293820224719,0.088645858583,0.0100318471338,1569,0.0326094705773,0.0445296793236,0.0115067086821,0.0996441281139,0.112975391499,,0.0696022727273,0.0511235955056,0.0353356890459,0.00473732657139,0.0090992824107,0.0104297487208,0.0208717130263,0.271669756579,0.316078332439,0.0429336100353,0.0597971188398,
pm_turn_test,P1-retuned,budget_0.05,0.05,0.5280023395,True,,0.048912032732,0.094730238394,0.282166601486,0.0855880412016,0.05,1443,0.0306860241586,0.0441425415316,0.0107594755114,0.0958408679928,0.100752750434,,0.0669833729216,0.0461478294877,0.166077738516,0.0421220083679,0.0564875821009,0.0819666670307,0.108812543709,0.259981279937,0.304648598685,0.0384464356226,0.0545428373514,
pm_turn_test,P1-retuned,budget_0.10,0.1,0.4906446513,True,,0.092988655384,0.147427854454,0.278654910806,0.0837489699441,0.0775477707006,1359,0.0295354989808,0.0440502522734,0.0101632186899,0.0924214417745,0.0948121645796,,0.0654250238777,0.0446996104162,0.229681978799,0.0835171927968,0.103993047001,0.130680201128,0.165651632333,0.25604785942,0.301356775253,0.0368395243602,0.052991356806,
pm_turn_test,P1-retuned,budget_0.20,0.2,0.4335459846,True,,0.178352241027,0.23964868256,0.274332277048,0.0807987032125,0.126910828025,1212,0.0275567344533,0.0436486884763,0.00959328028294,0.0867850098619,0.0848522941546,,0.0637989366844,0.0425531914894,0.335689045936,0.16457552976,0.192504434211,0.219722411499,0.262340306752,0.250898034869,0.298260336756,0.0346964919076,0.0511237932832,
pm_turn_test,P1-retuned,budget_0.30,0.3,0.3858401238,True,,0.280639761949,0.366373902133,0.261116856256,0.076189743984,0.210987261146,1010,0.0252018144076,0.0421157838087,0.00887214576766,0.0757575757576,0.0751043115438,,0.0554143365531,0.0382626680455,0.47703180212,0.264069047943,0.298003405476,0.341010529322,0.394470022912,0.237160022859,0.285136552455,0.0306864577054,0.0465711696063,
pm_turn_test,P1-retuned,risk_0.10,0.1,0.2315435639,True,,0.767714338851,0.870765370138,0.164931945556,0.0528717389148,0.745382165605,206,0.0163012928612,0.0305525245511,0.0060179215025,0.0695187165775,0.0441696113074,,0.0289855072464,0.0320256204964,0.858657243816,0.745703293712,0.788748173611,0.849996778351,0.890959963193,0.142967774878,0.189084405027,0.0223238967762,0.0424442580585,
pm_turn_test,P1-retuned,risk_0.20,0.2,0.4025982484,True,,0.238608889715,0.314930991217,0.266731802638,0.0777876680295,0.17898089172,1092,0.0259795120921,0.0426202797097,0.00918787622769,0.0794979079498,0.079386257505,,0.0568578553616,0.0403028822667,0.416961130742,0.223572929598,0.254567435895,0.291687266144,0.340664077302,0.243276977634,0.289920020814,0.0329273432969,0.0485437542384,
pm_turn_test,P1-retuned,risk_0.30,0.3,0.7420929356,True,,0,0,0.296447833364,0.089442126102,0,1594,0.0329995869711,0.0447637901813,0.0116787489496,0.0996441281139,0.117581808098,,0.0709219858156,0.0526315789474,0,0,0,0,0,0.274154282832,0.318809790705,0.0443108350871,0.0612486802644,
pm_turn_test,P1-retuned,riskcp_0.10,0.1,-inf,False,,1,1,,,1,0,,,,,,,,,1,1,1,1,1,,,,,
pm_turn_test,P1-retuned,riskcp_0.20,0.2,0.3377481699,True,,0.400223172773,0.510037641154,0.242170542636,0.0713204093519,0.317515923567,781,0.0224977119561,0.0405358182877,0.00828687910808,0.0663390663391,0.0726698262243,,0.0444319460067,0.0381395348837,0.565371024735,0.379512808218,0.42115185327,0.479476476645,0.541004398042,0.218688222216,0.266739973174,0.0304505829956,0.0468252841964,
pm_turn_test,P1-retuned,riskcp_0.30,0.3,0.7420929356,True,,0,0,0.296447833364,0.089442126102,0,1594,0.0329995869711,0.0447637901813,0.0116787489496,0.0996441281139,0.117581808098,,0.0709219858156,0.0526315789474,0,0,0,0,0,0.274154282832,0.318809790705,0.0443108350871,0.0612486802644,
pm_turn_test,P2-retuned,budget_0.01,0.01,0.303202399565,True,,0.0159940487261,0.0213299874529,0.29484029484,0.0890079248606,0.0342356687898,1560,0.0328734957441,0.0445406515996,0.0115937775169,0.100900900901,0.117916428163,,0.0704156479218,0.0521640521641,0.0247349823322,0.0119831895733,0.0208597976803,0.0136421885472,0.0315296157256,0.272836325973,0.316707227057,0.0437812001111,0.0606828482048,
pm_turn_test,P2-retuned,budget_0.05,0.05,0.0005679810091,True,,0.0600706713781,0.0941028858218,0.285714285714,0.0875772393516,0.113057324841,1444,0.0323108127231,0.0438672347919,0.0113991918366,0.101694915254,0.109733415995,,0.0685213807316,0.0474871388999,0.151943462898,0.0520871490957,0.0681442542196,0.0777169910235,0.110165869986,0.262982859724,0.308393876018,0.0398686435195,0.0556212914164,
pm_turn_test,P2-retuned,budget_0.10,0.1,0.0005105402881,True,,0.103403384787,0.159974905897,0.277743206804,0.084667648596,0.14872611465,1339,0.0305665098747,0.0435691547489,0.0105319839724,0.0959692898273,0.101412066752,,0.0662183135023,0.0439742791952,0.250883392226,0.0937256375214,0.113655858331,0.142295549933,0.177310859873,0.255209552337,0.300679952455,0.0364870894834,0.051850299771,
pm_turn_test,P2-retuned,budget_0.20,0.2,0.0004455861043,True,,0.194346289753,0.26035131744,0.27216066482,0.0811575001616,0.200159235669,1179,0.0280488593033,0.0433173915853,0.00979124927293,0.0864197530864,0.0907230559345,,0.0649554740702,0.0413204062789,0.367491166078,0.17989224416,0.209656581286,0.240481492651,0.281939960606,0.248770746818,0.296045308872,0.0338411775558,0.04954387749,
pm_turn_test,P2-retuned,budget_0.30,0.3,0.000399698744,True,,0.282313557746,0.361355081556,0.263798911635,0.077210002509,0.264968152866,1018,0.0259262356778,0.0420339550054,0.00924981182571,0.0782997762864,0.0817843866171,,0.0561920349154,0.0383519046385,0.47703180212,0.264991619873,0.29848048412,0.336506894554,0.387138134078,0.239774775664,0.287279770809,0.0313587187808,0.0454782263337,
pm_turn_test,P2-retuned,risk_0.10,0.1,0.0002360968223,True,,0.775339408592,0.879548306148,0.158940397351,0.0514945357169,0.773407643312,192,0.0162481001665,0.0291669682275,0.00607946732286,0.0648648648649,0.0454545454545,,0.0260416666667,0.0289735099338,0.876325088339,0.751992662189,0.796331472956,0.859163525644,0.898305574323,0.138297215655,0.181148159741,0.0197663971249,0.0387104039523,
pm_turn_test,P2-retuned,risk_0.20,0.2,0.0004291032307,True,,0.2228008183,0.291718946048,0.270160325437,0.0800939595126,0.218152866242,1129,0.0274211702527,0.0430321517707,0.00964063748919,0.0840336134454,0.0864714086471,,0.0623020063358,0.0406795884183,0.399293286219,0.20700962894,0.238444296424,0.270151133501,0.31418181266,0.246496697151,0.294542891236,0.0330106695508,0.048922351133,
pm_turn_test,P2-retuned,risk_0.30,0.3,2.50033742472,True,,0,0,0.296447833364,0.089442126102,0,1594,0.0329995869711,0.0447637901813,0.0116787489496,0.0996441281139,0.117581808098,,0.0709219858156,0.0526315789474,0,0,0,0,0,0.274154282832,0.318809790705,0.0443108350871,0.0612486802644,
pm_turn_test,P2-retuned,riskcp_0.10,0.1,0.0001624048325,True,,0.949786126093,0.983688833124,0.0962962962963,0.0397165214824,0.957165605096,26,0.0116639598405,0.0233279196811,0.00472464196073,0.0681818181818,0.0245901639344,,0.0265957446809,0.0259259259259,0.975265017668,0.935291765366,0.962264902454,0.973898649166,0.991436261198,0.0583934505382,0.136363636364,0.00803052848846,0.0497925311203,
pm_turn_test,P2-retuned,riskcp_0.20,0.2,0.0003529312453,True,,0.395015808071,0.490589711418,0.249615739318,0.0730392244381,0.348566878981,812,0.0234418239274,0.0409562407384,0.00864115977219,0.0671641791045,0.0746395250212,,0.0498241500586,0.0353519827851,0.593639575972,0.37473544103,0.413680025959,0.46322808858,0.520180238665,0.225590221053,0.27320701973,0.0283018142458,0.0427711858328,
pm_turn_test,P2-retuned,riskcp_0.30,0.3,2.50033742472,True,,0,0,0.296447833364,0.089442126102,0,1594,0.0329995869711,0.0447637901813,0.0116787489496,0.0996441281139,0.117581808098,,0.0709219858156,0.0526315789474,0,0,0,0,0,0.274154282832,0.318809790705,0.0443108350871,0.0612486802644,
pm_turn_test,P2-retuned,whisper_rule,,1,True,,0.00167379579691,0.00313676286073,0.296013412817,0.0892989561348,0.00286624203822,1589,0.0329986880383,0.0446209571616,0.0116793109349,0.0996441281139,0.117483296214,,0.070042593469,0.0525335320417,0.00353356890459,0.000745142611743,0.00276517319212,0.000639335250269,0.00611842217553,0.273651272842,0.31832508861,0.0441422489547,0.0610683801614,
pm_turn_test,P4,budget_0.01,0.01,0.742202404509,True,P3 score with thresholds re-tuned on PriMock57 recalibration,0.00855495629533,0.0219573400251,0.292440442694,0.0886341275613,0.0101910828025,1559,0.0325391053885,0.0445879853417,0.0115070368311,0.0980392156863,0.111173498035,,0.0696022727273,0.0502719939974,0.0530035335689,0.00583642036519,0.0116079982922,0.0144104641099,0.0300703774792,0.270099941019,0.314932706554,0.0421980307969,0.0589588875385,0.242601574042
pm_turn_test,P4,budget_0.05,0.05,0.56319015829,True,P3 score with thresholds re-tuned on PriMock57 recalibration,0.0390552352613,0.0897114178168,0.28082059222,0.0851568906729,0.0574840764331,1451,0.0303566547254,0.0439236335909,0.0108766023566,0.0855018587361,0.101910828025,,0.0645315487572,0.0450938649119,0.17667844523,0.0330513994647,0.0451184505206,0.0739522100839,0.107301804295,0.25847561096,0.303637548239,0.0373661950635,0.0534891628642,0.230090617439
pm_turn_test,P4,budget_0.10,0.1,0.453428600727,True,P3 score with thresholds re-tuned on PriMock57 recalibration,0.0931746326948,0.188833124216,0.265176374077,0.0806267848423,0.132324840764,1293,0.0277880532086,0.042762233106,0.0100764985277,0.0833333333333,0.0924012158055,,0.0617588932806,0.0414273995078,0.286219081272,0.0824324451864,0.10389127129,0.168489081156,0.210210543668,0.243276599096,0.287245372642,0.0345180281623,0.0487571834085,0.213838327972
pm_turn_test,P4,budget_0.20,0.2,0.337902790728,True,P3 score with thresholds re-tuned on PriMock57 recalibration,0.212944020829,0.374529485571,0.235586011342,0.0717994628469,0.297611464968,997,0.0230161959795,0.0400260437861,0.00875722308131,0.0728476821192,0.0761705101328,,0.0515350877193,0.0356805293006,0.466431095406,0.197148631688,0.229650444257,0.34755553327,0.401980849121,0.212861880851,0.257207012023,0.0296467161048,0.0423178928093,0.187477786933
pm_turn_test,P4,budget_0.30,0.3,0.279300326091,True,P3 score with thresholds re-tuned on PriMock57 recalibration,0.318393156035,0.525094102886,0.206548431105,0.0629237912736,0.456210191083,757,0.0201392983491,0.0351193985849,0.00766509433962,0.0687830687831,0.0635048231511,,0.0445820433437,0.0300136425648,0.611307420495,0.297063501135,0.339289617726,0.49582425076,0.553183302225,0.186001111299,0.22668539832,0.0241687858877,0.03626820419,0.169016293757
pm_turn_test,P4,risk_0.10,0.1,0.177082818449,True,P3 score with thresholds re-tuned on PriMock57 recalibration,0.617072717129,0.819322459222,0.139873725109,0.044872007153,0.78423566879,288,0.0142729410206,0.0248700202007,0.00572904593172,0.048128342246,0.0405844155844,,0.0303738317757,0.0179698882953,0.86925795053,0.588623040446,0.645831891444,0.793194277762,0.844464799485,0.120160907684,0.162010062302,0.0122174068905,0.0242469795243,0.126119925107
pm_turn_test,P4,risk_0.20,0.2,0.394900157199,True,P3 score with thresholds re-tuned on PriMock57 recalibration,0.139482983076,0.262860727729,0.253944240329,0.0773358873788,0.189968152866,1175,0.0257836966767,0.0419441150537,0.00960807564839,0.0825147347741,0.0867346938776,,0.0580152671756,0.0395504646639,0.353356890459,0.126654712206,0.153106233901,0.239817413204,0.286665194895,0.232494635504,0.275040989188,0.0331089218234,0.0464285714286,0.202680585208
pm_turn_test,P4,risk_0.30,0.3,0.932296673632,True,P3 score with thresholds re-tuned on PriMock57 recalibration,0.000371954621536,0.00125470514429,0.296186046512,0.0893785519962,0.000796178343949,1592,0.0329881635734,0.044724884983,0.0116655034398,0.0996441281139,0.117157134925,,0.0709219858156,0.0524651162791,0.00353356890459,0,0.000965437343116,0,0.00333338892595,0.273864653832,0.318388702435,0.0441046340354,0.0610102643952,0.247148884161
pm_turn_test,P4,riskcp_0.10,0.1,-inf,False,P3 score with thresholds re-tuned on PriMock57 recalibration,1,1,,,1,0,,,,,,,,,1,1,1,1,1,,,,,
pm_turn_test,P4,riskcp_0.20,0.2,0.320549524392,True,P3 score with thresholds re-tuned on PriMock57 recalibration,0.238794867026,0.410288582183,0.229660395798,0.070012921848,0.335668789809,940,0.022588061555,0.0388662337009,0.00855862659216,0.0732265446224,0.0731707317073,,0.0484234234234,0.0344490593697,0.501766784452,0.222096174838,0.256617221493,0.382014078134,0.439018626743,0.207770467844,0.250621393008,0.0283179304355,0.0410767210723,0.182687986603
pm_turn_test,P4,riskcp_0.30,0.3,0.932296673632,True,P3 score with thresholds re-tuned on PriMock57 recalibration,0.000371954621536,0.00125470514429,0.296186046512,0.0893785519962,0.000796178343949,1592,0.0329881635734,0.044724884983,0.0116655034398,0.0996441281139,0.117157134925,,0.0709219858156,0.0524651162791,0.00353356890459,0,0.000965437343116,0,0.00333338892595,0.273864653832,0.318388702435,0.0441046340354,0.0610102643952,0.247148884161
pm_turn_test,P4,plugin_0.10,0.1,0.126740097615,True,,0.811790961503,0.946047678795,0.0849802371542,0.0314854299929,0.929458598726,86,0.0102345415778,0.0170575692964,0.00419331911869,0.0746268656716,0.025641025641,,0.0212201591512,0.0118577075099,0.957597173145,0.781703721661,0.841135081136,0.930137371522,0.959224038948,0.0671478936713,0.105316438564,0.00581367234942,0.0190915857737,0.0999961335612
pm_turn_test,P4,plugin_0.20,0.2,0.384260195473,True,,0.151757485587,0.284818067754,0.249945187459,0.0762410259557,0.208598726115,1140,0.0253727679941,0.0415107074922,0.00935755046941,0.0848484848485,0.0833872010343,,0.0577119509704,0.0390265292699,0.371024734982,0.120359629784,0.187234213563,0.2343357987,0.333740552651,0.231807958135,0.267397377678,0.0328148152041,0.04487867726,0.19998935053
pm_turn_test,P4,plugin_0.30,0.3,0.937262249583,True,,0,0,0.296447833364,0.089442126102,0,1594,0.0329995869711,0.0447637901813,0.0116787489496,0.0996441281139,0.117581808098,,0.0709219858156,0.0526315789474,0,0,0,0,0,0.274154282832,0.318809790705,0.0443108350871,0.0612486802644,0.247404833926
pm_turn_test,P4-refit,budget_0.01,0.01,0.822338177014,True,,0.0109726613353,0.0269761606023,0.291650996615,0.0875810074248,0.0251592356688,1551,0.0318450379823,0.0444771891675,0.011258780275,0.0994575045208,0.112605042017,,0.0662535748332,0.050582925912,0.0494699646643,0.0087468961996,0.0135685664152,0.0208953275398,0.0338770256575,0.270018698138,0.31371192156,0.0423606781206,0.0592279905509,0.260340991981
pm_turn_test,P4-refit,budget_0.05,0.05,0.621319273099,True,,0.0596987167566,0.141781681305,0.270569620253,0.0817042309798,0.120859872611,1368,0.0285321060187,0.043049738801,0.0101223861602,0.0860420650096,0.100237247924,,0.0616302186879,0.0439082278481,0.21554770318,0.051799852666,0.0681045803672,0.124299348362,0.159508343297,0.248537520708,0.292010727336,0.0366543834649,0.0514771861241,0.237242601197
pm_turn_test,P4-refit,budget_0.10,0.1,0.503208913361,True,,0.119211456202,0.264115432873,0.247677364865,0.0758743238143,0.231687898089,1173,0.0255849792427,0.0410586237263,0.00923072084539,0.0729166666667,0.0890897353131,,0.0539397144368,0.0382179054054,0.360424028269,0.105318763041,0.134491094832,0.234723846921,0.293300308606,0.22595300964,0.268440103415,0.0313915880273,0.0455053273383,0.215530034735
pm_turn_test,P4-refit,budget_0.20,0.2,0.363603812797,True,,0.240654640134,0.462358845671,0.20989468528,0.0653464248072,0.437261146497,857,0.0217451600377,0.0357611730552,0.00784009171428,0.0670103092784,0.0721003134796,,0.0451410658307,0.0303698261083,0.56183745583,0.219251117356,0.263139101186,0.43219565799,0.49079156138,0.190983245732,0.228814882203,0.0246644740482,0.0363108991732,0.181841546899
pm_turn_test,P4-refit,budget_0.30,0.3,0.281990110671,True,,0.364515529105,0.619196988708,0.177641205736,0.0579191094281,0.595700636943,607,0.0191162716427,0.0317539977644,0.00704884002099,0.072131147541,0.0691333982473,,0.035742035742,0.0278021656424,0.664310954064,0.337491385416,0.390524618758,0.587561607663,0.650154617041,0.158757869009,0.196623226142,0.0223913823913,0.0337741100131,0.154776596308
pm_turn_test,P4-refit,risk_0.10,0.1,0.196160511225,True,,0.55198065836,0.802383939774,0.130759651308,0.0460202907646,0.789808917197,315,0.0152703692082,0.0251019767807,0.00564794477565,0.0655737704918,0.0428571428571,,0.0368098159509,0.0161892901619,0.862190812721,0.521539349464,0.582123787455,0.775701059805,0.826470152544,0.113625372593,0.149696910453,0.010850599382,0.0221031790455,0.12087044636
pm_turn_test,P4-refit,risk_0.20,0.2,0.534173813683,True,,0.101915566301,0.228983688833,0.254504038103,0.0775427063562,0.199840764331,1229,0.0263568044689,0.0416338749749,0.00955202691233,0.0828282828283,0.0915982312066,,0.0568004168838,0.0403810312694,0.310954063604,0.0898080469044,0.115033603738,0.202288819157,0.256016383826,0.232701365591,0.275666263748,0.0334045218863,0.0477114884113,0.221351289663
pm_turn_test,P4-refit,risk_0.30,0.3,0.988762447011,True,,0.000185977310768,0.000627352572146,0.296316964286,0.089430431129,0.00015923566879,1593,0.033000526983,0.0447650653032,0.0116648388429,0.0996441281139,0.117647058824,,0.0709219858156,0.0526413690476,0,0,0.00057967129845,0,0.00203262381402,0.274010279508,0.318431129269,0.0443188591332,0.0612707390709,0.26727365127
pm_turn_test,P4-refit,riskcp_0.10,0.1,-inf,False,,1,1,,,1,0,,,,,,,,,1,1,1,1,1,,,,,
pm_turn_test,P4-refit,riskcp_0.20,0.2,0.434736735182,True,,0.168495443556,0.35382685069,0.230373518229,0.0704329302045,0.331369426752,1030,0.0234664609088,0.0384957310834,0.00847073821225,0.0695067264574,0.083044982699,,0.0518894529047,0.0346678595393,0.452296819788,0.151002101906,0.186975525002,0.32501064376,0.382248239083,0.208970206611,0.250842687254,0.0280371148053,0.0421951341257,0.200520771734
pm_turn_test,P4-refit,riskcp_0.30,0.3,0.988762447011,True,,0.000185977310768,0.000627352572146,0.296316964286,0.089430431129,0.00015923566879,1593,0.033000526983,0.0447650653032,0.0116648388429,0.0996441281139,0.117647058824,,0.0709219858156,0.0526413690476,0,0,0.00057967129845,0,0.00203262381402,0.274010279508,0.318431129269,0.0443188591332,0.0612707390709,0.26727365127
pm_turn_test,P4-refit,plugin_0.10,0.1,0.150322803819,True,,0.680676957411,0.879548306148,0.111822947001,0.0408604363936,0.873566878981,192,0.0143062988884,0.021613832853,0.00494030465212,0.0480769230769,0.0316742081448,,0.0322580645161,0.0128130460105,0.922261484099,0.643674266735,0.718358477513,0.855809279143,0.900514519122,0.0934131574863,0.131836044075,0.00673174040036,0.0196829352338,0.0999994072265
pm_turn_test,P4-refit,plugin_0.20,0.2,0.431289509255,True,,0.170355216664,0.356336260979,0.22999327505,0.070387044752,0.332802547771,1026,0.0234679478565,0.0384524929445,0.00846660395108,0.0698198198198,0.0828114126653,,0.0519774011299,0.0345214077561,0.455830388693,0.135394729198,0.208886003759,0.301023994214,0.406553458632,0.213231420244,0.246002840903,0.0281992683131,0.0416668975837,0.199999735774
pm_turn_test,P4-refit,plugin_0.30,0.3,0.994098267445,True,,0,0,0.296447833364,0.089442126102,0,1594,0.0329995869711,0.0447637901813,0.0116787489496,0.0996441281139,0.117581808098,,0.0709219858156,0.0526315789474,0,0,0,0,0,0.274154282832,0.318809790705,0.0443108350871,0.0612486802644,0.267408824157
