eval,policy,point,target,threshold,feasible,note,review_rate,err_caught,accepted_err_rate,accepted_wer,word_errors_caught,n_accepted_errors,accepted_sub_rate,accepted_del_rate,accepted_ins_rate,accepted_num_err,accepted_neg_err,accepted_ent_err,accepted_term_err,accepted_crit_err_rate,crit_caught,review_rate_lo,review_rate_hi,err_caught_lo,err_caught_hi,accepted_err_rate_lo,accepted_err_rate_hi,accepted_crit_err_rate_lo,accepted_crit_err_rate_hi,pred_accepted_err
eka_test,P1,budget_0.01,0.01,0.6318330495,True,,0.0143129770992,0.0181818181818,0.0522749273959,0.0963118551924,0.0505481120585,54,0.0598010749367,0.0181009452029,0.0184098350528,0.0815006468305,0.00900900900901,0.250715876551,0.0672609400324,0.0522749273959,0.0181818181818,0.00544221978513,0.0205982262482,0,0.0666666666667,0.0373349873552,0.0780407655368,0.0373349873552,0.0780407655368,
eka_test,P1,budget_0.05,0.05,0.5532712038,True,,0.0639312977099,0.0727272727273,0.0519877675841,0.0837358088189,0.186967113276,51,0.0578937464718,0.00909490058333,0.0167471617638,0.0777338603426,0.00900900900901,0.234584013051,0.0520661157025,0.0519877675841,0.0727272727273,0.0221568627451,0.0962982153138,0,0.184256425949,0.0389360184756,0.0729839267723,0.0389360184756,0.0729839267723,
eka_test,P1,budget_0.10,0.1,0.5160116508,True,,0.0963740458015,0.145454545455,0.0496304118268,0.0808392665869,0.218635809988,47,0.0562031377985,0.00901014428832,0.0156259845,0.0757978723404,0.00900900900901,0.228307489277,0.0483736447039,0.0496304118268,0.145454545455,0.0231491384433,0.13168084205,0.0416666666667,0.219539096126,0.0360353008326,0.0726116994611,0.0360353008326,0.0726116994611,
eka_test,P1,budget_0.20,0.2,0.4475078049,True,,0.195610687023,0.2,0.0521945432977,0.0757107937733,0.283191230207,44,0.0520391097388,0.00900553196964,0.0146661520648,0.0762711864407,0.00900900900901,0.213187564059,0.0447257383966,0.0521945432977,0.2,0.0329400454647,0.273228657077,0.0416666666667,0.305637254902,0.0361213511619,0.0766058173004,0.0361213511619,0.0766058173004,
eka_test,P1,budget_0.30,0.3,0.4019691294,True,,0.287213740458,0.309090909091,0.0508701472557,0.0700737618546,0.352009744214,38,0.0478793466807,0.00856164383562,0.0136327713383,0.0739064856712,0.00917431192661,0.199149539334,0.0446735395189,0.0508701472557,0.309090909091,0.0462982768865,0.393822185068,0.0554487179487,0.472946127946,0.0341617410844,0.0770718214459,0.0341617410844,0.0770718214459,
eka_test,P1,risk_0.10,0.1,0.7014997042,True,,0,0,0.0524809160305,0.10097159021,0,55,0.0615545443365,0.0201082277703,0.0193088181036,0.0825806451613,0.00900900900901,0.256394063783,0.071716357776,0.0524809160305,0,0,0,0,0,0.0377736045835,0.0799619648205,0.0377736045835,0.0799619648205,
eka_test,P1,risk_0.20,0.2,0.7014997042,True,,0,0,0.0524809160305,0.10097159021,0,55,0.0615545443365,0.0201082277703,0.0193088181036,0.0825806451613,0.00900900900901,0.256394063783,0.071716357776,0.0524809160305,0,0,0,0,0,0.0377736045835,0.0799619648205,0.0377736045835,0.0799619648205,
eka_test,P1,risk_0.30,0.3,0.7014997042,True,,0,0,0.0524809160305,0.10097159021,0,55,0.0615545443365,0.0201082277703,0.0193088181036,0.0825806451613,0.00900900900901,0.256394063783,0.071716357776,0.0524809160305,0,0,0,0,0,0.0377736045835,0.0799619648205,0.0377736045835,0.0799619648205,
eka_test,P1,riskcp_0.10,0.1,0.12177209,True,,0.960877862595,0.963636363636,0.0487804878049,0.0300693909021,0.976248477467,2,0.0223592906708,0.00308404009252,0.00462606013878,0.0869565217391,0,0.0892018779343,0.0147058823529,0.0487804878049,0.963636363636,0.895562177317,0.989514931416,0.897850629614,1,0,0.111174242424,0,0.111174242424,
eka_test,P1,riskcp_0.20,0.2,0.7014997042,True,,0,0,0.0524809160305,0.10097159021,0,55,0.0615545443365,0.0201082277703,0.0193088181036,0.0825806451613,0.00900900900901,0.256394063783,0.071716357776,0.0524809160305,0,0,0,0,0,0.0377736045835,0.0799619648205,0.0377736045835,0.0799619648205,
eka_test,P1,riskcp_0.30,0.3,0.7014997042,True,,0,0,0.0524809160305,0.10097159021,0,55,0.0615545443365,0.0201082277703,0.0193088181036,0.0825806451613,0.00900900900901,0.256394063783,0.071716357776,0.0524809160305,0,0,0,0,0,0.0377736045835,0.0799619648205,0.0377736045835,0.0799619648205,
eka_test,P2,budget_0.01,0.01,0.512934391887,True,,0.00763358778626,0.0727272727273,0.0490384615385,0.0991492555986,0.0347137637028,51,0.0605529838609,0.0198298511197,0.018766420618,0.0791268758527,0.00909090909091,0.256600128783,0.0717781402936,0.0490384615385,0.0727272727273,0.00217729584903,0.0232053284016,0.016882566586,0.184412955466,0.0350148602187,0.0703377650018,0.0350148602187,0.0703377650018,
eka_test,P2,budget_0.05,0.05,0.19259159146,True,,0.0333969465649,0.309090909091,0.0375123395854,0.0977211532147,0.0937880633374,38,0.0597622643988,0.0200302094963,0.0179286793196,0.0532724505327,0,0.2577040298,0.0723793677205,0.0375123395854,0.309090909091,0.0146932312006,0.0828368794326,0.145941371363,0.579179566563,0.0251734903061,0.0461869109403,0.0251734903061,0.0461869109403,
eka_test,P2,budget_0.10,0.1,0.0006024863563,True,,0.0868320610687,0.345454545455,0.0376175548589,0.0915763968073,0.217417783191,36,0.0601482326112,0.0143244013683,0.0171037628278,0.0501618122977,0,0.252295262578,0.0651376146789,0.0376175548589,0.345454545455,0.0587869879239,0.147114764668,0.152380498953,0.645775193798,0.0247027685056,0.0469072534404,0.0247027685056,0.0469072534404,
eka_test,P2,budget_0.20,0.2,0.0004959393099,True,,0.18320610687,0.472727272727,0.0338785046729,0.0783571220507,0.344701583435,29,0.0554180017477,0.0088115351005,0.0141275852024,0.0456081081081,0,0.227935533384,0.0464895635674,0.0338785046729,0.472727272727,0.156166209778,0.221837728779,0.333333333333,0.760186046512,0.021723555643,0.0440115436535,0.021723555643,0.0440115436535,
eka_test,P2,budget_0.30,0.3,0.0004378321797,True,,0.277671755725,0.527272727273,0.0343461030383,0.0731325480841,0.402557856273,26,0.0510660503951,0.0088713284628,0.0131951692262,0.0438756855576,0,0.213003589948,0.0441035474593,0.0343461030383,0.527272727273,0.172993472632,0.361361419574,0.407391713748,0.767486583184,0.0238661112086,0.0462387677843,0.0238661112086,0.0462387677843,
eka_test,P2,risk_0.10,0.1,0.897616287968,True,,0.00190839694656,0.0181818181818,0.0516252390057,0.10049382716,0.00852618757613,54,0.0614197530864,0.0201851851852,0.0188888888889,0.0815789473684,0.00900900900901,0.256507936508,0.0718901453958,0.0516252390057,0.0181818181818,0,0.0074741212642,0,0.068438057041,0.0370350098826,0.0773097209619,0.0370350098826,0.0773097209619,
eka_test,P2,risk_0.20,0.2,0.897616287968,True,,0.00190839694656,0.0181818181818,0.0516252390057,0.10049382716,0.00852618757613,54,0.0614197530864,0.0201851851852,0.0188888888889,0.0815789473684,0.00900900900901,0.256507936508,0.0718901453958,0.0516252390057,0.0181818181818,0,0.0074741212642,0,0.068438057041,0.0370350098826,0.0773097209619,0.0370350098826,0.0773097209619,
eka_test,P2,risk_0.30,0.3,0.897616287968,True,,0.00190839694656,0.0181818181818,0.0516252390057,0.10049382716,0.00852618757613,54,0.0614197530864,0.0201851851852,0.0188888888889,0.0815789473684,0.00900900900901,0.256507936508,0.0718901453958,0.0516252390057,0.0181818181818,0,0.0074741212642,0,0.068438057041,0.0370350098826,0.0773097209619,0.0370350098826,0.0773097209619,
eka_test,P2,riskcp_0.10,0.1,-inf,False,,1,1,,,1,0,,,,,,,,,1,1,1,1,1,,,,,
eka_test,P2,riskcp_0.20,0.2,0.897616287968,True,,0.00190839694656,0.0181818181818,0.0516252390057,0.10049382716,0.00852618757613,54,0.0614197530864,0.0201851851852,0.0188888888889,0.0815789473684,0.00900900900901,0.256507936508,0.0718901453958,0.0516252390057,0.0181818181818,0,0.0074741212642,0,0.068438057041,0.0370350098826,0.0773097209619,0.0370350098826,0.0773097209619,
eka_test,P2,riskcp_0.30,0.3,0.897616287968,True,,0.00190839694656,0.0181818181818,0.0516252390057,0.10049382716,0.00852618757613,54,0.0614197530864,0.0201851851852,0.0188888888889,0.0815789473684,0.00900900900901,0.256507936508,0.0718901453958,0.0516252390057,0.0181818181818,0,0.0074741212642,0,0.068438057041,0.0370350098826,0.0773097209619,0.0370350098826,0.0773097209619,
eka_test,P2,whisper_rule,,1,True,,0.00190839694656,0.0181818181818,0.0516252390057,0.10049382716,0.00852618757613,54,0.0614197530864,0.0201851851852,0.0188888888889,0.0815789473684,0.00900900900901,0.256507936508,0.0718901453958,0.0516252390057,0.0181818181818,0,0.0074741212642,0,0.068438057041,0.0370350098826,0.0773097209619,0.0370350098826,0.0773097209619,
eka_test,P2-rawCR,budget_0.01,0.01,0.67475124375,True,,0.013358778626,0.0545454545455,0.0502901353965,0.100191204589,0.0426309378806,52,0.0610579987253,0.0196940726577,0.0194391332059,0.0804749340369,0,0.256668835394,0.0707236842105,0.0502901353965,0.0545454545455,0.00452469664787,0.0377986717134,0,0.155833333333,0.0351568596347,0.0734622093023,0.0351568596347,0.0734622093023,
eka_test,P2-rawCR,budget_0.05,0.05,0.637755102083,True,,0.0429389312977,0.0909090909091,0.049850448654,0.103102001513,0.0870889159562,50,0.062727835477,0.0204278148428,0.0199463511933,0.0753424657534,0,0.265313265663,0.0711743772242,0.049850448654,0.0909090909091,0.018253852393,0.109382711513,0.0142857142857,0.257293233083,0.0338108145044,0.0758564597733,0.0338108145044,0.0758564597733,
eka_test,P2-rawCR,budget_0.10,0.1,0.618530020833,True,,0.0849236641221,0.109090909091,0.0510948905109,0.110291262136,0.135200974421,49,0.066640776699,0.0225242718447,0.0211262135922,0.079295154185,0,0.280701754386,0.0780780780781,0.0510948905109,0.109090909091,0.0376505826034,0.204617797849,0.0285328185328,0.263721804511,0.0341936588858,0.0801454286318,0.0341936588858,0.0801454286318,
eka_test,P2-rawCR,budget_0.20,0.2,0.592369477917,True,,0.185114503817,0.218181818182,0.0503512880562,0.134399117971,0.257612667479,43,0.0793825799338,0.0297684674752,0.0252480705623,0.0871212121212,0,0.328215987295,0.0970873786408,0.0503512880562,0.218181818182,0.0757707650442,0.436718913271,0.0830882352941,0.421240601504,0.0355690122543,0.0878043303776,0.0355690122543,0.0878043303776,
eka_test,P2-rawCR,budget_0.30,0.3,0.562106918333,True,,0.297709923664,0.309090909091,0.0516304347826,0.197518708153,0.38915956151,38,0.113430484443,0.0488381252462,0.035250098464,0.106598984772,0,0.434819897084,0.138964577657,0.0516304347826,0.309090909091,0.127788984297,0.708266616918,0.120411055989,0.566973684211,0.037176883483,0.139463197375,0.037176883483,0.139463197375,
eka_test,P2-rawCR,risk_0.10,0.1,0.74186991875,True,,0.000954198473282,0,0.0525310410697,0.101146449704,0.000609013398295,55,0.0616370808679,0.0201553254438,0.0193540433925,0.0825806451613,0.00900900900901,0.256880733945,0.071716357776,0.0525310410697,0,0,0.00341699003071,0,0,0.0378173578975,0.080034261242,0.0378173578975,0.080034261242,
eka_test,P2-rawCR,risk_0.20,0.2,0.74186991875,True,,0.000954198473282,0,0.0525310410697,0.101146449704,0.000609013398295,55,0.0616370808679,0.0201553254438,0.0193540433925,0.0825806451613,0.00900900900901,0.256880733945,0.071716357776,0.0525310410697,0,0,0.00341699003071,0,0,0.0378173578975,0.080034261242,0.0378173578975,0.080034261242,
eka_test,P2-rawCR,risk_0.30,0.3,0.74186991875,True,,0.000954198473282,0,0.0525310410697,0.101146449704,0.000609013398295,55,0.0616370808679,0.0201553254438,0.0193540433925,0.0825806451613,0.00900900900901,0.256880733945,0.071716357776,0.0525310410697,0,0,0.00341699003071,0,0,0.0378173578975,0.080034261242,0.0378173578975,0.080034261242,
eka_test,P2-rawCR,riskcp_0.10,0.1,0.74186991875,True,,0.000954198473282,0,0.0525310410697,0.101146449704,0.000609013398295,55,0.0616370808679,0.0201553254438,0.0193540433925,0.0825806451613,0.00900900900901,0.256880733945,0.071716357776,0.0525310410697,0,0,0.00341699003071,0,0,0.0378173578975,0.080034261242,0.0378173578975,0.080034261242,
eka_test,P2-rawCR,riskcp_0.20,0.2,0.74186991875,True,,0.000954198473282,0,0.0525310410697,0.101146449704,0.000609013398295,55,0.0616370808679,0.0201553254438,0.0193540433925,0.0825806451613,0.00900900900901,0.256880733945,0.071716357776,0.0525310410697,0,0,0.00341699003071,0,0,0.0378173578975,0.080034261242,0.0378173578975,0.080034261242,
eka_test,P2-rawCR,riskcp_0.30,0.3,0.74186991875,True,,0.000954198473282,0,0.0525310410697,0.101146449704,0.000609013398295,55,0.0616370808679,0.0201553254438,0.0193540433925,0.0825806451613,0.00900900900901,0.256880733945,0.071716357776,0.0525310410697,0,0,0.00341699003071,0,0,0.0378173578975,0.080034261242,0.0378173578975,0.080034261242,
eka_test,P2-rawCR,whisper_rule,,1,True,,0,0,0.0524809160305,0.10097159021,0,55,0.0615545443365,0.0201082277703,0.0193088181036,0.0825806451613,0.00900900900901,0.256394063783,0.071716357776,0.0524809160305,0,0,0,0,0,0.0377736045835,0.0799619648205,0.0377736045835,0.0799619648205,
eka_test,P3,budget_0.01,0.01,0.258712565261,True,,0.0124045801527,0.109090909091,0.0473429951691,0.0936315390447,0.0974421437272,49,0.0616628759161,0.0138994187516,0.0180692443771,0.0751366120219,0.00917431192661,0.250811161583,0.0601317957166,0.0473429951691,0.109090909091,0.00502929164691,0.0338554921246,0.0507957833816,0.208413461538,0.0334426427651,0.0689189779958,0.0334426427651,0.0689189779958,0.0520726492123
eka_test,P3,budget_0.05,0.05,0.157702116065,True,,0.0429389312977,0.236363636364,0.0418743768694,0.0895295902883,0.173568818514,42,0.0609619317807,0.0119416771129,0.0166259813947,0.0699404761905,0.00961538461538,0.247638326586,0.0585738539898,0.0418743768694,0.236363636364,0.0293125048601,0.0767827208253,0.140613417346,0.351541926542,0.0297164601008,0.0614516907199,0.0297164601008,0.0614516907199,0.0475020114517
eka_test,P3,budget_0.10,0.1,0.113073243811,True,,0.100190839695,0.363636363636,0.0371155885472,0.0864757999561,0.280755176614,35,0.0597495789705,0.0119352712894,0.0147909496961,0.0665499124343,0.0106382978723,0.242851838099,0.0583409298086,0.0371155885472,0.363636363636,0.0756327718494,0.16743562,0.239104554865,0.564189189189,0.0275535365098,0.0510546929478,0.0275535365098,0.0510546929478,0.042160765959
eka_test,P3,budget_0.20,0.2,0.0773770817508,True,,0.225190839695,0.545454545455,0.0307881773399,0.0884999505587,0.454933008526,25,0.0621971719569,0.0128547414219,0.0134480371799,0.0679611650485,0,0.255802469136,0.0628205128205,0.0307881773399,0.545454545455,0.163307893735,0.3839528097,0.391243961353,0.778044871795,0.0192530692812,0.0406765018607,0.0192530692812,0.0406765018607,0.034358623964
eka_test,P3,budget_0.30,0.3,0.0622207433746,True,,0.324427480916,0.6,0.0310734463277,0.0987193169691,0.549330085262,22,0.0703041622199,0.0153415154749,0.0130736392743,0.0747663551402,0,0.281390856407,0.0677655677656,0.0310734463277,0.6,0.232494459121,0.557636451588,0.428113553114,0.833445945946,0.0178410742231,0.0421818722791,0.0178410742231,0.0421818722791,0.0291415919669
eka_test,P3,risk_0.10,0.1,0.38993651057,True,,0.00286259541985,0.0181818181818,0.0516746411483,0.096880029714,0.0468940316687,54,0.0617803639965,0.0156617556023,0.0194379101151,0.08203125,0.00900900900901,0.252470513229,0.0619902120718,0.0516746411483,0.0181818181818,0,0.0138523970012,0,0.0689855653569,0.0377741160383,0.0779477101846,0.0377741160383,0.0779477101846,0.0545997890727
eka_test,P3,risk_0.20,0.2,0.38993651057,True,,0.00286259541985,0.0181818181818,0.0516746411483,0.096880029714,0.0468940316687,54,0.0617803639965,0.0156617556023,0.0194379101151,0.08203125,0.00900900900901,0.252470513229,0.0619902120718,0.0516746411483,0.0181818181818,0,0.0138523970012,0,0.0689855653569,0.0377741160383,0.0779477101846,0.0377741160383,0.0779477101846,0.0545997890727
eka_test,P3,risk_0.30,0.3,0.38993651057,True,,0.00286259541985,0.0181818181818,0.0516746411483,0.096880029714,0.0468940316687,54,0.0617803639965,0.0156617556023,0.0194379101151,0.08203125,0.00900900900901,0.252470513229,0.0619902120718,0.0516746411483,0.0181818181818,0,0.0138523970012,0,0.0689855653569,0.0377741160383,0.0779477101846,0.0377741160383,0.0779477101846,0.0545997890727
eka_test,P3,riskcp_0.10,0.1,0.38993651057,True,,0.00286259541985,0.0181818181818,0.0516746411483,0.096880029714,0.0468940316687,54,0.0617803639965,0.0156617556023,0.0194379101151,0.08203125,0.00900900900901,0.252470513229,0.0619902120718,0.0516746411483,0.0181818181818,0,0.0138523970012,0,0.0689855653569,0.0377741160383,0.0779477101846,0.0377741160383,0.0779477101846,0.0545997890727
eka_test,P3,riskcp_0.20,0.2,0.38993651057,True,,0.00286259541985,0.0181818181818,0.0516746411483,0.096880029714,0.0468940316687,54,0.0617803639965,0.0156617556023,0.0194379101151,0.08203125,0.00900900900901,0.252470513229,0.0619902120718,0.0516746411483,0.0181818181818,0,0.0138523970012,0,0.0689855653569,0.0377741160383,0.0779477101846,0.0377741160383,0.0779477101846,0.0545997890727
eka_test,P3,riskcp_0.30,0.3,0.38993651057,True,,0.00286259541985,0.0181818181818,0.0516746411483,0.096880029714,0.0468940316687,54,0.0617803639965,0.0156617556023,0.0194379101151,0.08203125,0.00900900900901,0.252470513229,0.0619902120718,0.0516746411483,0.0181818181818,0,0.0138523970012,0,0.0689855653569,0.0377741160383,0.0779477101846,0.0377741160383,0.0779477101846,0.0545997890727
eka_test,P3,plugin_0.10,0.1,0.58739924398,True,,0,0,0.0524809160305,0.10097159021,0,55,0.0615545443365,0.0201082277703,0.0193088181036,0.0825806451613,0.00900900900901,0.256394063783,0.071716357776,0.0524809160305,0,0,0,0,0,0.0377736045835,0.0799619648205,0.0377736045835,0.0799619648205,0.0557868875988
eka_test,P3,plugin_0.20,0.2,0.58739924398,True,,0,0,0.0524809160305,0.10097159021,0,55,0.0615545443365,0.0201082277703,0.0193088181036,0.0825806451613,0.00900900900901,0.256394063783,0.071716357776,0.0524809160305,0,0,0,0,0,0.0377736045835,0.0799619648205,0.0377736045835,0.0799619648205,0.0557868875988
eka_test,P3,plugin_0.30,0.3,0.58739924398,True,,0,0,0.0524809160305,0.10097159021,0,55,0.0615545443365,0.0201082277703,0.0193088181036,0.0825806451613,0.00900900900901,0.256394063783,0.071716357776,0.0524809160305,0,0,0,0,0,0.0377736045835,0.0799619648205,0.0377736045835,0.0799619648205,0.0557868875988
eka_test,P3-conf,budget_0.01,0.01,0.218189689412,True,,0.00954198473282,0.109090909091,0.0472061657033,0.0979543172691,0.0493300852619,49,0.0599899598394,0.0198920682731,0.0180722891566,0.0756533700138,0,0.255648805681,0.0718367346939,0.0472061657033,0.109090909091,0.00368691253757,0.0253155736537,0.0269923769924,0.250416666667,0.0322952710496,0.0683390447633,0.0322952710496,0.0683390447633,0.0544549026833
eka_test,P3-conf,budget_0.05,0.05,0.134548122904,True,,0.0448473282443,0.254545454545,0.040959040959,0.0894632206759,0.177831912302,41,0.059774685222,0.0129224652087,0.0167660702452,0.0692771084337,0,0.247631935047,0.0602716468591,0.040959040959,0.254545454545,0.0318343355618,0.082612512957,0.166369047619,0.421423751687,0.0291458052326,0.056079722353,0.0291458052326,0.056079722353,0.0504880188517
eka_test,P3-conf,budget_0.10,0.1,0.103728764513,True,,0.087786259542,0.327272727273,0.0387029288703,0.0856617386999,0.262484774665,37,0.0587111834194,0.0111763457594,0.0157742095211,0.0630182421227,0,0.24418188328,0.0592991913747,0.0387029288703,0.327272727273,0.0695162299699,0.137288830256,0.226409478886,0.500245098039,0.0271685226049,0.0533408265963,0.0271685226049,0.0533408265963,0.0474249046663
eka_test,P3-conf,budget_0.20,0.2,0.0759109779156,True,,0.218511450382,0.472727272727,0.035409035409,0.0807607497244,0.464677222899,29,0.0592613009923,0.00900404263139,0.0124954061007,0.0635964912281,0,0.245863970588,0.0554899645809,0.035409035409,0.472727272727,0.177450980392,0.33334845735,0.333333333333,0.697045454545,0.0245536848217,0.0472780599289,0.0245536848217,0.0472780599289,0.0408427206444
eka_test,P3-conf,budget_0.30,0.3,0.0616099581403,True,,0.342557251908,0.618181818182,0.0304789550073,0.0845695448206,0.593788063337,21,0.0623811335108,0.00976290097629,0.0124255103335,0.0540540540541,0,0.257142857143,0.053726169844,0.0304789550073,0.618181818182,0.27124496962,0.51203817734,0.426134910486,0.87196969697,0.0151742303624,0.0385323409224,0.0151742303624,0.0385323409224,0.0357253495649
eka_test,P3-conf,risk_0.10,0.1,0.426722239989,True,,0.00381679389313,0.0363636363636,0.0507662835249,0.099565487275,0.0231425091352,53,0.0606455617629,0.0196772191186,0.0192427063935,0.0810092961487,0.00900900900901,0.256459330144,0.0713128038898,0.0507662835249,0.0363636363636,0,0.0164636326922,0,0.111559139785,0.0361474676122,0.0745828188723,0.0361474676122,0.0745828188723,0.0556000369016
eka_test,P3-conf,risk_0.20,0.2,0.426722239989,True,,0.00381679389313,0.0363636363636,0.0507662835249,0.099565487275,0.0231425091352,53,0.0606455617629,0.0196772191186,0.0192427063935,0.0810092961487,0.00900900900901,0.256459330144,0.0713128038898,0.0507662835249,0.0363636363636,0,0.0164636326922,0,0.111559139785,0.0361474676122,0.0745828188723,0.0361474676122,0.0745828188723,0.0556000369016
eka_test,P3-conf,risk_0.30,0.3,0.426722239989,True,,0.00381679389313,0.0363636363636,0.0507662835249,0.099565487275,0.0231425091352,53,0.0606455617629,0.0196772191186,0.0192427063935,0.0810092961487,0.00900900900901,0.256459330144,0.0713128038898,0.0507662835249,0.0363636363636,0,0.0164636326922,0,0.111559139785,0.0361474676122,0.0745828188723,0.0361474676122,0.0745828188723,0.0556000369016
eka_test,P3-conf,riskcp_0.10,0.1,0.426722239989,True,,0.00381679389313,0.0363636363636,0.0507662835249,0.099565487275,0.0231425091352,53,0.0606455617629,0.0196772191186,0.0192427063935,0.0810092961487,0.00900900900901,0.256459330144,0.0713128038898,0.0507662835249,0.0363636363636,0,0.0164636326922,0,0.111559139785,0.0361474676122,0.0745828188723,0.0361474676122,0.0745828188723,0.0556000369016
eka_test,P3-conf,riskcp_0.20,0.2,0.426722239989,True,,0.00381679389313,0.0363636363636,0.0507662835249,0.099565487275,0.0231425091352,53,0.0606455617629,0.0196772191186,0.0192427063935,0.0810092961487,0.00900900900901,0.256459330144,0.0713128038898,0.0507662835249,0.0363636363636,0,0.0164636326922,0,0.111559139785,0.0361474676122,0.0745828188723,0.0361474676122,0.0745828188723,0.0556000369016
eka_test,P3-conf,riskcp_0.30,0.3,0.426722239989,True,,0.00381679389313,0.0363636363636,0.0507662835249,0.099565487275,0.0231425091352,53,0.0606455617629,0.0196772191186,0.0192427063935,0.0810092961487,0.00900900900901,0.256459330144,0.0713128038898,0.0507662835249,0.0363636363636,0,0.0164636326922,0,0.111559139785,0.0361474676122,0.0745828188723,0.0361474676122,0.0745828188723,0.0556000369016
eka_test,P3-conf,plugin_0.10,0.1,0.605805194134,True,,0,0,0.0524809160305,0.10097159021,0,55,0.0615545443365,0.0201082277703,0.0193088181036,0.0825806451613,0.00900900900901,0.256394063783,0.071716357776,0.0524809160305,0,0,0,0,0,0.0377736045835,0.0799619648205,0.0377736045835,0.0799619648205,0.0572318729579
eka_test,P3-conf,plugin_0.20,0.2,0.605805194134,True,,0,0,0.0524809160305,0.10097159021,0,55,0.0615545443365,0.0201082277703,0.0193088181036,0.0825806451613,0.00900900900901,0.256394063783,0.071716357776,0.0524809160305,0,0,0,0,0,0.0377736045835,0.0799619648205,0.0377736045835,0.0799619648205,0.0572318729579
eka_test,P3-conf,plugin_0.30,0.3,0.605805194134,True,,0,0,0.0524809160305,0.10097159021,0,55,0.0615545443365,0.0201082277703,0.0193088181036,0.0825806451613,0.00900900900901,0.256394063783,0.071716357776,0.0524809160305,0,0,0,0,0,0.0377736045835,0.0799619648205,0.0377736045835,0.0799619648205,0.0572318729579
pm_window_test,P1,budget_0.01,0.01,0.6318330495,True,,0,0,0.228489483748,0.099427999428,0,239,0.0277849277849,0.0624052624053,0.00923780923781,0.132969034608,0.112442922374,,0.0556877677297,0.228489483748,0,0,0,0,0,0.200988965681,0.253701713433,0.200988965681,0.253701713433,
pm_window_test,P1,budget_0.05,0.05,0.5532712038,True,,0,0,0.228489483748,0.099427999428,0,239,0.0277849277849,0.0624052624053,0.00923780923781,0.132969034608,0.112442922374,,0.0556877677297,0.228489483748,0,0,0,0,0,0.200988965681,0.253701713433,0.200988965681,0.253701713433,
pm_window_test,P1,budget_0.10,0.1,0.5160116508,True,,0,0,0.228489483748,0.099427999428,0,239,0.0277849277849,0.0624052624053,0.00923780923781,0.132969034608,0.112442922374,,0.0556877677297,0.228489483748,0,0,0,0,0,0.200988965681,0.253701713433,0.200988965681,0.253701713433,
pm_window_test,P1,budget_0.20,0.2,0.4475078049,True,,0.0019120458891,0.00418410041841,0.227969348659,0.0989940328835,0.00503379836042,238,0.027803614613,0.0619463961192,0.00924402215131,0.132969034608,0.111936036551,,0.054787994283,0.227969348659,0.00418410041841,0,0.00464165218054,0,0.0127118644068,0.2003289506,0.254298434442,0.2003289506,0.254298434442,
pm_window_test,P1,budget_0.30,0.3,0.4019691294,True,,0.0057361376673,0.0125523012552,0.226923076923,0.0988708660515,0.00762260894578,236,0.0277411589385,0.0618874305038,0.00924227660916,0.130275229358,0.112128146453,,0.0548664122137,0.226923076923,0.0125523012552,0.00179562697013,0.0105150238872,0,0.0300776186155,0.20086663977,0.252829475453,0.20086663977,0.252829475453,
pm_window_test,P1,risk_0.10,0.1,0.7014997042,True,,0,0,0.228489483748,0.099427999428,0,239,0.0277849277849,0.0624052624053,0.00923780923781,0.132969034608,0.112442922374,,0.0556877677297,0.228489483748,0,0,0,0,0,0.200988965681,0.253701713433,0.200988965681,0.253701713433,
pm_window_test,P1,risk_0.20,0.2,0.7014997042,True,,0,0,0.228489483748,0.099427999428,0,239,0.0277849277849,0.0624052624053,0.00923780923781,0.132969034608,0.112442922374,,0.0556877677297,0.228489483748,0,0,0,0,0,0.200988965681,0.253701713433,0.200988965681,0.253701713433,
pm_window_test,P1,risk_0.30,0.3,0.7014997042,True,,0,0,0.228489483748,0.099427999428,0,239,0.0277849277849,0.0624052624053,0.00923780923781,0.132969034608,0.112442922374,,0.0556877677297,0.228489483748,0,0,0,0,0,0.200988965681,0.253701713433,0.200988965681,0.253701713433,
pm_window_test,P1,riskcp_0.10,0.1,0.12177209,True,,0.948374760994,0.962343096234,0.166666666667,0.0593147751606,0.960161081548,9,0.0209850107066,0.0340471092077,0.00428265524625,0.186046511628,0.0289855072464,,0.0245901639344,0.166666666667,0.962343096234,0.932186926731,0.964604933481,0.936356371939,0.988146906384,0.063829787234,0.27665759525,0.063829787234,0.27665759525,
pm_window_test,P1,riskcp_0.20,0.2,0.7014997042,True,,0,0,0.228489483748,0.099427999428,0,239,0.0277849277849,0.0624052624053,0.00923780923781,0.132969034608,0.112442922374,,0.0556877677297,0.228489483748,0,0,0,0,0,0.200988965681,0.253701713433,0.200988965681,0.253701713433,
pm_window_test,P1,riskcp_0.30,0.3,0.7014997042,True,,0,0,0.228489483748,0.099427999428,0,239,0.0277849277849,0.0624052624053,0.00923780923781,0.132969034608,0.112442922374,,0.0556877677297,0.228489483748,0,0,0,0,0,0.200988965681,0.253701713433,0.200988965681,0.253701713433,
pm_window_test,P2,budget_0.01,0.01,0.512934391887,True,,0.0133843212237,0.00836820083682,0.229651162791,0.0991983097939,0.0140946354092,237,0.0278420930771,0.0620369298449,0.00931928687196,0.13172541744,0.112521638777,,0.0552353506244,0.229651162791,0.00836820083682,0.0070109214492,0.0196655082427,0,0.019428070581,0.201377208141,0.256644808262,0.201377208141,0.256644808262,
pm_window_test,P2,budget_0.05,0.05,0.19259159146,True,,0.115678776291,0.117154811715,0.228108108108,0.0984235956336,0.129871997699,211,0.0277375587695,0.0618035107127,0.00888252615139,0.129511677282,0.114341085271,,0.0537870472009,0.228108108108,0.117154811715,0.0964199462791,0.136422413401,0.0701652386781,0.160074889868,0.200650809516,0.25605915001,0.200650809516,0.25605915001,
pm_window_test,P2,budget_0.10,0.1,0.0006024863563,True,,0.387189292543,0.364016736402,0.237129485179,0.102350831756,0.408888249676,152,0.0286881163462,0.0645482617791,0.00911445363084,0.141447368421,0.124,,0.0523648648649,0.237129485179,0.364016736402,0.355930518583,0.416442293192,0.30325097183,0.427344241661,0.200638904534,0.271528748433,0.200638904534,0.271528748433,
pm_window_test,P2,budget_0.20,0.2,0.0004959393099,True,,0.388145315488,0.364016736402,0.2375,0.10235338065,0.408888249676,152,0.0286888307807,0.0645498692566,0.00911468061263,0.141447368421,0.124,,0.0523648648649,0.2375,0.364016736402,0.357842107511,0.417389600539,0.30325097183,0.427344241661,0.200646766169,0.27194228685,0.200646766169,0.27194228685,
pm_window_test,P2,budget_0.30,0.3,0.0004378321797,True,,0.390057361377,0.36820083682,0.236677115987,0.101598543605,0.414065870847,151,0.0287288959824,0.0637671762388,0.00910247138333,0.14238410596,0.123123123123,,0.0507614213198,0.236677115987,0.36820083682,0.359336947068,0.419059544021,0.306638891512,0.427344241661,0.199976303318,0.271682141617,0.199976303318,0.271682141617,
pm_window_test,P2,risk_0.10,0.1,0.897616287968,True,,0.0019120458891,0,0.228927203065,0.0994513129808,0.00158205091327,239,0.0278068277868,0.0623898686303,0.00925461656376,0.133455210238,0.112507138778,,0.0557673975214,0.228927203065,0,0,0.00482230226526,0,0,0.201745527509,0.254062536658,0.201745527509,0.254062536658,
pm_window_test,P2,risk_0.20,0.2,0.897616287968,True,,0.0019120458891,0,0.228927203065,0.0994513129808,0.00158205091327,239,0.0278068277868,0.0623898686303,0.00925461656376,0.133455210238,0.112507138778,,0.0557673975214,0.228927203065,0,0,0.00482230226526,0,0,0.201745527509,0.254062536658,0.201745527509,0.254062536658,
pm_window_test,P2,risk_0.30,0.3,0.897616287968,True,,0.0019120458891,0,0.228927203065,0.0994513129808,0.00158205091327,239,0.0278068277868,0.0623898686303,0.00925461656376,0.133455210238,0.112507138778,,0.0557673975214,0.228927203065,0,0,0.00482230226526,0,0,0.201745527509,0.254062536658,0.201745527509,0.254062536658,
pm_window_test,P2,riskcp_0.10,0.1,-inf,False,,1,1,,,1,0,,,,,,,,,1,1,1,1,1,,,,,
pm_window_test,P2,riskcp_0.20,0.2,0.897616287968,True,,0.0019120458891,0,0.228927203065,0.0994513129808,0.00158205091327,239,0.0278068277868,0.0623898686303,0.00925461656376,0.133455210238,0.112507138778,,0.0557673975214,0.228927203065,0,0,0.00482230226526,0,0,0.201745527509,0.254062536658,0.201745527509,0.254062536658,
pm_window_test,P2,riskcp_0.30,0.3,0.897616287968,True,,0.0019120458891,0,0.228927203065,0.0994513129808,0.00158205091327,239,0.0278068277868,0.0623898686303,0.00925461656376,0.133455210238,0.112507138778,,0.0557673975214,0.228927203065,0,0,0.00482230226526,0,0,0.201745527509,0.254062536658,0.201745527509,0.254062536658,
pm_window_test,P2,whisper_rule,,1,True,,0.000956022944551,0,0.228708133971,0.0993816380865,0.00143822810298,239,0.0277976582405,0.06233717901,0.00924680083593,0.133455210238,0.112442922374,,0.0556877677297,0.228708133971,0,0,0.00292975909549,0,0,0.20116179611,0.253821275429,0.20116179611,0.253821275429,
pm_window_test,P2-rawCR,budget_0.01,0.01,0.67475124375,True,,0.441682600382,0.426778242678,0.234589041096,0.111639956621,0.466992665037,137,0.0279852994337,0.074436679118,0.00921797806965,0.149006622517,0.129319955407,,0.050153531218,0.234589041096,0.426778242678,0.413773501178,0.470462939436,0.364007227083,0.493389380531,0.19561868947,0.26956873679,0.19561868947,0.26956873679,
pm_window_test,P2-rawCR,budget_0.05,0.05,0.637755102083,True,,0.700764818356,0.673640167364,0.249201277955,0.126826378834,0.722853444556,78,0.0285639068053,0.088785046729,0.00947742529946,0.209459459459,0.158690176322,,0.0528967254408,0.249201277955,0.673640167364,0.664931006494,0.733736095587,0.619232616447,0.72768513937,0.205482119793,0.284260152059,0.205482119793,0.284260152059,
pm_window_test,P2-rawCR,budget_0.10,0.1,0.618530020833,True,,0.790630975143,0.794979079498,0.223744292237,0.129459087541,0.824104703006,49,0.0301683073992,0.0912458981687,0.00804488197311,0.290697674419,0.135135135135,,0.0524193548387,0.223744292237,0.794979079498,0.757168114496,0.821468535884,0.747072791531,0.841415173321,0.179365504317,0.266080036019,0.179365504317,0.266080036019,
pm_window_test,P2-rawCR,budget_0.20,0.2,0.592369477917,True,,0.879541108987,0.878661087866,0.230158730159,0.14078440263,0.910686034805,29,0.0360462480163,0.0972568578554,0.0074812967581,0.266666666667,0.167938931298,,0.0521739130435,0.230158730159,0.878661087866,0.862407863052,0.895679564015,0.834121670564,0.920651455026,0.161074858409,0.294141755063,0.161074858409,0.294141755063,
pm_window_test,P2-rawCR,budget_0.30,0.3,0.562106918333,True,,0.928298279159,0.937238493724,0.2,0.153360396933,0.951100244499,15,0.0387911592242,0.107803337844,0.00676589986468,0.3,0.156862745098,,0.0677966101695,0.2,0.937238493724,0.90965839854,0.941986979454,0.90907279971,0.964780397421,0.111073059361,0.289900362319,0.111073059361,0.289900362319,
pm_window_test,P2-rawCR,risk_0.10,0.1,0.74186991875,True,,0.0975143403442,0.0962343096234,0.228813559322,0.101064265919,0.113620020135,216,0.0275495646185,0.0642823174431,0.00923238385727,0.127118644068,0.115603284902,,0.0570342205323,0.228813559322,0.0962343096234,0.0784338462832,0.115132998432,0.0610661308684,0.130984356553,0.20179034954,0.257026906496,0.20179034954,0.257026906496,
pm_window_test,P2-rawCR,risk_0.20,0.2,0.74186991875,True,,0.0975143403442,0.0962343096234,0.228813559322,0.101064265919,0.113620020135,216,0.0275495646185,0.0642823174431,0.00923238385727,0.127118644068,0.115603284902,,0.0570342205323,0.228813559322,0.0962343096234,0.0784338462832,0.115132998432,0.0610661308684,0.130984356553,0.20179034954,0.257026906496,0.20179034954,0.257026906496,
pm_window_test,P2-rawCR,risk_0.30,0.3,0.74186991875,True,,0.0975143403442,0.0962343096234,0.228813559322,0.101064265919,0.113620020135,216,0.0275495646185,0.0642823174431,0.00923238385727,0.127118644068,0.115603284902,,0.0570342205323,0.228813559322,0.0962343096234,0.0784338462832,0.115132998432,0.0610661308684,0.130984356553,0.20179034954,0.257026906496,0.20179034954,0.257026906496,
pm_window_test,P2-rawCR,riskcp_0.10,0.1,0.74186991875,True,,0.0975143403442,0.0962343096234,0.228813559322,0.101064265919,0.113620020135,216,0.0275495646185,0.0642823174431,0.00923238385727,0.127118644068,0.115603284902,,0.0570342205323,0.228813559322,0.0962343096234,0.0784338462832,0.115132998432,0.0610661308684,0.130984356553,0.20179034954,0.257026906496,0.20179034954,0.257026906496,
pm_window_test,P2-rawCR,riskcp_0.20,0.2,0.74186991875,True,,0.0975143403442,0.0962343096234,0.228813559322,0.101064265919,0.113620020135,216,0.0275495646185,0.0642823174431,0.00923238385727,0.127118644068,0.115603284902,,0.0570342205323,0.228813559322,0.0962343096234,0.0784338462832,0.115132998432,0.0610661308684,0.130984356553,0.20179034954,0.257026906496,0.20179034954,0.257026906496,
pm_window_test,P2-rawCR,riskcp_0.30,0.3,0.74186991875,True,,0.0975143403442,0.0962343096234,0.228813559322,0.101064265919,0.113620020135,216,0.0275495646185,0.0642823174431,0.00923238385727,0.127118644068,0.115603284902,,0.0570342205323,0.228813559322,0.0962343096234,0.0784338462832,0.115132998432,0.0610661308684,0.130984356553,0.20179034954,0.257026906496,0.20179034954,0.257026906496,
pm_window_test,P2-rawCR,whisper_rule,,1,True,,0,0,0.228489483748,0.099427999428,0,239,0.0277849277849,0.0624052624053,0.00923780923781,0.132969034608,0.112442922374,,0.0556877677297,0.228489483748,0,0,0,0,0,0.200988965681,0.253701713433,0.200988965681,0.253701713433,
pm_window_test,P3,budget_0.01,0.01,0.258712565261,True,,0.0315487571702,0.0292887029289,0.229022704837,0.0976243504083,0.0543650222925,232,0.0273199703044,0.0613066072754,0.00899777282851,0.133079847909,0.113983548766,,0.0563106796117,0.229022704837,0.0292887029289,0.0195032208891,0.0449243692505,0.00888500727802,0.0532800546448,0.201348990683,0.254966932889,0.201348990683,0.254966932889,0.107952099758
pm_window_test,P3,budget_0.05,0.05,0.157702116065,True,,0.215105162524,0.242677824268,0.220462850183,0.0934006958324,0.274126276427,181,0.0264268265601,0.0579058405507,0.00906802872159,0.117346938776,0.114161849711,,0.0516934046346,0.220462850183,0.242677824268,0.180336844735,0.258962544013,0.185644599303,0.320915266798,0.189964475432,0.247576280175,0.189964475432,0.247576280175,0.0893792542479
pm_window_test,P3,budget_0.10,0.1,0.113073243811,True,,0.456978967495,0.476987447699,0.220070422535,0.0865166439764,0.533870271825,125,0.0258402071488,0.0513867755799,0.0092896612477,0.112403100775,0.105749486653,,0.054347826087,0.220070422535,0.476987447699,0.419476131604,0.502345286482,0.410295790141,0.562567934783,0.186489528688,0.253017685094,0.186489528688,0.253017685094,0.0692572232595
pm_window_test,P3,budget_0.20,0.2,0.0773770817508,True,,0.698852772467,0.707112970711,0.222222222222,0.0855862231658,0.73910542212,70,0.025194621373,0.0495399858457,0.0108516159472,0.136054421769,0.0964912280702,,0.0571010248902,0.222222222222,0.707112970711,0.663224609917,0.739219862566,0.633240740741,0.772570348555,0.170849804449,0.269102990033,0.170849804449,0.269102990033,0.0479449142248
pm_window_test,P3,budget_0.30,0.3,0.0622207433746,True,,0.78776290631,0.799163179916,0.216216216216,0.0866693090236,0.811304472889,48,0.0249042145594,0.0503369005153,0.011428193949,0.0961538461538,0.0802919708029,,0.0533880903491,0.216216216216,0.799163179916,0.755055057038,0.824358563743,0.740934065934,0.865730011197,0.162511298414,0.265331521739,0.162511298414,0.265331521739,0.0387151828268
pm_window_test,P3,risk_0.10,0.1,0.38993651057,True,,0.0019120458891,0,0.228927203065,0.0990003872245,0.00719114051489,239,0.0277797696732,0.0621566968319,0.00906392071938,0.134191176471,0.112507138778,,0.0556877677297,0.228927203065,0,0,0.00476935343929,0,0,0.20116179611,0.254788729036,0.20116179611,0.254788729036,0.113512034678
pm_window_test,P3,risk_0.20,0.2,0.38993651057,True,,0.0019120458891,0,0.228927203065,0.0990003872245,0.00719114051489,239,0.0277797696732,0.0621566968319,0.00906392071938,0.134191176471,0.112507138778,,0.0556877677297,0.228927203065,0,0,0.00476935343929,0,0,0.20116179611,0.254788729036,0.20116179611,0.254788729036,0.113512034678
pm_window_test,P3,risk_0.30,0.3,0.38993651057,True,,0.0019120458891,0,0.228927203065,0.0990003872245,0.00719114051489,239,0.0277797696732,0.0621566968319,0.00906392071938,0.134191176471,0.112507138778,,0.0556877677297,0.228927203065,0,0,0.00476935343929,0,0,0.20116179611,0.254788729036,0.20116179611,0.254788729036,0.113512034678
pm_window_test,P3,riskcp_0.10,0.1,0.38993651057,True,,0.0019120458891,0,0.228927203065,0.0990003872245,0.00719114051489,239,0.0277797696732,0.0621566968319,0.00906392071938,0.134191176471,0.112507138778,,0.0556877677297,0.228927203065,0,0,0.00476935343929,0,0,0.20116179611,0.254788729036,0.20116179611,0.254788729036,0.113512034678
pm_window_test,P3,riskcp_0.20,0.2,0.38993651057,True,,0.0019120458891,0,0.228927203065,0.0990003872245,0.00719114051489,239,0.0277797696732,0.0621566968319,0.00906392071938,0.134191176471,0.112507138778,,0.0556877677297,0.228927203065,0,0,0.00476935343929,0,0,0.20116179611,0.254788729036,0.20116179611,0.254788729036,0.113512034678
pm_window_test,P3,riskcp_0.30,0.3,0.38993651057,True,,0.0019120458891,0,0.228927203065,0.0990003872245,0.00719114051489,239,0.0277797696732,0.0621566968319,0.00906392071938,0.134191176471,0.112507138778,,0.0556877677297,0.228927203065,0,0,0.00476935343929,0,0,0.20116179611,0.254788729036,0.20116179611,0.254788729036,0.113512034678
pm_window_test,P3,plugin_0.10,0.1,0.189172606474,True,,0.100382409178,0.108786610879,0.226354941552,0.0969869680766,0.128721415216,213,0.0270884697896,0.0609010278249,0.00899747046204,0.127348643006,0.115166771554,,0.0561914672216,0.226354941552,0.108786610879,0.052720542296,0.173836975367,0.0462804414003,0.20464289753,0.198691963859,0.256251072654,0.198691963859,0.256251072654,0.0999355645203
pm_window_test,P3,plugin_0.20,0.2,0.495883488415,True,,0,0,0.228489483748,0.099427999428,0,239,0.0277849277849,0.0624052624053,0.00923780923781,0.132969034608,0.112442922374,,0.0556877677297,0.228489483748,0,0,0,0,0,0.200988965681,0.253701713433,0.200988965681,0.253701713433,0.114232121558
pm_window_test,P3,plugin_0.30,0.3,0.495883488415,True,,0,0,0.228489483748,0.099427999428,0,239,0.0277849277849,0.0624052624053,0.00923780923781,0.132969034608,0.112442922374,,0.0556877677297,0.228489483748,0,0,0,0,0,0.200988965681,0.253701713433,0.200988965681,0.253701713433,0.114232121558
pm_window_test,P3-conf,budget_0.01,0.01,0.218189689412,True,,0.074569789675,0.092050209205,0.224173553719,0.0969774279358,0.103408600604,217,0.026912247406,0.0611048022028,0.00896037832708,0.129817444219,0.110340479193,,0.0507131537242,0.224173553719,0.092050209205,0.0577100465759,0.0942480749283,0.0543550587064,0.126667962752,0.19544852572,0.251510956356,0.19544852572,0.251510956356,0.119790144003
pm_window_test,P3-conf,budget_0.05,0.05,0.134548122904,True,,0.405353728489,0.493723849372,0.194533762058,0.0884106042846,0.490148137495,121,0.023542908447,0.0561388632566,0.00872883258099,0.133550488599,0.100431965443,,0.0451063829787,0.194533762058,0.493723849372,0.366374568059,0.44036485407,0.41449556541,0.570792563601,0.162517196973,0.232287456277,0.162517196973,0.232287456277,0.0935167184149
pm_window_test,P3-conf,budget_0.10,0.1,0.103728764513,True,,0.646271510516,0.753138075314,0.159459459459,0.0770154889089,0.741838055516,59,0.0212382546016,0.0474106491612,0.00836658514609,0.0564971751412,0.0752688172043,,0.0438356164384,0.159459459459,0.753138075314,0.617767479004,0.676440991491,0.685571630399,0.813557060755,0.126942683078,0.197388290933,0.126942683078,0.197388290933,0.0763956584994
pm_window_test,P3-conf,budget_0.20,0.2,0.0759109779156,True,,0.839388145315,0.92050209205,0.113095238095,0.0735101341131,0.895153171293,19,0.0212765957447,0.043259050116,0.0089744882525,0.0454545454545,0.057268722467,,0.0566666666667,0.113095238095,0.92050209205,0.818344358881,0.858038953926,0.881709382825,0.950210366515,0.0782449565705,0.152002999927,0.0782449565705,0.152002999927,0.060262345728
pm_window_test,P3-conf,budget_0.30,0.3,0.0616099581403,True,,0.930210325048,0.962343096234,0.123287671233,0.0730929605102,0.957140802531,9,0.019131714496,0.0404709345107,0.0134903115036,0.0434782608696,0.0612244897959,,0.0677966101695,0.123287671233,0.962343096234,0.914326879482,0.94831776022,0.932490079365,0.982172619048,0.0599925373134,0.195908958908,0.0599925373134,0.195908958908,0.0491344040953
pm_window_test,P3-conf,risk_0.10,0.1,0.426722239989,True,,0.0038240917782,0,0.229366602687,0.0992781596659,0.00503379836042,239,0.0277686092734,0.0622389965989,0.00927055379361,0.133455210238,0.112571428571,,0.0557939914163,0.229366602687,0,0.000927515420794,0.00812203380792,0,0,0.20220073357,0.254662187901,0.20220073357,0.254662187901,0.130271885616
pm_window_test,P3-conf,risk_0.20,0.2,0.426722239989,True,,0.0038240917782,0,0.229366602687,0.0992781596659,0.00503379836042,239,0.0277686092734,0.0622389965989,0.00927055379361,0.133455210238,0.112571428571,,0.0557939914163,0.229366602687,0,0.000927515420794,0.00812203380792,0,0,0.20220073357,0.254662187901,0.20220073357,0.254662187901,0.130271885616
pm_window_test,P3-conf,risk_0.30,0.3,0.426722239989,True,,0.0038240917782,0,0.229366602687,0.0992781596659,0.00503379836042,239,0.0277686092734,0.0622389965989,0.00927055379361,0.133455210238,0.112571428571,,0.0557939914163,0.229366602687,0,0.000927515420794,0.00812203380792,0,0,0.20220073357,0.254662187901,0.20220073357,0.254662187901,0.130271885616
pm_window_test,P3-conf,riskcp_0.10,0.1,0.426722239989,True,,0.0038240917782,0,0.229366602687,0.0992781596659,0.00503379836042,239,0.0277686092734,0.0622389965989,0.00927055379361,0.133455210238,0.112571428571,,0.0557939914163,0.229366602687,0,0.000927515420794,0.00812203380792,0,0,0.20220073357,0.254662187901,0.20220073357,0.254662187901,0.130271885616
pm_window_test,P3-conf,riskcp_0.20,0.2,0.426722239989,True,,0.0038240917782,0,0.229366602687,0.0992781596659,0.00503379836042,239,0.0277686092734,0.0622389965989,0.00927055379361,0.133455210238,0.112571428571,,0.0557939914163,0.229366602687,0,0.000927515420794,0.00812203380792,0,0,0.20220073357,0.254662187901,0.20220073357,0.254662187901,0.130271885616
pm_window_test,P3-conf,riskcp_0.30,0.3,0.426722239989,True,,0.0038240917782,0,0.229366602687,0.0992781596659,0.00503379836042,239,0.0277686092734,0.0622389965989,0.00927055379361,0.133455210238,0.112571428571,,0.0557939914163,0.229366602687,0,0.000927515420794,0.00812203380792,0,0,0.20220073357,0.254662187901,0.20220073357,0.254662187901,0.130271885616
pm_window_test,P3-conf,plugin_0.10,0.1,0.150936587697,True,,0.313575525813,0.36820083682,0.210306406685,0.091685489943,0.387027182511,151,0.0246961385393,0.0581908142412,0.00879853716253,0.135838150289,0.1054512958,,0.0511695906433,0.210306406685,0.36820083682,0.271584926472,0.365070762548,0.301347353528,0.452085200358,0.17730040925,0.239755982654,0.17730040925,0.239755982654,0.0999936194124
pm_window_test,P3-conf,plugin_0.20,0.2,0.676095350887,True,,0,0,0.228489483748,0.099427999428,0,239,0.0277849277849,0.0624052624053,0.00923780923781,0.132969034608,0.112442922374,,0.0556877677297,0.228489483748,0,0,0,0,0,0.200988965681,0.253701713433,0.200988965681,0.253701713433,0.131920811354
pm_window_test,P3-conf,plugin_0.30,0.3,0.676095350887,True,,0,0,0.228489483748,0.099427999428,0,239,0.0277849277849,0.0624052624053,0.00923780923781,0.132969034608,0.112442922374,,0.0556877677297,0.228489483748,0,0,0,0,0,0.200988965681,0.253701713433,0.200988965681,0.253701713433,0.131920811354
pm_window_test,P1-retuned,budget_0.01,0.01,0.3417759357,True,,0.0229445506692,0.0376569037657,0.225048923679,0.0977700550246,0.0289083848698,230,0.0275991891109,0.0612800463365,0.00889081957718,0.126865671642,0.112138728324,,0.0541062801932,0.225048923679,0.0376569037657,0.0145048657514,0.0345091398032,0.0136894977169,0.0595508658009,0.199185347709,0.252051337159,0.199185347709,0.252051337159,
pm_window_test,P1-retuned,budget_0.05,0.05,0.3099848124,True,,0.0592734225621,0.0878661087866,0.221544715447,0.0961532740309,0.0703293542356,218,0.0271026091096,0.0603189242257,0.00873174069556,0.124282982792,0.110714285714,,0.0530530530531,0.221544715447,0.0878661087866,0.0436700207321,0.0722945448599,0.0579064073317,0.112811670721,0.193980999853,0.246298885985,0.193980999853,0.246298885985,
pm_window_test,P1-retuned,budget_0.10,0.1,0.2750132743,True,,0.135755258126,0.205020920502,0.21017699115,0.0907310704961,0.180353804113,190,0.0265872763166,0.0554352671464,0.00870852703305,0.112474437628,0.0960415314731,,0.0476445396146,0.21017699115,0.205020920502,0.114715000591,0.159507886797,0.143353034144,0.260708614672,0.18244159743,0.237678872054,0.18244159743,0.237678872054,
pm_window_test,P1-retuned,budget_0.20,0.2,0.2462516827,True,,0.249521988528,0.347280334728,0.19872611465,0.0860553775662,0.308499928089,156,0.0252546043565,0.0520842655403,0.00871650766945,0.109090909091,0.0915972747918,,0.0477356181151,0.19872611465,0.347280334728,0.212490649212,0.28704296672,0.284469455087,0.410770315211,0.168667232598,0.226245990123,0.168667232598,0.226245990123,
pm_window_test,P1-retuned,budget_0.30,0.3,0.2294080299,True,,0.344168260038,0.456066945607,0.189504373178,0.0808937601999,0.422551416655,130,0.0243587935446,0.0479318195555,0.00860314709971,0.10582010582,0.0866551126516,,0.045643153527,0.189504373178,0.456066945607,0.297178175139,0.392297730991,0.379724530196,0.522005567474,0.159104788736,0.219493587621,0.159104788736,0.219493587621,
pm_window_test,P1-retuned,risk_0.10,0.1,-inf,False,,1,1,,,1,0,,,,,,,,,1,1,1,1,1,,,,,
pm_window_test,P1-retuned,risk_0.20,0.2,0.2209161637,True,,0.387189292543,0.510460251046,0.182527301092,0.0784019868117,0.47332086869,117,0.0233578830179,0.0464802603408,0.00856384345294,0.102272727273,0.0869980879541,,0.0440627333831,0.182527301092,0.510460251046,0.341626640146,0.43078176362,0.423708280445,0.581992931572,0.15114361302,0.209252747949,0.15114361302,0.209252747949,
pm_window_test,P1-retuned,risk_0.30,0.3,0.378675236,True,,0.0133843212237,0.0292887029289,0.22480620155,0.0982241873461,0.0191284337696,232,0.0276381547679,0.0615701467602,0.00901588581798,0.128676470588,0.111880046136,,0.0542486797888,0.22480620155,0.0292887029289,0.00725998160979,0.0199541531823,0.00873267514714,0.0493868868869,0.198828107994,0.2513583411,0.198828107994,0.2513583411,
pm_window_test,P1-retuned,riskcp_0.10,0.1,-inf,False,,1,1,,,1,0,,,,,,,,,1,1,1,1,1,,,,,
pm_window_test,P1-retuned,riskcp_0.20,0.2,-inf,False,,1,1,,,1,0,,,,,,,,,1,1,1,1,1,,,,,
pm_window_test,P1-retuned,riskcp_0.30,0.3,-inf,False,,1,1,,,1,0,,,,,,,,,1,1,1,1,1,,,,,
pm_window_test,P2-retuned,budget_0.01,0.01,0.571712466575,True,,0.00956022944551,0.00836820083682,0.228764478764,0.0990433314575,0.0128002301165,237,0.0277765753286,0.0619742291099,0.00929252701903,0.13123844732,0.11200459506,,0.0551294343241,0.228764478764,0.00836820083682,0.00441989400768,0.0158533418734,0,0.019428070581,0.201207440597,0.254621499196,0.201207440597,0.254621499196,
pm_window_test,P2-retuned,budget_0.05,0.05,0.319394686037,True,,0.0458891013384,0.0460251046025,0.228456913828,0.0990546958098,0.0490435783115,228,0.0277598837471,0.0620964479933,0.00919836406945,0.134357005758,0.112244897959,,0.0533932135729,0.228456913828,0.0460251046025,0.0371251607028,0.0557333982456,0.0202107757546,0.0715151038389,0.202136523846,0.255523431336,0.202136523846,0.255523431336,
pm_window_test,P2-retuned,budget_0.10,0.1,0.175698430946,True,,0.129063097514,0.117154811715,0.231613611416,0.0986041280762,0.142528405005,211,0.0279505160095,0.0617557554909,0.00889785657581,0.131465517241,0.116217990808,,0.0531022917831,0.231613611416,0.117154811715,0.106900635995,0.151608874903,0.0701652386781,0.160074889868,0.202921423882,0.260976964212,0.202921423882,0.260976964212,
pm_window_test,P2-retuned,budget_0.20,0.2,0.104387582814,True,,0.224665391969,0.196652719665,0.236744759556,0.098687299292,0.244211131886,192,0.0275685928374,0.0623110293151,0.00880767713948,0.133819951338,0.122372372372,,0.0526315789474,0.236744759556,0.196652719665,0.201808252213,0.25,0.147801069703,0.256336006018,0.20756245121,0.269152802992,0.20756245121,0.269152802992,
pm_window_test,P2-retuned,budget_0.30,0.3,0.0771445968345,True,,0.2982791587,0.28870292887,0.231607629428,0.0980123372173,0.321300158205,170,0.0278106631774,0.0614783891,0.00872328493987,0.126721763085,0.122117847993,,0.0540925266904,0.231607629428,0.28870292887,0.272800632681,0.326679659438,0.23394485684,0.343803018167,0.201084211468,0.268368480676,0.201084211468,0.268368480676,
pm_window_test,P2-retuned,risk_0.10,0.1,-inf,False,,1,1,,,1,0,,,,,,,,,1,1,1,1,1,,,,,
pm_window_test,P2-retuned,risk_0.20,0.2,0.0834755580439,True,,0.283938814532,0.271966527197,0.232309746328,0.0980687131531,0.306198763124,174,0.0278511892661,0.0615572270787,0.00866029680829,0.127659574468,0.1225,,0.0533980582524,0.232309746328,0.271966527197,0.260740321137,0.313573045283,0.219474627211,0.328357051487,0.202914644346,0.268347261377,0.202914644346,0.268347261377,
pm_window_test,P2-retuned,risk_0.30,0.3,0.588516707175,True,,0.00860420650096,0.00836820083682,0.228543876567,0.0989966265894,0.0123687616856,237,0.0277657642072,0.0619467750771,0.00928408730502,0.130996309963,0.111940298507,,0.0551030186871,0.228543876567,0.00836820083682,0.00294989254241,0.0147954240032,0,0.019428070581,0.201177980131,0.254133760257,0.201177980131,0.254133760257,
pm_window_test,P2-retuned,riskcp_0.10,0.1,-inf,False,,1,1,,,1,0,,,,,,,,,1,1,1,1,1,,,,,
pm_window_test,P2-retuned,riskcp_0.20,0.2,-inf,False,,1,1,,,1,0,,,,,,,,,1,1,1,1,1,,,,,
pm_window_test,P2-retuned,riskcp_0.30,0.3,-inf,False,,1,1,,,1,0,,,,,,,,,1,1,1,1,1,,,,,
pm_window_test,P2-retuned,whisper_rule,,1,True,,0.000956022944551,0,0.228708133971,0.0993816380865,0.00143822810298,239,0.0277976582405,0.06233717901,0.00924680083593,0.133455210238,0.112442922374,,0.0556877677297,0.228708133971,0,0,0.00292975909549,0,0,0.20116179611,0.253821275429,0.20116179611,0.253821275429,
pm_window_test,P4,budget_0.01,0.01,0.304927767816,True,P3 score with thresholds re-tuned on PriMock57 recalibration,0.00860420650096,0.00836820083682,0.228543876567,0.0988982389173,0.0162519775636,237,0.0276741563286,0.0621728694948,0.0090512130939,0.134686346863,0.11251435132,,0.0559540889527,0.228543876567,0.00836820083682,0.00377557005742,0.0150556749854,0,0.0209332038255,0.201594283376,0.253503287771,0.201594283376,0.253503287771,0.239480989918
pm_window_test,P4,budget_0.05,0.05,0.27399137818,True,P3 score with thresholds re-tuned on PriMock57 recalibration,0.0898661567878,0.108786610879,0.223739495798,0.0967313439917,0.120235869409,213,0.0271201986179,0.0606132485728,0.00899789680092,0.126033057851,0.113805970149,,0.0554984583762,0.223739495798,0.108786610879,0.0721888050535,0.111958627015,0.0675590506473,0.16532064255,0.195376414758,0.253285053184,0.195376414758,0.253285053184,0.235491184896
pm_window_test,P4,budget_0.10,0.1,0.265496557661,True,P3 score with thresholds re-tuned on PriMock57 recalibration,0.174952198853,0.200836820084,0.221320973349,0.0944218069411,0.226808571839,191,0.0266790782633,0.0587501756358,0.00899255304201,0.114832535885,0.114697802198,,0.0528109028961,0.221320973349,0.200836820084,0.147713087623,0.211351087585,0.157140627787,0.260002242152,0.193236007874,0.250574003722,0.193236007874,0.250574003722,0.231997249801
pm_window_test,P4,budget_0.20,0.2,0.260240806708,True,P3 score with thresholds re-tuned on PriMock57 recalibration,0.255258126195,0.276150627615,0.222079589217,0.0926556751601,0.315403422983,173,0.0266482393475,0.0570338504662,0.00897358534639,0.121951219512,0.111787072243,,0.0516169154229,0.222079589217,0.276150627615,0.217512221289,0.301069739857,0.209498480243,0.358407469712,0.19261098585,0.250641219882,0.19261098585,0.250641219882,0.228694239958
pm_window_test,P4,budget_0.30,0.3,0.253843898819,True,P3 score with thresholds re-tuned on PriMock57 recalibration,0.346080305927,0.372384937238,0.219298245614,0.0897826618913,0.419531137638,150,0.0262718839677,0.0543901408137,0.00912063710987,0.110738255034,0.106382978723,,0.0537634408602,0.219298245614,0.372384937238,0.307615230461,0.391996096262,0.296663979036,0.466990206763,0.184011171234,0.25038643371,0.184011171234,0.25038643371,0.224804441512
pm_window_test,P4,risk_0.10,0.1,-inf,False,P3 score with thresholds re-tuned on PriMock57 recalibration,1,1,,,1,0,,,,,,,,,1,1,1,1,1,,,,,
pm_window_test,P4,risk_0.20,0.2,0.251496277303,True,P3 score with thresholds re-tuned on PriMock57 recalibration,0.377629063098,0.401673640167,0.219662058372,0.089084884969,0.450884510283,143,0.0259461477437,0.0538755891549,0.00926314807037,0.108013937282,0.107651245552,,0.0530973451327,0.219662058372,0.401673640167,0.341435813223,0.425170525658,0.330705407692,0.496047698745,0.186410810491,0.249612480127,0.186410810491,0.249612480127,0.223400805989
pm_window_test,P4,risk_0.30,0.3,0.310858646733,True,P3 score with thresholds re-tuned on PriMock57 recalibration,0.00669216061185,0.00836820083682,0.228103946102,0.0989377363392,0.0140946354092,237,0.0276967930029,0.0621914961175,0.00904944721877,0.134438305709,0.11251435132,,0.0559540889527,0.228103946102,0.00836820083682,0.00199688007305,0.0132577013504,0,0.0209332038255,0.201333821522,0.253112592452,0.201333821522,0.253112592452,0.239612916194
pm_window_test,P4,riskcp_0.10,0.1,-inf,False,P3 score with thresholds re-tuned on PriMock57 recalibration,1,1,,,1,0,,,,,,,,,1,1,1,1,1,,,,,
pm_window_test,P4,riskcp_0.20,0.2,-inf,False,P3 score with thresholds re-tuned on PriMock57 recalibration,1,1,,,1,0,,,,,,,,,1,1,1,1,1,,,,,
pm_window_test,P4,riskcp_0.30,0.3,-inf,False,P3 score with thresholds re-tuned on PriMock57 recalibration,1,1,,,1,0,,,,,,,,,1,1,1,1,1,,,,,
pm_window_test,P4,plugin_0.10,0.1,-inf,False,,1,1,,,1,0,,,,,,,,,1,1,1,1,1,,,,,
pm_window_test,P4,plugin_0.20,0.2,0.22363452839,True,,0.75430210325,0.753138075314,0.229571984436,0.0863132640238,0.78268373364,59,0.0255341025934,0.0496401233863,0.0111390380441,0.114035087719,0.0892116182573,,0.0583038869258,0.229571984436,0.753138075314,0.702437266082,0.808753784536,0.695818452381,0.836005578801,0.173747023581,0.274638288624,0.173747023581,0.274638288624,0.199923406664
pm_window_test,P4,plugin_0.30,0.3,0.341208566784,True,,0,0,0.228489483748,0.099427999428,0,239,0.0277849277849,0.0624052624053,0.00923780923781,0.132969034608,0.112442922374,,0.0556877677297,0.228489483748,0,0,0,0,0,0.200988965681,0.253701713433,0.200988965681,0.253701713433,0.240158416773
pm_window_test,P4-refit,budget_0.01,0.01,0.506334505048,True,,0.00764818355641,0.0167364016736,0.226396917148,0.0991013119112,0.013519344168,235,0.02758192221,0.0622724383055,0.00924695139571,0.123844731978,0.112643678161,,0.0559305689489,0.226396917148,0.0167364016736,0.00281951958727,0.0128343356073,0,0.034486490521,0.19916566247,0.252405067112,0.19916566247,0.252405067112,0.243772647474
pm_window_test,P4-refit,budget_0.05,0.05,0.395369855567,True,,0.0717017208413,0.092050209205,0.223480947477,0.0960358918851,0.119516755357,217,0.0266365476022,0.0603793119676,0.00902003231525,0.129817444219,0.112296110414,,0.0522193211488,0.223480947477,0.092050209205,0.0562003845353,0.0860171384112,0.0595187651332,0.119843134821,0.198069163192,0.248016611822,0.198069163192,0.248016611822,0.230648328842
pm_window_test,P4-refit,budget_0.10,0.1,0.356572622119,True,,0.123326959847,0.167364016736,0.217011995638,0.0951351894663,0.183230260319,199,0.0259825108051,0.0603243207022,0.00882835795892,0.132034632035,0.111873713109,,0.0525139664804,0.217011995638,0.167364016736,0.106400416104,0.142046533713,0.129087906504,0.210150156842,0.191538885287,0.241945297832,0.191538885287,0.241945297832,0.222233782836
pm_window_test,P4-refit,budget_0.20,0.2,0.310575870302,True,,0.230401529637,0.330543933054,0.198757763975,0.092170853289,0.321875449446,160,0.0244550874792,0.0592121982211,0.0085035675887,0.143222506394,0.102459016393,,0.0471204188482,0.198757763975,0.330543933054,0.208022693966,0.252383198562,0.283989552239,0.382246105919,0.173425651372,0.222892041545,0.173425651372,0.222892041545,0.206856643578
pm_window_test,P4-refit,budget_0.30,0.3,0.284847950683,True,,0.328871892925,0.430962343096,0.193732193732,0.0890520633178,0.440097799511,136,0.0232637935767,0.057370299204,0.0084179705371,0.139053254438,0.0963618485742,,0.0450236966825,0.193732193732,0.430962343096,0.301304927125,0.354094255425,0.37896499239,0.480061403509,0.168570234779,0.221782388546,0.168570234779,0.221782388546,0.193585939028
pm_window_test,P4-refit,risk_0.10,0.1,0.181878329903,True,,0.747609942639,0.853556485356,0.132575757576,0.082613430127,0.836329641881,35,0.0214882032668,0.0532123411978,0.00791288566243,0.139784946237,0.0810810810811,,0.0453333333333,0.132575757576,0.853556485356,0.724890302648,0.771431922428,0.81277425103,0.892384861141,0.098103986381,0.17177312894,0.098103986381,0.17177312894,0.130065513645
pm_window_test,P4-refit,risk_0.20,0.2,0.345134765748,True,,0.143403441683,0.196652719665,0.214285714286,0.0937290322581,0.216453329498,192,0.0256860215054,0.0594580645161,0.00858494623656,0.135254988914,0.110874200426,,0.05141536684,0.214285714286,0.196652719665,0.12617169102,0.163679156925,0.155550161812,0.23535890127,0.190403415867,0.239228300533,0.190403415867,0.239228300533,0.219222110717
pm_window_test,P4-refit,risk_0.30,0.3,0.65120250729,True,,0,0,0.228489483748,0.099427999428,0,239,0.0277849277849,0.0624052624053,0.00923780923781,0.132969034608,0.112442922374,,0.0556877677297,0.228489483748,0,0,0,0,0,0.200988965681,0.253701713433,0.200988965681,0.253701713433,0.24607302098
pm_window_test,P4-refit,riskcp_0.10,0.1,-inf,False,,1,1,,,1,0,,,,,,,,,1,1,1,1,1,,,,,
pm_window_test,P4-refit,riskcp_0.20,0.2,-inf,False,,1,1,,,1,0,,,,,,,,,1,1,1,1,1,,,,,
pm_window_test,P4-refit,riskcp_0.30,0.3,0.65120250729,True,,0,0,0.228489483748,0.099427999428,0,239,0.0277849277849,0.0624052624053,0.00923780923781,0.132969034608,0.112442922374,,0.0556877677297,0.228489483748,0,0,0,0,0,0.200988965681,0.253701713433,0.200988965681,0.253701713433,0.24607302098
pm_window_test,P4-refit,plugin_0.10,0.1,0.139232220636,True,,0.868068833652,0.949790794979,0.0869565217391,0.0852082336046,0.923198619301,12,0.0220201053135,0.0520185096537,0.0111696186373,0.108108108108,0.0606060606061,,0.0340909090909,0.0869565217391,0.949790794979,0.838069142303,0.897134850444,0.918285284754,0.979170971074,0.0396708683473,0.131609786184,0.0396708683473,0.131609786184,0.0997387593357
pm_window_test,P4-refit,plugin_0.20,0.2,0.297164775195,True,,0.282026768642,0.376569037657,0.198402130493,0.0916297505246,0.378253991083,149,0.0241209012484,0.0587973462769,0.00871150299922,0.144414168937,0.102770330652,,0.0471014492754,0.198402130493,0.376569037657,0.24117410783,0.328001957044,0.315503809489,0.454243357956,0.169114026265,0.223696540639,0.169114026265,0.223696540639,0.19991452097
pm_window_test,P4-refit,plugin_0.30,0.3,0.597832021088,True,,0,0,0.228489483748,0.099427999428,0,239,0.0277849277849,0.0624052624053,0.00923780923781,0.132969034608,0.112442922374,,0.0556877677297,0.228489483748,0,0,0,0,0,0.200988965681,0.253701713433,0.200988965681,0.253701713433,0.24607302098
pm_turn_test,P1,budget_0.01,0.01,0.6318330495,True,,0.00297563697229,0.017667844523,0.0518559970155,0.0890839400977,0.00445859872611,278,0.0327866516579,0.0446987076274,0.0115985808125,0.0996441281139,0.115191986644,,0.0704824976348,0.0518559970155,0.017667844523,0.001641832409,0.00438020155127,0.00315334953073,0.0378239463724,0.0438502141453,0.060675796955,0.0438502141453,0.060675796955,
pm_turn_test,P1,budget_0.05,0.05,0.5532712038,True,,0.0325460293844,0.123674911661,0.0476739715494,0.0867717143961,0.0345541401274,248,0.031428448757,0.0442374021439,0.0111058634952,0.0971223021583,0.103606182026,,0.0678368121442,0.0476739715494,0.123674911661,0.0282483450241,0.0383663041937,0.0919771596941,0.167860714286,0.0401445708697,0.0566338349735,0.0401445708697,0.0566338349735,
pm_turn_test,P1,budget_0.10,0.1,0.5160116508,True,,0.0611865352427,0.187279151943,0.0455625990491,0.0848629457676,0.059872611465,230,0.0302999813141,0.044070086674,0.0104928777795,0.0943738656987,0.0992410974898,,0.0661589719181,0.0455625990491,0.187279151943,0.0543861100737,0.0699769275993,0.142232584091,0.237929909867,0.0379570520067,0.0547178882941,0.0379570520067,0.0547178882941,
pm_turn_test,P1,budget_0.20,0.2,0.4475078049,True,,0.156034963734,0.314487632509,0.0427501101807,0.0814431932995,0.114331210191,194,0.0279384417144,0.0438112251622,0.00969352642291,0.0854368932039,0.0879256965944,,0.0645161290323,0.0427501101807,0.314487632509,0.143574483616,0.170831055368,0.251619287883,0.377339901478,0.0348811660665,0.0526544921293,0.0348811660665,0.0526544921293,
pm_turn_test,P1,budget_0.30,0.3,0.4019691294,True,,0.240282685512,0.420494699647,0.040146878825,0.0777672115806,0.179617834395,164,0.0259626560401,0.0426421530891,0.00916240245136,0.0775681341719,0.0794923179693,,0.0568578553616,0.040146878825,0.420494699647,0.225192769853,0.258124974382,0.354885658011,0.482214840355,0.0333413397689,0.0487110315874,0.0333413397689,0.0487110315874,
pm_turn_test,P1,risk_0.10,0.1,0.7014997042,True,,0,0,0.0526315789474,0.089442126102,0,283,0.0329995869711,0.0447637901813,0.0116787489496,0.0996441281139,0.117581808098,,0.0709219858156,0.0526315789474,0,0,0,0,0,0.0447284704038,0.0613737995726,0.0447284704038,0.0613737995726,
pm_turn_test,P1,risk_0.20,0.2,0.7014997042,True,,0,0,0.0526315789474,0.089442126102,0,283,0.0329995869711,0.0447637901813,0.0116787489496,0.0996441281139,0.117581808098,,0.0709219858156,0.0526315789474,0,0,0,0,0,0.0447284704038,0.0613737995726,0.0447284704038,0.0613737995726,
pm_turn_test,P1,risk_0.30,0.3,0.7014997042,True,,0,0,0.0526315789474,0.089442126102,0,283,0.0329995869711,0.0447637901813,0.0116787489496,0.0996441281139,0.117581808098,,0.0709219858156,0.0526315789474,0,0,0,0,0,0.0447284704038,0.0613737995726,0.0447284704038,0.0613737995726,
pm_turn_test,P1,riskcp_0.10,0.1,0.12177209,True,,0.987353542868,0.992932862191,0.0294117647059,0.0385631273111,0.988375796178,2,0.0100369783413,0.0227152667723,0.00581088219757,0.1,0.030303030303,,0,0.0294117647059,0.992932862191,0.980348396154,0.992064479227,0.983718259272,1,0,0.081675170068,0,0.081675170068,
pm_turn_test,P1,riskcp_0.20,0.2,0.7014997042,True,,0,0,0.0526315789474,0.089442126102,0,283,0.0329995869711,0.0447637901813,0.0116787489496,0.0996441281139,0.117581808098,,0.0709219858156,0.0526315789474,0,0,0,0,0,0.0447284704038,0.0613737995726,0.0447284704038,0.0613737995726,
pm_turn_test,P1,riskcp_0.30,0.3,0.7014997042,True,,0,0,0.0526315789474,0.089442126102,0,283,0.0329995869711,0.0447637901813,0.0116787489496,0.0996441281139,0.117581808098,,0.0709219858156,0.0526315789474,0,0,0,0,0,0.0447284704038,0.0613737995726,0.0447284704038,0.0613737995726,
pm_turn_test,P2,budget_0.01,0.01,0.512934391887,True,,0.00706713780919,0.00706713780919,0.0526315789474,0.089189111418,0.012898089172,281,0.0329621316759,0.0446736878453,0.0115532918969,0.1,0.118539325843,,0.0702676864245,0.0526315789474,0.00706713780919,0.00518444196678,0.00968283407943,0,0.0182727400337,0.0447761004753,0.0612026597043,0.0447761004753,0.0612026597043,
pm_turn_test,P2,budget_0.05,0.05,0.19259159146,True,,0.0269667100614,0.0459363957597,0.0516055045872,0.0890993399489,0.0606687898089,270,0.0331082816016,0.0443004516139,0.0116906067334,0.10147601476,0.119131455399,,0.0706059088633,0.0516055045872,0.0459363957597,0.0214007797891,0.0329112516298,0.0226351731907,0.0732115421548,0.0436650476587,0.0604409657989,0.0436650476587,0.0604409657989,
pm_turn_test,P2,budget_0.10,0.1,0.0006024863563,True,,0.0459363957597,0.102473498233,0.0495126705653,0.0887783756648,0.0988853503185,254,0.0330389219208,0.0440989598858,0.0116404938581,0.101313320826,0.11620795107,,0.0694801852805,0.0495126705653,0.102473498233,0.0388391621325,0.0528507405368,0.0713827838828,0.131435523114,0.0415353788736,0.0587901939655,0.0415353788736,0.0587901939655,
pm_turn_test,P2,budget_0.20,0.2,0.0004959393099,True,,0.122001115864,0.268551236749,0.0438466426605,0.0840818402938,0.157802547771,207,0.0302052366342,0.0435591307251,0.0103174729345,0.0968992248062,0.0994798439532,,0.0652511651994,0.0438466426605,0.268551236749,0.111214010877,0.136378317814,0.232715171879,0.313088862244,0.0363901469792,0.052282088055,0.0363901469792,0.052282088055,
pm_turn_test,P2,budget_0.30,0.3,0.0004378321797,True,,0.206806769574,0.378091872792,0.041266119578,0.0807092681819,0.207802547771,176,0.0278223909411,0.0431530961535,0.00973378108726,0.0871369294606,0.0889042039972,,0.0640419947507,0.041266119578,0.378091872792,0.190627695532,0.224060922363,0.325885573729,0.434497313032,0.0339108909145,0.0504602798484,0.0339108909145,0.0504602798484,
pm_turn_test,P2,risk_0.10,0.1,0.897616287968,True,,0.00204575041845,0.00353356890459,0.0525531121878,0.0892530835998,0.00445859872611,282,0.0329345591594,0.044640817725,0.0116777067154,0.0996441281139,0.117679866146,,0.0700757575758,0.0525531121878,0.00353356890459,0.000950253842044,0.0034710258485,0,0.0118133670791,0.0446103924588,0.061464662631,0.0446103924588,0.061464662631,
pm_turn_test,P2,risk_0.20,0.2,0.897616287968,True,,0.00204575041845,0.00353356890459,0.0525531121878,0.0892530835998,0.00445859872611,282,0.0329345591594,0.044640817725,0.0116777067154,0.0996441281139,0.117679866146,,0.0700757575758,0.0525531121878,0.00353356890459,0.000950253842044,0.0034710258485,0,0.0118133670791,0.0446103924588,0.061464662631,0.0446103924588,0.061464662631,
pm_turn_test,P2,risk_0.30,0.3,0.897616287968,True,,0.00204575041845,0.00353356890459,0.0525531121878,0.0892530835998,0.00445859872611,282,0.0329345591594,0.044640817725,0.0116777067154,0.0996441281139,0.117679866146,,0.0700757575758,0.0525531121878,0.00353356890459,0.000950253842044,0.0034710258485,0,0.0118133670791,0.0446103924588,0.061464662631,0.0446103924588,0.061464662631,
pm_turn_test,P2,riskcp_0.10,0.1,-inf,False,,1,1,,,1,0,,,,,,,,,1,1,1,1,1,,,,,
pm_turn_test,P2,riskcp_0.20,0.2,0.897616287968,True,,0.00204575041845,0.00353356890459,0.0525531121878,0.0892530835998,0.00445859872611,282,0.0329345591594,0.044640817725,0.0116777067154,0.0996441281139,0.117679866146,,0.0700757575758,0.0525531121878,0.00353356890459,0.000950253842044,0.0034710258485,0,0.0118133670791,0.0446103924588,0.061464662631,0.0446103924588,0.061464662631,
pm_turn_test,P2,riskcp_0.30,0.3,0.897616287968,True,,0.00204575041845,0.00353356890459,0.0525531121878,0.0892530835998,0.00445859872611,282,0.0329345591594,0.044640817725,0.0116777067154,0.0996441281139,0.117679866146,,0.0700757575758,0.0525531121878,0.00353356890459,0.000950253842044,0.0034710258485,0,0.0118133670791,0.0446103924588,0.061464662631,0.0446103924588,0.061464662631,
pm_turn_test,P2,whisper_rule,,1,True,,0.00167379579691,0.00353356890459,0.0525335320417,0.0892989561348,0.00286624203822,282,0.0329986880383,0.0446209571616,0.0116793109349,0.0996441281139,0.117483296214,,0.070042593469,0.0525335320417,0.00353356890459,0.000773402169564,0.00284875347483,0,0.0118133670791,0.044601292713,0.0614522157612,0.044601292713,0.0614522157612,
pm_turn_test,P2-rawCR,budget_0.01,0.01,0.67475124375,True,,0.00483541007997,0.00706713780919,0.0525135488694,0.090284249767,0.0127388535032,281,0.0331721808015,0.04536055452,0.0117515144455,0.101083032491,0.119235095613,,0.0713941148095,0.0525135488694,0.00706713780919,0.00303382926033,0.0065733836362,0,0.0211362259579,0.0449345378252,0.0614805545865,0.0449345378252,0.0614805545865,
pm_turn_test,P2-rawCR,budget_0.05,0.05,0.637755102083,True,,0.0135763436861,0.0247349823322,0.052036199095,0.0914038473135,0.0345541401274,276,0.0334378580474,0.0459958994151,0.0119700898511,0.101289134438,0.121598147076,,0.0720675944334,0.052036199095,0.0247349823322,0.0107010121614,0.0173294503374,0.00346684989142,0.0529132791328,0.0440797517345,0.0612481791129,0.0440797517345,0.0612481791129,
pm_turn_test,P2-rawCR,budget_0.10,0.1,0.618530020833,True,,0.0254788915752,0.0494699646643,0.0513358778626,0.0921377660997,0.0675159235669,269,0.0339380398697,0.0459272778766,0.0122724483534,0.103969754253,0.120977353993,,0.0737113402062,0.0513358778626,0.0494699646643,0.0209248471008,0.0307714984583,0.0247118458691,0.0813230872035,0.0431894347646,0.0604467827214,0.0431894347646,0.0604467827214,
pm_turn_test,P2-rawCR,budget_0.20,0.2,0.592369477917,True,,0.0503998512182,0.0812720848057,0.0509204857031,0.0931924238265,0.135031847134,260,0.0343981608564,0.046321712874,0.0124725500961,0.105263157895,0.126733921816,,0.0740537575425,0.0509204857031,0.0812720848057,0.043566333893,0.0599191099349,0.0508699162679,0.117293028322,0.0432134504867,0.059274374011,0.0432134504867,0.059274374011,
pm_turn_test,P2-rawCR,budget_0.30,0.3,0.562106918333,True,,0.082573925981,0.109540636042,0.0510845327387,0.0943562272814,0.214649681529,252,0.0351253108858,0.0466041706524,0.0126267457433,0.105726872247,0.130551816958,,0.0766400980993,0.0510845327387,0.109540636042,0.0704870261813,0.0971594302407,0.0708759098544,0.155152163308,0.0432547804399,0.0598012346413,0.0432547804399,0.0598012346413,
pm_turn_test,P2-rawCR,risk_0.10,0.1,0.74186991875,True,,0.000743909243072,0.00353356890459,0.0524846454495,0.0895823208211,0.00207006369427,282,0.033034106178,0.0448697790103,0.0116784356328,0.0996441281139,0.11771238201,,0.0711237553343,0.0524846454495,0.00353356890459,0.000181307859888,0.00150801341493,0,0.0105681129789,0.0447464763584,0.0613800752007,0.0447464763584,0.0613800752007,
pm_turn_test,P2-rawCR,risk_0.20,0.2,0.74186991875,True,,0.000743909243072,0.00353356890459,0.0524846454495,0.0895823208211,0.00207006369427,282,0.033034106178,0.0448697790103,0.0116784356328,0.0996441281139,0.11771238201,,0.0711237553343,0.0524846454495,0.00353356890459,0.000181307859888,0.00150801341493,0,0.0105681129789,0.0447464763584,0.0613800752007,0.0447464763584,0.0613800752007,
pm_turn_test,P2-rawCR,risk_0.30,0.3,0.74186991875,True,,0.000743909243072,0.00353356890459,0.0524846454495,0.0895823208211,0.00207006369427,282,0.033034106178,0.0448697790103,0.0116784356328,0.0996441281139,0.11771238201,,0.0711237553343,0.0524846454495,0.00353356890459,0.000181307859888,0.00150801341493,0,0.0105681129789,0.0447464763584,0.0613800752007,0.0447464763584,0.0613800752007,
pm_turn_test,P2-rawCR,riskcp_0.10,0.1,0.74186991875,True,,0.000743909243072,0.00353356890459,0.0524846454495,0.0895823208211,0.00207006369427,282,0.033034106178,0.0448697790103,0.0116784356328,0.0996441281139,0.11771238201,,0.0711237553343,0.0524846454495,0.00353356890459,0.000181307859888,0.00150801341493,0,0.0105681129789,0.0447464763584,0.0613800752007,0.0447464763584,0.0613800752007,
pm_turn_test,P2-rawCR,riskcp_0.20,0.2,0.74186991875,True,,0.000743909243072,0.00353356890459,0.0524846454495,0.0895823208211,0.00207006369427,282,0.033034106178,0.0448697790103,0.0116784356328,0.0996441281139,0.11771238201,,0.0711237553343,0.0524846454495,0.00353356890459,0.000181307859888,0.00150801341493,0,0.0105681129789,0.0447464763584,0.0613800752007,0.0447464763584,0.0613800752007,
pm_turn_test,P2-rawCR,riskcp_0.30,0.3,0.74186991875,True,,0.000743909243072,0.00353356890459,0.0524846454495,0.0895823208211,0.00207006369427,282,0.033034106178,0.0448697790103,0.0116784356328,0.0996441281139,0.11771238201,,0.0711237553343,0.0524846454495,0.00353356890459,0.000181307859888,0.00150801341493,0,0.0105681129789,0.0447464763584,0.0613800752007,0.0447464763584,0.0613800752007,
pm_turn_test,P2-rawCR,whisper_rule,,1,True,,0,0,0.0526315789474,0.089442126102,0,283,0.0329995869711,0.0447637901813,0.0116787489496,0.0996441281139,0.117581808098,,0.0709219858156,0.0526315789474,0,0,0,0,0,0.0447284704038,0.0613737995726,0.0447284704038,0.0613737995726,
pm_turn_test,P3,budget_0.01,0.01,0.258712565261,True,,0.00855495629533,0.0636042402827,0.0497092477959,0.0880632707157,0.0265923566879,265,0.0324420882794,0.0440820560101,0.0115391264262,0.0989208633094,0.111363636364,,0.0711556829035,0.0497092477959,0.0636042402827,0.00581446435983,0.0117428131119,0.0389971658589,0.0909234298824,0.0423614546173,0.0579655394264,0.0423614546173,0.0579655394264,0.0536720828754
pm_turn_test,P3,budget_0.05,0.05,0.157702116065,True,,0.0412869629905,0.141342756184,0.047138700291,0.0851396060728,0.123089171975,243,0.031260628923,0.0428094369376,0.0110695402121,0.0916334661355,0.110772976263,,0.064483111566,0.047138700291,0.141342756184,0.0343744701276,0.0497134214548,0.105711416268,0.178311917474,0.0395975666555,0.0557391348313,0.0395975666555,0.0557391348313,0.0490207566635
pm_turn_test,P3,budget_0.10,0.1,0.113073243811,True,,0.109540636042,0.293286219081,0.0417710944027,0.0816113622637,0.289968152866,200,0.0301261050204,0.0407233193623,0.0107619378809,0.083932853717,0.109851169383,,0.0580568720379,0.0417710944027,0.293286219081,0.096344778416,0.127715726343,0.243122873222,0.346220930233,0.0349194086272,0.0500932021037,0.0349194086272,0.0500932021037,0.0427430793395
pm_turn_test,P3,budget_0.20,0.2,0.0773770817508,True,,0.245118095592,0.480565371025,0.0362158167036,0.0777972478483,0.519267515924,147,0.0293769004793,0.0379322785136,0.0104880688553,0.0756013745704,0.106690777577,,0.0578990901572,0.0362158167036,0.480565371025,0.224457620886,0.272774162087,0.403816666667,0.55343353869,0.0295243101895,0.046244835934,0.0295243101895,0.046244835934,0.0338362549057
pm_turn_test,P3,budget_0.30,0.3,0.0622207433746,True,,0.338292728287,0.530035335689,0.0373805508713,0.0763865143951,0.644267515924,133,0.0304315120016,0.0349449497367,0.0110100526568,0.0836820083682,0.116525423729,,0.0627659574468,0.0373805508713,0.530035335689,0.312907020955,0.367117156319,0.452223566879,0.600620780017,0.0303668497425,0.0470300642148,0.0303668497425,0.0470300642148,0.0288162757327
pm_turn_test,P3,risk_0.10,0.1,0.38993651057,True,,0.00185977310768,0.017667844523,0.0517980249674,0.0893646133235,0.0015923566879,278,0.0329523103674,0.0447250648499,0.0116872381061,0.0996441281139,0.115320334262,,0.0709219858156,0.0517980249674,0.017667844523,0.00073188371069,0.00312888795392,0.00342237442922,0.0330882352941,0.0441885710544,0.0609089767015,0.0441885710544,0.0609089767015,0.0554135217147
pm_turn_test,P3,risk_0.20,0.2,0.38993651057,True,,0.00185977310768,0.017667844523,0.0517980249674,0.0893646133235,0.0015923566879,278,0.0329523103674,0.0447250648499,0.0116872381061,0.0996441281139,0.115320334262,,0.0709219858156,0.0517980249674,0.017667844523,0.00073188371069,0.00312888795392,0.00342237442922,0.0330882352941,0.0441885710544,0.0609089767015,0.0441885710544,0.0609089767015,0.0554135217147
pm_turn_test,P3,risk_0.30,0.3,0.38993651057,True,,0.00185977310768,0.017667844523,0.0517980249674,0.0893646133235,0.0015923566879,278,0.0329523103674,0.0447250648499,0.0116872381061,0.0996441281139,0.115320334262,,0.0709219858156,0.0517980249674,0.017667844523,0.00073188371069,0.00312888795392,0.00342237442922,0.0330882352941,0.0441885710544,0.0609089767015,0.0441885710544,0.0609089767015,0.0554135217147
pm_turn_test,P3,riskcp_0.10,0.1,0.38993651057,True,,0.00185977310768,0.017667844523,0.0517980249674,0.0893646133235,0.0015923566879,278,0.0329523103674,0.0447250648499,0.0116872381061,0.0996441281139,0.115320334262,,0.0709219858156,0.0517980249674,0.017667844523,0.00073188371069,0.00312888795392,0.00342237442922,0.0330882352941,0.0441885710544,0.0609089767015,0.0441885710544,0.0609089767015,0.0554135217147
pm_turn_test,P3,riskcp_0.20,0.2,0.38993651057,True,,0.00185977310768,0.017667844523,0.0517980249674,0.0893646133235,0.0015923566879,278,0.0329523103674,0.0447250648499,0.0116872381061,0.0996441281139,0.115320334262,,0.0709219858156,0.0517980249674,0.017667844523,0.00073188371069,0.00312888795392,0.00342237442922,0.0330882352941,0.0441885710544,0.0609089767015,0.0441885710544,0.0609089767015,0.0554135217147
pm_turn_test,P3,riskcp_0.30,0.3,0.38993651057,True,,0.00185977310768,0.017667844523,0.0517980249674,0.0893646133235,0.0015923566879,278,0.0329523103674,0.0447250648499,0.0116872381061,0.0996441281139,0.115320334262,,0.0709219858156,0.0517980249674,0.017667844523,0.00073188371069,0.00312888795392,0.00342237442922,0.0330882352941,0.0441885710544,0.0609089767015,0.0441885710544,0.0609089767015,0.0554135217147
pm_turn_test,P3,plugin_0.10,0.1,0.614303078423,True,,0,0,0.0526315789474,0.089442126102,0,283,0.0329995869711,0.0447637901813,0.0116787489496,0.0996441281139,0.117581808098,,0.0709219858156,0.0526315789474,0,0,0,0,0,0.0447284704038,0.0613737995726,0.0447284704038,0.0613737995726,0.0562032305545
pm_turn_test,P3,plugin_0.20,0.2,0.614303078423,True,,0,0,0.0526315789474,0.089442126102,0,283,0.0329995869711,0.0447637901813,0.0116787489496,0.0996441281139,0.117581808098,,0.0709219858156,0.0526315789474,0,0,0,0,0,0.0447284704038,0.0613737995726,0.0447284704038,0.0613737995726,0.0562032305545
pm_turn_test,P3,plugin_0.30,0.3,0.614303078423,True,,0,0,0.0526315789474,0.089442126102,0,283,0.0329995869711,0.0447637901813,0.0116787489496,0.0996441281139,0.117581808098,,0.0709219858156,0.0526315789474,0,0,0,0,0,0.0447284704038,0.0613737995726,0.0447284704038,0.0613737995726,0.0562032305545
pm_turn_test,P3-conf,budget_0.01,0.01,0.218189689412,True,,0.00892691091687,0.0424028268551,0.0508538187277,0.0885423453948,0.0262738853503,271,0.0325065519888,0.0445390440612,0.0114967493448,0.0976491862568,0.115340909091,,0.0701923076923,0.0508538187277,0.0424028268551,0.00589522629387,0.0118244324362,0.0201474541429,0.0673406862745,0.0427986532142,0.058923170049,0.0427986532142,0.058923170049,0.055126587536
pm_turn_test,P3-conf,budget_0.05,0.05,0.134548122904,True,,0.0448205318951,0.127208480565,0.0480919003115,0.0865798177104,0.112101910828,247,0.0313339440709,0.0442836513827,0.0109622222567,0.0935114503817,0.113309352518,,0.068170169144,0.0480919003115,0.127208480565,0.0379712974455,0.0526612368532,0.0920648464164,0.1579597141,0.0402137917698,0.0565331942769,0.0402137917698,0.0565331942769,0.0512299206137
pm_turn_test,P3-conf,budget_0.10,0.1,0.103728764513,True,,0.110470522596,0.272084805654,0.0430692034288,0.0830358886936,0.255414012739,206,0.0295136114219,0.0431871859073,0.0103350913643,0.0857142857143,0.107556160654,,0.0637544273908,0.0430692034288,0.272084805654,0.0972408783641,0.125458690695,0.222933848044,0.327673002236,0.0365562050907,0.0515716509432,0.0365562050907,0.0515716509432,0.0463802647747
pm_turn_test,P3-conf,budget_0.20,0.2,0.0759109779156,True,,0.239352798959,0.491166077739,0.0352078239609,0.0772528210951,0.469108280255,144,0.0266932363232,0.0406654772111,0.00989410756077,0.0879765395894,0.0961538461538,,0.0577223088924,0.0352078239609,0.491166077739,0.221226552211,0.263383433184,0.439477130916,0.552407306434,0.028495688502,0.0420075015836,0.028495688502,0.0420075015836,0.0392396900506
pm_turn_test,P3-conf,budget_0.30,0.3,0.0616099581403,True,,0.343500092989,0.604240282686,0.0317280453258,0.0691882194648,0.63152866242,112,0.0240394677829,0.0358499028255,0.00929884885633,0.0777385159011,0.0924369747899,,0.0475247524752,0.0317280453258,0.604240282686,0.320087848653,0.372185484291,0.527790866256,0.687743334533,0.0241502966752,0.0397981939852,0.0241502966752,0.0397981939852,0.0346239995136
pm_turn_test,P3-conf,risk_0.10,0.1,0.426722239989,True,,0.00130184117538,0.00353356890459,0.0525139664804,0.0894145492914,0.00143312101911,282,0.0330082413665,0.0447286622751,0.0116776456498,0.0996441281139,0.117483296214,,0.0704824976348,0.0525139664804,0.00353356890459,0.000543021828776,0.00221918878576,0,0.0118133670791,0.0446006357698,0.0614179729863,0.0446006357698,0.0614179729863,0.0568543681122
pm_turn_test,P3-conf,risk_0.20,0.2,0.426722239989,True,,0.00130184117538,0.00353356890459,0.0525139664804,0.0894145492914,0.00143312101911,282,0.0330082413665,0.0447286622751,0.0116776456498,0.0996441281139,0.117483296214,,0.0704824976348,0.0525139664804,0.00353356890459,0.000543021828776,0.00221918878576,0,0.0118133670791,0.0446006357698,0.0614179729863,0.0446006357698,0.0614179729863,0.0568543681122
pm_turn_test,P3-conf,risk_0.30,0.3,0.426722239989,True,,0.00130184117538,0.00353356890459,0.0525139664804,0.0894145492914,0.00143312101911,282,0.0330082413665,0.0447286622751,0.0116776456498,0.0996441281139,0.117483296214,,0.0704824976348,0.0525139664804,0.00353356890459,0.000543021828776,0.00221918878576,0,0.0118133670791,0.0446006357698,0.0614179729863,0.0446006357698,0.0614179729863,0.0568543681122
pm_turn_test,P3-conf,riskcp_0.10,0.1,0.426722239989,True,,0.00130184117538,0.00353356890459,0.0525139664804,0.0894145492914,0.00143312101911,282,0.0330082413665,0.0447286622751,0.0116776456498,0.0996441281139,0.117483296214,,0.0704824976348,0.0525139664804,0.00353356890459,0.000543021828776,0.00221918878576,0,0.0118133670791,0.0446006357698,0.0614179729863,0.0446006357698,0.0614179729863,0.0568543681122
pm_turn_test,P3-conf,riskcp_0.20,0.2,0.426722239989,True,,0.00130184117538,0.00353356890459,0.0525139664804,0.0894145492914,0.00143312101911,282,0.0330082413665,0.0447286622751,0.0116776456498,0.0996441281139,0.117483296214,,0.0704824976348,0.0525139664804,0.00353356890459,0.000543021828776,0.00221918878576,0,0.0118133670791,0.0446006357698,0.0614179729863,0.0446006357698,0.0614179729863,0.0568543681122
pm_turn_test,P3-conf,riskcp_0.30,0.3,0.426722239989,True,,0.00130184117538,0.00353356890459,0.0525139664804,0.0894145492914,0.00143312101911,282,0.0330082413665,0.0447286622751,0.0116776456498,0.0996441281139,0.117483296214,,0.0704824976348,0.0525139664804,0.00353356890459,0.000543021828776,0.00221918878576,0,0.0118133670791,0.0446006357698,0.0614179729863,0.0446006357698,0.0614179729863,0.0568543681122
pm_turn_test,P3-conf,plugin_0.10,0.1,0.819530124405,True,,0,0,0.0526315789474,0.089442126102,0,283,0.0329995869711,0.0447637901813,0.0116787489496,0.0996441281139,0.117581808098,,0.0709219858156,0.0526315789474,0,0,0,0,0,0.0447284704038,0.0613737995726,0.0447284704038,0.0613737995726,0.057588855153
pm_turn_test,P3-conf,plugin_0.20,0.2,0.819530124405,True,,0,0,0.0526315789474,0.089442126102,0,283,0.0329995869711,0.0447637901813,0.0116787489496,0.0996441281139,0.117581808098,,0.0709219858156,0.0526315789474,0,0,0,0,0,0.0447284704038,0.0613737995726,0.0447284704038,0.0613737995726,0.057588855153
pm_turn_test,P3-conf,plugin_0.30,0.3,0.819530124405,True,,0,0,0.0526315789474,0.089442126102,0,283,0.0329995869711,0.0447637901813,0.0116787489496,0.0996441281139,0.117581808098,,0.0709219858156,0.0526315789474,0,0,0,0,0,0.0447284704038,0.0613737995726,0.0447284704038,0.0613737995726,0.057588855153
pm_turn_test,P1-retuned,budget_0.01,0.01,0.6104286837,True,,0.00688116049842,0.0353356890459,0.0511235955056,0.088645858583,0.0100318471338,273,0.0326094705773,0.0445296793236,0.0115067086821,0.0996441281139,0.112975391499,,0.0696022727273,0.0511235955056,0.0353356890459,0.00448000201292,0.00915154161501,0.0157655457999,0.0554614521931,0.0436015897542,0.0597627079306,0.0436015897542,0.0597627079306,
pm_turn_test,P1-retuned,budget_0.05,0.05,0.5280023395,True,,0.048912032732,0.166077738516,0.0461478294877,0.0855880412016,0.05,236,0.0306860241586,0.0441425415316,0.0107594755114,0.0958408679928,0.100752750434,,0.0669833729216,0.0461478294877,0.166077738516,0.0427759408856,0.0578151026613,0.127970618313,0.212347254549,0.0390538830947,0.0556446186999,0.0390538830947,0.0556446186999,
pm_turn_test,P1-retuned,budget_0.10,0.1,0.4906446513,True,,0.092988655384,0.229681978799,0.0446996104162,0.0837489699441,0.0775477707006,218,0.0295354989808,0.0440502522734,0.0101632186899,0.0924214417745,0.0948121645796,,0.0654250238777,0.0446996104162,0.229681978799,0.0843758819163,0.104484430842,0.177999069025,0.284856719368,0.0366312806575,0.0543567327695,0.0366312806575,0.0543567327695,
pm_turn_test,P1-retuned,budget_0.20,0.2,0.4335459846,True,,0.178352241027,0.335689045936,0.0425531914894,0.0807987032125,0.126910828025,188,0.0275567344533,0.0436486884763,0.00959328028294,0.0867850098619,0.0848522941546,,0.0637989366844,0.0425531914894,0.335689045936,0.164121418454,0.194138548685,0.267691639694,0.401547853342,0.0349151092017,0.0521778638817,0.0349151092017,0.0521778638817,
pm_turn_test,P1-retuned,budget_0.30,0.3,0.3858401238,True,,0.280639761949,0.47703180212,0.0382626680455,0.076189743984,0.210987261146,148,0.0252018144076,0.0421157838087,0.00887214576766,0.0757575757576,0.0751043115438,,0.0554143365531,0.0382626680455,0.47703180212,0.265248112971,0.299696428748,0.403588462657,0.541226378023,0.0312036400437,0.0474659975306,0.0312036400437,0.0474659975306,
pm_turn_test,P1-retuned,risk_0.10,0.1,0.7420929356,True,,0,0,0.0526315789474,0.089442126102,0,283,0.0329995869711,0.0447637901813,0.0116787489496,0.0996441281139,0.117581808098,,0.0709219858156,0.0526315789474,0,0,0,0,0,0.0447284704038,0.0613737995726,0.0447284704038,0.0613737995726,
pm_turn_test,P1-retuned,risk_0.20,0.2,0.7420929356,True,,0,0,0.0526315789474,0.089442126102,0,283,0.0329995869711,0.0447637901813,0.0116787489496,0.0996441281139,0.117581808098,,0.0709219858156,0.0526315789474,0,0,0,0,0,0.0447284704038,0.0613737995726,0.0447284704038,0.0613737995726,
pm_turn_test,P1-retuned,risk_0.30,0.3,0.7420929356,True,,0,0,0.0526315789474,0.089442126102,0,283,0.0329995869711,0.0447637901813,0.0116787489496,0.0996441281139,0.117581808098,,0.0709219858156,0.0526315789474,0,0,0,0,0,0.0447284704038,0.0613737995726,0.0447284704038,0.0613737995726,
pm_turn_test,P1-retuned,riskcp_0.10,0.1,0.7420929356,True,,0,0,0.0526315789474,0.089442126102,0,283,0.0329995869711,0.0447637901813,0.0116787489496,0.0996441281139,0.117581808098,,0.0709219858156,0.0526315789474,0,0,0,0,0,0.0447284704038,0.0613737995726,0.0447284704038,0.0613737995726,
pm_turn_test,P1-retuned,riskcp_0.20,0.2,0.7420929356,True,,0,0,0.0526315789474,0.089442126102,0,283,0.0329995869711,0.0447637901813,0.0116787489496,0.0996441281139,0.117581808098,,0.0709219858156,0.0526315789474,0,0,0,0,0,0.0447284704038,0.0613737995726,0.0447284704038,0.0613737995726,
pm_turn_test,P1-retuned,riskcp_0.30,0.3,0.7420929356,True,,0,0,0.0526315789474,0.089442126102,0,283,0.0329995869711,0.0447637901813,0.0116787489496,0.0996441281139,0.117581808098,,0.0709219858156,0.0526315789474,0,0,0,0,0,0.0447284704038,0.0613737995726,0.0447284704038,0.0613737995726,
pm_turn_test,P2-retuned,budget_0.01,0.01,0.303202399565,True,,0.0159940487261,0.0247349823322,0.0521640521641,0.0890079248606,0.0342356687898,276,0.0328734957441,0.0445406515996,0.0115937775169,0.100900900901,0.117916428163,,0.0704156479218,0.0521640521641,0.0247349823322,0.0119269054117,0.0215609125559,0.00744912978361,0.044158496732,0.0442929194631,0.0608359955193,0.0442929194631,0.0608359955193,
pm_turn_test,P2-retuned,budget_0.05,0.05,0.0005679810091,True,,0.0600706713781,0.151943462898,0.0474871388999,0.0875772393516,0.113057324841,240,0.0323108127231,0.0438672347919,0.0113991918366,0.101694915254,0.109733415995,,0.0685213807316,0.0474871388999,0.151943462898,0.0525220590293,0.0688728014649,0.11559392988,0.189645821663,0.0400560437474,0.0566943435147,0.0400560437474,0.0566943435147,
pm_turn_test,P2-retuned,budget_0.10,0.1,0.0005105402881,True,,0.103403384787,0.250883392226,0.0439742791952,0.084667648596,0.14872611465,212,0.0305665098747,0.0435691547489,0.0105319839724,0.0959692898273,0.101412066752,,0.0662183135023,0.0439742791952,0.250883392226,0.09408994763,0.114308638871,0.210890600924,0.30195983452,0.0363687152744,0.0524325365804,0.0363687152744,0.0524325365804,
pm_turn_test,P2-retuned,budget_0.20,0.2,0.0004455861043,True,,0.194346289753,0.367491166078,0.0413204062789,0.0811575001616,0.200159235669,179,0.0280488593033,0.0433173915853,0.00979124927293,0.0864197530864,0.0907230559345,,0.0649554740702,0.0413204062789,0.367491166078,0.178558089233,0.21013423298,0.315446435793,0.422157203262,0.0335745796409,0.0508712569868,0.0335745796409,0.0508712569868,
pm_turn_test,P2-retuned,budget_0.30,0.3,0.000399698744,True,,0.282313557746,0.47703180212,0.0383519046385,0.077210002509,0.264968152866,148,0.0259262356778,0.0420339550054,0.00924981182571,0.0782997762864,0.0817843866171,,0.0561920349154,0.0383519046385,0.47703180212,0.26564375164,0.302008432715,0.420427052786,0.531042449072,0.0319386066712,0.0464569213068,0.0319386066712,0.0464569213068,
pm_turn_test,P2-retuned,risk_0.10,0.1,2.50033742472,True,,0,0,0.0526315789474,0.089442126102,0,283,0.0329995869711,0.0447637901813,0.0116787489496,0.0996441281139,0.117581808098,,0.0709219858156,0.0526315789474,0,0,0,0,0,0.0447284704038,0.0613737995726,0.0447284704038,0.0613737995726,
pm_turn_test,P2-retuned,risk_0.20,0.2,2.50033742472,True,,0,0,0.0526315789474,0.089442126102,0,283,0.0329995869711,0.0447637901813,0.0116787489496,0.0996441281139,0.117581808098,,0.0709219858156,0.0526315789474,0,0,0,0,0,0.0447284704038,0.0613737995726,0.0447284704038,0.0613737995726,
pm_turn_test,P2-retuned,risk_0.30,0.3,2.50033742472,True,,0,0,0.0526315789474,0.089442126102,0,283,0.0329995869711,0.0447637901813,0.0116787489496,0.0996441281139,0.117581808098,,0.0709219858156,0.0526315789474,0,0,0,0,0,0.0447284704038,0.0613737995726,0.0447284704038,0.0613737995726,
pm_turn_test,P2-retuned,riskcp_0.10,0.1,2.50033742472,True,,0,0,0.0526315789474,0.089442126102,0,283,0.0329995869711,0.0447637901813,0.0116787489496,0.0996441281139,0.117581808098,,0.0709219858156,0.0526315789474,0,0,0,0,0,0.0447284704038,0.0613737995726,0.0447284704038,0.0613737995726,
pm_turn_test,P2-retuned,riskcp_0.20,0.2,2.50033742472,True,,0,0,0.0526315789474,0.089442126102,0,283,0.0329995869711,0.0447637901813,0.0116787489496,0.0996441281139,0.117581808098,,0.0709219858156,0.0526315789474,0,0,0,0,0,0.0447284704038,0.0613737995726,0.0447284704038,0.0613737995726,
pm_turn_test,P2-retuned,riskcp_0.30,0.3,2.50033742472,True,,0,0,0.0526315789474,0.089442126102,0,283,0.0329995869711,0.0447637901813,0.0116787489496,0.0996441281139,0.117581808098,,0.0709219858156,0.0526315789474,0,0,0,0,0,0.0447284704038,0.0613737995726,0.0447284704038,0.0613737995726,
pm_turn_test,P2-retuned,whisper_rule,,1,True,,0.00167379579691,0.00353356890459,0.0525335320417,0.0892989561348,0.00286624203822,282,0.0329986880383,0.0446209571616,0.0116793109349,0.0996441281139,0.117483296214,,0.070042593469,0.0525335320417,0.00353356890459,0.000773402169564,0.00284875347483,0,0.0118133670791,0.044601292713,0.0614522157612,0.044601292713,0.0614522157612,
pm_turn_test,P4,budget_0.01,0.01,0.16987052026,True,P3 score with thresholds re-tuned on PriMock57 recalibration,0.00799702436303,0.0600706713781,0.0498687664042,0.0884189325277,0.0213375796178,266,0.0324989210186,0.0442957847792,0.01162422673,0.0989208633094,0.111741349972,,0.0715990453461,0.0498687664042,0.0600706713781,0.00513327441872,0.0112154295882,0.0360424813367,0.0869670747151,0.0423503172601,0.0582673249075,0.0423503172601,0.0582673249075,0.0500577217892
pm_turn_test,P4,budget_0.05,0.05,0.101090326599,True,P3 score with thresholds re-tuned on PriMock57 recalibration,0.0695555142273,0.201413427562,0.0451728962622,0.0829824126827,0.199840764331,226,0.0307323920403,0.0413343241681,0.0109156964743,0.0924369747899,0.110674525213,,0.0623991393222,0.0451728962622,0.201413427562,0.0581810743598,0.0825266576599,0.165109376756,0.241267170195,0.0376914978085,0.0540594614959,0.0376914978085,0.0540594614959,0.0453881194939
pm_turn_test,P4,budget_0.10,0.1,0.0826821908394,True,P3 score with thresholds re-tuned on PriMock57 recalibration,0.143946438534,0.325088339223,0.0414946773843,0.0808274429935,0.355414012739,191,0.030010782317,0.040533525019,0.0102831356575,0.0852713178295,0.11152976639,,0.0585585585586,0.0414946773843,0.325088339223,0.128178929573,0.163299891342,0.271998925975,0.382101328904,0.0346059893028,0.0496360465197,0.0346059893028,0.0496360465197,0.0414136725254
pm_turn_test,P4,budget_0.20,0.2,0.0657654445407,True,P3 score with thresholds re-tuned on PriMock57 recalibration,0.272828714897,0.494699646643,0.0365728900256,0.0769768091646,0.561305732484,143,0.029589270746,0.036658284437,0.0107292539816,0.072202166065,0.108593012276,,0.0565022421525,0.0365728900256,0.494699646643,0.250883460025,0.301455919458,0.407476001935,0.572497324111,0.0289037294207,0.0468166379922,0.0289037294207,0.0468166379922,0.0357461236026
pm_turn_test,P4,budget_0.30,0.3,0.0554117816215,True,P3 score with thresholds re-tuned on PriMock57 recalibration,0.376976008927,0.56183745583,0.0370149253731,0.0755831917195,0.688375796178,124,0.0304727328905,0.0338714660899,0.0112389927391,0.093023255814,0.11676300578,,0.0610500610501,0.0370149253731,0.56183745583,0.350204966916,0.40610446322,0.481641827106,0.636401389308,0.0286667886144,0.0478330118746,0.0286667886144,0.0478330118746,0.0316278595221
pm_turn_test,P4,risk_0.10,0.1,0.280925357107,True,P3 score with thresholds re-tuned on PriMock57 recalibration,0.000557931932304,0.00706713780919,0.0522887979159,0.0893655812893,0.000955414012739,281,0.0329886334501,0.0446970344415,0.0116799133977,0.0996441281139,0.116666666667,,0.0709219858156,0.0522887979159,0.00706713780919,0,0.00112601857379,0,0.015904272668,0.0445385728967,0.0613329553344,0.0445385728967,0.0613329553344,0.0512366516361
pm_turn_test,P4,risk_0.20,0.2,0.280925357107,True,P3 score with thresholds re-tuned on PriMock57 recalibration,0.000557931932304,0.00706713780919,0.0522887979159,0.0893655812893,0.000955414012739,281,0.0329886334501,0.0446970344415,0.0116799133977,0.0996441281139,0.116666666667,,0.0709219858156,0.0522887979159,0.00706713780919,0,0.00112601857379,0,0.015904272668,0.0445385728967,0.0613329553344,0.0445385728967,0.0613329553344,0.0512366516361
pm_turn_test,P4,risk_0.30,0.3,0.280925357107,True,P3 score with thresholds re-tuned on PriMock57 recalibration,0.000557931932304,0.00706713780919,0.0522887979159,0.0893655812893,0.000955414012739,281,0.0329886334501,0.0446970344415,0.0116799133977,0.0996441281139,0.116666666667,,0.0709219858156,0.0522887979159,0.00706713780919,0,0.00112601857379,0,0.015904272668,0.0445385728967,0.0613329553344,0.0445385728967,0.0613329553344,0.0512366516361
pm_turn_test,P4,riskcp_0.10,0.1,0.280925357107,True,P3 score with thresholds re-tuned on PriMock57 recalibration,0.000557931932304,0.00706713780919,0.0522887979159,0.0893655812893,0.000955414012739,281,0.0329886334501,0.0446970344415,0.0116799133977,0.0996441281139,0.116666666667,,0.0709219858156,0.0522887979159,0.00706713780919,0,0.00112601857379,0,0.015904272668,0.0445385728967,0.0613329553344,0.0445385728967,0.0613329553344,0.0512366516361
pm_turn_test,P4,riskcp_0.20,0.2,0.280925357107,True,P3 score with thresholds re-tuned on PriMock57 recalibration,0.000557931932304,0.00706713780919,0.0522887979159,0.0893655812893,0.000955414012739,281,0.0329886334501,0.0446970344415,0.0116799133977,0.0996441281139,0.116666666667,,0.0709219858156,0.0522887979159,0.00706713780919,0,0.00112601857379,0,0.015904272668,0.0445385728967,0.0613329553344,0.0445385728967,0.0613329553344,0.0512366516361
pm_turn_test,P4,riskcp_0.30,0.3,0.280925357107,True,P3 score with thresholds re-tuned on PriMock57 recalibration,0.000557931932304,0.00706713780919,0.0522887979159,0.0893655812893,0.000955414012739,281,0.0329886334501,0.0446970344415,0.0116799133977,0.0996441281139,0.116666666667,,0.0709219858156,0.0522887979159,0.00706713780919,0,0.00112601857379,0,0.015904272668,0.0445385728967,0.0613329553344,0.0445385728967,0.0613329553344,0.0512366516361
pm_turn_test,P4,plugin_0.10,0.1,0.367500661599,True,,0,0,0.0526315789474,0.089442126102,0,283,0.0329995869711,0.0447637901813,0.0116787489496,0.0996441281139,0.117581808098,,0.0709219858156,0.0526315789474,0,0,0,0,0,0.0447284704038,0.0613737995726,0.0447284704038,0.0613737995726,0.0513992738092
pm_turn_test,P4,plugin_0.20,0.2,0.367500661599,True,,0,0,0.0526315789474,0.089442126102,0,283,0.0329995869711,0.0447637901813,0.0116787489496,0.0996441281139,0.117581808098,,0.0709219858156,0.0526315789474,0,0,0,0,0,0.0447284704038,0.0613737995726,0.0447284704038,0.0613737995726,0.0513992738092
pm_turn_test,P4,plugin_0.30,0.3,0.367500661599,True,,0,0,0.0526315789474,0.089442126102,0,283,0.0329995869711,0.0447637901813,0.0116787489496,0.0996441281139,0.117581808098,,0.0709219858156,0.0526315789474,0,0,0,0,0,0.0447284704038,0.0613737995726,0.0447284704038,0.0613737995726,0.0513992738092
pm_turn_test,P4-refit,budget_0.01,0.01,0.244146393358,True,,0.0126464571322,0.0812720848057,0.0489734413261,0.0880161329538,0.0200636942675,260,0.0319798624122,0.0444943434546,0.0115419270871,0.0954954954955,0.1099210823,,0.0685714285714,0.0489734413261,0.0812720848057,0.00976707117065,0.0160545352138,0.0514438633456,0.114295954941,0.0422774551853,0.0572237902067,0.0422774551853,0.0572237902067,0.0468375569322
pm_turn_test,P4-refit,budget_0.05,0.05,0.143981773763,True,,0.0461223730705,0.194346289753,0.044453109768,0.0848875821009,0.0759554140127,228,0.0303681923904,0.0436798759527,0.0108395137578,0.0858208955224,0.101694915254,,0.0645944633317,0.044453109768,0.194346289753,0.0381435759929,0.0561820410295,0.149252226769,0.246069071193,0.0379026833939,0.0524855113802,0.0379026833939,0.0524855113802,0.0421160736471
pm_turn_test,P4-refit,budget_0.10,0.1,0.097812020705,True,,0.111214431839,0.335689045936,0.0393387738021,0.0780686352753,0.221178343949,188,0.0264325618516,0.0423144453312,0.00932162809258,0.0783505154639,0.0914249684741,,0.0564212788823,0.0393387738021,0.335689045936,0.098886206095,0.125174996713,0.272328441505,0.393162084486,0.0334661237489,0.0460071401264,0.0334661237489,0.0460071401264,0.0367274049491
pm_turn_test,P4-refit,budget_0.20,0.2,0.0630720763446,True,,0.238050957783,0.551236749117,0.0309982914328,0.0693397771953,0.460828025478,127,0.0225262123198,0.0383355176933,0.00847804718218,0.0744680851064,0.077849117175,,0.0499653018737,0.0309982914328,0.551236749117,0.216992960833,0.262955296606,0.484723892838,0.618790614323,0.0241709928195,0.038163217369,0.0241709928195,0.038163217369,0.0298812091229
pm_turn_test,P4-refit,budget_0.30,0.3,0.0471683905224,True,,0.354844708946,0.667844522968,0.0270971461516,0.0634350367312,0.623248407643,94,0.0212343825406,0.0342645718269,0.00793608236367,0.0736842105263,0.0736629667003,,0.0477908025248,0.0270971461516,0.667844522968,0.327871254655,0.384439792176,0.608584643848,0.732839173405,0.0210472547677,0.0345736194781,0.0210472547677,0.0345736194781,0.0254398783848
pm_turn_test,P4-refit,risk_0.10,0.1,0.455219748451,True,,0.000743909243072,0.00353356890459,0.0524846454495,0.0892523297798,0.00414012738854,282,0.0327953076166,0.0447546060424,0.0117024161208,0.1,0.11771238201,,0.0711237553343,0.0524846454495,0.00353356890459,0.000182397439889,0.00132947259282,0,0.0105681129789,0.044755155624,0.061356645129,0.044755155624,0.061356645129,0.0500213560759
pm_turn_test,P4-refit,risk_0.20,0.2,0.455219748451,True,,0.000743909243072,0.00353356890459,0.0524846454495,0.0892523297798,0.00414012738854,282,0.0327953076166,0.0447546060424,0.0117024161208,0.1,0.11771238201,,0.0711237553343,0.0524846454495,0.00353356890459,0.000182397439889,0.00132947259282,0,0.0105681129789,0.044755155624,0.061356645129,0.044755155624,0.061356645129,0.0500213560759
pm_turn_test,P4-refit,risk_0.30,0.3,0.455219748451,True,,0.000743909243072,0.00353356890459,0.0524846454495,0.0892523297798,0.00414012738854,282,0.0327953076166,0.0447546060424,0.0117024161208,0.1,0.11771238201,,0.0711237553343,0.0524846454495,0.00353356890459,0.000182397439889,0.00132947259282,0,0.0105681129789,0.044755155624,0.061356645129,0.044755155624,0.061356645129,0.0500213560759
pm_turn_test,P4-refit,riskcp_0.10,0.1,-inf,False,,1,1,,,1,0,,,,,,,,,1,1,1,1,1,,,,,
pm_turn_test,P4-refit,riskcp_0.20,0.2,0.455219748451,True,,0.000743909243072,0.00353356890459,0.0524846454495,0.0892523297798,0.00414012738854,282,0.0327953076166,0.0447546060424,0.0117024161208,0.1,0.11771238201,,0.0711237553343,0.0524846454495,0.00353356890459,0.000182397439889,0.00132947259282,0,0.0105681129789,0.044755155624,0.061356645129,0.044755155624,0.061356645129,0.0500213560759
pm_turn_test,P4-refit,riskcp_0.30,0.3,0.455219748451,True,,0.000743909243072,0.00353356890459,0.0524846454495,0.0892523297798,0.00414012738854,282,0.0327953076166,0.0447546060424,0.0117024161208,0.1,0.11771238201,,0.0711237553343,0.0524846454495,0.00353356890459,0.000182397439889,0.00132947259282,0,0.0105681129789,0.044755155624,0.061356645129,0.044755155624,0.061356645129,0.0500213560759
pm_turn_test,P4-refit,plugin_0.10,0.1,0.513318853474,True,,0,0,0.0526315789474,0.089442126102,0,283,0.0329995869711,0.0447637901813,0.0116787489496,0.0996441281139,0.117581808098,,0.0709219858156,0.0526315789474,0,0,0,0,0,0.0447284704038,0.0613737995726,0.0447284704038,0.0613737995726,0.050351386248
pm_turn_test,P4-refit,plugin_0.20,0.2,0.513318853474,True,,0,0,0.0526315789474,0.089442126102,0,283,0.0329995869711,0.0447637901813,0.0116787489496,0.0996441281139,0.117581808098,,0.0709219858156,0.0526315789474,0,0,0,0,0,0.0447284704038,0.0613737995726,0.0447284704038,0.0613737995726,0.050351386248
pm_turn_test,P4-refit,plugin_0.30,0.3,0.513318853474,True,,0,0,0.0526315789474,0.089442126102,0,283,0.0329995869711,0.0447637901813,0.0116787489496,0.0996441281139,0.117581808098,,0.0709219858156,0.0526315789474,0,0,0,0,0,0.0447284704038,0.0613737995726,0.0447284704038,0.0613737995726,0.050351386248
