unit_id,split,dropped_reason,group_id,recording_context,duration
eka_8a9bb36133bd,calibration,,ses:ce-73d4588f-143b-4ffb-8944-a8df7f811c16,conversation,10.496
eka_aa062d884b4f,calibration,,ses:D3A675F9-69E5-4389-8092-984929C87834,conversation,10.2
eka_94bf8a07c687,calibration,,ses:D3A675F9-69E5-4389-8092-984929C87834,conversation,11.0
eka_d4daff83cc0a,calibration,,ses:300F60AD-E9D0-4E5D-BB05-C2D0C9115F8A,conversation,20.3
eka_4ff867895fd7,test,,ses:D387A804-8786-4925-86A7-92F78F076425,conversation,4.8
eka_133dcb5c2625,test,,ses:D387A804-8786-4925-86A7-92F78F076425,conversation,20.9
eka_f03de26da3f2,validation,,ses:9CDDA0A9-F01F-4BD1-B36D-03E397ED68C8,conversation,15.9
eka_b3881fdc2827,validation,,ses:9CDDA0A9-F01F-4BD1-B36D-03E397ED68C8,conversation,12.2
eka_6677f007cf5b,calibration,,ses:4751AB12-7E3A-4630-8F48-20E35FBE382E,conversation,18.1
eka_1ee836dd55bc,test,,ses:7438BF00-8597-4672-9898-3B29C58080A5,conversation,13.2
eka_c0043c934287,test,,ses:7438BF00-8597-4672-9898-3B29C58080A5,conversation,17.3
eka_ccfa8c40703a,test,,ses:7438BF00-8597-4672-9898-3B29C58080A5,conversation,14.5
eka_aa30aeb6b9f3,calibration,,ses:BACD928A-4E4D-4DE2-973D-6A7118501125,conversation,16.5
eka_8fffed4ed866,calibration,,ses:BACD928A-4E4D-4DE2-973D-6A7118501125,conversation,10.7
eka_2c8bba2ab596,calibration,,ses:BACD928A-4E4D-4DE2-973D-6A7118501125,conversation,13.0
eka_3d3ae9f7e33c,calibration,,ses:BACD928A-4E4D-4DE2-973D-6A7118501125,conversation,10.7
eka_87f945d67228,calibration,,ses:BACD928A-4E4D-4DE2-973D-6A7118501125,conversation,12.0
eka_cb3cf3d5d206,calibration,,ses:BACD928A-4E4D-4DE2-973D-6A7118501125,conversation,20.2
eka_4ecbea710e13,calibration,,ses:BACD928A-4E4D-4DE2-973D-6A7118501125,conversation,14.7
eka_40f96fccde76,calibration,,ses:365FE17E-E6B5-4809-9739-FC7F5EBE1B4F,conversation,3.1
eka_99d3003ca06b,calibration,,ses:365FE17E-E6B5-4809-9739-FC7F5EBE1B4F,conversation,25.1
eka_1fd45468a428,test,,ses:2A0BFD6E-0FEC-4CD6-A9D8-1692016794BC,conversation,12.0
eka_a7b916dc4d75,test,,ses:2A0BFD6E-0FEC-4CD6-A9D8-1692016794BC,conversation,24.5
eka_4b2536dc6a3c,calibration,,ses:E4678758-DA04-4552-A885-8ACBB89594BD,conversation,28.319
eka_ce40eb14ec42,test,,ses:825F3FD7-21DC-46C0-AF88-E9CA58BEBDEE,conversation,28.319
eka_308ea4e1e6d0,validation,,ses:0FAF056D-D4B9-4651-AD7C-E478560C9ADE,conversation,12.3
eka_1c496a966b1d,calibration,,ses:D3A675F9-69E5-4389-8092-984929C87834,conversation,2.5
eka_f62083e20e8c,calibration,,ses:D3A675F9-69E5-4389-8092-984929C87834,conversation,11.7
eka_eac439009734,calibration,,ses:D3A675F9-69E5-4389-8092-984929C87834,conversation,11.4
eka_61ed212c9043,calibration,,ses:0B6AD503-CC07-40F8-98BA-C87F764EE0E7,conversation,10.8
eka_39fc5e0f8020,calibration,,ses:2335D39A-789A-4E9D-BF38-4F7D97462518,conversation,12.12
eka_7913f69d732d,validation,,ses:ce-5954386c-da36-4b73-aee3-afd606625d7e,conversation,2.112
eka_89924bbcff61,test,,ses:02307BD4-FDAB-4A29-8FA9-01C63BD8AFBC,conversation,2.4599375
eka_e95988aaead5,test,,ses:02307BD4-FDAB-4A29-8FA9-01C63BD8AFBC,conversation,12.46
eka_c2729e5051f0,test,,ses:02307BD4-FDAB-4A29-8FA9-01C63BD8AFBC,conversation,11.48
eka_8947e2cdc5e9,calibration,,ses:B11E4628-8D2E-4104-8DC0-5215BE434995,conversation,8.6999375
eka_459e0603a909,validation,,ses:0FAF056D-D4B9-4651-AD7C-E478560C9ADE,conversation,25.1
eka_d5d4f1964a15,test,,ses:1FCFF596-3A80-45CF-9CF9-9BB9106B5D29,conversation,14.28
eka_de20f128d832,test,,ses:1FCFF596-3A80-45CF-9CF9-9BB9106B5D29,conversation,9.6399375
eka_f589fd387ad7,test,,ses:1FCFF596-3A80-45CF-9CF9-9BB9106B5D29,conversation,21.28
eka_98cff1e51152,test,,ses:1FCFF596-3A80-45CF-9CF9-9BB9106B5D29,conversation,10.22
eka_b5688f0c3951,test,,ses:A5FA6691-F2E3-448D-A901-50B4ACDA6E0A,conversation,16.98
eka_96323f59a128,calibration,,ses:DE2B9F88-4BCD-49B7-9CD6-4605F2625F58,conversation,9.34
eka_028851bdce81,calibration,,ses:DE2B9F88-4BCD-49B7-9CD6-4605F2625F58,conversation,9.7
eka_b632d8d99f96,calibration,,ses:1AE39B79-BF5D-4E7B-A5C7-C091FEB100DE,conversation,7.0399375
eka_a72e0625a349,calibration,,ses:1AE39B79-BF5D-4E7B-A5C7-C091FEB100DE,conversation,13.56
eka_384a28a32d51,calibration,,ses:0B6AD503-CC07-40F8-98BA-C87F764EE0E7,conversation,6.6
eka_5e217946cabb,calibration,,ses:0B6AD503-CC07-40F8-98BA-C87F764EE0E7,conversation,11.6
eka_c87f1a09a080,calibration,,ses:0B6AD503-CC07-40F8-98BA-C87F764EE0E7,conversation,16.4
eka_e6a851d3c9c4,calibration,,ses:0B6AD503-CC07-40F8-98BA-C87F764EE0E7,conversation,10.2
eka_8577efbd8c8b,test,,ses:1FCFF596-3A80-45CF-9CF9-9BB9106B5D29,conversation,19.32
eka_13552c63be6f,calibration,,ses:10263EBA-7A75-418E-9E12-D916A988B097,conversation,5.0
eka_3cd27bfc9af6,calibration,,ses:10263EBA-7A75-418E-9E12-D916A988B097,conversation,13.0
eka_cd59a3899a99,calibration,,ses:10263EBA-7A75-418E-9E12-D916A988B097,conversation,21.0
eka_4d5483ef0357,calibration,,ses:5482F557-6E87-40B1-BA39-B0C93872533B,conversation,15.6
eka_82f72058b215,calibration,,ses:58282CE1-1C9B-44E9-927A-55DE348DF6B6,conversation,21.9
eka_8cee45c07c09,calibration,,ses:58282CE1-1C9B-44E9-927A-55DE348DF6B6,conversation,25.1
eka_b8f36f91b0b3,test,,ses:69B036FA-842D-4FD2-8047-C16DB40F3BAE,conversation,7.2
eka_31477ac988a5,test,,ses:69B036FA-842D-4FD2-8047-C16DB40F3BAE,conversation,17.1
eka_f9ea05f2adb0,calibration,,ses:ce-73d4588f-143b-4ffb-8944-a8df7f811c16,conversation,9.216
eka_ae1e5cccac08,calibration,,ses:5482F557-6E87-40B1-BA39-B0C93872533B,conversation,12.0
eka_7ab4e731dcb6,calibration,,ses:3043A866-B3C0-4C5D-8531-922ED33AE5EC,conversation,22.6
eka_083b096f393a,calibration,,ses:0FE5CE8D-8255-466D-B5EC-29CE30F909A9,conversation,13.9
eka_5605ba55e8d3,test,,ses:5989A0E3-A258-4113-B59E-433F5B5E19C3,conversation,1.6999375
eka_2bda838a0dc7,validation,,ses:6103952A-87B6-45F8-B231-4702CCB73E76,conversation,1.8599375
eka_bc52899fcfee,validation,,ses:6103952A-87B6-45F8-B231-4702CCB73E76,conversation,12.18
eka_ac08a0f4ab61,calibration,,ses:99693738-A86F-4997-A2AC-9A97046CA093,conversation,10.2
eka_5e7eea772ddb,calibration,,ses:99693738-A86F-4997-A2AC-9A97046CA093,conversation,11.1
eka_928d2644ebee,calibration,,ses:638E618F-AFD7-4E6A-B059-991264668CF8,conversation,13.5999375
eka_05664a824328,calibration,,ses:EDEE2AED-802D-40F7-B14F-227ED684BBE0,conversation,12.5999375
eka_baa411079c8d,calibration,,ses:EDEE2AED-802D-40F7-B14F-227ED684BBE0,conversation,25.0
eka_0e47aa20c0bb,calibration,,ses:EDEE2AED-802D-40F7-B14F-227ED684BBE0,conversation,25.0
eka_6dcb635936b0,calibration,,ses:3043A866-B3C0-4C5D-8531-922ED33AE5EC,conversation,2.3
eka_440602fd62e1,calibration,,ses:3043A866-B3C0-4C5D-8531-922ED33AE5EC,conversation,19.4
eka_3013bfd11e15,calibration,,ses:3043A866-B3C0-4C5D-8531-922ED33AE5EC,conversation,12.3
eka_4bafd836df6c,calibration,,ses:10263EBA-7A75-418E-9E12-D916A988B097,conversation,24.5
eka_0785dc40d0cc,validation,,ses:0D0672EA-21FE-48BE-A8ED-C8BAEAA0D626,conversation,25.0
eka_ea287a34c663,validation,,ses:0D0672EA-21FE-48BE-A8ED-C8BAEAA0D626,conversation,20.42
eka_9b7ff186ddeb,validation,,ses:0D0672EA-21FE-48BE-A8ED-C8BAEAA0D626,conversation,21.6
eka_44df10a1a99a,test,,ses:2c6b4667-6fb7-42f6-8eeb-ffc26aa143ed,conversation,6.912
eka_71bfbb2ccf18,test,,ses:57080164-3e95-4a4e-a0bd-eb8883968720,conversation,0.704
eka_92c2c7c0241d,calibration,,ses:03c23f5c-b0f0-4312-857f-cc8a28fba128,conversation,13.44
eka_97c87be6ed45,calibration,,ses:03c23f5c-b0f0-4312-857f-cc8a28fba128,conversation,24.704
eka_9fbd675c380f,calibration,,ses:03c23f5c-b0f0-4312-857f-cc8a28fba128,conversation,11.2
eka_b32bd5131180,calibration,,ses:03c23f5c-b0f0-4312-857f-cc8a28fba128,conversation,11.776
eka_f9feafcc5977,test,,ses:57080164-3e95-4a4e-a0bd-eb8883968720,conversation,14.08
eka_f87284cacbf4,calibration,,ses:4935D2B9-27CD-42D8-8D30-3DFA63FAE1AE,conversation,5.0999375
eka_2e51576ad9f4,calibration,,ses:4935D2B9-27CD-42D8-8D30-3DFA63FAE1AE,conversation,25.0
eka_ce29176c2b77,test,,ses:b4b9d190-020b-471d-95dc-b7f831b4db26,conversation,11.776
eka_76f75e8ca756,test,,ses:b4b9d190-020b-471d-95dc-b7f831b4db26,conversation,13.888
eka_e703b718e157,test,,ses:b4b9d190-020b-471d-95dc-b7f831b4db26,conversation,10.624
eka_6870ea260b7e,validation,,ses:c9c34974-90d7-41d8-83b8-da448047e478,conversation,12.864
eka_0fbb8097bb25,test,,ses:b4b9d190-020b-471d-95dc-b7f831b4db26,conversation,25.024
eka_b30f36d70d01,test,,ses:b4b9d190-020b-471d-95dc-b7f831b4db26,conversation,11.136
eka_be773a7875a5,test,,ses:b4b9d190-020b-471d-95dc-b7f831b4db26,conversation,12.352
eka_839c3fc2251c,test,,ses:49AF6300-8DAC-4FDC-98EA-07CBA927FBC0,conversation,25.1
eka_a266279fc118,validation,,ses:9C659078-0015-4BBF-8E95-CFFB09042A59,conversation,25.0
eka_27611745cfbd,validation,,ses:9C659078-0015-4BBF-8E95-CFFB09042A59,conversation,25.0
eka_872edb739d7f,validation,,ses:9C659078-0015-4BBF-8E95-CFFB09042A59,conversation,19.8399375
eka_1fc22adc164f,validation,,ses:9C659078-0015-4BBF-8E95-CFFB09042A59,conversation,19.82
eka_97b93e8100c8,validation,,ses:9C659078-0015-4BBF-8E95-CFFB09042A59,conversation,19.86
eka_9ca437999255,test,,ses:49AF6300-8DAC-4FDC-98EA-07CBA927FBC0,conversation,6.1
eka_35fc5e750def,test,,ses:49AF6300-8DAC-4FDC-98EA-07CBA927FBC0,conversation,18.8
eka_43e95a2b58a2,test,,ses:49AF6300-8DAC-4FDC-98EA-07CBA927FBC0,conversation,25.1
eka_d88b3175a2f2,validation,,ses:852CF6A1-F378-4AFA-A605-FE08A0CE1F4B,conversation,9.2
eka_0c01e93faccf,validation,,ses:852CF6A1-F378-4AFA-A605-FE08A0CE1F4B,conversation,19.8
eka_05881bcd2932,validation,,ses:852CF6A1-F378-4AFA-A605-FE08A0CE1F4B,conversation,12.9
eka_a51deb443e4b,validation,,ses:852CF6A1-F378-4AFA-A605-FE08A0CE1F4B,conversation,21.2
eka_001935ae9889,validation,,ses:852CF6A1-F378-4AFA-A605-FE08A0CE1F4B,conversation,16.9
eka_b883c5d54923,validation,,ses:9C659078-0015-4BBF-8E95-CFFB09042A59,conversation,20.4
eka_04892148dda4,test,,spk:356b8e2cef,narration_entity,2.28
eka_ac59b4906bae,calibration,,spk:b732586755,narration_entity,1.92
eka_30b30f2ca437,validation,,spk:4bfe3fd60d,narration_entity,3.96
eka_a1f700aa8127,calibration,,spk:12012e73b5,narration_entity,4.68
eka_11e3d31e6b6d,calibration,,spk:12012e73b5,narration_entity,1.86
eka_0e796e0afc46,test,,spk:74fd89f3d1,narration_entity,6.48
eka_7a59461e19cd,validation,,spk:4bfe3fd60d,narration_entity,6.18
eka_7cbc2ea9518e,validation,,spk:4bfe3fd60d,narration_entity,7.02
eka_374eb162feaf,calibration,,spk:0ae6a7a872,narration_entity,4.74
eka_710948ca567d,validation,,spk:4bfe3fd60d,narration_entity,5.28
eka_2d216ec9f521,validation,,spk:4bfe3fd60d,narration_entity,4.14
eka_e76e90eb68d9,test,,spk:a1f4917765,narration_entity,2.34
eka_eee1a9788cd6,validation,,spk:4bfe3fd60d,narration_entity,3.6
eka_996d83345b25,validation,,spk:4bfe3fd60d,narration_entity,4.02
eka_29af14d5501d,calibration,,spk:0ae6a7a872,narration_entity,3.66
eka_0e1037aafb6e,calibration,,spk:0ae6a7a872,narration_entity,3.18
eka_894364f7125b,test,,spk:a1f4917765,narration_entity,4.26
eka_0011b643e726,calibration,,spk:12012e73b5,narration_entity,2.58
eka_6faba8da8654,validation,,spk:4bfe3fd60d,narration_entity,3.48
eka_8e0567c0c548,test,,spk:74fd89f3d1,narration_entity,3.96
eka_d77012457334,calibration,,spk:0ae6a7a872,narration_entity,5.64
eka_27c5501eb5d5,validation,,spk:4bfe3fd60d,narration_entity,2.82
eka_256faa8ee736,calibration,,spk:12012e73b5,narration_entity,2.82
eka_75475d741e6d,calibration,,spk:0ae6a7a872,narration_entity,3.3
eka_4982835dc8b0,calibration,,spk:0ae6a7a872,narration_entity,4.5
eka_e8d6b71cb1dc,validation,,spk:4bfe3fd60d,narration_entity,4.14
eka_46823ed78b89,test,,spk:74fd89f3d1,narration_entity,3.66
eka_45089d7d10c0,calibration,,spk:b732586755,narration_entity,4.8
eka_1dea410f8c2b,validation,,spk:4bfe3fd60d,narration_entity,3.72
eka_893bb297d5fd,validation,,spk:4bfe3fd60d,narration_entity,5.82
eka_459e89287373,calibration,,spk:12012e73b5,narration_entity,2.94
eka_d2fd32d38874,validation,,spk:4bfe3fd60d,narration_entity,5.76
eka_8420626b4b84,calibration,,spk:0ae6a7a872,narration_entity,7.02
eka_34148bc46574,validation,,spk:4bfe3fd60d,narration_entity,3.06
eka_9d5d9a6bdec3,test,,spk:74fd89f3d1,narration_entity,3.24025
eka_de5e7f94f6ca,calibration,md5_text_crosses_split,spk:12012e73b5,narration_entity,3.18
eka_944d2bfb2d46,calibration,,spk:0ae6a7a872,narration_entity,4.38
eka_7193c8d815ca,calibration,,spk:a753f76da4,narration_entity,2.9006875
eka_9d7feaaa1f29,calibration,,spk:0ae6a7a872,narration_entity,7.74
eka_692a06fbd7f3,validation,md5_text_crosses_split,spk:4bfe3fd60d,narration_entity,6.0
eka_874c4f20fd99,test,,spk:74fd89f3d1,narration_entity,2.88
eka_620e69f4edb0,test,,spk:2e7b0d19e2,narration_entity,4.56
eka_608f356ff840,test,,spk:356b8e2cef,narration_entity,3.42
eka_ebf9566f0506,calibration,,spk:0ae6a7a872,narration_entity,3.66
eka_83d4fe417296,calibration,,spk:0ae6a7a872,narration_entity,3.84
eka_4fef6e447095,validation,,spk:4bfe3fd60d,narration_entity,2.7
eka_8bb052ef34a4,validation,,spk:4bfe3fd60d,narration_entity,4.56
eka_de361ba88991,calibration,,spk:0ae6a7a872,narration_entity,5.52
eka_95ba9a337eb7,calibration,,spk:0ae6a7a872,narration_entity,4.86
eka_161da6c43b5c,validation,,spk:4bfe3fd60d,narration_entity,3.42
eka_b252511a82bc,validation,,spk:4bfe3fd60d,narration_entity,3.36
eka_46dd25772589,calibration,,spk:12012e73b5,narration_entity,2.58
eka_b5ab21e0252c,test,,spk:2e7b0d19e2,narration_entity,3.96
eka_d436fe24a6aa,calibration,,spk:0ae6a7a872,narration_entity,4.74
eka_75d10fbdc028,test,,spk:74fd89f3d1,narration_entity,2.7
eka_5711ed04f27e,calibration,,spk:0ae6a7a872,narration_entity,4.14
eka_cb8fba390110,test,,spk:74fd89f3d1,narration_entity,4.2
eka_75588b4ef36b,validation,,spk:4bfe3fd60d,narration_entity,3.24025
eka_13d67bd4ce9f,calibration,,spk:0ae6a7a872,narration_entity,5.64
eka_0a9d6bb6fcd9,calibration,,spk:0ae6a7a872,narration_entity,2.7
eka_54abbecd7c69,validation,,spk:4bfe3fd60d,narration_entity,3.3
eka_dc29cf33e463,test,,spk:74fd89f3d1,narration_entity,2.58
eka_3739c2f3da56,validation,,spk:4bfe3fd60d,narration_entity,3.18
eka_4a98bb5e8779,test,,spk:74fd89f3d1,narration_entity,7.44
eka_35e2d540daf0,calibration,,spk:0ae6a7a872,narration_entity,9.72
eka_51f554e113f6,calibration,,spk:0ae6a7a872,narration_entity,4.08
eka_56d7acc94084,validation,,spk:4bfe3fd60d,narration_entity,6.54
eka_5425bafa95be,calibration,,spk:0ae6a7a872,narration_entity,5.7
eka_12eb93f42ceb,validation,,spk:4bfe3fd60d,narration_entity,4.14
eka_4e81234eaba5,calibration,,spk:0ae6a7a872,narration_entity,3.66
eka_e2ee45037c7f,test,,spk:74fd89f3d1,narration_entity,5.1
eka_81ff070fbbb1,calibration,,spk:12012e73b5,narration_entity,2.52
eka_de4ea5844a5f,validation,,spk:4bfe3fd60d,narration_entity,3.36
eka_e294124b0b2c,calibration,,spk:12012e73b5,narration_entity,2.16
eka_bf1f91592f94,calibration,,spk:0ae6a7a872,narration_entity,3.78
eka_2ff18715ba56,validation,,spk:4bfe3fd60d,narration_entity,2.88
eka_71a8b7ecdd20,validation,,spk:4bfe3fd60d,narration_entity,2.4
eka_b40e11f6599d,validation,,spk:4bfe3fd60d,narration_entity,2.7
eka_2b41e48da226,calibration,,spk:1acec93a9c,narration_entity,7.14
eka_80cd9af56738,test,,spk:356b8e2cef,narration_entity,2.34
eka_580b51b6b445,calibration,md5_text_crosses_split,spk:0ae6a7a872,narration_entity,4.5
eka_9717836edc69,calibration,,spk:0ae6a7a872,narration_entity,6.0
eka_ea025b544506,test,,spk:74fd89f3d1,narration_entity,4.2
eka_9b78551e1c07,calibration,,spk:12012e73b5,narration_entity,7.02
eka_1c897e3ebc90,calibration,,spk:0ae6a7a872,narration_entity,4.2
eka_c08c589e09e4,calibration,,spk:12012e73b5,narration_entity,2.34
eka_4c2451287683,validation,,spk:4bfe3fd60d,narration_entity,5.52
eka_c560da4a1105,calibration,,spk:0ae6a7a872,narration_entity,3.12
eka_485d737a94d1,test,,spk:2e7b0d19e2,narration_entity,2.94
eka_3800fdf9eaeb,test,,spk:74fd89f3d1,narration_entity,2.58
eka_54d4c093f1c7,test,,spk:74fd89f3d1,narration_entity,3.9
eka_1f284637a92f,calibration,,spk:0ae6a7a872,narration_entity,5.52
eka_7ae235a11ec8,test,,spk:356b8e2cef,narration_entity,2.64
eka_3cac138f3f05,validation,,spk:4bfe3fd60d,narration_entity,3.48
eka_fc023bc770ca,validation,,spk:4bfe3fd60d,narration_entity,3.18
eka_3bbe05b51f47,calibration,,spk:eee8df741f,narration_entity,4.2
eka_67e376bfae2b,validation,,spk:4bfe3fd60d,narration_entity,4.02
eka_522e404e7bc6,calibration,,spk:a753f76da4,narration_entity,5.268
eka_5ae604d7f43e,calibration,,spk:0ae6a7a872,narration_entity,8.46
eka_865a731ee6e0,calibration,,spk:0ae6a7a872,narration_entity,6.84
eka_df8b0c03c706,calibration,,spk:0ae6a7a872,narration_entity,3.48
eka_0159762873ae,validation,,spk:4bfe3fd60d,narration_entity,3.12
eka_a91d688fab95,validation,,spk:4bfe3fd60d,narration_entity,3.0
eka_0bce63c15af7,test,,spk:74fd89f3d1,narration_entity,3.42
eka_0f9d20b5a211,test,,spk:74fd89f3d1,narration_entity,2.4
eka_b91a15cfd7f2,validation,md5_text_crosses_split,spk:4bfe3fd60d,narration_entity,3.66
eka_106d6f6731b5,calibration,,spk:12012e73b5,narration_entity,2.88
eka_93afaf83ab2d,calibration,,spk:12012e73b5,narration_entity,5.76
eka_50f42aa64942,calibration,,spk:a753f76da4,narration_entity,3.9026875
eka_a362e354615b,calibration,,spk:b732586755,narration_entity,2.4
eka_af0ea1513590,validation,,spk:4bfe3fd60d,narration_entity,3.84
eka_d16250ddf4e5,calibration,,spk:12012e73b5,narration_entity,4.08
eka_49113525ce80,test,,spk:356b8e2cef,narration_entity,2.82
eka_23b0e24de092,test,,spk:74fd89f3d1,narration_entity,3.12
eka_356559c5886a,validation,,spk:4bfe3fd60d,narration_entity,2.64
eka_51e042b39d7b,calibration,,spk:0ae6a7a872,narration_entity,5.34
eka_6fd53eaff79d,calibration,,spk:b732586755,narration_entity,2.64
eka_4244dd46a719,calibration,,spk:0ae6a7a872,narration_entity,6.24
eka_ee9c1f92f9bc,test,,spk:74fd89f3d1,narration_entity,6.24
eka_061bc7c60b59,test,,spk:a1f4917765,narration_entity,2.22
eka_55e178412ef1,calibration,,spk:0ae6a7a872,narration_entity,6.0
eka_0098ae991193,calibration,,spk:12012e73b5,narration_entity,2.16
eka_aa7ce19809f1,calibration,,spk:a753f76da4,narration_entity,5.801375
eka_ed746b7e10b4,test,,spk:2e7b0d19e2,narration_entity,3.84
eka_52ec3ffa4655,validation,,spk:4bfe3fd60d,narration_entity,3.96
eka_605367dcfc39,test,,spk:356b8e2cef,narration_entity,2.4
eka_e10da7559f1e,test,,spk:74fd89f3d1,narration_entity,3.6
eka_47415ce2a2df,test,,spk:74fd89f3d1,narration_entity,3.78
eka_41ccdda31a98,test,,spk:74fd89f3d1,narration_entity,6.96
eka_df1dc5ac5e21,test,,spk:74fd89f3d1,narration_entity,2.88
eka_706ecf086eaa,calibration,md5_text_crosses_split,spk:12012e73b5,narration_entity,3.18
eka_03e79cfefa51,calibration,,spk:0ae6a7a872,narration_entity,3.24025
eka_0689d8417d7c,calibration,,spk:12012e73b5,narration_entity,7.02
eka_49ef9d286fde,calibration,,spk:0ae6a7a872,narration_entity,3.72
eka_fd60459e5705,test,,spk:74fd89f3d1,narration_entity,2.88
eka_cb0c44574697,calibration,,spk:a753f76da4,narration_entity,3.2626875
eka_f9d6c51b413b,calibration,,spk:0ae6a7a872,narration_entity,4.62
eka_2f655aa07d78,test,,spk:356b8e2cef,narration_entity,1.92
eka_8adc8360b624,calibration,,spk:a753f76da4,narration_entity,2.537375
eka_09015ba77667,calibration,md5_text_crosses_split,spk:12012e73b5,narration_entity,3.42
eka_0a1339bc2abb,validation,md5_text_crosses_split,spk:4bfe3fd60d,narration_entity,5.76
eka_37ae5a307bac,test,,spk:74fd89f3d1,narration_entity,2.22
eka_70e041da8986,test,,spk:356b8e2cef,narration_entity,1.68
eka_6c2efc0256e2,validation,md5_text_crosses_split,spk:4bfe3fd60d,narration_entity,4.08
eka_6591d100cd3c,calibration,,spk:0ae6a7a872,narration_entity,5.04
eka_4e1bd5bded0c,test,,spk:2e7b0d19e2,narration_entity,3.72
eka_ae30774a0c98,calibration,,spk:0ae6a7a872,narration_entity,3.6
eka_ec6bd5043f3f,test,,spk:356b8e2cef,narration_entity,2.1
eka_2bc7e31e0b02,test,,spk:74fd89f3d1,narration_entity,6.54
eka_0219c67b5e55,calibration,,spk:0ae6a7a872,narration_entity,3.06
eka_c42a4f1b58a8,test,,spk:74fd89f3d1,narration_entity,4.26
eka_000a4074323c,validation,,spk:4bfe3fd60d,narration_entity,3.54
eka_f941258ba28c,test,,spk:a1f4917765,narration_entity,6.66
eka_3d764919557b,calibration,,spk:a753f76da4,narration_entity,3.5186875
eka_1228ba3b359a,test,,spk:2e7b0d19e2,narration_entity,2.88
eka_4356f45d69f7,validation,,spk:4bfe3fd60d,narration_entity,3.42
eka_e444f309f7c5,test,,spk:356b8e2cef,narration_entity,2.22
eka_eaf7c84d5727,calibration,,spk:12012e73b5,narration_entity,5.1
eka_9e4cd1768b48,validation,md5_text_crosses_split,spk:4bfe3fd60d,narration_entity,4.2
eka_b0b5f6fa9148,validation,,spk:4bfe3fd60d,narration_entity,3.78
eka_416045a55b23,calibration,,spk:0ae6a7a872,narration_entity,3.78
eka_6224e876f4d1,calibration,,spk:0ae6a7a872,narration_entity,4.62
eka_b3b663d3b18c,calibration,,spk:1acec93a9c,narration_entity,5.1
eka_d3158133130c,calibration,,spk:a753f76da4,narration_entity,3.86
eka_b07babdbd9fc,test,,spk:74fd89f3d1,narration_entity,2.04
eka_dd67f6cacf20,validation,,spk:4bfe3fd60d,narration_entity,4.86
eka_2410fd8a4c9a,calibration,,spk:12012e73b5,narration_entity,3.06
eka_282db76c77a0,validation,,spk:4bfe3fd60d,narration_entity,4.38
eka_369597c1b3cf,calibration,,spk:12012e73b5,narration_entity,2.7
eka_3096f247c4f0,test,,spk:74fd89f3d1,narration_entity,2.46
eka_8da25b63e717,calibration,,spk:b732586755,narration_entity,4.5
eka_ae2b6b2fe9b5,calibration,md5_text_crosses_split,spk:0ae6a7a872,narration_entity,3.96
eka_2bbe6e43ab00,calibration,,spk:12012e73b5,narration_entity,7.62
eka_e7ca855b548d,calibration,,spk:0ae6a7a872,narration_entity,4.5
eka_e789e0d3266e,validation,,spk:4bfe3fd60d,narration_entity,3.36
eka_10de0917d266,calibration,,spk:1acec93a9c,narration_entity,2.7
eka_1e48b2cb7d1c,test,,spk:74fd89f3d1,narration_entity,5.4606875
eka_d3bc8510ac9b,calibration,,spk:12012e73b5,narration_entity,2.46
eka_131b76eebe07,calibration,,spk:0ae6a7a872,narration_entity,3.36
eka_628bd9b3ced2,validation,md5_text_crosses_split,spk:4bfe3fd60d,narration_entity,6.24
eka_54ffb899d0a9,calibration,,spk:a753f76da4,narration_entity,4.009375
eka_f703766d3624,test,,spk:74fd89f3d1,narration_entity,2.1
eka_ca1945896a64,calibration,,spk:b732586755,narration_entity,2.7
eka_5aaa8a667d26,calibration,,spk:0ae6a7a872,narration_entity,4.2
eka_f28e7192df91,calibration,md5_text_crosses_split,spk:12012e73b5,narration_entity,2.58
eka_44021ae4bef4,calibration,,spk:0ae6a7a872,narration_entity,3.18
eka_fa123f1e39a9,calibration,,spk:0ae6a7a872,narration_entity,4.26
eka_dac635e63ac9,validation,,spk:4bfe3fd60d,narration_entity,3.84
eka_33cd822d225c,calibration,,spk:0ae6a7a872,narration_entity,6.72
eka_5050c8127111,calibration,,spk:0ae6a7a872,narration_entity,4.08
eka_436945380ebb,calibration,,spk:eee8df741f,narration_entity,3.84
eka_6e009441cb38,test,,spk:2e7b0d19e2,narration_entity,4.32
eka_711565799057,calibration,,spk:0ae6a7a872,narration_entity,4.8
eka_40ca0331bd62,calibration,,spk:12012e73b5,narration_entity,3.06
eka_356991421cb2,calibration,,spk:0ae6a7a872,narration_entity,3.24025
eka_12e0469ef0a7,test,,spk:74fd89f3d1,narration_entity,3.66
eka_369674ddd8fa,validation,,spk:4bfe3fd60d,narration_entity,3.78
eka_7bf5dc413fc2,validation,md5_text_crosses_split,spk:4bfe3fd60d,narration_entity,2.46
eka_cdc71e5980be,calibration,,spk:a753f76da4,narration_entity,3.6466875
eka_c9cc1624e37e,calibration,,spk:12012e73b5,narration_entity,2.28
eka_72ef06296fd4,calibration,,spk:eee8df741f,narration_entity,2.82
eka_24f517b2f1aa,calibration,,spk:a753f76da4,narration_entity,2.964
eka_320e7ebf9580,calibration,,spk:b732586755,narration_entity,2.64
eka_17300ea86a02,calibration,,spk:0ae6a7a872,narration_entity,3.06
eka_3eab906e72f5,validation,,spk:4bfe3fd60d,narration_entity,4.62
eka_903e90cdb051,calibration,,spk:12012e73b5,narration_entity,3.9
eka_3abea5896419,calibration,,spk:b732586755,narration_entity,2.04
eka_690f98b5593a,calibration,,spk:0ae6a7a872,narration_entity,2.82
eka_34fe0565448d,calibration,,spk:1acec93a9c,narration_entity,3.24025
eka_1cb81f81e7fc,calibration,,spk:0ae6a7a872,narration_entity,3.84
eka_bdbde2a98cef,validation,,spk:4bfe3fd60d,narration_entity,3.96
eka_92f079e974a0,calibration,,spk:0ae6a7a872,narration_entity,3.0
eka_52846bb96525,calibration,,spk:1acec93a9c,narration_entity,4.2
eka_567449a81d17,calibration,,spk:12012e73b5,narration_entity,4.02
eka_f2bf5655cdd8,validation,,spk:4bfe3fd60d,narration_entity,3.6
eka_db7747ba96c2,calibration,,spk:0ae6a7a872,narration_entity,5.58
eka_e18281ec9020,validation,,spk:4bfe3fd60d,narration_entity,2.58
eka_78e4f35d99ed,validation,md5_text_crosses_split,spk:4bfe3fd60d,narration_entity,4.2
eka_e79d9116c81b,test,,spk:2e7b0d19e2,narration_entity,4.86
eka_9fc667aeef28,validation,md5_text_crosses_split,spk:4bfe3fd60d,narration_entity,3.18
eka_1c76bebc0b87,calibration,,spk:0ae6a7a872,narration_entity,2.46
eka_11e4a6054976,test,,spk:a1f4917765,narration_entity,4.26
eka_3cc60de96508,calibration,,spk:0ae6a7a872,narration_entity,4.92
eka_1a99749de002,calibration,,spk:0ae6a7a872,narration_entity,5.4
eka_f4ad5a905e5c,validation,,spk:4bfe3fd60d,narration_entity,3.72
eka_e086d3da0ea1,calibration,,spk:a753f76da4,narration_entity,3.092
eka_256baabb927c,validation,,spk:4bfe3fd60d,narration_entity,3.48
eka_a1da221f16e6,calibration,,spk:b732586755,narration_entity,2.04
eka_8bc9a2eb1b77,validation,md5_text_crosses_split,spk:4bfe3fd60d,narration_entity,5.16
eka_b90752a35616,calibration,,spk:12012e73b5,narration_entity,3.12
eka_04edf11a888b,calibration,,spk:12012e73b5,narration_entity,2.1
eka_28e2e8e3b756,calibration,,spk:0ae6a7a872,narration_entity,5.04
eka_df6d60ba39b7,test,,spk:2e7b0d19e2,narration_entity,2.58
eka_894fc5d6308c,test,,spk:74fd89f3d1,narration_entity,2.46
eka_89511be9ad57,calibration,,spk:0ae6a7a872,narration_entity,3.06
eka_004e47aabf6d,test,,spk:2e7b0d19e2,narration_entity,3.06
eka_bc00422f06be,validation,,spk:4bfe3fd60d,narration_entity,5.22
eka_df4668545601,calibration,,spk:0ae6a7a872,narration_entity,4.38
eka_0df4fd89f2c9,calibration,,spk:0ae6a7a872,narration_entity,5.34
eka_d16d45cd7855,calibration,,spk:0ae6a7a872,narration_entity,4.02
eka_7ab051dcf36d,test,,spk:74fd89f3d1,narration_entity,4.2
eka_8c6188659dad,test,,spk:74fd89f3d1,narration_entity,2.88
eka_482293f4d0ac,test,,spk:74fd89f3d1,narration_entity,2.88
eka_d3beccf6334b,validation,md5_text_crosses_split,spk:4bfe3fd60d,narration_entity,3.12
eka_87b7ad8977e0,validation,,spk:4bfe3fd60d,narration_entity,3.06
eka_3b752ba5c080,validation,,spk:4bfe3fd60d,narration_entity,8.64
eka_9e2a06fe0ab4,calibration,,spk:0ae6a7a872,narration_entity,13.44
eka_6976c39775da,calibration,,spk:1acec93a9c,narration_entity,3.36
eka_3165895b5467,calibration,,spk:0ae6a7a872,narration_entity,3.18
eka_19d05475f60e,calibration,,spk:12012e73b5,narration_entity,2.22
eka_3ef30b91ee50,calibration,,spk:0ae6a7a872,narration_entity,6.78
eka_f2208fe512d6,test,,spk:74fd89f3d1,narration_entity,3.96
eka_df154fc6c85b,calibration,,spk:0ae6a7a872,narration_entity,6.3
eka_624dd3d24a6b,validation,,spk:4bfe3fd60d,narration_entity,4.92
eka_9faa1fdb0adb,test,,spk:74fd89f3d1,narration_entity,3.9
eka_7d3f9447a95d,validation,,spk:4bfe3fd60d,narration_entity,2.46
eka_579117289b50,calibration,,spk:b732586755,narration_entity,2.82
eka_3c69fdf3cd51,test,,spk:a1f4917765,narration_entity,3.24025
eka_77c9df690299,validation,,spk:4bfe3fd60d,narration_entity,5.58
eka_93f6dabbfbcb,calibration,,spk:0ae6a7a872,narration_entity,5.4606875
eka_c356c192f7bf,test,,spk:356b8e2cef,narration_entity,3.42
eka_ea1a9ecf13fb,calibration,,spk:12012e73b5,narration_entity,2.52
eka_6ebc907329b1,validation,,spk:4bfe3fd60d,narration_entity,4.74
eka_880cbcd99cb4,validation,,spk:4bfe3fd60d,narration_entity,3.42
eka_55f2767ef01b,calibration,,spk:a753f76da4,narration_entity,3.1986875
eka_76322c842b2f,calibration,md5_text_crosses_split,spk:b732586755,narration_entity,2.7
eka_3809c1a70daf,calibration,,spk:0ae6a7a872,narration_entity,8.34
eka_a78dc7faa885,calibration,,spk:0ae6a7a872,narration_entity,4.8
eka_adb6755d7ba9,validation,,spk:4bfe3fd60d,narration_entity,3.3
eka_f39ac14e30c5,calibration,,spk:0ae6a7a872,narration_entity,8.52
eka_8a12a9ed7839,calibration,,spk:0ae6a7a872,narration_entity,4.74
eka_b8bf2a6a25b1,test,,spk:74fd89f3d1,narration_entity,5.4606875
eka_5c09f3aa4914,calibration,,spk:12012e73b5,narration_entity,5.88
eka_b6761cb6bea2,validation,,spk:4bfe3fd60d,narration_entity,4.32
eka_6e7b4aa7be51,test,,spk:74fd89f3d1,narration_entity,5.22
eka_284e81740a32,calibration,,spk:0ae6a7a872,narration_entity,4.2
eka_fc06a3bc35c9,validation,,spk:4bfe3fd60d,narration_entity,5.22
eka_4e48d95339f0,calibration,,spk:0ae6a7a872,narration_entity,5.7
eka_d1432ea4cfad,calibration,,spk:12012e73b5,narration_entity,1.5
eka_90c217a01e08,test,,spk:74fd89f3d1,narration_entity,2.16
eka_dd51c88f057f,calibration,,spk:12012e73b5,narration_entity,3.72
eka_ae675eda81df,calibration,,spk:12012e73b5,narration_entity,1.56
eka_85ad6a8072d1,calibration,,spk:12012e73b5,narration_entity,1.98
eka_4df3ff0a8a1e,validation,,spk:4bfe3fd60d,narration_entity,4.14
eka_3cbf1360a5c2,calibration,,spk:0ae6a7a872,narration_entity,3.48
eka_10928ec0ef7e,calibration,,spk:0ae6a7a872,narration_entity,4.14
eka_8c378d587ab7,test,,spk:356b8e2cef,narration_entity,4.14
eka_0536a2a9abc6,calibration,,spk:b732586755,narration_entity,2.52
eka_65ce8bf384aa,validation,,spk:4bfe3fd60d,narration_entity,6.18
eka_a3dfa17baa68,calibration,,spk:12012e73b5,narration_entity,4.2
eka_d942e65d76f5,calibration,,spk:0ae6a7a872,narration_entity,3.3
eka_904e51ea6367,validation,md5_text_crosses_split,spk:4bfe3fd60d,narration_entity,3.96
eka_09922cc8e72d,calibration,,spk:0ae6a7a872,narration_entity,3.24025
eka_1b1fc2103eab,test,,spk:356b8e2cef,narration_entity,2.04
eka_7267936f0af7,validation,,spk:4bfe3fd60d,narration_entity,3.48
eka_3c6f5d3a8035,test,,spk:74fd89f3d1,narration_entity,2.52
eka_9b7c5e558317,validation,,spk:4bfe3fd60d,narration_entity,3.66
eka_49386fead961,test,,spk:74fd89f3d1,narration_entity,3.72
eka_0068c1531cf3,test,,spk:74fd89f3d1,narration_entity,2.4
eka_60956666f4eb,test,,spk:356b8e2cef,narration_entity,2.34
eka_56df389810bb,test,,spk:74fd89f3d1,narration_entity,3.6
eka_8fca9a166820,test,,spk:2e7b0d19e2,narration_entity,4.14
eka_79406c54656a,calibration,,spk:a753f76da4,narration_entity,3.177375
eka_5fcbd39f25ab,calibration,,spk:12012e73b5,narration_entity,2.76
eka_bb9d9b8916d9,calibration,,spk:0ae6a7a872,narration_entity,3.3
eka_e287b243611d,calibration,,spk:12012e73b5,narration_entity,2.22
eka_f95051d682fb,calibration,,spk:0ae6a7a872,narration_entity,4.38
eka_7a13cb9ff0e8,validation,,spk:4bfe3fd60d,narration_entity,2.82
eka_70558ae3629d,calibration,,spk:0ae6a7a872,narration_entity,3.9
eka_544d8f572ede,validation,,spk:4bfe3fd60d,narration_entity,6.6
eka_7e6eb46e6825,test,,spk:74fd89f3d1,narration_entity,4.32
eka_8d08651d3ce4,validation,,spk:4bfe3fd60d,narration_entity,3.66
eka_78e7b987c718,test,,spk:2e7b0d19e2,narration_entity,3.18
eka_50b632514135,test,,spk:74fd89f3d1,narration_entity,1.98
eka_1e3f7b201ac2,calibration,,spk:0ae6a7a872,narration_entity,3.12
eka_2d88e3094a7b,validation,,spk:4bfe3fd60d,narration_entity,4.14
eka_0ac0f40d0e5c,test,,spk:74fd89f3d1,narration_entity,1.74
eka_e9ff4e2c0785,test,,spk:74fd89f3d1,narration_entity,2.94
eka_27ff32497959,calibration,,spk:b732586755,narration_entity,1.98
eka_9f4d07e2a5a3,calibration,,spk:0ae6a7a872,narration_entity,3.78
eka_56530711c802,validation,,spk:4bfe3fd60d,narration_entity,4.8
eka_b62bf4c2dcd4,calibration,,spk:0ae6a7a872,narration_entity,4.5
eka_2d44f157ff64,test,,spk:74fd89f3d1,narration_entity,3.54
eka_e2860e18fb20,test,,spk:74fd89f3d1,narration_entity,2.58
eka_ee94ebdeea59,validation,,spk:4bfe3fd60d,narration_entity,2.94
eka_ed60e5382339,calibration,,spk:12012e73b5,narration_entity,3.54
eka_370049962e36,test,,spk:2e7b0d19e2,narration_entity,3.6
eka_99302bea92ef,validation,,spk:4bfe3fd60d,narration_entity,3.54
eka_cfdd6025776e,test,,spk:74fd89f3d1,narration_entity,27.3
eka_a161101faa98,test,,spk:356b8e2cef,narration_entity,2.04
eka_d700c614d05f,calibration,,spk:0ae6a7a872,narration_entity,4.38
eka_30d98383afab,calibration,,spk:12012e73b5,narration_entity,3.78
eka_912a47c3e8ca,test,,spk:2e7b0d19e2,narration_entity,4.2
eka_28bbe1a26e40,test,,spk:74fd89f3d1,narration_entity,4.38
eka_8da4a47222c5,calibration,,spk:0ae6a7a872,narration_entity,4.92
eka_fb2ce43ae374,calibration,,spk:0ae6a7a872,narration_entity,4.2
eka_9bec0046f533,test,,spk:356b8e2cef,narration_entity,2.76
eka_554461a36516,validation,,spk:4bfe3fd60d,narration_entity,4.08
eka_bc40bac9d8db,calibration,,spk:12012e73b5,narration_entity,4.86
eka_7fc1eb4bab63,validation,,spk:4bfe3fd60d,narration_entity,2.7
eka_875a0515841a,validation,,spk:4bfe3fd60d,narration_entity,2.46
eka_6a2958299a19,calibration,,spk:12012e73b5,narration_entity,1.8
eka_89cffce4af47,validation,,spk:4bfe3fd60d,narration_entity,4.44
eka_7a2a6b685f33,validation,,spk:4bfe3fd60d,narration_entity,3.48
eka_a58dfabb079b,validation,md5_text_crosses_split,spk:4bfe3fd60d,narration_entity,3.48
eka_b9ec611eb2a2,test,,spk:2e7b0d19e2,narration_entity,4.08
eka_0bd57fc69e7e,validation,,spk:4bfe3fd60d,narration_entity,5.22
eka_b31672817d5c,calibration,,spk:12012e73b5,narration_entity,3.0
eka_f3227229c0cd,calibration,,spk:a753f76da4,narration_entity,3.5826875
eka_e13ff69347c2,validation,md5_text_crosses_split,spk:4bfe3fd60d,narration_entity,2.82
eka_e3aeb6789127,test,,spk:74fd89f3d1,narration_entity,4.98
eka_3b423e292fdf,validation,,spk:4bfe3fd60d,narration_entity,6.12
eka_50b92d16b737,calibration,,spk:0ae6a7a872,narration_entity,4.92
eka_ebe24b32f1e5,test,,spk:356b8e2cef,narration_entity,2.16
eka_1a74d1f578b2,validation,,spk:4bfe3fd60d,narration_entity,3.48
eka_6ccb8ddb9237,test,,spk:74fd89f3d1,narration_entity,2.46
eka_b8e1934f1e3a,calibration,,spk:0ae6a7a872,narration_entity,6.24
eka_8e16cab61768,validation,md5_text_crosses_split,spk:4bfe3fd60d,narration_entity,3.42
eka_71792f1bc667,calibration,,spk:12012e73b5,narration_entity,3.0
eka_ac21cf18ec0a,calibration,,spk:0ae6a7a872,narration_entity,5.64
eka_1ef250c3fb3a,calibration,,spk:0ae6a7a872,narration_entity,3.48
eka_2158c9a083bd,test,,spk:74fd89f3d1,narration_entity,2.88
eka_b629ca7684b9,test,,spk:74fd89f3d1,narration_entity,10.44
eka_16037f3ebb72,validation,,spk:4bfe3fd60d,narration_entity,2.58
eka_dbbbc138a6ac,test,,spk:2e7b0d19e2,narration_entity,2.82
eka_6535c8d63748,calibration,,spk:eee8df741f,narration_entity,9.36
eka_5ff2d006c90a,calibration,,spk:0ae6a7a872,narration_entity,5.04
eka_7f1671a6d739,validation,,spk:4bfe3fd60d,narration_entity,5.7
eka_0b5957e547c9,validation,,spk:4bfe3fd60d,narration_entity,5.04
eka_dd0d5bcea82a,calibration,md5_text_crosses_split,spk:0ae6a7a872,narration_entity,4.38
eka_b84690b9334b,calibration,,spk:0ae6a7a872,narration_entity,5.34
eka_c2ddea36c8d4,calibration,,spk:0ae6a7a872,narration_entity,4.86
eka_5146514770a3,calibration,md5_text_crosses_split,spk:0ae6a7a872,narration_entity,5.16
eka_3018dccb50b0,calibration,,spk:12012e73b5,narration_entity,3.48
eka_479b5df3bb1f,calibration,,spk:0ae6a7a872,narration_entity,3.36
eka_26a3341c094e,calibration,,spk:0ae6a7a872,narration_entity,4.26
eka_096adf52e861,calibration,,spk:12012e73b5,narration_entity,2.7
eka_85e8618b4ef5,validation,,spk:4bfe3fd60d,narration_entity,3.18
eka_4dea42fb60a0,validation,,spk:4bfe3fd60d,narration_entity,3.48
eka_6fe7a475192f,calibration,,spk:0ae6a7a872,narration_entity,3.84
eka_bc2d3b5fabd4,calibration,,spk:0ae6a7a872,narration_entity,5.04
eka_d4e11e2f0c1a,validation,,spk:4bfe3fd60d,narration_entity,3.18
eka_2e0186a118c9,test,,spk:2e7b0d19e2,narration_entity,4.92
eka_0c4764e5307e,calibration,,spk:0ae6a7a872,narration_entity,5.22
eka_9bb899c5b316,validation,,spk:4bfe3fd60d,narration_entity,2.7
eka_b110a3fd6e52,test,,spk:356b8e2cef,narration_entity,5.4606875
eka_4f7c5d920a32,calibration,,spk:0ae6a7a872,narration_entity,5.76
eka_bc3e851c5444,calibration,,spk:0ae6a7a872,narration_entity,4.86
eka_9f49384eebff,calibration,,spk:a753f76da4,narration_entity,6.761375
eka_7da731e13607,test,,spk:356b8e2cef,narration_entity,3.36
eka_5c0885b0bacd,calibration,,spk:b732586755,narration_entity,2.7
eka_cc7198667002,calibration,,spk:12012e73b5,narration_entity,2.58
eka_edd1c0366e57,test,,spk:74fd89f3d1,narration_entity,3.84
eka_d8a7170a7b13,calibration,,spk:12012e73b5,narration_entity,2.22
eka_250aaea2f2fa,calibration,md5_text_crosses_split,spk:12012e73b5,narration_entity,2.82
eka_2debeac43ec7,validation,md5_text_crosses_split,spk:4bfe3fd60d,narration_entity,3.06
eka_e8109687946a,calibration,,spk:0ae6a7a872,narration_entity,4.2
eka_18c3890c92fc,validation,,spk:4bfe3fd60d,narration_entity,5.58
eka_2ebe0bc18f44,calibration,,spk:0ae6a7a872,narration_entity,6.9
eka_7c799ea7b9fc,calibration,,spk:0ae6a7a872,narration_entity,3.72
eka_09efecb2313b,test,,spk:2e7b0d19e2,narration_entity,4.98
eka_c97b3e3e429c,validation,,spk:4bfe3fd60d,narration_entity,3.72
eka_b944f59a8247,calibration,,spk:0ae6a7a872,narration_entity,3.18
eka_a3dc1a3fe978,calibration,,spk:12012e73b5,narration_entity,2.82
eka_a6584c410dfb,validation,,spk:4bfe3fd60d,narration_entity,3.06
eka_3fb37b379944,calibration,,spk:0ae6a7a872,narration_entity,4.14
eka_6368fb680249,calibration,,spk:12012e73b5,narration_entity,4.44
eka_8cfba669d853,calibration,,spk:0ae6a7a872,narration_entity,4.08
eka_d6bf702fa6a6,test,,spk:2e7b0d19e2,narration_entity,3.3
eka_3e3e702cd0ef,test,,spk:356b8e2cef,narration_entity,2.46
eka_b7073b7a8f28,calibration,,spk:0ae6a7a872,narration_entity,3.3
eka_b2faead4d469,calibration,,spk:0ae6a7a872,narration_entity,4.14
eka_97349b7e8032,test,,spk:74fd89f3d1,narration_entity,4.68
eka_575ae8990776,test,,spk:74fd89f3d1,narration_entity,4.62
eka_30d21ebe3001,test,,spk:74fd89f3d1,narration_entity,3.66
eka_b9f9d40213be,validation,,spk:4bfe3fd60d,narration_entity,4.26
eka_389fb96bb0dc,validation,,spk:4bfe3fd60d,narration_entity,3.3
eka_ad659867360c,calibration,,spk:12012e73b5,narration_entity,4.02
eka_0b4ba4bca3fa,validation,,spk:4bfe3fd60d,narration_entity,3.42
eka_00498a8afd8b,calibration,,spk:0ae6a7a872,narration_entity,3.84
eka_16c936341d29,calibration,,spk:b732586755,narration_entity,1.32
eka_6f02bad4a0eb,validation,,spk:4bfe3fd60d,narration_entity,3.3
eka_3758d403da01,calibration,,spk:a753f76da4,narration_entity,4.521375
eka_12518d63cd52,calibration,,spk:12012e73b5,narration_entity,1.86
eka_5c8c9d4f591d,validation,,spk:4bfe3fd60d,narration_entity,2.52
eka_188dfbd97ccb,test,,spk:2e7b0d19e2,narration_entity,2.82
eka_074b5e35e59c,validation,,spk:4bfe3fd60d,narration_entity,3.96
eka_750504e6e09d,calibration,,spk:0ae6a7a872,narration_entity,4.14
eka_42778d2e4ac5,test,,spk:356b8e2cef,narration_entity,3.54
eka_be2b951ba821,test,,spk:74fd89f3d1,narration_entity,2.82
eka_cfa10ce24736,validation,,spk:4bfe3fd60d,narration_entity,2.94
eka_a44bfb0bfd3f,calibration,,spk:12012e73b5,narration_entity,3.18
eka_fc6bf0dc2c65,validation,,spk:4bfe3fd60d,narration_entity,2.88
eka_613f01aae29a,validation,,spk:4bfe3fd60d,narration_entity,4.8
eka_6a89b3de6a43,calibration,,spk:0ae6a7a872,narration_entity,4.8
eka_116af1e1b5da,calibration,,spk:a753f76da4,narration_entity,3.0066875
eka_fe34620656b8,calibration,,spk:a753f76da4,narration_entity,3.561375
eka_be48f8f61473,calibration,,spk:0ae6a7a872,narration_entity,3.84
eka_4f6981fd3900,calibration,,spk:12012e73b5,narration_entity,3.12
eka_5853748d7430,test,,spk:74fd89f3d1,narration_entity,3.12
eka_53b9a8f63a8f,calibration,,spk:0ae6a7a872,narration_entity,3.78
eka_d86b84064052,calibration,,spk:12012e73b5,narration_entity,2.22
eka_00a3c377f8b5,validation,,spk:4bfe3fd60d,narration_entity,3.24025
eka_dc0cacb07167,calibration,,spk:12012e73b5,narration_entity,4.8
eka_a8b32f2e1e50,test,,spk:74fd89f3d1,narration_entity,2.16
eka_ec0a4b7e0720,test,,spk:74fd89f3d1,narration_entity,2.4
eka_b80ce19c4e6d,validation,,spk:4bfe3fd60d,narration_entity,3.6
eka_cb3ee4c02537,test,,spk:74fd89f3d1,narration_entity,2.76
eka_ae0d994db5d4,calibration,md5_text_crosses_split,spk:0ae6a7a872,narration_entity,3.48
eka_e39562dc227d,validation,,spk:4bfe3fd60d,narration_entity,3.12
eka_d5582d1f7951,validation,,spk:4bfe3fd60d,narration_entity,3.48
eka_c281ec57bcc0,calibration,,spk:e3a8b44685,narration_entity,3.78
eka_97a9ff0ee6a5,validation,,spk:4bfe3fd60d,narration_entity,6.06
eka_867ab31f7100,test,,spk:356b8e2cef,narration_entity,3.66
eka_8638120c5010,validation,,spk:4bfe3fd60d,narration_entity,4.56
eka_e61de4d235f2,calibration,,spk:12012e73b5,narration_entity,3.24025
eka_ca644c569154,test,,spk:2e7b0d19e2,narration_entity,4.62
eka_bdfb75620657,calibration,,spk:0ae6a7a872,narration_entity,3.24025
eka_ff342cfbb677,test,,spk:74fd89f3d1,narration_entity,2.7
eka_f055806d5780,calibration,,spk:b732586755,narration_entity,4.56
eka_2edd13162d6b,calibration,,spk:a753f76da4,narration_entity,3.753375
eka_eda9f2efa86e,validation,,spk:4bfe3fd60d,narration_entity,3.36
eka_eef8447a567b,test,,spk:a1f4917765,narration_entity,6.3
eka_3f08224227b3,calibration,,spk:b732586755,narration_entity,3.3
eka_22be10177212,calibration,,spk:0ae6a7a872,narration_entity,3.96
eka_0ebfe951a2e0,test,,spk:74fd89f3d1,narration_entity,3.54
eka_66417f3da9dc,calibration,md5_text_crosses_split,spk:0ae6a7a872,narration_entity,3.48
eka_db1c9407c73f,test,,spk:2e7b0d19e2,narration_entity,7.56
eka_9b4fdf8d36f4,validation,,spk:4bfe3fd60d,narration_entity,3.48
eka_0a69efd512bc,calibration,,spk:0ae6a7a872,narration_entity,9.84
eka_83a7cfb11a02,validation,md5_text_crosses_split,spk:4bfe3fd60d,narration_entity,3.18
eka_2e861b7511e9,test,,spk:74fd89f3d1,narration_entity,2.34
eka_342536cfb1db,calibration,,spk:0ae6a7a872,narration_entity,3.54
eka_c8263c532554,test,,spk:74fd89f3d1,narration_entity,2.16
eka_20b5e8b8e67f,calibration,,spk:0ae6a7a872,narration_entity,3.48
eka_dc3aa5d00985,test,,spk:2e7b0d19e2,narration_entity,3.6
eka_be3fe80b2396,test,,spk:74fd89f3d1,narration_entity,2.7
eka_f8adfcf780e1,calibration,,spk:0ae6a7a872,narration_entity,5.34
eka_0eb17885b99b,test,,spk:2e7b0d19e2,narration_entity,2.46
eka_8349bd20703b,calibration,,spk:a753f76da4,narration_entity,3.177375
eka_92ea2d769ec3,test,,spk:356b8e2cef,narration_entity,2.64
eka_3e7e26010d57,calibration,,spk:12012e73b5,narration_entity,3.54
eka_3e7d6a9cf1ea,calibration,,spk:0ae6a7a872,narration_entity,4.56
eka_a20c4413a117,validation,md5_text_crosses_split,spk:4bfe3fd60d,narration_entity,3.96
eka_0f193d8180fa,calibration,,spk:0ae6a7a872,narration_entity,5.22
eka_ad600d5baeff,calibration,,spk:12012e73b5,narration_entity,2.46
eka_9d7c724e8169,test,,spk:74fd89f3d1,narration_entity,3.9
eka_674e2e517233,validation,,spk:4bfe3fd60d,narration_entity,4.74
eka_3929d5e05e6a,validation,,spk:4bfe3fd60d,narration_entity,4.08
eka_9294554f8332,calibration,,spk:0ae6a7a872,narration_entity,5.82
eka_950c237e0ab4,calibration,,spk:0ae6a7a872,narration_entity,4.92
eka_41bf414a92b6,calibration,,spk:0ae6a7a872,narration_entity,3.78
eka_a3eb041dd56e,calibration,,spk:0ae6a7a872,narration_entity,4.62
eka_8dd159a8073d,validation,,spk:4bfe3fd60d,narration_entity,3.3
eka_602d28fac614,validation,,spk:4bfe3fd60d,narration_entity,3.96
eka_004b55df42c7,test,,spk:356b8e2cef,narration_entity,2.58
eka_1d2919aa4b64,validation,,spk:4bfe3fd60d,narration_entity,4.62
eka_b1c931bb03aa,calibration,,spk:12012e73b5,narration_entity,3.06
eka_4b97a280f111,calibration,,spk:12012e73b5,narration_entity,2.4
eka_42c743b7da7f,validation,md5_text_crosses_split,spk:4bfe3fd60d,narration_entity,3.96
eka_56fcb7437c06,calibration,,spk:12012e73b5,narration_entity,2.34
eka_069de8643f5a,test,,spk:2e7b0d19e2,narration_entity,3.3
eka_d9434286e913,calibration,,spk:0ae6a7a872,narration_entity,4.38
eka_0a62f607c638,calibration,,spk:0ae6a7a872,narration_entity,10.26
eka_ba183ea47d6c,calibration,,spk:12012e73b5,narration_entity,2.34
eka_43e1fdc19821,calibration,,spk:0ae6a7a872,narration_entity,5.94
eka_631be6794c80,test,,spk:2e7b0d19e2,narration_entity,4.38
eka_2f83cb198efa,calibration,,spk:12012e73b5,narration_entity,3.54
eka_307ff9b0c81f,test,,spk:74fd89f3d1,narration_entity,3.42
eka_4b4ad57eb00b,calibration,,spk:0ae6a7a872,narration_entity,4.44
eka_75f6111c433c,calibration,,spk:12012e73b5,narration_entity,4.08
eka_d7facf9ec284,calibration,,spk:0ae6a7a872,narration_entity,3.36
eka_c5bce0d4ad79,validation,md5_text_crosses_split,spk:4bfe3fd60d,narration_entity,2.88
eka_8c5c715b612d,calibration,,spk:0ae6a7a872,narration_entity,4.14
eka_1d097eaa59fa,calibration,,spk:a753f76da4,narration_entity,8.276
eka_4af045d05e3f,calibration,,spk:1acec93a9c,narration_entity,5.4606875
eka_d2f4953aa387,calibration,,spk:0ae6a7a872,narration_entity,4.5
eka_f2681d25c913,calibration,,spk:0ae6a7a872,narration_entity,3.72
eka_3a2622aa828c,calibration,,spk:12012e73b5,narration_entity,2.7
eka_447668fe2256,validation,,spk:4bfe3fd60d,narration_entity,4.08
eka_2f5e7fd8177e,calibration,,spk:b732586755,narration_entity,1.92
eka_e1fe567fae6f,calibration,,spk:0ae6a7a872,narration_entity,4.92
eka_3a14fa88c0da,test,,spk:74fd89f3d1,narration_entity,2.76
eka_23a61e5cff0b,validation,,spk:4bfe3fd60d,narration_entity,3.24025
eka_c3e276313748,calibration,,spk:0ae6a7a872,narration_entity,4.68
eka_ebf47b60d445,test,,spk:a1f4917765,narration_entity,3.42
eka_5b0ccb705f13,calibration,,spk:b732586755,narration_entity,4.14
eka_888bda465b8c,calibration,md5_text_crosses_split,spk:0ae6a7a872,narration_entity,6.42
eka_78d0d9f77cec,test,,spk:74fd89f3d1,narration_entity,2.94
eka_377954a0f1d1,calibration,,spk:0ae6a7a872,narration_entity,4.02
eka_48f3456cf403,calibration,,spk:0ae6a7a872,narration_entity,3.66
eka_81e54896d569,validation,,spk:4bfe3fd60d,narration_entity,3.3
eka_83a73bbd58d1,calibration,,spk:12012e73b5,narration_entity,3.36
eka_a7d266cf46d1,calibration,,spk:12012e73b5,narration_entity,1.98
eka_41952a7f8fe9,validation,,spk:4bfe3fd60d,narration_entity,3.48
eka_0c01b49f6e5d,calibration,,spk:b732586755,narration_entity,3.42
eka_db06067ca777,test,,spk:74fd89f3d1,narration_entity,3.06
eka_803ea19286cb,validation,,spk:4bfe3fd60d,narration_entity,3.9
eka_c227f069e071,test,,spk:74fd89f3d1,narration_entity,3.18
eka_dd27145235db,validation,,spk:4bfe3fd60d,narration_entity,5.76
eka_1d6cdfb6a11f,calibration,,spk:12012e73b5,narration_entity,3.9
eka_5a3a217e4520,calibration,,spk:0ae6a7a872,narration_entity,5.34
eka_05dc36df7414,calibration,md5_text_crosses_split,spk:0ae6a7a872,narration_entity,4.32
eka_126916c609a7,calibration,,spk:0ae6a7a872,narration_entity,3.54
eka_3c693bf3d2a9,test,,spk:356b8e2cef,narration_entity,3.06
eka_e5e40e745ee8,validation,,spk:4bfe3fd60d,narration_entity,4.2
eka_7e0e9f559066,validation,,spk:4bfe3fd60d,narration_entity,3.3
eka_12d363b154e2,validation,,spk:4bfe3fd60d,narration_entity,3.06
eka_c2c79a240a77,calibration,,spk:0ae6a7a872,narration_entity,5.52
eka_669c8c017ce2,test,,spk:74fd89f3d1,narration_entity,2.4
eka_da218f2f8e98,test,,spk:2e7b0d19e2,narration_entity,3.9
eka_3806c307d7c5,calibration,,spk:0ae6a7a872,narration_entity,5.76
eka_97b5e270d297,calibration,,spk:12012e73b5,narration_entity,2.82
eka_f17d003ce248,validation,,spk:4bfe3fd60d,narration_entity,4.2
eka_ad2666c82ea5,validation,,spk:4bfe3fd60d,narration_entity,5.28
eka_1dec40c5c79b,validation,,spk:4bfe3fd60d,narration_entity,2.82
eka_aed7b41cabb2,calibration,,spk:0ae6a7a872,narration_entity,3.96
eka_350585ea9b80,calibration,,spk:12012e73b5,narration_entity,4.74
eka_865a88d93bb0,test,,spk:74fd89f3d1,narration_entity,2.94
eka_4ac674a84ab9,calibration,,spk:12012e73b5,narration_entity,2.52
eka_c575c4b071af,calibration,,spk:0ae6a7a872,narration_entity,4.32
eka_9c328d469eed,test,,spk:2e7b0d19e2,narration_entity,4.2
eka_84bebbe5dcc8,validation,,spk:4bfe3fd60d,narration_entity,3.06
eka_d2c630e7b729,test,,spk:74fd89f3d1,narration_entity,8.28
eka_30e587215912,calibration,,spk:a753f76da4,narration_entity,3.7746875
eka_baf6bad913f4,calibration,,spk:12012e73b5,narration_entity,3.54
eka_a1676eb0211b,test,,spk:74fd89f3d1,narration_entity,3.0
eka_2e76845bbf78,validation,,spk:4bfe3fd60d,narration_entity,4.2
eka_343ca726f07b,validation,,spk:4bfe3fd60d,narration_entity,3.54
eka_635890f5bfa7,test,,spk:74fd89f3d1,narration_entity,3.0
eka_4761c960d1bd,calibration,md5_text_crosses_split,spk:b732586755,narration_entity,2.04
eka_111fcc2e9f69,test,,spk:74fd89f3d1,narration_entity,7.02
eka_7ecb643c90f0,test,,spk:74fd89f3d1,narration_entity,4.5
eka_e799ca15ba5f,test,,spk:356b8e2cef,narration_entity,3.12
eka_ad15e2966f99,test,,spk:a1f4917765,narration_entity,5.16
eka_3003d8e7f847,test,,spk:356b8e2cef,narration_entity,2.52
eka_64d385043384,validation,,spk:4bfe3fd60d,narration_entity,4.14
eka_53977cfab596,test,,spk:74fd89f3d1,narration_entity,2.1
eka_1589857d1089,validation,md5_text_crosses_split,spk:4bfe3fd60d,narration_entity,3.3
eka_144d6c522257,validation,,spk:4bfe3fd60d,narration_entity,3.3
eka_3def81a9360c,test,,spk:74fd89f3d1,narration_entity,2.82
eka_19430551b0db,validation,md5_text_crosses_split,spk:4bfe3fd60d,narration_entity,2.7
eka_87a76aec4375,validation,md5_text_crosses_split,spk:4bfe3fd60d,narration_entity,2.82
eka_502810627ece,validation,,spk:4bfe3fd60d,narration_entity,3.72
eka_bb0f03302aa5,test,,spk:e0bd894c6e,narration_entity,3.18
eka_6ad9a2c4ef2a,test,,spk:74fd89f3d1,narration_entity,3.54
eka_176a3624d258,calibration,,spk:0ae6a7a872,narration_entity,4.02
eka_c7bacfbc7b46,calibration,,spk:a753f76da4,narration_entity,4.1586875
eka_5302bb854272,calibration,,spk:0ae6a7a872,narration_entity,4.38
eka_1adbd75fc476,validation,md5_text_crosses_split,spk:4bfe3fd60d,narration_entity,3.54
eka_150ec75c9720,test,,spk:356b8e2cef,narration_entity,5.34
eka_cbe257bf2fd9,validation,,spk:4bfe3fd60d,narration_entity,4.38
eka_7a00ef815e7e,calibration,,spk:12012e73b5,narration_entity,2.16
eka_8af03f6a2045,calibration,md5_text_crosses_split,spk:12012e73b5,narration_entity,3.24025
eka_1248511d05a3,validation,,spk:4bfe3fd60d,narration_entity,3.54
eka_aa30f2b38f1e,test,,spk:74fd89f3d1,narration_entity,2.82
eka_8f88b9d917f0,test,,spk:2e7b0d19e2,narration_entity,3.54
eka_dae285147af1,calibration,,spk:0ae6a7a872,narration_entity,4.68
eka_eced6bff8cf1,calibration,,spk:12012e73b5,narration_entity,2.7
eka_18c4ae1fd220,test,,spk:74fd89f3d1,narration_entity,2.82
eka_0d4d7140db24,calibration,,spk:0ae6a7a872,narration_entity,4.26
eka_d24984ddef60,test,,spk:356b8e2cef,narration_entity,2.46
eka_35d0ca016daa,validation,,spk:4bfe3fd60d,narration_entity,3.24025
eka_0eef28494610,validation,,spk:4bfe3fd60d,narration_entity,3.12
eka_752e094fa122,validation,md5_text_crosses_split,spk:4bfe3fd60d,narration_entity,3.54
eka_c41aaf381f77,test,,spk:2e7b0d19e2,narration_entity,2.58
eka_f5ec921981e5,calibration,,spk:12012e73b5,narration_entity,3.3
eka_d153e2df01ba,calibration,,spk:0ae6a7a872,narration_entity,4.14
eka_d85b8169a874,calibration,,spk:0ae6a7a872,narration_entity,4.62
eka_ce7ecedf2924,validation,md5_text_crosses_split,spk:4bfe3fd60d,narration_entity,3.24025
eka_fb18d2066083,calibration,,spk:0ae6a7a872,narration_entity,4.08
eka_fcb47fbf7d2e,calibration,,spk:12012e73b5,narration_entity,2.04
eka_64006a27314d,test,,spk:74fd89f3d1,narration_entity,3.9
eka_a422607907c0,test,,spk:74fd89f3d1,narration_entity,2.46
eka_30b3047c4152,calibration,,spk:0ae6a7a872,narration_entity,4.68
eka_052107cb3073,calibration,,spk:77c799e427,narration_entity,2.16
eka_df00d2f2d996,calibration,,spk:0ae6a7a872,narration_entity,4.2
eka_7e989ba755c7,calibration,,spk:0ae6a7a872,narration_entity,5.16
eka_3aa7e11ea764,calibration,,spk:0ae6a7a872,narration_entity,6.9
eka_304084c88121,calibration,,spk:0ae6a7a872,narration_entity,3.78
eka_da787d21ae8c,test,,spk:74fd89f3d1,narration_entity,2.94
eka_338278ec8ae4,test,,spk:74fd89f3d1,narration_entity,1.86
eka_e97996ed8f06,test,,spk:74fd89f3d1,narration_entity,4.02
eka_03af124d9441,validation,md5_text_crosses_split,spk:4bfe3fd60d,narration_entity,2.94
eka_70600913a033,validation,md5_text_crosses_split,spk:4bfe3fd60d,narration_entity,5.16
eka_961148ec657a,validation,md5_text_crosses_split,spk:4bfe3fd60d,narration_entity,3.96
eka_aaf81fc272b1,calibration,,spk:0ae6a7a872,narration_entity,3.84
eka_6ffa756da49f,calibration,,spk:12012e73b5,narration_entity,2.88
eka_00cca52d980d,validation,,spk:4bfe3fd60d,narration_entity,8.64
eka_76f742c63054,calibration,md5_text_crosses_split,spk:12012e73b5,narration_entity,2.46
eka_be27a1628b4d,validation,,spk:4bfe3fd60d,narration_entity,3.78
eka_c0bf18b48b46,calibration,,spk:12012e73b5,narration_entity,3.06
eka_de0da3778e6f,calibration,,spk:0ae6a7a872,narration_entity,3.72
eka_285d7f49bd3d,validation,,spk:4bfe3fd60d,narration_entity,3.06
eka_f265f91b5dd0,calibration,,spk:0ae6a7a872,narration_entity,4.56
eka_685c2f5ad0f3,calibration,,spk:12012e73b5,narration_entity,3.3
eka_d4989bfdeb76,calibration,,spk:a753f76da4,narration_entity,6.292
eka_3ef364984e41,test,,spk:74fd89f3d1,narration_entity,4.74
eka_4aabf4eb65e1,validation,,spk:4bfe3fd60d,narration_entity,3.36
eka_5f3e2b75923a,validation,,spk:4bfe3fd60d,narration_entity,5.22
eka_6b4c22b9521a,test,,spk:2e7b0d19e2,narration_entity,2.76
eka_ca4abf71cb19,validation,,spk:4bfe3fd60d,narration_entity,5.76
eka_f06f19afcb1d,validation,,spk:4bfe3fd60d,narration_entity,4.5
eka_4b3d775ab86b,calibration,,spk:0ae6a7a872,narration_entity,4.32
eka_24b154671cbc,test,,spk:2e7b0d19e2,narration_entity,4.02
eka_30938a762329,validation,md5_text_crosses_split,spk:4bfe3fd60d,narration_entity,3.18
eka_3bb54b4d5582,validation,,spk:4bfe3fd60d,narration_entity,4.44
eka_b7375ed2c102,validation,,spk:4bfe3fd60d,narration_entity,3.6
eka_e832053fb86e,calibration,,spk:12012e73b5,narration_entity,1.86
eka_9b7b9b64cd72,test,,spk:74fd89f3d1,narration_entity,4.8
eka_f50196dde4a9,validation,,spk:4bfe3fd60d,narration_entity,6.12
eka_32a003f8e121,test,,spk:74fd89f3d1,narration_entity,3.3
eka_e8a3e2bf1dc7,test,,spk:74fd89f3d1,narration_entity,2.46
eka_b98908b4f852,validation,,spk:4bfe3fd60d,narration_entity,7.86
eka_f0a0d428cda4,calibration,md5_text_crosses_split,spk:12012e73b5,narration_entity,2.94
eka_bf95c0b2d1cf,calibration,,spk:0ae6a7a872,narration_entity,4.38
eka_518bbdf73e41,calibration,,spk:12012e73b5,narration_entity,4.02
eka_d8437792090a,validation,,spk:4bfe3fd60d,narration_entity,4.86
eka_6d077a8606f6,calibration,,spk:0ae6a7a872,narration_entity,5.04
eka_9a73a577ac4c,test,,spk:356b8e2cef,narration_entity,1.32
eka_11a7da54e03d,test,,spk:74fd89f3d1,narration_entity,2.82
eka_f4ba46c06f0d,calibration,,spk:0ae6a7a872,narration_entity,3.36
eka_f244d122af30,calibration,,spk:0ae6a7a872,narration_entity,6.66
eka_c1614597429a,validation,,spk:4bfe3fd60d,narration_entity,3.3
eka_bf3160d45d77,validation,,spk:4bfe3fd60d,narration_entity,4.62
eka_55b61f12c7d2,calibration,,spk:0ae6a7a872,narration_entity,5.22
eka_f9b484ccd488,calibration,,spk:a753f76da4,narration_entity,4.649375
eka_b00f1ffbdb03,validation,md5_text_crosses_split,spk:4bfe3fd60d,narration_entity,3.9
eka_3192f3b8e3f5,calibration,,spk:0ae6a7a872,narration_entity,4.5
eka_5430ab090bad,test,,spk:74fd89f3d1,narration_entity,3.06
eka_34b6902c4c0e,validation,md5_text_crosses_split,spk:4bfe3fd60d,narration_entity,3.06
eka_b755c8f77817,validation,,spk:4bfe3fd60d,narration_entity,4.38
eka_4cc9e815054d,validation,,spk:4bfe3fd60d,narration_entity,5.64
eka_e9e417026fa1,validation,,spk:4bfe3fd60d,narration_entity,3.42
eka_b7597a2c580a,calibration,,spk:0ae6a7a872,narration_entity,3.42
eka_b4d312ee8a63,validation,md5_text_crosses_split,spk:4bfe3fd60d,narration_entity,3.36
eka_532111b96754,test,,spk:2e7b0d19e2,narration_entity,3.54
eka_c467eb0c2a5f,validation,,spk:4bfe3fd60d,narration_entity,3.06
eka_f06b92dbf36f,calibration,,spk:1acec93a9c,narration_entity,3.36
eka_58f18906decc,calibration,,spk:0ae6a7a872,narration_entity,3.54
eka_ca0f49be18be,test,,spk:74fd89f3d1,narration_entity,2.82
eka_f454cffa23a9,calibration,,spk:1acec93a9c,narration_entity,3.48
eka_832f413205a8,calibration,,spk:12012e73b5,narration_entity,5.76
eka_b2e823867268,calibration,,spk:0ae6a7a872,narration_entity,5.82
eka_7603336c07aa,calibration,,spk:0ae6a7a872,narration_entity,4.08
eka_ef2f5109ec85,test,,spk:74fd89f3d1,narration_entity,5.22
eka_7bec34d57d26,calibration,,spk:0ae6a7a872,narration_entity,4.2
eka_a21a2a2c5ee6,calibration,,spk:12012e73b5,narration_entity,2.94
eka_45dd9f5a6136,calibration,,spk:0ae6a7a872,narration_entity,4.14
eka_8ab4cf24867a,calibration,md5_text_crosses_split,spk:12012e73b5,narration_entity,2.64
eka_71e031b262e9,calibration,,spk:1acec93a9c,narration_entity,3.18
eka_1c03b9365e63,validation,,spk:4bfe3fd60d,narration_entity,7.92
eka_bf310d693e70,calibration,,spk:b732586755,narration_entity,2.76
eka_66bb9a75c77a,test,,spk:2e7b0d19e2,narration_entity,3.06
eka_3bd592d48341,test,,spk:2e7b0d19e2,narration_entity,2.76
eka_7e90c12130dd,test,,spk:356b8e2cef,narration_entity,2.58
eka_c9a9ac7d5c8c,calibration,,spk:0ae6a7a872,narration_entity,3.3
eka_ed9bfe40a560,test,,spk:74fd89f3d1,narration_entity,4.08
eka_f7498fe67848,calibration,,spk:b732586755,narration_entity,2.64
eka_41073ff3d5c5,calibration,,spk:b732586755,narration_entity,2.34
eka_c68e0f95bf60,validation,,spk:4bfe3fd60d,narration_entity,3.72
eka_8f41d2b0df96,test,,spk:74fd89f3d1,narration_entity,3.54
eka_636ed48fbf2a,validation,md5_text_crosses_split,spk:4bfe3fd60d,narration_entity,3.78
eka_029da7168509,calibration,,spk:12012e73b5,narration_entity,2.64
eka_6878f934e9f8,validation,,spk:4bfe3fd60d,narration_entity,4.38
eka_09079b95c2f5,calibration,,spk:0ae6a7a872,narration_entity,6.3
eka_58301e99eee5,test,,spk:356b8e2cef,narration_entity,3.48
eka_8f3ab77ccc3c,calibration,,spk:12012e73b5,narration_entity,2.88
eka_f19bbd5a7135,calibration,,spk:0ae6a7a872,narration_entity,4.14
eka_41fa6101c47a,validation,,spk:4bfe3fd60d,narration_entity,2.88
eka_54a31639b037,calibration,,spk:0ae6a7a872,narration_entity,3.9
eka_bdd82dea5308,calibration,,spk:12012e73b5,narration_entity,2.88
eka_e66aa36b8d76,calibration,md5_text_crosses_split,spk:b732586755,narration_entity,3.84
eka_5aa7f2da2449,test,,spk:74fd89f3d1,narration_entity,3.0
eka_041008f3afc9,test,,spk:74fd89f3d1,narration_entity,8.7
eka_44b431e7e0c9,validation,,spk:4bfe3fd60d,narration_entity,3.18
eka_6420bf3e8f84,calibration,,spk:0ae6a7a872,narration_entity,4.08
eka_c0350f8aec5b,test,,spk:356b8e2cef,narration_entity,2.34
eka_0419cdbdb017,test,,spk:356b8e2cef,narration_entity,3.6
eka_ff4766264613,validation,,spk:4bfe3fd60d,narration_entity,3.6
eka_77b044f5feca,test,,spk:74fd89f3d1,narration_entity,4.02
eka_bea37728d451,test,,spk:356b8e2cef,narration_entity,3.72
eka_bd0b33b4d104,calibration,,spk:a753f76da4,narration_entity,6.1426875
eka_ff015a83c4b4,validation,md5_text_crosses_split,spk:4bfe3fd60d,narration_entity,4.38
eka_4fba93a671c1,test,,spk:74fd89f3d1,narration_entity,2.1
eka_33f2224bbdd3,calibration,,spk:12012e73b5,narration_entity,3.18
eka_ff2f49d6f742,calibration,,spk:0ae6a7a872,narration_entity,5.28
eka_d1851815b4ba,calibration,,spk:0ae6a7a872,narration_entity,5.04
eka_c8b99d15f7ac,calibration,,spk:12012e73b5,narration_entity,3.06
eka_1970ecf4ccf9,validation,,spk:4bfe3fd60d,narration_entity,3.48
eka_e74c3d81d22b,calibration,,spk:0ae6a7a872,narration_entity,5.04
eka_7a8dff7aeb81,calibration,,spk:0ae6a7a872,narration_entity,2.94
eka_1d28f7b5b311,test,,spk:74fd89f3d1,narration_entity,4.02
eka_9138c0f3f5e8,calibration,,spk:12012e73b5,narration_entity,2.4
eka_c3ba52aff7f0,calibration,,spk:0ae6a7a872,narration_entity,4.98
eka_b7967c2e2c37,calibration,,spk:12012e73b5,narration_entity,5.1
eka_7f96213aec8e,calibration,,spk:a753f76da4,narration_entity,4.4146875
eka_620b31b8b50e,calibration,,spk:0ae6a7a872,narration_entity,4.8
eka_9b4502fc4133,validation,,spk:4bfe3fd60d,narration_entity,2.94
eka_90dc56f7d61b,test,,spk:2e7b0d19e2,narration_entity,3.6
eka_ecee26539890,calibration,md5_text_crosses_split,spk:0ae6a7a872,narration_entity,4.5
eka_8acd689a69dc,calibration,,spk:12012e73b5,narration_entity,14.88
eka_035f61f8e182,calibration,,spk:0ae6a7a872,narration_entity,2.94
eka_1bd45a85a3e9,calibration,,spk:a753f76da4,narration_entity,3.817375
eka_d019847f9ec0,validation,,spk:4bfe3fd60d,narration_entity,5.82
eka_8af6e5fffb43,test,,spk:2e7b0d19e2,narration_entity,3.36
eka_399e7ded9804,test,,spk:2e7b0d19e2,narration_entity,6.24
eka_6f33002dd7c3,calibration,md5_text_crosses_split,spk:0ae6a7a872,narration_entity,4.5
eka_54ae3eda7f6b,calibration,,spk:0ae6a7a872,narration_entity,3.54
eka_480e34d50acb,calibration,md5_text_crosses_split,spk:12012e73b5,narration_entity,2.94
eka_6b1644f9770b,calibration,md5_text_crosses_split,spk:a753f76da4,narration_entity,4.905375
eka_bbc6eb33d246,validation,,spk:4bfe3fd60d,narration_entity,4.26
eka_01feb31a3856,calibration,,spk:0ae6a7a872,narration_entity,4.74
eka_74d60920b1c5,test,,spk:74fd89f3d1,narration_entity,3.24025
eka_699ac8cf6265,validation,,spk:4bfe3fd60d,narration_entity,5.34
eka_88c8a7aa4518,test,,spk:2e7b0d19e2,narration_entity,2.52
eka_0b49400dc111,test,,spk:2e7b0d19e2,narration_entity,2.46
eka_ac539bfe65d9,validation,md5_text_crosses_split,spk:4bfe3fd60d,narration_entity,4.56
eka_03a9327bc5ef,validation,,spk:4bfe3fd60d,narration_entity,4.56
eka_6bc4ae556611,calibration,,spk:a753f76da4,narration_entity,2.8146875
eka_f50fc289bce2,test,,spk:356b8e2cef,narration_entity,2.7
eka_fae71a88f7fc,calibration,,spk:b732586755,narration_entity,2.46
eka_f06f26cbfc8b,calibration,,spk:12012e73b5,narration_entity,4.56
eka_c5b3ddee4304,validation,,spk:4bfe3fd60d,narration_entity,4.5
eka_a210ae042531,validation,,spk:4bfe3fd60d,narration_entity,3.0
eka_202fa7610c97,validation,,spk:4bfe3fd60d,narration_entity,4.62
eka_87ab5757ff7b,calibration,,spk:12012e73b5,narration_entity,3.42
eka_17fe667b4696,validation,,spk:4bfe3fd60d,narration_entity,3.48
eka_23434e6ba709,test,,spk:74fd89f3d1,narration_entity,2.76
eka_513eb53182e2,validation,,spk:4bfe3fd60d,narration_entity,2.7
eka_b57912c6681a,calibration,,spk:0ae6a7a872,narration_entity,4.38
eka_f95c6206b0bb,calibration,,spk:12012e73b5,narration_entity,3.18
eka_ee928dd6f340,calibration,,spk:0ae6a7a872,narration_entity,3.6
eka_861c83fc1beb,calibration,,spk:0ae6a7a872,narration_entity,3.42
eka_edd9985a9a90,calibration,md5_text_crosses_split,spk:0ae6a7a872,narration_entity,4.2
eka_7d19696f1081,calibration,,spk:0ae6a7a872,narration_entity,3.9
eka_5fe5411f92b0,calibration,,spk:12012e73b5,narration_entity,4.14
eka_53d056c7bdd3,test,,spk:a1f4917765,narration_entity,3.3
eka_1b4a7546ef9e,test,,spk:74fd89f3d1,narration_entity,2.1
eka_f20cfa80d236,test,,spk:356b8e2cef,narration_entity,3.78
eka_8fc5feb5396f,validation,,spk:4bfe3fd60d,narration_entity,3.18
eka_133649a7af1b,calibration,,spk:0ae6a7a872,narration_entity,6.36
eka_6304a7cd8c5a,test,,spk:74fd89f3d1,narration_entity,2.88
eka_75a6c16e4f9a,calibration,,spk:12012e73b5,narration_entity,7.56
eka_49b050b93cec,test,,spk:74fd89f3d1,narration_entity,2.58
eka_193c165847ba,validation,,spk:4bfe3fd60d,narration_entity,3.48
eka_aa74993d8bbd,validation,,spk:4bfe3fd60d,narration_entity,5.16
eka_434db6b3cb58,calibration,,spk:0ae6a7a872,narration_entity,4.44
eka_1225aa95000b,validation,,spk:4bfe3fd60d,narration_entity,4.38
eka_41589e230155,validation,md5_text_crosses_split,spk:4bfe3fd60d,narration_entity,2.7
eka_06f66c3d3e11,validation,,spk:4bfe3fd60d,narration_entity,4.26
eka_ad7267323c7b,validation,md5_text_crosses_split,spk:4bfe3fd60d,narration_entity,5.1
eka_a4daa2e7a074,validation,,spk:4bfe3fd60d,narration_entity,4.02
eka_9e1cbc861b01,calibration,,spk:0ae6a7a872,narration_entity,3.42
eka_f750dc4cbda8,calibration,,spk:12012e73b5,narration_entity,2.46
eka_15270071338a,calibration,,spk:0ae6a7a872,narration_entity,3.18
eka_2184aec41710,validation,,spk:4bfe3fd60d,narration_entity,3.72
eka_76f956068941,calibration,,spk:12012e73b5,narration_entity,3.96
eka_6a1f657f3509,test,,spk:2e7b0d19e2,narration_entity,3.66
eka_9a9cb99eda5a,validation,,spk:4bfe3fd60d,narration_entity,6.12
eka_2504eaf24b56,test,,spk:356b8e2cef,narration_entity,2.88
eka_d39b3ba17606,test,,spk:74fd89f3d1,narration_entity,6.9
eka_7b9bb52cdf1e,test,,spk:74fd89f3d1,narration_entity,3.0
eka_86e03276592f,calibration,,spk:0ae6a7a872,narration_entity,5.88
eka_86267d1c9da7,test,,spk:2e7b0d19e2,narration_entity,6.12
eka_943c400ecc46,calibration,,spk:1acec93a9c,narration_entity,2.64
eka_4cc1d5ca3d17,calibration,,spk:12012e73b5,narration_entity,2.1
eka_b64626cb100a,validation,,spk:4bfe3fd60d,narration_entity,2.46
eka_f6f3c2240c4f,calibration,,spk:0ae6a7a872,narration_entity,4.08
eka_15012fff57b2,calibration,,spk:0ae6a7a872,narration_entity,4.14
eka_98e05d159a36,calibration,,spk:12012e73b5,narration_entity,2.94
eka_4e09dad8d13c,test,,spk:74fd89f3d1,narration_entity,3.66
eka_c6374ef80f07,calibration,,spk:a753f76da4,narration_entity,3.2626875
eka_abcee85fd3b8,test,,spk:74fd89f3d1,narration_entity,2.46
eka_9f36ae139c42,calibration,md5_text_crosses_split,spk:12012e73b5,narration_entity,2.7
eka_b6ede9346634,test,,spk:74fd89f3d1,narration_entity,4.02
eka_6976d500c6a6,validation,md5_text_crosses_split,spk:4bfe3fd60d,narration_entity,2.76
eka_dcf53bd42632,validation,,spk:4bfe3fd60d,narration_entity,3.12
eka_443a4a4eec53,calibration,,spk:0ae6a7a872,narration_entity,4.68
eka_14fdfebb187a,calibration,,spk:0ae6a7a872,narration_entity,3.96
eka_d2b466ba30d3,calibration,,spk:0ae6a7a872,narration_entity,3.0
eka_cb6ef91aacf8,calibration,,spk:0ae6a7a872,narration_entity,3.48
eka_4bc84421784f,calibration,,spk:0ae6a7a872,narration_entity,8.16
eka_2aa43c0ff42b,test,,spk:a1f4917765,narration_entity,6.84
eka_0bfb3a984505,test,,spk:74fd89f3d1,narration_entity,6.78
eka_94bfabf9614d,calibration,,spk:0ae6a7a872,narration_entity,3.24025
eka_5baf307d6d11,test,,spk:74fd89f3d1,narration_entity,3.9
eka_d4e74a61e91e,test,,spk:74fd89f3d1,narration_entity,4.98
eka_bc2ad681fa74,validation,md5_text_crosses_split,spk:4bfe3fd60d,narration_entity,3.78
eka_001bfed85308,test,,spk:74fd89f3d1,narration_entity,8.1
eka_d267fc22d209,calibration,,spk:0ae6a7a872,narration_entity,2.82
eka_9923111d6f84,test,,spk:74fd89f3d1,narration_entity,3.36
eka_b818da3c462a,validation,,spk:4bfe3fd60d,narration_entity,6.18
eka_9bd424105dbc,validation,,spk:4bfe3fd60d,narration_entity,3.24025
eka_7886cbff4267,calibration,,spk:12012e73b5,narration_entity,6.78
eka_8b860a09c596,validation,md5_text_crosses_split,spk:4bfe3fd60d,narration_entity,6.9
eka_6f1f974547a6,calibration,,spk:0ae6a7a872,narration_entity,3.96
eka_6992ceb4d23f,validation,,spk:4bfe3fd60d,narration_entity,3.78
eka_d120b7f390f2,calibration,,spk:0ae6a7a872,narration_entity,4.38
eka_32f9a84620ef,test,,spk:74fd89f3d1,narration_entity,3.54
eka_5fd9bc143fbe,calibration,,spk:0ae6a7a872,narration_entity,3.9
eka_dcc12ec84c17,validation,,spk:4bfe3fd60d,narration_entity,4.44
eka_2a2cc24d1ea8,validation,,spk:4bfe3fd60d,narration_entity,3.0
eka_af3780d7631a,calibration,,spk:12012e73b5,narration_entity,2.88
eka_8a019a0a13d7,calibration,,spk:0ae6a7a872,narration_entity,3.6
eka_03703839d64b,validation,md5_text_crosses_split,spk:4bfe3fd60d,narration_entity,2.64
eka_0bf6b8930a64,calibration,,spk:12012e73b5,narration_entity,2.7
eka_02cd8b4b7775,calibration,,spk:b732586755,narration_entity,2.16
eka_4830e75ab732,test,,spk:2e7b0d19e2,narration_entity,4.44
eka_72f29f6dd24a,calibration,,spk:1acec93a9c,narration_entity,3.36
eka_0433f5bf2959,test,,spk:74fd89f3d1,narration_entity,4.86
eka_a6744753f445,validation,,spk:4bfe3fd60d,narration_entity,3.24025
eka_66b8c48b013b,calibration,md5_text_crosses_split,spk:12012e73b5,narration_entity,3.72
eka_88184b88bfc9,test,,spk:2e7b0d19e2,narration_entity,7.38
eka_269975f62a6f,calibration,,spk:12012e73b5,narration_entity,3.3
eka_a9d3affc79e4,test,,spk:2e7b0d19e2,narration_entity,6.06
eka_fe2cbaa0dd5c,calibration,,spk:0ae6a7a872,narration_entity,7.62
eka_b168781d7037,test,,spk:74fd89f3d1,narration_entity,2.76
eka_2a1eb9f4e457,test,,spk:2e7b0d19e2,narration_entity,3.9
eka_633f2eef3323,test,,spk:356b8e2cef,narration_entity,2.52
eka_6dfe1252f881,calibration,,spk:0ae6a7a872,narration_entity,3.96
eka_17fbbfb79552,validation,,spk:4bfe3fd60d,narration_entity,5.7
eka_aa9e25a47394,test,,spk:2e7b0d19e2,narration_entity,3.78
eka_9668435c6803,calibration,,spk:0ae6a7a872,narration_entity,3.54
eka_78a0411667c3,test,,spk:356b8e2cef,narration_entity,2.16
eka_ffa3a31b02b6,calibration,,spk:12012e73b5,narration_entity,3.66
eka_7cb810a3dbe3,test,,spk:356b8e2cef,narration_entity,4.08
eka_5438446c30d8,calibration,md5_text_crosses_split,spk:1acec93a9c,narration_entity,4.68
eka_5642b2724b82,test,,spk:74fd89f3d1,narration_entity,3.0
eka_ea9909268e25,calibration,,spk:b732586755,narration_entity,4.26
eka_3fdeac526be0,validation,,spk:4bfe3fd60d,narration_entity,3.18
eka_3deac0d6c9e3,validation,,spk:4bfe3fd60d,narration_entity,2.94
eka_c0303a893083,validation,,spk:4bfe3fd60d,narration_entity,3.9
eka_d36b32b10221,validation,,spk:4bfe3fd60d,narration_entity,3.96
eka_c2859060848f,calibration,,spk:12012e73b5,narration_entity,2.82
eka_cb841227a1d5,validation,,spk:4bfe3fd60d,narration_entity,3.72
eka_1a79df20e439,calibration,,spk:0ae6a7a872,narration_entity,3.72
eka_3e2d461bca1a,calibration,,spk:b732586755,narration_entity,2.22
eka_67ae7f836f49,test,,spk:74fd89f3d1,narration_entity,6.66
eka_b994c0d30348,calibration,,spk:12012e73b5,narration_entity,2.7
eka_ebefec625a33,calibration,,spk:a753f76da4,narration_entity,2.708
eka_0670dcb5824e,test,,spk:a1f4917765,narration_entity,4.86
eka_1bcfb2f7bbf8,calibration,,spk:0ae6a7a872,narration_entity,3.3
eka_1bd6c8a2b52e,validation,,spk:4bfe3fd60d,narration_entity,4.62
eka_cd193b908bc7,validation,,spk:4bfe3fd60d,narration_entity,4.14
eka_9a72b903c598,validation,,spk:4bfe3fd60d,narration_entity,3.54
eka_3da53c4c174b,calibration,md5_text_crosses_split,spk:12012e73b5,narration_entity,4.26
eka_7583f77d9ef4,calibration,,spk:a753f76da4,narration_entity,3.924
eka_955a64720e83,test,,spk:74fd89f3d1,narration_entity,3.18
eka_19e5ee495834,calibration,,spk:0ae6a7a872,narration_entity,4.38
eka_b28984a7b005,validation,,spk:4bfe3fd60d,narration_entity,6.06
eka_94e96297c35e,test,,spk:2e7b0d19e2,narration_entity,4.2
eka_dd92d7b10526,calibration,,spk:0ae6a7a872,narration_entity,3.78
eka_48cb60e087af,validation,,spk:4bfe3fd60d,narration_entity,5.4606875
eka_c297650fecdd,validation,,spk:4bfe3fd60d,narration_entity,6.18
eka_483fa31bccd4,validation,,spk:4bfe3fd60d,narration_entity,3.78
eka_33efa9ea6189,test,,spk:a1f4917765,narration_entity,3.3
eka_9cf0d856ea38,calibration,,spk:12012e73b5,narration_entity,2.94
eka_e2a41c63c732,test,,spk:2e7b0d19e2,narration_entity,2.52
eka_6d2b36aa9f33,validation,,spk:4bfe3fd60d,narration_entity,3.48
eka_60f8bc34459a,test,,spk:74fd89f3d1,narration_entity,3.66
eka_ff62b8e7ce5b,validation,,spk:4bfe3fd60d,narration_entity,3.36
eka_4ab630d71428,test,,spk:2e7b0d19e2,narration_entity,4.14
eka_4fb94088d705,validation,,spk:4bfe3fd60d,narration_entity,2.46
eka_73187f1b587d,test,,spk:356b8e2cef,narration_entity,1.92
eka_98b1c96bb301,calibration,,spk:eee8df741f,narration_entity,3.66
eka_a3ffaf02d2fe,test,,spk:74fd89f3d1,narration_entity,3.3
eka_912db757dcda,calibration,,spk:0ae6a7a872,narration_entity,3.72
eka_a2b652e2f96d,calibration,md5_text_crosses_split,spk:a753f76da4,narration_entity,4.0306875
eka_569b5c12cd41,calibration,,spk:0ae6a7a872,narration_entity,3.24025
eka_e78b4d7c2ca6,calibration,,spk:0ae6a7a872,narration_entity,4.74
eka_ecd09f06a84a,calibration,,spk:b732586755,narration_entity,1.38
eka_7467d994be7e,test,,spk:a1f4917765,narration_entity,6.72
eka_cf25494e1415,calibration,,spk:0ae6a7a872,narration_entity,3.54
eka_3f1f40541a3a,test,,spk:2e7b0d19e2,narration_entity,3.42
eka_3f19095843a8,calibration,,spk:0ae6a7a872,narration_entity,4.02
eka_d30c389fb2df,test,,spk:356b8e2cef,narration_entity,2.46
eka_617d29034412,calibration,,spk:12012e73b5,narration_entity,3.48
eka_7f41d8264212,test,,spk:a1f4917765,narration_entity,2.76
eka_ab82612f5864,calibration,md5_text_crosses_split,spk:0ae6a7a872,narration_entity,4.38
eka_19d9014dbe4d,test,,spk:a1f4917765,narration_entity,3.24025
eka_e23c5c7a37da,calibration,,spk:12012e73b5,narration_entity,1.38
eka_5fe2be4ac9bd,validation,,spk:4bfe3fd60d,narration_entity,6.3
eka_2e20bf980dca,test,,spk:a1f4917765,narration_entity,2.04
eka_7adca9030e25,test,,spk:74fd89f3d1,narration_entity,4.38
eka_8faa8cb15af9,validation,,spk:4bfe3fd60d,narration_entity,7.5
eka_70fc5c0cd7bf,calibration,,spk:0ae6a7a872,narration_entity,6.0
eka_ee3a7b9145cc,test,,spk:2e7b0d19e2,narration_entity,4.32
eka_5f1aa2ab9c5b,calibration,,spk:0ae6a7a872,narration_entity,5.34
eka_7cec4161ff4f,test,,spk:356b8e2cef,narration_entity,7.32
eka_f286ae05a714,test,,spk:74fd89f3d1,narration_entity,2.58
eka_e6147d0afddd,calibration,,spk:0ae6a7a872,narration_entity,4.62
eka_000236406135,validation,,spk:4bfe3fd60d,narration_entity,5.94
eka_92efa6d1b000,calibration,,spk:0ae6a7a872,narration_entity,5.4606875
eka_4958416d2fb0,test,,spk:2e7b0d19e2,narration_entity,3.96
eka_fac5e30c8d2d,test,,spk:74fd89f3d1,narration_entity,3.9
eka_4541c38f5208,test,,spk:74fd89f3d1,narration_entity,2.22
eka_2f6e3ff71255,test,,spk:2e7b0d19e2,narration_entity,3.84
eka_f3bbebee3a38,calibration,md5_text_crosses_split,spk:0ae6a7a872,narration_entity,4.56
eka_21f55e85b90f,test,,spk:74fd89f3d1,narration_entity,2.58
eka_6d494735fc6c,calibration,,spk:a753f76da4,narration_entity,3.561375
eka_99e6eb260f42,calibration,md5_text_crosses_split,spk:b732586755,narration_entity,2.94
eka_664fd719068a,test,,spk:356b8e2cef,narration_entity,3.9
eka_21fad8ac4b63,validation,,spk:4bfe3fd60d,narration_entity,3.24025
eka_33256f6334a8,validation,,spk:4bfe3fd60d,narration_entity,3.42
eka_89e37687969b,test,,spk:74fd89f3d1,narration_entity,2.82
eka_44403eaafdac,validation,,spk:4bfe3fd60d,narration_entity,3.54
eka_6967fa13b2c3,calibration,,spk:0ae6a7a872,narration_entity,3.72
eka_7d71be90c40c,test,,spk:2e7b0d19e2,narration_entity,6.0
eka_ac7ee43d9e0d,validation,,spk:4bfe3fd60d,narration_entity,3.36
eka_8058757801c4,calibration,md5_text_crosses_split,spk:0ae6a7a872,narration_entity,3.06
eka_8569a1d1193e,calibration,,spk:0ae6a7a872,narration_entity,3.18
eka_e413d1576295,calibration,,spk:0ae6a7a872,narration_entity,3.9
eka_99943b7a761b,calibration,,spk:0ae6a7a872,narration_entity,14.64
eka_1e2440ca4367,calibration,,spk:0ae6a7a872,narration_entity,3.78
eka_3bd0e28664a0,test,,spk:74fd89f3d1,narration_entity,2.22
eka_92779b713895,calibration,,spk:0ae6a7a872,narration_entity,6.24
eka_76c9e6202dea,validation,,spk:4bfe3fd60d,narration_entity,3.36
eka_5dd46eda3887,test,,spk:74fd89f3d1,narration_entity,3.24025
eka_c456cadf153f,test,,spk:2e7b0d19e2,narration_entity,4.08
eka_4fe9ebf17dce,calibration,md5_text_crosses_split,spk:12012e73b5,narration_entity,3.3
eka_59fe378a39fd,test,,spk:74fd89f3d1,narration_entity,3.54
eka_4676f2ff360d,calibration,,spk:12012e73b5,narration_entity,3.24025
eka_975f9da8269c,test,,spk:74fd89f3d1,narration_entity,3.24025
eka_5a07d52b495c,calibration,,spk:0ae6a7a872,narration_entity,3.6
eka_8626dec4c14e,calibration,,spk:0ae6a7a872,narration_entity,4.32
eka_5ae512d96d91,calibration,,spk:b732586755,narration_entity,2.58
eka_74aa8b5c6ba0,validation,,spk:4bfe3fd60d,narration_entity,3.78
eka_61234a0b7f59,calibration,,spk:12012e73b5,narration_entity,3.66
eka_b61df6fa37fd,validation,,spk:4bfe3fd60d,narration_entity,3.66
eka_e99842dfd60c,calibration,,spk:b732586755,narration_entity,2.04
eka_c6c26cda7da1,test,,spk:356b8e2cef,narration_entity,3.06
eka_3f12490e87f2,calibration,,spk:0ae6a7a872,narration_entity,4.86
eka_041fea393264,test,,spk:356b8e2cef,narration_entity,1.86
eka_f192166a130a,test,,spk:74fd89f3d1,narration_entity,3.06
eka_8ccd0a05f6d1,calibration,,spk:12012e73b5,narration_entity,3.78
eka_d71d8830a0b5,test,,spk:74fd89f3d1,narration_entity,1.98
eka_512ddab6f16a,calibration,md5_text_crosses_split,spk:0ae6a7a872,narration_entity,3.96
eka_83c5fa595c54,test,,spk:356b8e2cef,narration_entity,3.3
eka_b2da90d31925,calibration,,spk:0ae6a7a872,narration_entity,4.74
eka_9ef05111627b,test,,spk:74fd89f3d1,narration_entity,3.84
eka_b6fec2a85b8b,test,,spk:74fd89f3d1,narration_entity,2.88
eka_44ce6df77f6f,calibration,,spk:12012e73b5,narration_entity,1.74
eka_610f02b92d7c,validation,,spk:4bfe3fd60d,narration_entity,3.54
eka_69d7855f6bb1,calibration,,spk:0ae6a7a872,narration_entity,4.5
eka_d1af57fbb030,calibration,,spk:12012e73b5,narration_entity,2.7
eka_1423a8103321,test,,spk:74fd89f3d1,narration_entity,2.82
eka_37ef66c1f567,calibration,md5_text_crosses_split,spk:12012e73b5,narration_entity,2.34
eka_23df41c214da,calibration,,spk:0ae6a7a872,narration_entity,4.08
eka_988cf20ed27c,calibration,,spk:0ae6a7a872,narration_entity,3.9
eka_00828f76e201,test,,spk:74fd89f3d1,narration_entity,7.98
eka_04be0323fe37,test,,spk:74fd89f3d1,narration_entity,3.12
eka_9ef2df8d351c,validation,md5_text_crosses_split,spk:4bfe3fd60d,narration_entity,3.24025
eka_01410285eafe,validation,,spk:4bfe3fd60d,narration_entity,2.82
eka_591d938571f9,calibration,,spk:0ae6a7a872,narration_entity,3.54
eka_328a5b3b6606,calibration,,spk:a753f76da4,narration_entity,2.153375
eka_1f8bfc75c91f,test,,spk:e0bd894c6e,narration_entity,4.62
eka_215935b8080c,calibration,,spk:12012e73b5,narration_entity,4.2
eka_a3d8a09b600e,validation,md5_text_crosses_split,spk:4bfe3fd60d,narration_entity,3.6
eka_8f4f337b5e59,test,,spk:74fd89f3d1,narration_entity,2.34
eka_a9f5b74a0044,validation,md5_text_crosses_split,spk:4bfe3fd60d,narration_entity,3.9
eka_bc5539ab1583,calibration,,spk:12012e73b5,narration_entity,3.96
eka_63cd5d83fc65,calibration,,spk:0ae6a7a872,narration_entity,4.74
eka_2261c5e04461,calibration,,spk:12012e73b5,narration_entity,2.4
eka_8bde4100e48f,calibration,,spk:0ae6a7a872,narration_entity,6.3
eka_199978d67164,test,,spk:356b8e2cef,narration_entity,3.54
eka_cc12bd125460,validation,md5_text_crosses_split,spk:4bfe3fd60d,narration_entity,4.68
eka_da3d8b5c6f94,validation,,spk:4bfe3fd60d,narration_entity,4.8
eka_8da21083defc,validation,,spk:4bfe3fd60d,narration_entity,3.78
eka_6ec5246c2be4,test,,spk:2e7b0d19e2,narration_entity,4.14
eka_bae662a84eda,test,,spk:2e7b0d19e2,narration_entity,2.88
eka_43c9e340d60a,validation,,spk:4bfe3fd60d,narration_entity,2.64
eka_dd56d6a3bde2,test,,spk:2e7b0d19e2,narration_entity,4.32
eka_0834c7e2e449,validation,,spk:4bfe3fd60d,narration_entity,3.78
eka_f8330e68aa48,calibration,,spk:0ae6a7a872,narration_entity,3.66
eka_2d6ba3519384,test,,spk:2e7b0d19e2,narration_entity,3.54
eka_1252990f0560,test,,spk:2e7b0d19e2,narration_entity,4.32
eka_3c5781a47345,test,,spk:2e7b0d19e2,narration_entity,4.68
eka_61531d50f8b3,calibration,md5_text_crosses_split,spk:12012e73b5,narration_entity,2.1
eka_0ba0cb13c66c,test,,spk:74fd89f3d1,narration_entity,2.64
eka_39322f6e17e0,calibration,md5_text_crosses_split,spk:0ae6a7a872,narration_entity,3.66
eka_1f106b86ba0e,test,,spk:2e7b0d19e2,narration_entity,4.8
eka_503cf84e3c4f,calibration,,spk:0ae6a7a872,narration_entity,4.02
eka_9ad44ad4a0e6,calibration,,spk:0ae6a7a872,narration_entity,6.96
eka_dfd7c424f210,calibration,,spk:12012e73b5,narration_entity,3.48
eka_3693556ea514,calibration,,spk:a753f76da4,narration_entity,4.649375
eka_3d5006cbb8da,test,,spk:74fd89f3d1,narration_entity,3.6
eka_7a9a33a2c542,calibration,,spk:a753f76da4,narration_entity,7.273375
eka_454055d6f4b7,test,,spk:74fd89f3d1,narration_entity,1.86
eka_3f20c9e173d6,calibration,md5_text_crosses_split,spk:0ae6a7a872,narration_entity,4.8
eka_ba2fa1c56d67,test,,spk:2e7b0d19e2,narration_entity,4.86
eka_48e959177a91,test,,spk:74fd89f3d1,narration_entity,3.24025
eka_4c8243247798,test,,spk:356b8e2cef,narration_entity,5.4
eka_ef532b2a27c9,test,,spk:74fd89f3d1,narration_entity,2.04
eka_82209c478942,calibration,,spk:0ae6a7a872,narration_entity,3.6
eka_e1393c915c4d,validation,,spk:4bfe3fd60d,narration_entity,4.08
eka_55a5e5c2fda5,calibration,md5_text_crosses_split,spk:12012e73b5,narration_entity,2.94
eka_5f4c79ce8dad,validation,,spk:4bfe3fd60d,narration_entity,3.36
eka_0124a91bce67,validation,,spk:4bfe3fd60d,narration_entity,4.92
eka_1c77639287a8,validation,md5_text_crosses_split,spk:4bfe3fd60d,narration_entity,3.6
eka_5a812cf0d975,calibration,,spk:0ae6a7a872,narration_entity,4.56
eka_6f786c958d92,test,,spk:74fd89f3d1,narration_entity,2.7
eka_eb74aae7a159,validation,,spk:4bfe3fd60d,narration_entity,6.06
eka_588f56f60f0f,test,,spk:74fd89f3d1,narration_entity,3.42
eka_9b5daa086681,test,,spk:74fd89f3d1,narration_entity,1.92
eka_236bc05cdc37,calibration,,spk:0ae6a7a872,narration_entity,3.48
eka_6d599857c8d0,validation,,spk:4bfe3fd60d,narration_entity,3.54
eka_6de5ac93d386,test,,spk:74fd89f3d1,narration_entity,2.7
eka_81e51afe65f5,test,,spk:356b8e2cef,narration_entity,4.74
eka_cc8cee037ca4,test,,spk:74fd89f3d1,narration_entity,2.7
eka_2d508656b82a,calibration,,spk:12012e73b5,narration_entity,5.88
eka_06e563b54faf,calibration,,spk:12012e73b5,narration_entity,2.58
eka_f6c941a0037d,calibration,md5_text_crosses_split,spk:0ae6a7a872,narration_entity,4.32
eka_127cbe27fa42,calibration,,spk:b732586755,narration_entity,2.04
eka_317b9d56a368,test,,spk:2e7b0d19e2,narration_entity,3.48
eka_8653c013169a,calibration,,spk:a753f76da4,narration_entity,5.3106875
eka_971cd2e8973e,calibration,,spk:b732586755,narration_entity,2.88
eka_ca5ec5e07107,test,,spk:2e7b0d19e2,narration_entity,3.66
eka_c32bb60a583b,calibration,,spk:b732586755,narration_entity,4.02
eka_83c3a8953a47,calibration,,spk:12012e73b5,narration_entity,2.76
eka_f5a3a2012cec,validation,,spk:4bfe3fd60d,narration_entity,8.94
eka_2052bb35fda6,test,,spk:74fd89f3d1,narration_entity,3.48
eka_a27f1fcaf1f1,validation,md5_text_crosses_split,spk:4bfe3fd60d,narration_entity,4.2
eka_893409bb9d0b,calibration,,spk:0ae6a7a872,narration_entity,3.66
eka_dd8f2d24d937,test,,spk:74fd89f3d1,narration_entity,4.26
eka_d47f4ee9e7c3,calibration,,spk:0ae6a7a872,narration_entity,4.2
eka_b3003811abde,calibration,,spk:0ae6a7a872,narration_entity,5.22
eka_889bfbe8126f,calibration,,spk:12012e73b5,narration_entity,4.08
eka_c7b3b58be6b2,calibration,,spk:12012e73b5,narration_entity,2.52
eka_d3f99dd320c6,calibration,,spk:0ae6a7a872,narration_entity,3.18
eka_3974bd8ca092,calibration,,spk:0ae6a7a872,narration_entity,4.44
eka_f1076b4c2d9d,calibration,,spk:0ae6a7a872,narration_entity,8.76
eka_f81637edfa7b,test,,spk:356b8e2cef,narration_entity,2.64
eka_55a6ba424609,calibration,,spk:0ae6a7a872,narration_entity,5.94
eka_b7d5b897705e,validation,,spk:4bfe3fd60d,narration_entity,6.96
eka_2f2038d6aa12,calibration,,spk:eee8df741f,narration_entity,4.86
eka_d04005502355,validation,,spk:4bfe3fd60d,narration_entity,5.16
eka_6515b5722aa5,calibration,,spk:12012e73b5,narration_entity,4.56
eka_58c879e892e4,test,,spk:74fd89f3d1,narration_entity,2.22
eka_052101503976,test,,spk:74fd89f3d1,narration_entity,4.02
eka_8e38f59f4362,test,,spk:74fd89f3d1,narration_entity,2.7
eka_04586ea0f7e7,validation,md5_text_crosses_split,spk:4bfe3fd60d,narration_entity,2.76
eka_d13935c632d2,calibration,,spk:0ae6a7a872,narration_entity,7.86
eka_b4a4ac16fc00,calibration,,spk:0ae6a7a872,narration_entity,3.0
eka_1b53f638240d,calibration,,spk:0ae6a7a872,narration_entity,3.18
eka_2484ef51690a,calibration,md5_text_crosses_split,spk:b732586755,narration_entity,1.32
eka_c8058937f60e,test,,spk:a1f4917765,narration_entity,3.66
eka_2f3e0e91de63,validation,,spk:4bfe3fd60d,narration_entity,4.02
eka_5f470ce7d611,validation,,spk:4bfe3fd60d,narration_entity,6.06
eka_a127d9702365,test,,spk:74fd89f3d1,narration_entity,3.12
eka_72af7d925f82,validation,,spk:4bfe3fd60d,narration_entity,2.22
eka_e715651f5ecd,calibration,md5_text_crosses_split,spk:0ae6a7a872,narration_entity,4.68
eka_e185d61dd09a,test,,spk:74fd89f3d1,narration_entity,4.44
eka_e2665e608722,test,,spk:74fd89f3d1,narration_entity,7.62
eka_30b5f2947ca9,validation,md5_text_crosses_split,spk:4bfe3fd60d,narration_entity,4.02
eka_da4755184e8d,calibration,,spk:12012e73b5,narration_entity,2.7
eka_bcd2f09c6477,test,,spk:74fd89f3d1,narration_entity,3.06
eka_b4c368ce55dc,test,,spk:74fd89f3d1,narration_entity,4.5
eka_a7497254c52b,calibration,,spk:0ae6a7a872,narration_entity,3.12
eka_7d29da9c4c1e,test,,spk:74fd89f3d1,narration_entity,2.64
eka_7d5a7d093d3a,calibration,,spk:0ae6a7a872,narration_entity,3.78
eka_833549150973,validation,,spk:4bfe3fd60d,narration_entity,3.3
eka_8c6741bff828,validation,,spk:4bfe3fd60d,narration_entity,5.1
eka_a25c5eb16e7a,validation,,spk:4bfe3fd60d,narration_entity,4.8
eka_6583320ea3aa,test,,spk:74fd89f3d1,narration_entity,3.54
eka_50ef0f86719e,calibration,,spk:a753f76da4,narration_entity,3.9455625
eka_551626c4d924,test,,spk:356b8e2cef,narration_entity,3.48
eka_0928acd1a553,calibration,,spk:0ae6a7a872,narration_entity,4.62
eka_c2814f09045f,calibration,,spk:0ae6a7a872,narration_entity,5.82
eka_1da743fbe07b,validation,,spk:4bfe3fd60d,narration_entity,6.48
eka_b7165c8387dd,calibration,md5_text_crosses_split,spk:eee8df741f,narration_entity,2.76
eka_f5b2b7f7fbf6,test,,spk:74fd89f3d1,narration_entity,1.68
eka_34a46dcdcdae,test,,spk:2e7b0d19e2,narration_entity,4.5
eka_d60b7346dc78,calibration,,spk:a753f76da4,narration_entity,2.3666875
eka_570c65c598ed,calibration,,spk:12012e73b5,narration_entity,3.3
eka_ebe80b62872c,calibration,md5_text_crosses_split,spk:12012e73b5,narration_entity,2.94
eka_6c3149001f68,validation,,spk:4bfe3fd60d,narration_entity,3.24025
eka_22b1da0c21b3,test,,spk:74fd89f3d1,narration_entity,3.42
eka_65349cbdbafa,calibration,,spk:0ae6a7a872,narration_entity,5.82
eka_16c11acc4953,test,,spk:2e7b0d19e2,narration_entity,3.3
eka_e399e98cf699,test,,spk:2e7b0d19e2,narration_entity,3.66
eka_3d3169370bbc,validation,md5_text_crosses_split,spk:4bfe3fd60d,narration_entity,2.52
eka_18d246673e97,test,,spk:74fd89f3d1,narration_entity,2.94
eka_733152f573f0,test,,spk:a1f4917765,narration_entity,2.88
eka_544533d0bab9,calibration,,spk:12012e73b5,narration_entity,2.16
eka_67b9e81cb96c,calibration,md5_text_crosses_split,spk:12012e73b5,narration_entity,1.74
eka_617dd8e8b668,calibration,,spk:0ae6a7a872,narration_entity,4.62
eka_7390bd3b91af,test,,spk:74fd89f3d1,narration_entity,5.28
eka_830082c8d268,validation,,spk:4bfe3fd60d,narration_entity,5.34
eka_c577d4c633bd,calibration,,spk:12012e73b5,narration_entity,2.82
eka_8ef430b69de0,calibration,,spk:b732586755,narration_entity,3.0
eka_2797e13bb72c,test,,spk:74fd89f3d1,narration_entity,2.64
eka_0cbe81fdfb8d,calibration,,spk:b732586755,narration_entity,4.56
eka_70aa73ad3b83,calibration,,spk:12012e73b5,narration_entity,4.62
eka_fea7f21b4eb7,test,,spk:74fd89f3d1,narration_entity,1.74
eka_d515be2f1ad2,test,,spk:2e7b0d19e2,narration_entity,2.82
eka_a1a92de2fa1a,calibration,,spk:0ae6a7a872,narration_entity,6.0
eka_72cca0be2c61,validation,,spk:4bfe3fd60d,narration_entity,4.26
eka_9f30aad8ff2a,test,,spk:74fd89f3d1,narration_entity,3.42
eka_6ccb8bd2d1ba,validation,,spk:4bfe3fd60d,narration_entity,2.76
eka_ec40a3c55098,calibration,,spk:0ae6a7a872,narration_entity,8.28
eka_f0ec686bc82e,calibration,,spk:a753f76da4,narration_entity,4.5
eka_56c09a058cd3,validation,,spk:4bfe3fd60d,narration_entity,3.42
eka_9cc8d1a545da,calibration,,spk:12012e73b5,narration_entity,2.88
eka_f4c1c9b56e73,validation,,spk:4bfe3fd60d,narration_entity,3.24025
eka_e1d34e1ef2a5,calibration,,spk:12012e73b5,narration_entity,3.48
eka_604b2ff77011,calibration,,spk:0ae6a7a872,narration_entity,4.56
eka_052ba5ca5b0a,validation,,spk:4bfe3fd60d,narration_entity,4.38
eka_9c5ee7a62f29,calibration,,spk:12012e73b5,narration_entity,3.0
eka_aa5c9212133a,validation,,spk:4bfe3fd60d,narration_entity,3.84
eka_21f45f6e41c1,calibration,,spk:0ae6a7a872,narration_entity,3.66
eka_4da58fbe075c,validation,,spk:4bfe3fd60d,narration_entity,3.6
eka_394188c5ff87,calibration,,spk:b732586755,narration_entity,4.08
eka_a44235b380dc,test,,spk:74fd89f3d1,narration_entity,3.12
eka_961cb79443f4,test,,spk:74fd89f3d1,narration_entity,19.62
eka_f0085ebe6039,validation,,spk:4bfe3fd60d,narration_entity,4.62
eka_a05c5cefc14b,calibration,,spk:0ae6a7a872,narration_entity,3.72
eka_a9815ce8a1dc,validation,,spk:4bfe3fd60d,narration_entity,3.36
eka_6d19df89e92f,calibration,,spk:77c799e427,narration_entity,2.28
eka_3beb1e645fdc,test,,spk:74fd89f3d1,narration_entity,3.36
eka_1523cc6a9615,validation,,spk:4bfe3fd60d,narration_entity,3.6
eka_17faca064f82,validation,,spk:4bfe3fd60d,narration_entity,2.7
eka_bb0537ed69b3,validation,,spk:4bfe3fd60d,narration_entity,3.84
eka_953661542e55,calibration,,spk:12012e73b5,narration_entity,2.22
eka_d044e85e192f,test,,spk:74fd89f3d1,narration_entity,4.56
eka_de73c4dc6255,test,,spk:2e7b0d19e2,narration_entity,3.84
eka_f58b21788b14,calibration,,spk:0ae6a7a872,narration_entity,3.3
eka_10d5860cee16,validation,,spk:4bfe3fd60d,narration_entity,2.88
eka_44290478e110,test,,spk:74fd89f3d1,narration_entity,2.82
eka_4c0944b368c2,test,,spk:74fd89f3d1,narration_entity,3.24025
eka_68034257ddb3,calibration,,spk:12012e73b5,narration_entity,3.54
eka_c34f790c1347,test,,spk:74fd89f3d1,narration_entity,4.38
eka_29d897172c25,calibration,,spk:0ae6a7a872,narration_entity,9.12
eka_626132d88aa8,test,,spk:74fd89f3d1,narration_entity,3.96
eka_1d9fcdd4397f,calibration,,spk:0ae6a7a872,narration_entity,4.86
eka_6388745a6bf7,calibration,,spk:b732586755,narration_entity,4.02
eka_8eb0723289bb,validation,,spk:4bfe3fd60d,narration_entity,3.72
eka_df6d35c056ec,validation,,spk:4bfe3fd60d,narration_entity,3.06
eka_adcb76840aaf,calibration,,spk:1acec93a9c,narration_entity,4.74
eka_90f41f1dfa2e,validation,,spk:4bfe3fd60d,narration_entity,5.34
eka_3777b2cad92c,calibration,,spk:12012e73b5,narration_entity,4.2
eka_01fb2053c1ac,validation,,spk:4bfe3fd60d,narration_entity,3.72
eka_59036b72d613,calibration,,spk:0ae6a7a872,narration_entity,4.92
eka_9ad56152542b,calibration,,spk:0ae6a7a872,narration_entity,3.84
eka_bf97c82cd53d,validation,,spk:4bfe3fd60d,narration_entity,3.42
eka_9f7ce062a712,calibration,,spk:0ae6a7a872,narration_entity,7.08025
eka_4154333afaa1,calibration,,spk:a753f76da4,narration_entity,2.26
eka_0d14cddc48f4,calibration,,spk:0ae6a7a872,narration_entity,4.86
eka_de6fc2285875,test,,spk:2e7b0d19e2,narration_entity,3.3
eka_f2b56279ed4f,calibration,,spk:0ae6a7a872,narration_entity,3.66
eka_1893a294b5a7,calibration,,spk:0ae6a7a872,narration_entity,4.5
eka_8ded01ad042f,calibration,,spk:0ae6a7a872,narration_entity,6.12
eka_1f16b8c74a30,calibration,,spk:1acec93a9c,narration_entity,3.24025
eka_95de8cdff600,calibration,,spk:b732586755,narration_entity,2.46
eka_53f81f0585e8,validation,,spk:4bfe3fd60d,narration_entity,3.9
eka_d9dc8645271d,calibration,,spk:12012e73b5,narration_entity,2.4
eka_1e3a0fd75eba,calibration,,spk:0ae6a7a872,narration_entity,3.9
eka_6ecc4d256270,test,,spk:74fd89f3d1,narration_entity,10.14
eka_fafdb3c8f003,test,,spk:356b8e2cef,narration_entity,2.82
eka_394b426d845a,calibration,,spk:12012e73b5,narration_entity,2.28
eka_5180a2fda55a,validation,,spk:4bfe3fd60d,narration_entity,2.88
eka_63e5ab464e83,validation,,spk:4bfe3fd60d,narration_entity,3.48
eka_35a36decce17,calibration,,spk:12012e73b5,narration_entity,2.82
eka_56302f5be37f,calibration,,spk:0ae6a7a872,narration_entity,3.48
eka_b5ce221d4a8e,validation,,spk:4bfe3fd60d,narration_entity,3.6
eka_5d411732c971,calibration,,spk:b732586755,narration_entity,2.7
eka_dfeae8d09aac,calibration,,spk:0ae6a7a872,narration_entity,3.42
eka_1db0b40c6169,calibration,,spk:0ae6a7a872,narration_entity,5.34
eka_b60c6da1d538,validation,md5_text_crosses_split,spk:4bfe3fd60d,narration_entity,3.42
eka_de908e903c5f,test,,spk:74fd89f3d1,narration_entity,2.52
eka_3a1aca74d5ec,validation,md5_text_crosses_split,spk:4bfe3fd60d,narration_entity,2.88
eka_059bfc234e90,calibration,,spk:0ae6a7a872,narration_entity,5.4
eka_135f0610ebdf,test,,spk:74fd89f3d1,narration_entity,3.42
eka_534b3a5d19b1,test,,spk:e0bd894c6e,narration_entity,3.48
eka_ce3ecb0c77d9,test,,spk:2e7b0d19e2,narration_entity,4.32
eka_0aaac42303c8,calibration,,spk:0ae6a7a872,narration_entity,5.34
eka_2fed888d8446,calibration,,spk:12012e73b5,narration_entity,3.24025
eka_d895da5faaaf,validation,md5_text_crosses_split,spk:4bfe3fd60d,narration_entity,3.3
eka_d75f7dfbc38f,calibration,,spk:0ae6a7a872,narration_entity,3.06
eka_752a0fed5c98,test,,spk:a1f4917765,narration_entity,4.08
eka_ac91386653c5,calibration,,spk:0ae6a7a872,narration_entity,4.62
eka_56883083d2c7,calibration,,spk:0ae6a7a872,narration_entity,5.7
eka_a829c4a84ce0,test,,spk:74fd89f3d1,narration_entity,1.98
eka_c85e7f2384d2,calibration,,spk:12012e73b5,narration_entity,4.26
eka_6d97ce68eb49,test,,spk:74fd89f3d1,narration_entity,2.28
eka_d5dccaf71797,test,,spk:356b8e2cef,narration_entity,2.46
eka_5ad936c05240,calibration,,spk:b732586755,narration_entity,2.88
eka_c551655d5f0f,calibration,,spk:0ae6a7a872,narration_entity,5.52
eka_adb182713f3a,calibration,,spk:0ae6a7a872,narration_entity,5.88
eka_e44781746c95,test,,spk:74fd89f3d1,narration_entity,2.28
eka_eb80755c2ac2,validation,md5_text_crosses_split,spk:4bfe3fd60d,narration_entity,6.06
eka_22febe2fe16d,test,,spk:2e7b0d19e2,narration_entity,6.48
eka_5db2a586cdfb,calibration,,spk:0ae6a7a872,narration_entity,5.82
eka_71ec3cdaabb3,validation,,spk:4bfe3fd60d,narration_entity,2.64
eka_8dcf1a94e546,test,,spk:2e7b0d19e2,narration_entity,3.48
eka_c4501da07342,validation,,spk:4bfe3fd60d,narration_entity,3.72
eka_9e6c1c7a70f4,test,,spk:2e7b0d19e2,narration_entity,4.38
eka_ae0fff13f067,test,,spk:74fd89f3d1,narration_entity,3.6
eka_d186f71322f0,calibration,,spk:0ae6a7a872,narration_entity,7.14
eka_cd622907f837,calibration,,spk:0ae6a7a872,narration_entity,4.38
eka_b92ee50bcaaf,calibration,,spk:0ae6a7a872,narration_entity,5.58
eka_39d59f2058b8,calibration,,spk:0ae6a7a872,narration_entity,3.42
eka_153518cc94f0,calibration,,spk:0ae6a7a872,narration_entity,6.24
eka_054f0c3338e7,validation,,spk:4bfe3fd60d,narration_entity,3.42
eka_7f5d63311005,test,,spk:74fd89f3d1,narration_entity,3.48
eka_99a730288c81,validation,,spk:4bfe3fd60d,narration_entity,4.2
eka_3430010d2c96,calibration,,spk:12012e73b5,narration_entity,2.94
eka_817f78831187,calibration,md5_text_crosses_split,spk:a753f76da4,narration_entity,4.244
eka_04bd04a6a258,validation,,spk:4bfe3fd60d,narration_entity,4.14
eka_3282994f212b,test,,spk:2e7b0d19e2,narration_entity,3.24025
eka_41d3a6d21efe,calibration,md5_text_crosses_split,spk:0ae6a7a872,narration_entity,2.94
eka_55dd24b84382,calibration,,spk:b732586755,narration_entity,4.26
eka_4115e66e2799,validation,,spk:4bfe3fd60d,narration_entity,3.3
eka_c00a82fa0baa,test,,spk:74fd89f3d1,narration_entity,2.28
eka_a76056769101,test,,spk:356b8e2cef,narration_entity,2.28
eka_11a967ad37fa,calibration,,spk:0ae6a7a872,narration_entity,4.92
eka_64223b720553,test,,spk:74fd89f3d1,narration_entity,3.48
eka_0628eec62156,calibration,,spk:0ae6a7a872,narration_entity,5.1
eka_814c9003af2e,calibration,,spk:0ae6a7a872,narration_entity,6.84
eka_7572025b60f1,calibration,,spk:1acec93a9c,narration_entity,3.42
eka_bcf9172a3886,calibration,,spk:0ae6a7a872,narration_entity,5.64
eka_7f778fa8e1ff,validation,,spk:4bfe3fd60d,narration_entity,4.02
eka_05a7b78926c7,validation,,spk:4bfe3fd60d,narration_entity,4.2
eka_aca49d1f1f45,test,,spk:2e7b0d19e2,narration_entity,4.32
eka_e6ba2340357c,validation,,spk:4bfe3fd60d,narration_entity,3.06
eka_1ae58d3b1ec2,calibration,,spk:0ae6a7a872,narration_entity,6.42
eka_5b034abb33ee,calibration,,spk:0ae6a7a872,narration_entity,4.8
eka_80f64f7b984a,test,,spk:74fd89f3d1,narration_entity,2.04
eka_ef862f5946f0,calibration,,spk:12012e73b5,narration_entity,3.66
eka_8d78eb3765d5,test,,spk:74fd89f3d1,narration_entity,2.4
eka_939eb440f963,calibration,md5_text_crosses_split,spk:a753f76da4,narration_entity,3.113375
eka_2c154ae06947,test,,spk:2e7b0d19e2,narration_entity,3.72
eka_c27a6b6ba1d4,validation,,spk:4bfe3fd60d,narration_entity,7.38
eka_cdc533173c81,calibration,,spk:eee8df741f,narration_entity,5.28
eka_7227076c5e70,validation,,spk:4bfe3fd60d,narration_entity,4.32
eka_8e6fafb45af6,calibration,,spk:12012e73b5,narration_entity,3.84
eka_283904eb5005,validation,,spk:4bfe3fd60d,narration_entity,3.06
eka_991cc302d3d2,validation,,spk:4bfe3fd60d,narration_entity,4.8
eka_d3ae8f637cb4,test,,spk:2e7b0d19e2,narration_entity,6.0
eka_4adc0a7a174c,validation,,spk:4bfe3fd60d,narration_entity,3.9
eka_52e9159ed8a0,calibration,,spk:0ae6a7a872,narration_entity,10.2
eka_3054674c4010,calibration,,spk:12012e73b5,narration_entity,5.22
eka_f5ce1566cf35,test,,spk:2e7b0d19e2,narration_entity,4.02
eka_f232ef75a0aa,calibration,,spk:0ae6a7a872,narration_entity,3.24025
eka_c43a1d057a1e,calibration,,spk:0ae6a7a872,narration_entity,3.54
eka_daca6afbad34,test,,spk:74fd89f3d1,narration_entity,3.72
eka_d1d8dc0706db,calibration,,spk:0ae6a7a872,narration_entity,4.5
eka_53eeb61afee5,validation,,spk:4bfe3fd60d,narration_entity,3.72
eka_193ebcbb3477,calibration,,spk:0ae6a7a872,narration_entity,3.6
eka_e7e81447ef72,calibration,,spk:f266e35da8,narration_entity,17.34
eka_ceaa2518f9b1,calibration,,spk:0ae6a7a872,narration_entity,4.38
eka_a2d582b4b32b,calibration,,spk:0ae6a7a872,narration_entity,3.6
eka_9910f53d48c6,test,,spk:74fd89f3d1,narration_entity,3.24025
eka_7ed957549194,calibration,,spk:12012e73b5,narration_entity,2.46
eka_9d9d2e3fa835,calibration,,spk:12012e73b5,narration_entity,3.66
eka_78c668560f5c,test,,spk:74fd89f3d1,narration_entity,5.52
eka_8c1e16309420,calibration,,spk:1acec93a9c,narration_entity,2.7
eka_4c7384297c5d,calibration,,spk:0ae6a7a872,narration_entity,4.56
eka_63552cdbc8c5,calibration,,spk:0ae6a7a872,narration_entity,3.78
eka_453f96200bd6,test,,spk:74fd89f3d1,narration_entity,3.36
eka_7c9e3c2436d5,test,,spk:74fd89f3d1,narration_entity,2.88
eka_da4a3c60ced1,calibration,,spk:12012e73b5,narration_entity,2.76
eka_2364d7f98be8,calibration,,spk:0ae6a7a872,narration_entity,4.92
eka_8fc9acd20317,validation,md5_text_crosses_split,spk:4bfe3fd60d,narration_entity,4.44
eka_09e723b3c644,calibration,,spk:a753f76da4,narration_entity,4.521375
eka_717217e63662,calibration,,spk:0ae6a7a872,narration_entity,4.08
eka_517f3ae09f2a,test,,spk:74fd89f3d1,narration_entity,4.14
eka_cd3a4bb487e5,test,,spk:2e7b0d19e2,narration_entity,3.24025
eka_25fc70d8c075,test,,spk:74fd89f3d1,narration_entity,5.82
eka_355dc89c79c8,test,,spk:74fd89f3d1,narration_entity,8.88
eka_9feef33fc52f,calibration,,spk:b732586755,narration_entity,4.8
eka_7b8bda82f746,calibration,,spk:12012e73b5,narration_entity,2.4
eka_be09ef5d4170,validation,,spk:4bfe3fd60d,narration_entity,3.9
eka_d24bdac5b0ff,test,,spk:2e7b0d19e2,narration_entity,4.38
eka_5d9e999bbaf6,calibration,,spk:0ae6a7a872,narration_entity,3.48
eka_e7126e807b6c,test,,spk:74fd89f3d1,narration_entity,2.76
eka_efdd9d4a8737,calibration,,spk:0ae6a7a872,narration_entity,3.3
eka_33f301a36df0,validation,,spk:4bfe3fd60d,narration_entity,3.84
eka_fcae21dc37c9,validation,,spk:4bfe3fd60d,narration_entity,4.56
eka_eeac45341461,test,,spk:74fd89f3d1,narration_entity,2.28
eka_c2ef692b0106,test,,spk:74fd89f3d1,narration_entity,3.48
eka_56f73eee6078,test,,spk:a1f4917765,narration_entity,10.92025
eka_9d043f771f1b,validation,,spk:4bfe3fd60d,narration_entity,6.12
eka_dfc244b35f00,calibration,,spk:b732586755,narration_entity,2.4
eka_3c575db0dc28,validation,,spk:4bfe3fd60d,narration_entity,2.94
eka_d6b4f5917b98,validation,,spk:4bfe3fd60d,narration_entity,5.34
eka_346a02c17cd4,calibration,,spk:0ae6a7a872,narration_entity,4.8
eka_333cffbf5c61,calibration,,spk:12012e73b5,narration_entity,4.2
eka_fae7c8cb1ff5,test,,spk:74fd89f3d1,narration_entity,2.58
eka_e12ecbd0ec5c,test,,spk:356b8e2cef,narration_entity,4.44
eka_f9d48555b444,calibration,,spk:0ae6a7a872,narration_entity,4.98
eka_18f0b7cdcbd8,calibration,,spk:12012e73b5,narration_entity,2.4
eka_94cc8439848d,test,,spk:356b8e2cef,narration_entity,2.58
eka_3f9fedc7546e,calibration,,spk:0ae6a7a872,narration_entity,6.54
eka_81f8f4749be0,validation,md5_text_crosses_split,spk:4bfe3fd60d,narration_entity,3.18
eka_63ea7a272447,validation,,spk:4bfe3fd60d,narration_entity,4.98
eka_41656ed92f0c,validation,,spk:4bfe3fd60d,narration_entity,3.12
eka_9fae8c3e2a65,calibration,md5_text_crosses_split,spk:77c799e427,narration_entity,3.36
eka_d812ad7e3073,test,,spk:356b8e2cef,narration_entity,2.46
eka_7629a61571ba,test,,spk:2e7b0d19e2,narration_entity,4.68
eka_fa91f7a9161b,calibration,,spk:0ae6a7a872,narration_entity,4.14
eka_152085ed0277,calibration,,spk:a753f76da4,narration_entity,3.8386875
eka_2789759a62e8,test,,spk:74fd89f3d1,narration_entity,3.66
eka_482c6e15934f,validation,,spk:4bfe3fd60d,narration_entity,3.54
eka_d082619bc129,test,,spk:74fd89f3d1,narration_entity,2.46
eka_c75dcc8f6f1b,validation,,spk:4bfe3fd60d,narration_entity,2.82
eka_779f03738906,calibration,,spk:12012e73b5,narration_entity,3.0
eka_4392b6794dfa,calibration,,spk:12012e73b5,narration_entity,1.92
eka_2f2852061a5d,calibration,md5_text_crosses_split,spk:0ae6a7a872,narration_entity,5.28
eka_1800f2b8752c,validation,,spk:4bfe3fd60d,narration_entity,4.86
eka_d9af5467da4d,calibration,,spk:a753f76da4,narration_entity,5.8866875
eka_3e11e0826bed,calibration,,spk:0ae6a7a872,narration_entity,3.84
eka_78d60f837880,calibration,,spk:12012e73b5,narration_entity,2.28
eka_b8498d239e1f,calibration,md5_text_crosses_split,spk:12012e73b5,narration_entity,3.54
eka_6008becdf08b,test,,spk:74fd89f3d1,narration_entity,2.82
eka_cc56f8a21d21,test,,spk:356b8e2cef,narration_entity,3.06
eka_d3843d651190,test,,spk:74fd89f3d1,narration_entity,4.32
eka_c0e0a882a0e2,test,,spk:2e7b0d19e2,narration_entity,4.92
eka_93c7854ea379,test,,spk:74fd89f3d1,narration_entity,3.84
eka_15d0649fbe1d,test,,spk:74fd89f3d1,narration_entity,4.92
eka_cbbfa9e8cee9,calibration,,spk:12012e73b5,narration_entity,2.94
eka_7c107d5baf7f,calibration,md5_text_crosses_split,spk:0ae6a7a872,narration_entity,4.2
eka_06358b2da90e,test,,spk:2e7b0d19e2,narration_entity,4.56
eka_e3bbc8fc4bd5,calibration,,spk:0ae6a7a872,narration_entity,3.84
eka_2758ea493f75,calibration,,spk:0ae6a7a872,narration_entity,6.96
eka_5a69592c603f,calibration,,spk:0ae6a7a872,narration_entity,5.52
eka_ec3836a6587e,test,,spk:74fd89f3d1,narration_entity,3.66
eka_ade5bb6548fb,calibration,,spk:12012e73b5,narration_entity,4.98
eka_704b19b40f89,calibration,,spk:12012e73b5,narration_entity,2.94
eka_1443e975d73b,calibration,,spk:12012e73b5,narration_entity,3.06
eka_763e4e9de4d4,calibration,,spk:12012e73b5,narration_entity,2.64
eka_341829c722ef,calibration,,spk:12012e73b5,narration_entity,3.24025
eka_f05673c796d5,validation,,spk:4bfe3fd60d,narration_entity,4.5
eka_9274969ca913,calibration,,spk:0ae6a7a872,narration_entity,2.22
eka_cfefb92c147a,test,,spk:74fd89f3d1,narration_entity,3.06
eka_79adac257392,validation,,spk:4bfe3fd60d,narration_entity,3.48
eka_d8c16937c397,calibration,,spk:a753f76da4,narration_entity,2.4306875
eka_0ef6e026b51a,test,,spk:a1f4917765,narration_entity,3.96
eka_ba9cdd64bd97,calibration,,spk:0ae6a7a872,narration_entity,3.24025
eka_72a457852c54,calibration,,spk:0ae6a7a872,narration_entity,3.84
eka_306443254258,test,,spk:74fd89f3d1,narration_entity,2.28
eka_e8d5e9afc10a,calibration,,spk:12012e73b5,narration_entity,2.1
eka_77dd7e1dec5e,calibration,,spk:b732586755,narration_entity,2.28
eka_103afdbd424e,validation,,spk:4bfe3fd60d,narration_entity,3.72
eka_a3976b4c304a,test,,spk:74fd89f3d1,narration_entity,2.34
eka_65288a68f07f,test,,spk:74fd89f3d1,narration_entity,4.32
eka_6a1574bf9c70,calibration,,spk:12012e73b5,narration_entity,2.94
eka_1ccfcd990e03,calibration,,spk:0ae6a7a872,narration_entity,3.9
eka_d6103c221280,calibration,,spk:12012e73b5,narration_entity,2.52
eka_c27d1f1a2a97,validation,,spk:4bfe3fd60d,narration_entity,4.02
eka_519d43210922,calibration,,spk:0ae6a7a872,narration_entity,6.78
eka_0cc313fba875,validation,,spk:4bfe3fd60d,narration_entity,3.54
eka_9bb21dbe5de9,calibration,,spk:12012e73b5,narration_entity,3.9
eka_fa00d5951134,test,,spk:74fd89f3d1,narration_entity,2.16
eka_57f524ffcb5f,calibration,,spk:0ae6a7a872,narration_entity,4.38
eka_b6398d7c9a26,calibration,,spk:12012e73b5,narration_entity,3.6
eka_5e03087d5be3,validation,,spk:4bfe3fd60d,narration_entity,4.26
eka_41b8946c509f,calibration,,spk:0ae6a7a872,narration_entity,3.6
eka_e11c66842aec,calibration,,spk:0ae6a7a872,narration_entity,6.6
eka_df7bf3b597cb,test,,spk:2e7b0d19e2,narration_entity,3.9
eka_258b9d3b19cd,calibration,,spk:12012e73b5,narration_entity,7.44
eka_8656cf362571,validation,,spk:4bfe3fd60d,narration_entity,3.9
eka_83d0014dcb37,calibration,md5_text_crosses_split,spk:0ae6a7a872,narration_entity,3.36
eka_6857912d2166,test,,spk:356b8e2cef,narration_entity,3.54
eka_29248d09a03e,validation,,spk:4bfe3fd60d,narration_entity,2.52
eka_635c69e1f4d2,test,,spk:2e7b0d19e2,narration_entity,4.38
eka_48c1ebddcb74,test,,spk:74fd89f3d1,narration_entity,2.4
eka_7ba62e45c592,calibration,,spk:0ae6a7a872,narration_entity,3.0
eka_20b0d8dcc609,calibration,,spk:12012e73b5,narration_entity,2.1
eka_2c97fc34f72e,test,,spk:356b8e2cef,narration_entity,2.64
eka_952bb42f3120,test,,spk:74fd89f3d1,narration_entity,4.26
eka_215071a45046,calibration,,spk:12012e73b5,narration_entity,3.06
eka_484ba2469d17,calibration,,spk:0ae6a7a872,narration_entity,10.44
eka_537484ae1cc6,calibration,,spk:12012e73b5,narration_entity,3.36
eka_e442b1c5d6c7,validation,,spk:4bfe3fd60d,narration_entity,3.6
eka_998006c45b7a,calibration,,spk:12012e73b5,narration_entity,3.12
eka_9422f2750abb,test,,spk:356b8e2cef,narration_entity,3.96
eka_19cbea93efba,calibration,,spk:0ae6a7a872,narration_entity,4.2
eka_12bf65f6e76e,test,,spk:74fd89f3d1,narration_entity,2.28
eka_553892d3167b,test,,spk:74fd89f3d1,narration_entity,2.64
eka_1cf59850f363,calibration,,spk:0ae6a7a872,narration_entity,5.88
eka_5cc43730169b,test,,spk:74fd89f3d1,narration_entity,2.58
eka_a39d0292a116,calibration,md5_text_crosses_split,spk:a753f76da4,narration_entity,2.857375
eka_5565cdf2aeeb,test,,spk:74fd89f3d1,narration_entity,2.82
eka_6996ccc4f2f5,calibration,,spk:0ae6a7a872,narration_entity,4.14
eka_f74c4585f2ea,test,,spk:74fd89f3d1,narration_entity,3.24025
eka_a5256b41f3cd,test,,spk:2e7b0d19e2,narration_entity,3.54
eka_b8a93faf02cf,validation,,spk:4bfe3fd60d,narration_entity,4.5
eka_409aaec35c4f,test,,spk:74fd89f3d1,narration_entity,3.3
eka_b90678892f10,validation,,spk:4bfe3fd60d,narration_entity,3.78
eka_918cc0d839f1,calibration,,spk:0ae6a7a872,narration_entity,4.86
eka_d305f589d0f6,calibration,,spk:b732586755,narration_entity,2.88
eka_e7b49662623c,calibration,,spk:b732586755,narration_entity,2.34
eka_ad0ebae68eb4,calibration,,spk:0ae6a7a872,narration_entity,4.5
eka_35e65e0bfd3a,validation,,spk:4bfe3fd60d,narration_entity,3.78
eka_ac71933c9d52,calibration,,spk:0ae6a7a872,narration_entity,4.38
eka_ad683c5a66d0,calibration,md5_text_crosses_split,spk:0ae6a7a872,narration_entity,4.98
eka_0b1524777d1c,test,,spk:e0bd894c6e,narration_entity,13.98
eka_13e6c140d29a,calibration,,spk:0ae6a7a872,narration_entity,3.6
eka_6da03dbecc54,calibration,,spk:12012e73b5,narration_entity,3.0
eka_d0708e96bc5c,test,,spk:74fd89f3d1,narration_entity,3.9
eka_672a70607685,test,,spk:74fd89f3d1,narration_entity,2.64
eka_fefd6754ea17,calibration,,spk:0ae6a7a872,narration_entity,5.4606875
eka_62e75a820527,test,,spk:2e7b0d19e2,narration_entity,3.66
eka_41e0afb87396,calibration,,spk:a753f76da4,narration_entity,4.265375
eka_2f71f43056ab,calibration,,spk:f266e35da8,narration_entity,3.78
eka_7de534d2e32f,test,,spk:356b8e2cef,narration_entity,3.42
eka_f47fc2e8b3cf,test,,spk:2e7b0d19e2,narration_entity,2.64
eka_b03402d169fc,validation,,spk:4bfe3fd60d,narration_entity,2.94
eka_2994005f5c37,validation,,spk:4bfe3fd60d,narration_entity,3.66
eka_98ddfb912d04,test,,spk:74fd89f3d1,narration_entity,6.6
eka_74da1f979ed1,calibration,,spk:a753f76da4,narration_entity,3.988
eka_feccb56523e6,calibration,,spk:a753f76da4,narration_entity,3.028
eka_ff6a2c6a000e,validation,,spk:4bfe3fd60d,narration_entity,8.28
eka_907579f75bdf,calibration,,spk:0ae6a7a872,narration_entity,3.84
eka_3f1c927ad381,validation,,spk:4bfe3fd60d,narration_entity,2.88
eka_2b467bfdca06,test,,spk:356b8e2cef,narration_entity,2.52
eka_f36e1e01cf39,calibration,,spk:12012e73b5,narration_entity,1.92
eka_fdf659a328b8,calibration,,spk:12012e73b5,narration_entity,3.3
eka_787a4284aa31,calibration,,spk:0ae6a7a872,narration_entity,9.36
eka_c63f5ba4676a,test,,spk:74fd89f3d1,narration_entity,2.76
eka_54d07e1be48a,calibration,,spk:0ae6a7a872,narration_entity,4.5
eka_b08a01275464,validation,,spk:4bfe3fd60d,narration_entity,2.88
eka_806bfc28d3d3,calibration,,spk:0ae6a7a872,narration_entity,5.22
eka_fb6b9cf09224,calibration,,spk:12012e73b5,narration_entity,3.42
eka_68141bf3deb5,calibration,,spk:0ae6a7a872,narration_entity,4.56
eka_e9148479fc9c,calibration,,spk:12012e73b5,narration_entity,3.24025
eka_912b41e467dc,calibration,,spk:0ae6a7a872,narration_entity,4.32
eka_9bdb02b19f1d,calibration,,spk:b732586755,narration_entity,1.8
eka_b36cf47cc6bc,calibration,md5_text_crosses_split,spk:0ae6a7a872,narration_entity,3.54
eka_1d6e0454815b,calibration,,spk:0ae6a7a872,narration_entity,9.6
eka_d864b07e3291,calibration,,spk:12012e73b5,narration_entity,9.3006875
eka_6b2c01c498b8,validation,,spk:4bfe3fd60d,narration_entity,3.9
eka_df36b3e5c4ec,calibration,,spk:12012e73b5,narration_entity,2.22
eka_5ddcf63fa89f,calibration,,spk:12012e73b5,narration_entity,2.04
eka_c4fe26e32a21,test,,spk:2e7b0d19e2,narration_entity,4.62
eka_483836e8513d,calibration,,spk:a753f76da4,narration_entity,2.6655625
eka_c3fe3aed9523,validation,,spk:4bfe3fd60d,narration_entity,3.96
eka_446f37a15be5,validation,,spk:4bfe3fd60d,narration_entity,4.14
eka_100d23e0f7e6,calibration,,spk:0ae6a7a872,narration_entity,3.6
eka_9a2449477ac0,calibration,,spk:0ae6a7a872,narration_entity,4.62
eka_a0746ca25102,calibration,,spk:0ae6a7a872,narration_entity,3.36
eka_a0b177d550dd,calibration,,spk:0ae6a7a872,narration_entity,5.76
eka_22fa24374c95,test,,spk:74fd89f3d1,narration_entity,1.86
eka_8e82ee801f6f,calibration,,spk:12012e73b5,narration_entity,2.76
eka_11281a98161a,validation,,spk:4bfe3fd60d,narration_entity,2.94
eka_d230347ae726,calibration,md5_text_crosses_split,spk:0ae6a7a872,narration_entity,4.44
eka_0bf7f48a32cc,validation,,spk:4bfe3fd60d,narration_entity,3.24025
eka_bbc580411eae,test,,spk:74fd89f3d1,narration_entity,2.46
eka_c31bdf882b7b,validation,,spk:4bfe3fd60d,narration_entity,2.94
eka_44b99248adff,validation,md5_text_crosses_split,spk:4bfe3fd60d,narration_entity,3.66
eka_f429fa3c8a48,calibration,,spk:12012e73b5,narration_entity,3.0
eka_f5829bcae938,test,,spk:74fd89f3d1,narration_entity,6.12
eka_64b71ba2b16b,test,,spk:356b8e2cef,narration_entity,2.28
eka_aef587ee7d2c,calibration,,spk:0ae6a7a872,narration_entity,7.92
eka_3e94e9fa8b67,calibration,,spk:b732586755,narration_entity,1.5
eka_57f9b4582d59,test,,spk:74fd89f3d1,narration_entity,2.88
eka_3ce001b3d2a4,validation,md5_text_crosses_split,spk:4bfe3fd60d,narration_entity,9.84
eka_12fc79697a6a,calibration,,spk:12012e73b5,narration_entity,2.34
eka_974d0b257e96,test,,spk:74fd89f3d1,narration_entity,3.3
eka_e5ff51be79a3,calibration,,spk:0ae6a7a872,narration_entity,7.02
eka_50741fa1f4c1,calibration,,spk:b732586755,narration_entity,4.2
eka_3223f6c43ef1,test,,spk:74fd89f3d1,narration_entity,4.26
eka_cf5a3c80bce7,calibration,,spk:0ae6a7a872,narration_entity,4.44
eka_ee3dce7c129e,calibration,md5_text_crosses_split,spk:12012e73b5,narration_entity,2.88
eka_0cb3600f89af,calibration,,spk:0ae6a7a872,narration_entity,4.38
eka_42f4de92e125,validation,md5_text_crosses_split,spk:4bfe3fd60d,narration_entity,4.62
eka_4a93aed02266,test,,spk:74fd89f3d1,narration_entity,2.52
eka_ec3d944cd7d5,test,,spk:356b8e2cef,narration_entity,2.28
eka_5feea0997d0f,calibration,,spk:0ae6a7a872,narration_entity,4.14
eka_a90f823255b4,validation,,spk:4bfe3fd60d,narration_entity,3.84
eka_21cde672e8f8,test,,spk:2e7b0d19e2,narration_entity,4.86
eka_f24878ac5332,calibration,,spk:b732586755,narration_entity,2.04
eka_9f8520073ed0,calibration,,spk:b732586755,narration_entity,2.7
eka_d2761addd481,validation,,spk:4bfe3fd60d,narration_entity,3.3
eka_259240aca98b,test,,spk:2e7b0d19e2,narration_entity,5.4
eka_dbf104d49208,test,,spk:74fd89f3d1,narration_entity,2.58
eka_fdff561d90c3,test,,spk:74fd89f3d1,narration_entity,3.36
eka_6888e743596a,validation,,spk:4bfe3fd60d,narration_entity,2.82
eka_cae6168bc929,calibration,,spk:12012e73b5,narration_entity,5.52
eka_7475b762ff4f,calibration,,spk:0ae6a7a872,narration_entity,4.32
eka_85384552029e,calibration,,spk:0ae6a7a872,narration_entity,3.54
eka_47e5c6c11c56,calibration,,spk:0ae6a7a872,narration_entity,3.36
eka_b70d5572f0a1,validation,,spk:4bfe3fd60d,narration_entity,4.2
eka_69f5182d7fd4,calibration,,spk:a753f76da4,narration_entity,4.457375
eka_25f5b2a61209,validation,,spk:4bfe3fd60d,narration_entity,3.18
eka_2e6c68bb471e,calibration,,spk:12012e73b5,narration_entity,2.52
eka_983d9c9fdb1c,calibration,,spk:0ae6a7a872,narration_entity,3.84
eka_51c9ebf16a61,validation,,spk:4bfe3fd60d,narration_entity,4.8
eka_9cc63365d919,calibration,,spk:0ae6a7a872,narration_entity,5.76
eka_6887c252db52,calibration,,spk:0ae6a7a872,narration_entity,10.02
eka_f6a49bdd08d4,calibration,,spk:12012e73b5,narration_entity,2.1
eka_47cafbe5ee6d,test,,spk:74fd89f3d1,narration_entity,2.64
eka_55b0809f75c2,calibration,,spk:0ae6a7a872,narration_entity,5.1
eka_29a1f9f70add,calibration,,spk:12012e73b5,narration_entity,3.3
eka_73ae512a1709,test,,spk:74fd89f3d1,narration_entity,5.4606875
eka_8e51a78007fc,validation,,spk:4bfe3fd60d,narration_entity,7.02
eka_b1988b6aa66e,validation,,spk:4bfe3fd60d,narration_entity,2.7
eka_5da670d95bae,calibration,,spk:a753f76da4,narration_entity,4.564
eka_be4613d31c12,calibration,,spk:e3a8b44685,narration_entity,2.88
eka_a314daebe343,calibration,,spk:12012e73b5,narration_entity,2.58
eka_ea092940e67c,calibration,,spk:0ae6a7a872,narration_entity,4.02
eka_127444e5025c,calibration,,spk:12012e73b5,narration_entity,3.9
eka_3eca550d06ed,test,,spk:74fd89f3d1,narration_entity,2.76
eka_ae893cbb4b64,test,,spk:356b8e2cef,narration_entity,6.42
eka_c92c1917faae,calibration,,spk:b732586755,narration_entity,3.0
eka_201b137df7b4,calibration,,spk:12012e73b5,narration_entity,3.12
eka_220608cf6883,calibration,,spk:a753f76da4,narration_entity,2.921375
eka_921ec81207eb,validation,md5_text_crosses_split,spk:4bfe3fd60d,narration_entity,3.36
eka_1cb13c770289,validation,md5_text_crosses_split,spk:4bfe3fd60d,narration_entity,3.66
eka_502f35f8dd13,test,,spk:2e7b0d19e2,narration_entity,5.4606875
eka_d19b83078b58,validation,md5_text_crosses_split,spk:4bfe3fd60d,narration_entity,4.56
eka_92ec147b6ca9,test,,spk:2e7b0d19e2,narration_entity,4.8
eka_436bcbc0d2ad,test,,spk:2e7b0d19e2,narration_entity,3.78
eka_85c4b763d8cb,validation,,spk:4bfe3fd60d,narration_entity,4.56
eka_2d591cdbd478,calibration,,spk:12012e73b5,narration_entity,4.5
eka_afe3e306abed,calibration,,spk:1acec93a9c,narration_entity,7.86
eka_b9c950b08b7b,calibration,,spk:0ae6a7a872,narration_entity,6.72
eka_a3b828be1def,calibration,,spk:0ae6a7a872,narration_entity,5.7
eka_5a7eeab4b9f5,test,,spk:74fd89f3d1,narration_entity,2.46
eka_366c66aa8ab2,calibration,,spk:12012e73b5,narration_entity,2.46
eka_969b0a96281a,validation,md5_text_crosses_split,spk:4bfe3fd60d,narration_entity,4.26
eka_e31ebeab573a,calibration,,spk:0ae6a7a872,narration_entity,4.08
eka_3b0bed1e862c,test,,spk:74fd89f3d1,narration_entity,3.06
eka_25544c0815f6,test,,spk:2e7b0d19e2,narration_entity,5.16
eka_b0509842de61,calibration,,spk:12012e73b5,narration_entity,3.18
eka_e9652e772f0c,calibration,md5_text_crosses_split,spk:0ae6a7a872,narration_entity,4.62
eka_7052f93082b5,calibration,,spk:0ae6a7a872,narration_entity,3.78
eka_43754a7ed2da,calibration,,spk:b732586755,narration_entity,1.8
eka_80cbc2ce2049,validation,,spk:4bfe3fd60d,narration_entity,3.3
eka_d043767de58c,calibration,,spk:12012e73b5,narration_entity,3.6
eka_f42b27f8dbf6,calibration,,spk:12012e73b5,narration_entity,2.7
eka_957fc538e013,test,,spk:74fd89f3d1,narration_entity,1.86
eka_90e6f0dbc2ed,test,,spk:356b8e2cef,narration_entity,2.76
eka_84eed9063b79,calibration,,spk:a753f76da4,narration_entity,4.777375
eka_f2b3c83d448c,validation,md5_text_crosses_split,spk:4bfe3fd60d,narration_entity,3.9
eka_6fc30332dcdc,validation,,spk:4bfe3fd60d,narration_entity,2.82
eka_72c0b5ce95bc,calibration,,spk:0ae6a7a872,narration_entity,2.52
eka_8a259b3ae42e,calibration,,spk:0ae6a7a872,narration_entity,3.72
eka_01131f94c34f,test,,spk:a1f4917765,narration_entity,2.22
eka_f7e8df6ebf5f,calibration,,spk:a753f76da4,narration_entity,3.9026875
eka_c0e5f8fc5a0c,calibration,,spk:0ae6a7a872,narration_entity,5.64
eka_57d5e18080ce,validation,,spk:4bfe3fd60d,narration_entity,3.48
eka_feecfd91c3d5,test,,spk:a1f4917765,narration_entity,4.56
eka_ebe67dc04218,calibration,,spk:12012e73b5,narration_entity,2.82
eka_5ad452a7607b,calibration,,spk:0ae6a7a872,narration_entity,4.26
eka_413229d3b46d,calibration,,spk:b732586755,narration_entity,4.74
eka_2d61f18ea05c,calibration,md5_text_crosses_split,spk:0ae6a7a872,narration_entity,5.52
eka_81bf1dc83a98,calibration,,spk:12012e73b5,narration_entity,3.12
eka_26e2c4776572,calibration,,spk:0ae6a7a872,narration_entity,3.6
eka_174ff2df1f9b,calibration,,spk:12012e73b5,narration_entity,4.62
eka_1a934da4d403,test,,spk:74fd89f3d1,narration_entity,3.18
eka_4b9becaf4e77,validation,md5_text_crosses_split,spk:4bfe3fd60d,narration_entity,3.6
eka_c5a112116acd,test,,spk:74fd89f3d1,narration_entity,3.42
eka_58d1b9ab3333,test,,spk:356b8e2cef,narration_entity,3.18
eka_735130fe9fb2,validation,,spk:4bfe3fd60d,narration_entity,6.24
eka_22d6c9d9963b,calibration,,spk:12012e73b5,narration_entity,2.58
eka_a75ec6499096,calibration,,spk:12012e73b5,narration_entity,3.6
eka_6d719aad0fc3,validation,,spk:4bfe3fd60d,narration_entity,4.08
eka_4e6445046ad3,calibration,,spk:0ae6a7a872,narration_entity,5.4
eka_c050776a2742,calibration,,spk:0ae6a7a872,narration_entity,6.06
eka_f8448da26542,validation,,spk:4bfe3fd60d,narration_entity,4.2
eka_f00c2b434052,validation,,spk:4bfe3fd60d,narration_entity,4.44
eka_b09d14645c4d,calibration,,spk:0ae6a7a872,narration_entity,4.56
eka_4eeedb6c43d9,calibration,md5_text_crosses_split,spk:1acec93a9c,narration_entity,2.46
eka_de63de47087b,test,,spk:356b8e2cef,narration_entity,3.36
eka_effed06a621a,validation,,spk:4bfe3fd60d,narration_entity,6.06
eka_bce303f0bc70,test,,spk:74fd89f3d1,narration_entity,6.9
eka_a9caae076dbb,calibration,,spk:12012e73b5,narration_entity,2.7
eka_650f457be6d1,test,,spk:74fd89f3d1,narration_entity,3.06
eka_829f19ef78fe,calibration,,spk:0ae6a7a872,narration_entity,3.3
eka_ff601475d7e1,test,,spk:2e7b0d19e2,narration_entity,3.9
eka_d32155679a91,calibration,,spk:12012e73b5,narration_entity,2.46
eka_dcd26e5345ee,calibration,,spk:a753f76da4,narration_entity,2.6226875
eka_f45087f1dc29,calibration,,spk:0ae6a7a872,narration_entity,2.88
eka_3af53f0ac126,test,,spk:74fd89f3d1,narration_entity,9.3006875
eka_c59b269cab2a,calibration,,spk:0ae6a7a872,narration_entity,4.08
eka_631521e24f17,validation,,spk:4bfe3fd60d,narration_entity,4.14
eka_ef1804ccad86,test,,spk:74fd89f3d1,narration_entity,3.54
eka_48193bdd0902,validation,,spk:4bfe3fd60d,narration_entity,6.48
eka_97e9e6d7010d,test,,spk:74fd89f3d1,narration_entity,4.32
eka_c716712044ee,calibration,,spk:0ae6a7a872,narration_entity,4.26
eka_844b02dfa048,calibration,,spk:0ae6a7a872,narration_entity,4.92
eka_9989b1d837e8,test,,spk:2e7b0d19e2,narration_entity,2.76
eka_9a6b9598151f,validation,md5_text_crosses_split,spk:4bfe3fd60d,narration_entity,3.66
eka_40d8a1bd05e5,test,,spk:74fd89f3d1,narration_entity,1.98
eka_b91c72a55b41,calibration,,spk:12012e73b5,narration_entity,2.76
eka_57458c31157f,calibration,,spk:0ae6a7a872,narration_entity,4.92
eka_9ad265ce2075,calibration,,spk:0ae6a7a872,narration_entity,4.32
eka_ed7370978b10,test,,spk:356b8e2cef,narration_entity,3.78
eka_dc465833cd08,calibration,,spk:0ae6a7a872,narration_entity,3.66
eka_8d72194c6935,test,,spk:74fd89f3d1,narration_entity,3.96
eka_27ea4790d614,validation,,spk:4bfe3fd60d,narration_entity,3.78
eka_1b2ab3aec6fc,calibration,,spk:12012e73b5,narration_entity,2.7
eka_c0c7d38664c3,test,,spk:74fd89f3d1,narration_entity,4.26
eka_0e4e5242d45b,validation,,spk:4bfe3fd60d,narration_entity,3.42
eka_64aea378a70d,calibration,,spk:0ae6a7a872,narration_entity,5.88
eka_e3f49b0319d9,calibration,,spk:12012e73b5,narration_entity,2.52
eka_9a1bc401f24a,test,,spk:74fd89f3d1,narration_entity,3.84
eka_6bbb7f5b08bf,validation,,spk:4bfe3fd60d,narration_entity,3.06
eka_295a90cc243f,validation,,spk:4bfe3fd60d,narration_entity,4.5
eka_f764cda21e6b,calibration,,spk:0ae6a7a872,narration_entity,4.26
eka_c5f6cad809ce,validation,md5_text_crosses_split,spk:4bfe3fd60d,narration_entity,3.72
eka_76b6a276f29b,calibration,,spk:0ae6a7a872,narration_entity,6.36
eka_ae6f5efd1854,calibration,,spk:0ae6a7a872,narration_entity,3.06
eka_6f8781267d4d,test,,spk:74fd89f3d1,narration_entity,3.72
eka_0fbc0aa7a8de,validation,,spk:4bfe3fd60d,narration_entity,3.3
eka_a0eec2489f35,calibration,,spk:0ae6a7a872,narration_entity,6.72
eka_b56e55624200,test,,spk:74fd89f3d1,narration_entity,2.28
eka_62fb283370bf,calibration,,spk:12012e73b5,narration_entity,2.52
eka_2de3ada30a82,calibration,md5_text_crosses_split,spk:b732586755,narration_entity,4.92
eka_25eb9d3ba1a7,validation,,spk:4bfe3fd60d,narration_entity,3.84
eka_776d3e41aa12,test,,spk:356b8e2cef,narration_entity,2.64
eka_9c9776cec6b1,validation,,spk:4bfe3fd60d,narration_entity,5.16
eka_9a000658774b,calibration,,spk:0ae6a7a872,narration_entity,5.4
eka_2076f2dbe91a,validation,md5_text_crosses_split,spk:4bfe3fd60d,narration_entity,4.14
eka_14e819db6139,test,,spk:e0bd894c6e,narration_entity,3.78
eka_8514b73be131,calibration,,spk:0ae6a7a872,narration_entity,3.42
eka_5f865569c487,test,,spk:74fd89f3d1,narration_entity,4.44
eka_4ae755bd5a3f,calibration,,spk:0ae6a7a872,narration_entity,3.9
eka_d9c1a9ef7e78,calibration,,spk:0ae6a7a872,narration_entity,2.94
eka_49a7ac2e50ea,validation,,spk:4bfe3fd60d,narration_entity,3.9
eka_d36f4d5681ff,calibration,,spk:b732586755,narration_entity,2.7
eka_db30d0388563,validation,,spk:4bfe3fd60d,narration_entity,3.12
eka_3160f741af75,calibration,,spk:12012e73b5,narration_entity,2.82
eka_fec316128479,calibration,,spk:0ae6a7a872,narration_entity,5.4
eka_c92d3c66ee0f,calibration,,spk:b732586755,narration_entity,1.98
eka_45bc6e127615,calibration,,spk:0ae6a7a872,narration_entity,3.42
eka_82a3f3e999ee,calibration,,spk:0ae6a7a872,narration_entity,3.78
eka_56e699865bde,validation,,spk:4bfe3fd60d,narration_entity,4.38
eka_23621f227b5a,test,,spk:2e7b0d19e2,narration_entity,4.92
eka_4ad813412843,calibration,,spk:b732586755,narration_entity,4.08
eka_c2332c09e8e6,calibration,,spk:b732586755,narration_entity,2.16
eka_fc51c921d6cc,validation,,spk:4bfe3fd60d,narration_entity,3.0
eka_99e720541948,test,,spk:74fd89f3d1,narration_entity,2.82
eka_6ad64961c0d6,calibration,,spk:0ae6a7a872,narration_entity,3.12
eka_7c9475bc8be3,calibration,,spk:12012e73b5,narration_entity,3.6
eka_296f0b0db710,calibration,,spk:0ae6a7a872,narration_entity,3.96
eka_7d4769952aad,validation,,spk:4bfe3fd60d,narration_entity,5.4606875
eka_292e511601bf,calibration,md5_text_crosses_split,spk:0ae6a7a872,narration_entity,4.2
eka_122c93814875,test,,spk:74fd89f3d1,narration_entity,2.82
eka_6f0c9d1df86d,test,,spk:74fd89f3d1,narration_entity,3.0
eka_25c0615732fe,test,,spk:74fd89f3d1,narration_entity,2.64
eka_e15316a3e922,test,,spk:74fd89f3d1,narration_entity,3.84
eka_a0251eb0e982,calibration,,spk:12012e73b5,narration_entity,3.18
eka_a544f1286617,calibration,,spk:0ae6a7a872,narration_entity,3.66
eka_2e6c5c6eb3c5,calibration,,spk:b732586755,narration_entity,1.74
eka_ea503592f438,calibration,,spk:12012e73b5,narration_entity,2.4
eka_bba36b1f2c97,test,,spk:74fd89f3d1,narration_entity,2.64
eka_a461ba62e1c8,calibration,,spk:0ae6a7a872,narration_entity,3.0
eka_52c6cff4d7b4,calibration,,spk:12012e73b5,narration_entity,1.92
eka_ab414056b57b,validation,,spk:4bfe3fd60d,narration_entity,3.78
eka_38e46e311dd1,calibration,,spk:0ae6a7a872,narration_entity,5.88
eka_152369c97137,calibration,,spk:12012e73b5,narration_entity,2.22
eka_1a24b8dc76e8,validation,,spk:4bfe3fd60d,narration_entity,4.2
eka_00fba759457a,test,,spk:74fd89f3d1,narration_entity,4.2
eka_f38a28f9bb61,calibration,,spk:12012e73b5,narration_entity,2.82
eka_bc1fe7d5f4d3,calibration,,spk:0ae6a7a872,narration_entity,6.42
eka_c91271ffa2b5,calibration,,spk:12012e73b5,narration_entity,3.42
eka_bd2100f0feea,calibration,,spk:0ae6a7a872,narration_entity,4.56
eka_a55e9b395387,calibration,,spk:b732586755,narration_entity,2.4
eka_3fb3fe4efd16,validation,,spk:4bfe3fd60d,narration_entity,4.08
eka_514dee2b0a3c,calibration,md5_text_crosses_split,spk:12012e73b5,narration_entity,2.04
eka_5a458fa8214c,test,,spk:356b8e2cef,narration_entity,3.18
eka_1207987dc067,calibration,,spk:0ae6a7a872,narration_entity,4.02
eka_93d1948c7bba,calibration,,spk:12012e73b5,narration_entity,4.26
eka_5869f3f99eda,test,,spk:74fd89f3d1,narration_entity,4.56
eka_ef2d0dc85991,calibration,md5_text_crosses_split,spk:12012e73b5,narration_entity,3.6
eka_27faff9d66b5,calibration,,spk:0ae6a7a872,narration_entity,3.42
eka_905ddf0993eb,calibration,md5_text_crosses_split,spk:12012e73b5,narration_entity,2.16
eka_3e8c586ba860,test,,spk:74fd89f3d1,narration_entity,4.38
eka_31333517f241,calibration,,spk:12012e73b5,narration_entity,5.22
eka_c5a582cc0618,validation,,spk:4bfe3fd60d,narration_entity,2.7
eka_83dcd7dd40e1,calibration,,spk:12012e73b5,narration_entity,3.12
eka_e8184b5dc1be,test,,spk:74fd89f3d1,narration_entity,2.88
eka_7bef04c94420,validation,,spk:4bfe3fd60d,narration_entity,2.64
eka_4c0855480a4f,test,,spk:74fd89f3d1,narration_entity,3.3
eka_2d0fd21c9d9a,calibration,,spk:0ae6a7a872,narration_entity,4.74
eka_e2e9fb234e18,calibration,,spk:0ae6a7a872,narration_entity,3.9
eka_4bfa51064b6a,test,,spk:2e7b0d19e2,narration_entity,3.96
eka_3abccaba50e4,validation,,spk:4bfe3fd60d,narration_entity,3.72
eka_f5e2e73f42e5,validation,,spk:4bfe3fd60d,narration_entity,4.14
eka_061357eeeeb2,test,,spk:74fd89f3d1,narration_entity,3.78
eka_7cd260d9e1d7,validation,,spk:4bfe3fd60d,narration_entity,5.7
eka_411a17ace46a,test,,spk:2e7b0d19e2,narration_entity,3.66
eka_be1ca62c82d0,validation,,spk:4bfe3fd60d,narration_entity,7.92
eka_b73bff7e4936,calibration,,spk:b732586755,narration_entity,1.98
eka_fcbc5019d9ee,test,,spk:356b8e2cef,narration_entity,2.88
eka_e49ca4c1d0fc,validation,,spk:4bfe3fd60d,narration_entity,3.96
eka_6e8fa5eeb92a,validation,,spk:4bfe3fd60d,narration_entity,3.9
eka_4612b2755701,validation,md5_text_crosses_split,spk:4bfe3fd60d,narration_entity,3.3
eka_bf5e917bf64f,validation,,spk:4bfe3fd60d,narration_entity,3.18
eka_a0e5a88178b1,calibration,,spk:0ae6a7a872,narration_entity,4.56
eka_56dcd2c665e9,validation,md5_text_crosses_split,spk:4bfe3fd60d,narration_entity,2.82
eka_fb37d358fe64,calibration,,spk:12012e73b5,narration_entity,2.76
eka_7a195dad682d,test,,spk:356b8e2cef,narration_entity,2.82
eka_5e766abbc13e,test,,spk:2e7b0d19e2,narration_entity,2.58
eka_d49c97f9ed28,calibration,,spk:b732586755,narration_entity,1.38
eka_8f876a4ae391,validation,md5_text_crosses_split,spk:4bfe3fd60d,narration_entity,4.14
eka_584f89271576,calibration,,spk:12012e73b5,narration_entity,3.48
eka_0695d0b7d804,test,,spk:2e7b0d19e2,narration_entity,2.46
eka_f8cd43bf6e3e,validation,,spk:4bfe3fd60d,narration_entity,3.78
eka_3ab14391744d,calibration,,spk:12012e73b5,narration_entity,4.02
eka_d5beefc01adf,validation,md5_text_crosses_split,spk:4bfe3fd60d,narration_entity,3.78
eka_a2eb250a41fa,calibration,md5_text_crosses_split,spk:12012e73b5,narration_entity,2.88
eka_a261a6822a3d,calibration,,spk:0ae6a7a872,narration_entity,2.76
eka_543d092df352,calibration,,spk:12012e73b5,narration_entity,3.24025
eka_75bb5e40d29f,calibration,,spk:0ae6a7a872,narration_entity,2.64
eka_6a77d7f00c1e,validation,,spk:4bfe3fd60d,narration_entity,3.96
eka_8cf22d2e4ac6,calibration,,spk:1acec93a9c,narration_entity,3.18
eka_2747c3634bc3,test,,spk:356b8e2cef,narration_entity,3.54
eka_b15039b42ce0,test,,spk:2e7b0d19e2,narration_entity,3.24025
eka_c947cd010bf9,calibration,,spk:12012e73b5,narration_entity,1.92
eka_efe9003a7f92,test,,spk:74fd89f3d1,narration_entity,3.36
eka_5d0221d86031,calibration,,spk:0ae6a7a872,narration_entity,4.2
eka_e4da06d18df2,test,,spk:356b8e2cef,narration_entity,3.18
eka_4af87f806d49,test,,spk:74fd89f3d1,narration_entity,2.88
eka_987e133d21ce,calibration,,spk:12012e73b5,narration_entity,3.84
eka_35cb6c24b550,validation,,spk:4bfe3fd60d,narration_entity,3.12
eka_e18649b54959,calibration,,spk:0ae6a7a872,narration_entity,3.18
eka_985b99abd71e,calibration,,spk:12012e73b5,narration_entity,3.84
eka_31f09db329be,calibration,,spk:0ae6a7a872,narration_entity,5.52
eka_17978de96b49,calibration,md5_text_crosses_split,spk:0ae6a7a872,narration_entity,3.96
eka_96568f13d635,calibration,,spk:0ae6a7a872,narration_entity,3.84
eka_204104f91e89,test,,spk:2e7b0d19e2,narration_entity,4.08
eka_9bed1e1ca56f,calibration,,spk:12012e73b5,narration_entity,4.38
eka_0e7fde796e5e,validation,md5_text_crosses_split,spk:4bfe3fd60d,narration_entity,2.46
eka_87ce3b37bb63,calibration,,spk:12012e73b5,narration_entity,3.78
eka_429f8c8ddaad,calibration,,spk:b732586755,narration_entity,2.52
eka_151d5a5fa105,calibration,,spk:12012e73b5,narration_entity,3.12
eka_e0e32d1209b3,calibration,md5_text_crosses_split,spk:12012e73b5,narration_entity,2.52
eka_a69e6d0157d0,test,,spk:2e7b0d19e2,narration_entity,4.02
eka_9b593075741f,test,,spk:74fd89f3d1,narration_entity,3.3
eka_430856073d87,calibration,,spk:0ae6a7a872,narration_entity,4.26
eka_b710ad1262a1,test,,spk:356b8e2cef,narration_entity,2.58
eka_10f5217622fe,calibration,,spk:1acec93a9c,narration_entity,3.78
eka_0ccedcd4b185,test,,spk:356b8e2cef,narration_entity,6.9
eka_8527ca7b7b9b,validation,,spk:4bfe3fd60d,narration_entity,3.54
eka_a7b1410ee10b,test,,spk:a1f4917765,narration_entity,3.3
eka_840542b99403,validation,,spk:4bfe3fd60d,narration_entity,5.1
eka_3b0f2a96a75c,calibration,,spk:b732586755,narration_entity,3.54
eka_72d32e3a7758,validation,,spk:4bfe3fd60d,narration_entity,3.96
eka_a41d097920f1,test,,spk:74fd89f3d1,narration_entity,3.3
eka_8516fe5e6212,calibration,,spk:12012e73b5,narration_entity,2.04
eka_3cc9b4e64ab7,test,,spk:74fd89f3d1,narration_entity,5.58
eka_54ef2d3f0234,validation,md5_text_crosses_split,spk:4bfe3fd60d,narration_entity,3.36
eka_d144f53b1aa1,validation,,spk:4bfe3fd60d,narration_entity,7.2
eka_1bbb43bba0a6,calibration,,spk:12012e73b5,narration_entity,3.54
eka_10fe1a2c5b6b,calibration,md5_text_crosses_split,spk:12012e73b5,narration_entity,2.7
eka_4ba0b9f3e364,calibration,,spk:0ae6a7a872,narration_entity,5.52
eka_1f8fb1f9b18a,test,,spk:74fd89f3d1,narration_entity,2.52
eka_61da76d1771f,validation,,spk:4bfe3fd60d,narration_entity,3.84
eka_16637b614727,test,,spk:74fd89f3d1,narration_entity,3.0
eka_b75a2dd7bded,calibration,,spk:0ae6a7a872,narration_entity,3.66
eka_11e4dbd28675,test,,spk:2e7b0d19e2,narration_entity,4.5
eka_684aa4097954,test,,spk:74fd89f3d1,narration_entity,2.52
eka_292483c34072,test,,spk:74fd89f3d1,narration_entity,3.6
eka_20e8f99905fb,calibration,,spk:12012e73b5,narration_entity,3.06
eka_cf562bd51f33,validation,,spk:4bfe3fd60d,narration_entity,3.0
eka_82b174df56da,test,,spk:356b8e2cef,narration_entity,2.94
eka_e18cbec25f95,calibration,,spk:1acec93a9c,narration_entity,5.22
eka_6ef5bdf5f137,calibration,,spk:0ae6a7a872,narration_entity,8.04
eka_1b432d8ba4e5,validation,,spk:4bfe3fd60d,narration_entity,3.48
eka_9de7cc97e221,test,,spk:74fd89f3d1,narration_entity,2.82
eka_98d342c1a24d,test,,spk:74fd89f3d1,narration_entity,2.64
eka_69d04c861280,test,,spk:a1f4917765,narration_entity,7.08025
eka_d5b7f0e5a6b6,validation,,spk:4bfe3fd60d,narration_entity,3.0
eka_76ac35008035,calibration,,spk:0ae6a7a872,narration_entity,3.48
eka_171c5b89b65e,calibration,,spk:0ae6a7a872,narration_entity,4.44
eka_c2636edab273,test,,spk:e0bd894c6e,narration_entity,5.22
eka_75a2ba8b433a,validation,,spk:4bfe3fd60d,narration_entity,5.1
eka_a1263ed15c3e,validation,,spk:4bfe3fd60d,narration_entity,4.68
eka_896d8b0e589a,validation,md5_text_crosses_split,spk:4bfe3fd60d,narration_entity,4.2
eka_e6de0ef91f25,test,,spk:74fd89f3d1,narration_entity,3.84
eka_bd9bb1172c77,calibration,,spk:b732586755,narration_entity,2.76
eka_8171f75e2eb8,test,,spk:356b8e2cef,narration_entity,3.06
eka_2078104e43ed,calibration,,spk:b732586755,narration_entity,10.86
eka_37f6b0a5cdbb,calibration,,spk:0ae6a7a872,narration_entity,3.96
eka_95a11ec992b0,test,,spk:74fd89f3d1,narration_entity,3.06
eka_2d08f5015b79,validation,,spk:4bfe3fd60d,narration_entity,4.92
eka_35e540a392f2,calibration,,spk:0ae6a7a872,narration_entity,3.36
eka_1af4c4f4428e,test,,spk:74fd89f3d1,narration_entity,3.12
eka_bd0a73d12d5c,calibration,,spk:0ae6a7a872,narration_entity,3.36
eka_e2f1d47b5e98,calibration,,spk:b732586755,narration_entity,1.86
eka_71457859c0a7,calibration,,spk:b732586755,narration_entity,2.22
eka_9776904f4285,validation,,spk:4bfe3fd60d,narration_entity,4.74
eka_218e46539e27,test,,spk:74fd89f3d1,narration_entity,7.08025
eka_c4376512e129,validation,,spk:4bfe3fd60d,narration_entity,2.94
eka_3fa1f4851d82,calibration,,spk:12012e73b5,narration_entity,1.32
eka_4386cb377a7c,calibration,,spk:12012e73b5,narration_entity,3.36
eka_2de4a5dd6205,calibration,,spk:0ae6a7a872,narration_entity,4.2
eka_4039ac58f90a,test,,spk:74fd89f3d1,narration_entity,3.06
eka_82d147d83e1d,test,,spk:74fd89f3d1,narration_entity,3.54
eka_e7bb37cd0c29,validation,,spk:4bfe3fd60d,narration_entity,2.7
eka_1f0b6a90c5c8,test,,spk:74fd89f3d1,narration_entity,3.24025
eka_8edd866cf262,test,,spk:2e7b0d19e2,narration_entity,3.84
eka_6e7ba5100a95,calibration,,spk:0ae6a7a872,narration_entity,4.44
eka_fcc4a2af5f47,calibration,,spk:b732586755,narration_entity,2.94
eka_e88e9cd1bab3,validation,,spk:4bfe3fd60d,narration_entity,4.32
eka_9f8cae7bd90b,test,,spk:74fd89f3d1,narration_entity,2.46
eka_e572d5030a13,test,,spk:2e7b0d19e2,narration_entity,4.56
eka_b3c5e937fb3e,test,,spk:74fd89f3d1,narration_entity,2.88
eka_0d2aedfdd045,validation,,spk:4bfe3fd60d,narration_entity,2.94
eka_fad306eb3d61,test,,spk:2e7b0d19e2,narration_entity,2.4
eka_d79d2d10ea27,test,,spk:2e7b0d19e2,narration_entity,3.6
eka_1061e9ba4ac1,test,,spk:2e7b0d19e2,narration_entity,3.12
eka_0d081da477f5,test,,spk:2e7b0d19e2,narration_entity,3.78
eka_748499bef84c,calibration,,spk:0ae6a7a872,narration_entity,5.34
eka_c51cb94d2ef3,calibration,,spk:0ae6a7a872,narration_entity,3.6
eka_9ad8c9bac4e8,test,,spk:2e7b0d19e2,narration_entity,5.34
eka_f782af4714fc,calibration,,spk:12012e73b5,narration_entity,2.58
eka_00609da30d39,test,,spk:74fd89f3d1,narration_entity,4.08
eka_a913e1df3359,calibration,,spk:0ae6a7a872,narration_entity,3.84
eka_3f4dec840e32,calibration,,spk:12012e73b5,narration_entity,3.84
eka_0323b26bb415,calibration,,spk:0ae6a7a872,narration_entity,3.84
eka_38cba020b2c2,calibration,,spk:0ae6a7a872,narration_entity,5.22
eka_219978c5382e,calibration,,spk:12012e73b5,narration_entity,2.7
eka_46402412a30d,test,,spk:74fd89f3d1,narration_entity,3.84
eka_cc0e85736a4f,calibration,,spk:b732586755,narration_entity,3.18
eka_6dca6e53dbfb,test,,spk:74fd89f3d1,narration_entity,2.34
eka_5f9bb1dc289f,test,,spk:74fd89f3d1,narration_entity,5.52
eka_c484a440365a,calibration,,spk:0ae6a7a872,narration_entity,6.78
eka_120d033b5ea1,calibration,,spk:0ae6a7a872,narration_entity,3.36
eka_f84566b8c4ba,validation,,spk:4bfe3fd60d,narration_entity,4.86
eka_eb684a9f25bf,validation,,spk:4bfe3fd60d,narration_entity,4.32
eka_1d9431bb510c,calibration,,spk:0ae6a7a872,narration_entity,7.8
eka_02f3df4f8be9,calibration,md5_text_crosses_split,spk:e3a8b44685,narration_entity,3.42
eka_ceeffec9905e,test,,spk:2e7b0d19e2,narration_entity,5.4
eka_757e1500c57c,calibration,,spk:0ae6a7a872,narration_entity,3.96
eka_77855a14d6ef,validation,,spk:4bfe3fd60d,narration_entity,3.06
eka_cccd780a7c9f,calibration,,spk:0ae6a7a872,narration_entity,4.08
eka_6a36b14704b2,calibration,,spk:0ae6a7a872,narration_entity,4.86
eka_c2fa3458a409,test,,spk:356b8e2cef,narration_entity,2.82
eka_d81304f9b8a1,test,,spk:74fd89f3d1,narration_entity,1.92
eka_45ad260de86f,calibration,,spk:0ae6a7a872,narration_entity,5.88
eka_f08e2ba70066,validation,,spk:4bfe3fd60d,narration_entity,3.42
eka_5656b91f050a,calibration,,spk:a753f76da4,narration_entity,7.8066875
eka_6be9d0c114dd,test,,spk:74fd89f3d1,narration_entity,2.94
eka_f7e69ae97c51,validation,,spk:4bfe3fd60d,narration_entity,3.12
eka_a9d08e19a555,test,,spk:74fd89f3d1,narration_entity,2.76
eka_f0abd4a4778b,test,,spk:74fd89f3d1,narration_entity,6.72
eka_d5a60dbbe4c6,calibration,,spk:12012e73b5,narration_entity,6.48
eka_ecf08c03ff14,validation,,spk:4bfe3fd60d,narration_entity,4.08
eka_31dbebca5174,validation,,spk:4bfe3fd60d,narration_entity,2.7
eka_332b16b9d5b9,validation,md5_text_crosses_split,spk:4bfe3fd60d,narration_entity,4.14
eka_ade63e9fdec9,calibration,,spk:12012e73b5,narration_entity,2.34
eka_46798a88653d,test,,spk:2e7b0d19e2,narration_entity,3.12
eka_0e4e06c2fee9,calibration,,spk:12012e73b5,narration_entity,3.12
eka_52a530d4b6c6,calibration,,spk:0ae6a7a872,narration_entity,6.6
eka_c1630ffff85b,calibration,,spk:12012e73b5,narration_entity,2.52
eka_6c199c8b6c74,calibration,,spk:0ae6a7a872,narration_entity,7.92
eka_312e33fb23d7,test,,spk:2e7b0d19e2,narration_entity,5.64
eka_337efcfe1018,calibration,md5_text_crosses_split,spk:0ae6a7a872,narration_entity,3.18
eka_d6f9c4a25a2b,test,,spk:74fd89f3d1,narration_entity,2.88
eka_d8cd96278f7d,test,,spk:74fd89f3d1,narration_entity,9.0
eka_3ef4dd611605,test,,spk:74fd89f3d1,narration_entity,4.14
eka_d6d442b0bb42,calibration,,spk:12012e73b5,narration_entity,3.72
eka_40bbcd774ae6,calibration,,spk:12012e73b5,narration_entity,11.4
eka_56d0b6a850f4,calibration,,spk:12012e73b5,narration_entity,3.66
eka_e58688cb91d1,validation,,spk:4bfe3fd60d,narration_entity,3.48
eka_03b4c7cd829e,calibration,,spk:b732586755,narration_entity,1.32
eka_96e2eb333b94,calibration,,spk:0ae6a7a872,narration_entity,4.86
eka_eb1f38e87265,calibration,,spk:12012e73b5,narration_entity,2.16
eka_d41a97467764,test,,spk:74fd89f3d1,narration_entity,2.52
eka_c9b0bed45d61,calibration,,spk:0ae6a7a872,narration_entity,5.52
eka_d7f633819fdc,validation,,spk:4bfe3fd60d,narration_entity,3.24025
eka_92edce7862d7,validation,,spk:4bfe3fd60d,narration_entity,4.26
eka_3378f025665d,validation,,spk:4bfe3fd60d,narration_entity,5.4606875
eka_9ef1deb49664,test,,spk:e0bd894c6e,narration_entity,3.66
eka_4f397a626785,calibration,,spk:12012e73b5,narration_entity,2.22
eka_a749328c820c,test,,spk:74fd89f3d1,narration_entity,2.52
eka_d84ad85d26c4,calibration,,spk:0ae6a7a872,narration_entity,6.78
eka_6bd12909b246,validation,,spk:4bfe3fd60d,narration_entity,4.32
eka_0edecba0b9fd,calibration,,spk:0ae6a7a872,narration_entity,3.3
eka_bd3f2c1bd64c,test,,spk:74fd89f3d1,narration_entity,2.28
eka_faa4584708b8,test,,spk:356b8e2cef,narration_entity,3.24025
eka_b30307e6f605,calibration,,spk:b732586755,narration_entity,1.5
eka_c23532ad76a6,calibration,,spk:a753f76da4,narration_entity,2.473375
eka_7c296438d84d,test,,spk:2e7b0d19e2,narration_entity,5.04
eka_afc52e99d5f9,validation,md5_text_crosses_split,spk:4bfe3fd60d,narration_entity,3.96
eka_10c4b6fb3f59,calibration,,spk:0ae6a7a872,narration_entity,6.06
eka_b574f54dee4c,calibration,,spk:0ae6a7a872,narration_entity,3.72
eka_0fd34099d5b0,calibration,,spk:0ae6a7a872,narration_entity,4.62
eka_56fc95c66f55,test,,spk:74fd89f3d1,narration_entity,4.02
eka_fd5921ba04c0,validation,,spk:4bfe3fd60d,narration_entity,4.74
eka_97287391ab33,calibration,,spk:12012e73b5,narration_entity,3.96
eka_77ab61c6f354,calibration,,spk:12012e73b5,narration_entity,3.36
eka_67159767545c,test,,spk:74fd89f3d1,narration_entity,2.1
eka_79c9494cc01d,test,,spk:2e7b0d19e2,narration_entity,4.92
eka_e613f5102f6c,validation,,spk:4bfe3fd60d,narration_entity,2.94
eka_d246f59a3eaf,test,,spk:74fd89f3d1,narration_entity,2.16
eka_a5e020e838c4,validation,,spk:4bfe3fd60d,narration_entity,2.52
eka_54e0912a0d0f,test,,spk:74fd89f3d1,narration_entity,3.84
eka_2729daf16a49,test,,spk:356b8e2cef,narration_entity,3.06
eka_7ee980c36815,calibration,,spk:0ae6a7a872,narration_entity,3.9
eka_139e5591747a,calibration,,spk:1acec93a9c,narration_entity,3.9
eka_147e3afe0e8c,validation,,spk:4bfe3fd60d,narration_entity,2.76
eka_6c641b6789e6,validation,,spk:4bfe3fd60d,narration_entity,5.94
eka_85f08c0ab7bb,calibration,md5_text_crosses_split,spk:0ae6a7a872,narration_entity,4.38
eka_2bdba018cc5d,test,,spk:356b8e2cef,narration_entity,3.84
eka_7eb2761232e7,validation,,spk:4bfe3fd60d,narration_entity,4.08
eka_80abb6522726,calibration,,spk:12012e73b5,narration_entity,3.36
eka_a6c8d03d16ed,test,,spk:2e7b0d19e2,narration_entity,5.52
eka_4d4dcf1018bf,test,,spk:2e7b0d19e2,narration_entity,2.7
eka_183bc9401b6a,test,,spk:74fd89f3d1,narration_entity,2.16
eka_ce864793ad0f,test,,spk:2e7b0d19e2,narration_entity,3.06
eka_193c817856b0,calibration,,spk:0ae6a7a872,narration_entity,5.28
eka_d729f338d529,test,,spk:74fd89f3d1,narration_entity,5.88
eka_ca947c9a38e7,test,,spk:74fd89f3d1,narration_entity,2.16
eka_9f67b6523b74,calibration,,spk:0ae6a7a872,narration_entity,4.68
eka_f1e723a3a91b,validation,,spk:4bfe3fd60d,narration_entity,3.0
eka_ef7316f8bb34,validation,md5_text_crosses_split,spk:4bfe3fd60d,narration_entity,4.98
eka_84fa05617625,calibration,,spk:0ae6a7a872,narration_entity,3.72
eka_61be2381d116,calibration,,spk:0ae6a7a872,narration_entity,3.72
eka_db8a5db054e4,test,,spk:74fd89f3d1,narration_entity,5.76
eka_d15545709910,calibration,,spk:0ae6a7a872,narration_entity,3.12
eka_8dce29cc9fc7,calibration,,spk:0ae6a7a872,narration_entity,4.2
eka_211928f5bdd3,validation,,spk:4bfe3fd60d,narration_entity,6.0
eka_422c834109a0,calibration,,spk:0ae6a7a872,narration_entity,3.9
eka_bbf435c81b79,calibration,md5_text_crosses_split,spk:0ae6a7a872,narration_entity,4.08
eka_02c2e75dfe2b,calibration,md5_text_crosses_split,spk:0ae6a7a872,narration_entity,4.2
eka_887dfeeca6de,calibration,,spk:0ae6a7a872,narration_entity,5.04
eka_55855eec582c,calibration,,spk:0ae6a7a872,narration_entity,4.2
eka_a3ecde71c9ee,calibration,,spk:b732586755,narration_entity,2.64
eka_c5ad0c04a403,calibration,,spk:0ae6a7a872,narration_entity,4.38
eka_4dbac323b203,calibration,,spk:0ae6a7a872,narration_entity,4.8
eka_32916d10eb5c,calibration,,spk:12012e73b5,narration_entity,3.12
eka_b1fb3ebb6558,validation,,spk:4bfe3fd60d,narration_entity,8.94
eka_90ef8156880d,calibration,,spk:0ae6a7a872,narration_entity,4.08
eka_eb2bb2588f1c,test,,spk:74fd89f3d1,narration_entity,4.74
eka_72ffa6eaac4a,validation,,spk:4bfe3fd60d,narration_entity,5.22
eka_2b17469fd29d,validation,,spk:4bfe3fd60d,narration_entity,2.58
eka_60a98e895608,validation,,spk:4bfe3fd60d,narration_entity,6.0
eka_f267cf69fd57,test,,spk:356b8e2cef,narration_entity,2.34
eka_9abd0d727094,test,,spk:356b8e2cef,narration_entity,4.8
eka_511305208789,calibration,,spk:a753f76da4,narration_entity,3.497375
eka_7adc808138e0,calibration,,spk:a753f76da4,narration_entity,5.3746875
eka_7c725bcde09b,test,,spk:2e7b0d19e2,narration_entity,8.64
eka_b7afef0ca06c,test,,spk:74fd89f3d1,narration_entity,3.96
eka_02379f65cae9,test,,spk:e0bd894c6e,narration_entity,2.94
eka_14f7ea943f63,test,,spk:74fd89f3d1,narration_entity,2.52
eka_e123c39811b0,calibration,,spk:b732586755,narration_entity,1.98
eka_989756aba6da,test,,spk:74fd89f3d1,narration_entity,2.94
eka_ddda84dbf5af,calibration,,spk:0ae6a7a872,narration_entity,6.24
eka_e541d3c289ae,test,,spk:74fd89f3d1,narration_entity,2.52
eka_15b98dd7b604,calibration,,spk:12012e73b5,narration_entity,3.12
eka_d0c1477219cc,calibration,,spk:0ae6a7a872,narration_entity,3.3
eka_27477a5cf5c4,validation,,spk:4bfe3fd60d,narration_entity,5.94
eka_f2c2724eeb41,validation,,spk:4bfe3fd60d,narration_entity,3.3
eka_1f9c5321dc2e,validation,md5_text_crosses_split,spk:4bfe3fd60d,narration_entity,3.6
eka_04a5bb4ba059,calibration,,spk:1acec93a9c,narration_entity,12.72
eka_9c976e4ba578,test,,spk:e0bd894c6e,narration_entity,3.6
eka_1e1157f1f4b7,test,,spk:74fd89f3d1,narration_entity,4.08
eka_b034085aa9d3,calibration,,spk:0ae6a7a872,narration_entity,5.16
eka_a954ae891bec,calibration,,spk:0ae6a7a872,narration_entity,5.76
eka_26915623e54e,calibration,,spk:12012e73b5,narration_entity,2.46
eka_d6b3f50e9ced,test,,spk:74fd89f3d1,narration_entity,2.04
eka_a63e7dac4468,test,,spk:2e7b0d19e2,narration_entity,4.8
eka_811ee3d05824,calibration,,spk:12012e73b5,narration_entity,3.3
eka_c649c88d7cc2,test,,spk:74fd89f3d1,narration_entity,4.56
eka_5f6babe177ab,validation,,spk:4bfe3fd60d,narration_entity,4.5
eka_d66f8362ce52,calibration,,spk:0ae6a7a872,narration_entity,6.6
eka_fa6e2285d03f,calibration,,spk:0ae6a7a872,narration_entity,3.18
eka_d2f6776496fc,calibration,,spk:1fcd04d57a,narration_entity,2.34
eka_c52cb74b2a9b,validation,,spk:4bfe3fd60d,narration_entity,3.72
eka_fa8bf058e314,calibration,,spk:0ae6a7a872,narration_entity,6.9
eka_eb307cb8b6c1,calibration,,spk:0ae6a7a872,narration_entity,6.48
eka_6cf0629728ce,test,,spk:2e7b0d19e2,narration_entity,3.24025
eka_168e02218625,calibration,,spk:0ae6a7a872,narration_entity,4.44
eka_caae5cba58f6,calibration,,spk:0ae6a7a872,narration_entity,4.26
eka_5869203792ca,validation,,spk:4bfe3fd60d,narration_entity,2.52
eka_8d365b025728,validation,md5_text_crosses_split,spk:4bfe3fd60d,narration_entity,4.44
eka_25ef128d8126,calibration,,spk:12012e73b5,narration_entity,5.4
eka_a159e4bbc8a9,calibration,,spk:b732586755,narration_entity,1.92
eka_f8b08b873bae,validation,,spk:4bfe3fd60d,narration_entity,4.02
eka_9406499dc5df,validation,,spk:4bfe3fd60d,narration_entity,2.76
eka_ef2981801885,calibration,,spk:0ae6a7a872,narration_entity,3.54
eka_24c1c21163cd,test,,spk:74fd89f3d1,narration_entity,3.36
eka_e5a7a5f8cf59,calibration,,spk:0ae6a7a872,narration_entity,3.3
eka_20a82759508c,calibration,,spk:0ae6a7a872,narration_entity,5.16
eka_6e76494103a7,calibration,,spk:12012e73b5,narration_entity,3.36
eka_56eb7db95970,calibration,,spk:1fcd04d57a,narration_entity,3.3
eka_aa08a86998f4,calibration,md5_text_crosses_split,spk:0ae6a7a872,narration_entity,3.72
eka_c5cedd681770,validation,,spk:4bfe3fd60d,narration_entity,4.5
eka_ed3aa1998afb,test,,spk:74fd89f3d1,narration_entity,3.54
eka_608f0b7152be,calibration,,spk:12012e73b5,narration_entity,3.72
eka_ab817a7c4513,calibration,,spk:0ae6a7a872,narration_entity,3.96
eka_8ab1b9f6e975,test,,spk:74fd89f3d1,narration_entity,5.82
eka_6a4060aa5259,calibration,,spk:0ae6a7a872,narration_entity,4.32
eka_bcad6a0d488b,calibration,,spk:12012e73b5,narration_entity,2.76
eka_8408897b8b81,test,,spk:74fd89f3d1,narration_entity,3.84
eka_9a24d574c14a,calibration,,spk:0ae6a7a872,narration_entity,3.78
eka_449488994292,test,,spk:74fd89f3d1,narration_entity,4.26
eka_c348c948e5d6,calibration,,spk:0ae6a7a872,narration_entity,8.82
eka_2e25aa835e41,test,,spk:356b8e2cef,narration_entity,2.4
eka_42e3c7d1d6e4,calibration,,spk:0ae6a7a872,narration_entity,3.84
eka_c3f5d2c7df38,calibration,,spk:12012e73b5,narration_entity,3.42
eka_3321c7176d1d,test,,spk:74fd89f3d1,narration_entity,3.3
eka_c13a528f7b14,calibration,,spk:12012e73b5,narration_entity,2.1
eka_7f453ae61c29,validation,md5_text_crosses_split,spk:4bfe3fd60d,narration_entity,3.42
eka_cd042448352a,calibration,,spk:0ae6a7a872,narration_entity,4.74
eka_33ba9c30ccec,calibration,,spk:b732586755,narration_entity,2.76
eka_5815dd6ec3c0,test,,spk:74fd89f3d1,narration_entity,2.82
eka_5de94bed3d97,validation,md5_text_crosses_split,spk:4bfe3fd60d,narration_entity,4.98
eka_afe609bb3fad,test,,spk:74fd89f3d1,narration_entity,2.94
eka_da7fc3dd71e8,validation,,spk:4bfe3fd60d,narration_entity,3.24025
eka_e883fa8b1394,test,,spk:2e7b0d19e2,narration_entity,2.52
eka_0f10ef95f881,test,,spk:74fd89f3d1,narration_entity,5.04
eka_4126ae7b9ece,test,,spk:e0bd894c6e,narration_entity,4.92
eka_65659d9926f3,calibration,,spk:12012e73b5,narration_entity,5.82
eka_3928795be43b,validation,,spk:4bfe3fd60d,narration_entity,3.6
eka_901647dbc156,calibration,,spk:0ae6a7a872,narration_entity,3.72
eka_b0fc72b9e0b7,test,,spk:2e7b0d19e2,narration_entity,3.12
eka_0a11e72b25a4,calibration,,spk:0ae6a7a872,narration_entity,3.48
eka_d96c8945b288,test,,spk:74fd89f3d1,narration_entity,3.18
eka_32c6c9e7584d,test,,spk:74fd89f3d1,narration_entity,2.04
eka_d90485e07eca,test,,spk:2e7b0d19e2,narration_entity,5.64
eka_e7e3e444f194,test,,spk:74fd89f3d1,narration_entity,5.04
eka_6d78d2adbc4b,validation,md5_text_crosses_split,spk:4bfe3fd60d,narration_entity,5.82
eka_688b6caa3f07,test,,spk:74fd89f3d1,narration_entity,2.88
eka_baf11f634cd8,validation,,spk:4bfe3fd60d,narration_entity,3.06
eka_5bab924ab795,validation,,spk:4bfe3fd60d,narration_entity,8.22
eka_3ba07bbfe8bf,test,,spk:74fd89f3d1,narration_entity,3.0
eka_96a3efa0cffc,validation,,spk:4bfe3fd60d,narration_entity,3.66
eka_1e60bdf18bb6,test,,spk:74fd89f3d1,narration_entity,2.88
eka_1772e1016157,validation,,spk:4bfe3fd60d,narration_entity,3.06
eka_5e917e0dd536,calibration,,spk:12012e73b5,narration_entity,4.26
eka_442f0db48c32,calibration,,spk:b732586755,narration_entity,3.36
eka_8642c100d9ae,calibration,,spk:0ae6a7a872,narration_entity,3.66
eka_323329221c0d,test,,spk:74fd89f3d1,narration_entity,2.7
eka_84af7a137590,calibration,,spk:0ae6a7a872,narration_entity,4.8
eka_0eb3fdcfe0eb,calibration,,spk:0ae6a7a872,narration_entity,4.08
eka_86165e593ecf,test,,spk:74fd89f3d1,narration_entity,3.36
eka_5213d2177e5a,validation,,spk:4bfe3fd60d,narration_entity,5.04
eka_7cd18d18cfa6,validation,,spk:4bfe3fd60d,narration_entity,5.82
eka_74361937c5fc,validation,md5_text_crosses_split,spk:4bfe3fd60d,narration_entity,3.24025
eka_f1d591c48c03,test,,spk:2e7b0d19e2,narration_entity,3.0
eka_e3086f3ac0f1,validation,md5_text_crosses_split,spk:4bfe3fd60d,narration_entity,4.08
eka_608af9f58bde,calibration,,spk:0ae6a7a872,narration_entity,3.96
eka_d35452e4fbac,validation,md5_text_crosses_split,spk:4bfe3fd60d,narration_entity,2.88
eka_86323d33765b,validation,,spk:4bfe3fd60d,narration_entity,4.56
eka_39074812585a,calibration,,spk:0ae6a7a872,narration_entity,3.42
eka_dac73976a9ee,test,,spk:2e7b0d19e2,narration_entity,3.48
eka_79d125795523,calibration,,spk:12012e73b5,narration_entity,2.04
eka_14d5dd92b866,calibration,,spk:12012e73b5,narration_entity,3.0
eka_41d6e6ec3792,calibration,,spk:12012e73b5,narration_entity,3.66
eka_1926043be9bd,test,,spk:356b8e2cef,narration_entity,2.82
eka_96be91ebf061,calibration,,spk:12012e73b5,narration_entity,2.88
eka_47fe5a620d23,calibration,,spk:0ae6a7a872,narration_entity,6.06
eka_5a16b5144514,validation,,spk:4bfe3fd60d,narration_entity,5.94
eka_77cf7a3bed11,validation,,spk:4bfe3fd60d,narration_entity,4.2
eka_c2cc0f1302ba,test,,spk:74fd89f3d1,narration_entity,3.72
eka_45c4db18f859,calibration,,spk:0ae6a7a872,narration_entity,4.68
eka_c7463a483d54,calibration,,spk:0ae6a7a872,narration_entity,4.5
eka_6776e7396508,calibration,,spk:0ae6a7a872,narration_entity,4.74
eka_f8941fb0db26,test,,spk:74fd89f3d1,narration_entity,3.24025
eka_2df67d1824fa,calibration,md5_text_crosses_split,spk:0ae6a7a872,narration_entity,3.12
eka_c480664accef,calibration,,spk:0ae6a7a872,narration_entity,3.42
eka_43a5741d8199,test,,spk:74fd89f3d1,narration_entity,2.16
eka_ba9c18fe3829,validation,,spk:4bfe3fd60d,narration_entity,6.12
eka_efcca289df81,test,,spk:356b8e2cef,narration_entity,1.98
eka_dcafec92dcb2,calibration,,spk:12012e73b5,narration_entity,3.06
eka_9aac8e239564,calibration,,spk:0ae6a7a872,narration_entity,4.44
eka_ac405c603820,validation,,spk:4bfe3fd60d,narration_entity,4.14
eka_e1e13d8179ba,calibration,,spk:0ae6a7a872,narration_entity,4.98
eka_ce06fca5137d,test,,spk:2e7b0d19e2,narration_entity,3.3
eka_cd45034ab5ef,validation,,spk:4bfe3fd60d,narration_entity,3.54
eka_f5fef6cf6146,test,,spk:356b8e2cef,narration_entity,2.34
eka_061d512d6357,test,,spk:2e7b0d19e2,narration_entity,2.7
eka_c76365eefb6c,test,,spk:2e7b0d19e2,narration_entity,3.66
eka_3d7158dedc51,calibration,,spk:0ae6a7a872,narration_entity,7.26
eka_b546e59e954a,calibration,md5_text_crosses_split,spk:a753f76da4,narration_entity,3.113375
eka_5ce45055adcc,calibration,md5_text_crosses_split,spk:0ae6a7a872,narration_entity,3.42
eka_9d284f4caeb9,calibration,md5_text_crosses_split,spk:0ae6a7a872,narration_entity,4.32
eka_ec05c214a2db,calibration,,spk:0ae6a7a872,narration_entity,4.92
eka_ad0cefdf437d,validation,,spk:4bfe3fd60d,narration_entity,3.18
eka_30d53d8c37b0,calibration,,spk:a753f76da4,narration_entity,2.4946875
eka_daa16025301f,calibration,,spk:0ae6a7a872,narration_entity,4.74
eka_101f61e9ca34,calibration,md5_text_crosses_split,spk:12012e73b5,narration_entity,2.22
eka_24d76b586afd,calibration,,spk:0ae6a7a872,narration_entity,3.0
eka_2f4c47cdf590,calibration,,spk:12012e73b5,narration_entity,2.1
eka_5ea45ab990d1,calibration,,spk:0ae6a7a872,narration_entity,4.86
eka_5edc3f2bac97,test,,spk:74fd89f3d1,narration_entity,5.58
eka_70a32fab5635,test,,spk:74fd89f3d1,narration_entity,3.12
eka_d3f38fb138e4,calibration,,spk:12012e73b5,narration_entity,7.14
eka_6ce9787b03dc,test,,spk:2e7b0d19e2,narration_entity,4.92
eka_71f994c792cd,validation,,spk:4bfe3fd60d,narration_entity,4.38
eka_c5e736b9ecc4,calibration,,spk:0ae6a7a872,narration_entity,3.6
eka_731bc079f53a,calibration,,spk:b732586755,narration_entity,2.22
eka_a0ff1819ab61,validation,,spk:4bfe3fd60d,narration_entity,7.74
eka_5f77d458f951,calibration,,spk:b732586755,narration_entity,1.92
eka_4a79c47a811e,calibration,,spk:0ae6a7a872,narration_entity,3.48
eka_78608cfc74a5,calibration,,spk:0ae6a7a872,narration_entity,3.66
eka_e3a7ee8022ff,calibration,,spk:0ae6a7a872,narration_entity,7.38
eka_2c7e58dd5d46,calibration,,spk:12012e73b5,narration_entity,2.94
eka_9c4f7e8eff94,validation,,spk:4bfe3fd60d,narration_entity,3.78
eka_ee3563192945,test,,spk:2e7b0d19e2,narration_entity,3.06
eka_a1e11effcd2e,test,,spk:74fd89f3d1,narration_entity,5.4
eka_f40cf85b83fb,test,,spk:356b8e2cef,narration_entity,2.7
eka_9a68fb02520f,calibration,,spk:12012e73b5,narration_entity,2.46
eka_ae5bf04c890e,calibration,,spk:0ae6a7a872,narration_entity,4.02
eka_59672662f1be,calibration,,spk:0ae6a7a872,narration_entity,4.32
eka_08faf98d9a13,calibration,md5_text_crosses_split,spk:b732586755,narration_entity,3.78
eka_b7f0f422c9ca,test,,spk:e0bd894c6e,narration_entity,4.5
eka_0223c5421916,calibration,,spk:0ae6a7a872,narration_entity,4.2
eka_9f833b3b4576,test,,spk:74fd89f3d1,narration_entity,3.9
eka_bfa073a73c09,calibration,,spk:0ae6a7a872,narration_entity,6.54
eka_1872be7aafa7,calibration,,spk:12012e73b5,narration_entity,8.1
eka_884c09077040,test,,spk:74fd89f3d1,narration_entity,2.76
eka_836aa46c679e,calibration,,spk:12012e73b5,narration_entity,1.92
eka_61f567811b37,validation,,spk:4bfe3fd60d,narration_entity,4.08
eka_f3cee5b39ff3,test,,spk:74fd89f3d1,narration_entity,2.4
eka_c13a1e8edb5e,calibration,,spk:0ae6a7a872,narration_entity,4.56
eka_1972d7e22bc4,calibration,,spk:b732586755,narration_entity,3.78
eka_862d829554b0,test,,spk:74fd89f3d1,narration_entity,2.94
eka_8def740fc569,calibration,md5_text_crosses_split,spk:0ae6a7a872,narration_entity,3.42
eka_4770d71706a7,calibration,,spk:b732586755,narration_entity,3.24025
eka_f4982329279f,validation,,spk:4bfe3fd60d,narration_entity,4.08
eka_238643c31dfe,test,,spk:2e7b0d19e2,narration_entity,4.8
eka_1e69c3319e7e,calibration,,spk:12012e73b5,narration_entity,2.46
eka_a9d9404127c7,validation,,spk:4bfe3fd60d,narration_entity,4.56
eka_b85151507c7d,calibration,,spk:0ae6a7a872,narration_entity,5.4606875
eka_e69af8ea0d40,test,,spk:74fd89f3d1,narration_entity,3.24025
eka_7d4c673d736e,calibration,,spk:0ae6a7a872,narration_entity,3.78
eka_c0a434b5f6e6,calibration,,spk:0ae6a7a872,narration_entity,3.6
eka_0d6b645776ee,calibration,,spk:0ae6a7a872,narration_entity,4.02
eka_607c96784c18,calibration,,spk:0ae6a7a872,narration_entity,9.78
eka_97bfbe69b53d,validation,,spk:4bfe3fd60d,narration_entity,4.38
eka_1e12877f6fea,validation,,spk:4bfe3fd60d,narration_entity,3.18
eka_bb727113ea6e,validation,,spk:4bfe3fd60d,narration_entity,4.68
eka_95c23a30715a,test,,spk:74fd89f3d1,narration_entity,6.6
eka_a9779588d744,test,,spk:74fd89f3d1,narration_entity,3.24025
eka_ff28a0a1a0b6,test,,spk:74fd89f3d1,narration_entity,5.64
eka_be35a5e2da5c,validation,,spk:4bfe3fd60d,narration_entity,7.5
eka_bfe4228f9ec4,calibration,,spk:b732586755,narration_entity,6.78
eka_6c7d7bc6129a,calibration,,spk:0ae6a7a872,narration_entity,4.56
eka_4d9f5721b860,test,,spk:356b8e2cef,narration_entity,3.6
eka_6fd755db4978,calibration,,spk:a753f76da4,narration_entity,4.436
eka_181e7e7f27fe,validation,,spk:4bfe3fd60d,narration_entity,5.34
eka_27115b61d817,test,,spk:2e7b0d19e2,narration_entity,2.52
eka_cb73218075c2,test,,spk:356b8e2cef,narration_entity,4.62
eka_6d2415b39b19,calibration,,spk:0ae6a7a872,narration_entity,4.68
eka_9071354aa82b,calibration,,spk:0ae6a7a872,narration_entity,5.82
eka_e252c0048c3f,test,,spk:74fd89f3d1,narration_entity,5.22
eka_53c0c4dd5869,validation,,spk:4bfe3fd60d,narration_entity,4.32
eka_bfe2d8f7e03f,validation,,spk:4bfe3fd60d,narration_entity,4.2
eka_b526d7ff8f24,test,,spk:2e7b0d19e2,narration_entity,3.6
eka_89dde67ee2fd,calibration,md5_text_crosses_split,spk:0ae6a7a872,narration_entity,2.88
eka_dcda107f5556,test,,spk:2e7b0d19e2,narration_entity,4.38
eka_153f3cad6192,calibration,,spk:0ae6a7a872,narration_entity,2.58
eka_883325f05918,calibration,,spk:12012e73b5,narration_entity,2.7
eka_d66bb8df68a6,validation,,spk:4bfe3fd60d,narration_entity,3.42
eka_b8722358ded1,calibration,,spk:b732586755,narration_entity,2.34
eka_e245495bcb4d,test,,spk:74fd89f3d1,narration_entity,3.66
eka_0b63fab722f2,calibration,,spk:0ae6a7a872,narration_entity,4.14
eka_0da2bfe733d6,test,,spk:74fd89f3d1,narration_entity,4.68
eka_b9a6e79daa12,calibration,,spk:12012e73b5,narration_entity,3.54
eka_eaf781918480,calibration,,spk:0ae6a7a872,narration_entity,4.32
eka_43f967f4e8ff,validation,,spk:4bfe3fd60d,narration_entity,2.94
eka_a05bf9c54470,calibration,,spk:0ae6a7a872,narration_entity,5.82
eka_f3902e57f0a2,test,,spk:356b8e2cef,narration_entity,3.54
eka_f1d01bbd4d84,calibration,md5_text_crosses_split,spk:12012e73b5,narration_entity,2.16
eka_97f1061915c7,validation,md5_text_crosses_split,spk:4bfe3fd60d,narration_entity,3.84
eka_fd909f6822d9,validation,,spk:4bfe3fd60d,narration_entity,3.36
eka_98dd3a960360,test,,spk:2e7b0d19e2,narration_entity,3.78
eka_ec9449003655,calibration,,spk:0ae6a7a872,narration_entity,4.74
eka_ae8a67a4cdbb,calibration,,spk:5de4ebcca6,narration_sentence,17.39175
eka_cbd3e6d76738,calibration,,spk:5de4ebcca6,narration_sentence,16.741625
eka_9e3d25908451,calibration,,spk:5de4ebcca6,narration_sentence,12.3530625
eka_cb5062995f39,calibration,,spk:5de4ebcca6,narration_sentence,14.8724375
eka_cf863f08c058,calibration,session_id_crosses_split,spk:5de4ebcca6,narration_sentence,10.3213125
eka_e117f25bcbbb,calibration,,spk:5de4ebcca6,narration_sentence,16.0101875
eka_1e9d08983916,calibration,,spk:5de4ebcca6,narration_sentence,13.3283125
eka_0e66e60593d7,calibration,,spk:5de4ebcca6,narration_sentence,11.3778125
eka_a5bc0cd64fe8,calibration,,spk:5de4ebcca6,narration_sentence,14.0596875
eka_f7f4aecdf15f,calibration,,spk:5de4ebcca6,narration_sentence,19.5860625
eka_599fe0cb7720,calibration,,spk:5de4ebcca6,narration_sentence,17.22925
eka_4607bcb7e588,calibration,,spk:5de4ebcca6,narration_sentence,18.773375
eka_04491099b8b3,calibration,,spk:5de4ebcca6,narration_sentence,14.22225
eka_22a4a0029e07,calibration,,spk:5de4ebcca6,narration_sentence,21.0489375
eka_7187df42bd57,calibration,,spk:5de4ebcca6,narration_sentence,15.36
eka_f02a4b0c3417,validation,,spk:782938a925,narration_sentence,13.28
eka_927b6d61daf6,validation,,spk:782938a925,narration_sentence,12.32
eka_5ce8054067e1,validation,,spk:782938a925,narration_sentence,13.2
eka_a3647106aa09,validation,md5_text_crosses_split,spk:782938a925,narration_sentence,17.6
eka_e751c72981bc,calibration,,spk:5de4ebcca6,narration_sentence,29.988625
eka_2f0a67c5244d,validation,,spk:782938a925,narration_sentence,11.52
eka_dcbca16b53ec,validation,,spk:782938a925,narration_sentence,12.32
eka_06c9b3677f0c,validation,,spk:782938a925,narration_sentence,11.92
eka_fb9ed19bd34c,validation,,spk:782938a925,narration_sentence,14.88
eka_760d8c42e7ff,validation,,spk:782938a925,narration_sentence,16.8
eka_959ab9f06455,validation,,spk:782938a925,narration_sentence,15.76
eka_5d24617d0d91,validation,,spk:782938a925,narration_sentence,14.8
eka_fd9346657afd,validation,,spk:782938a925,narration_sentence,16.96
eka_70ca55b4a81a,validation,md5_text_crosses_split,spk:782938a925,narration_sentence,10.72
eka_99a563817e25,validation,,spk:782938a925,narration_sentence,15.12
eka_cb4e4b2c5f39,validation,,spk:782938a925,narration_sentence,13.84
eka_9bc01fda84d5,validation,,spk:782938a925,narration_sentence,18.16
eka_f5e54f9b4413,validation,,spk:782938a925,narration_sentence,13.6
eka_86337f77deed,validation,,spk:782938a925,narration_sentence,15.44
eka_70c1535b4e9f,validation,,spk:782938a925,narration_sentence,14.24
eka_be912b90374a,calibration,,spk:5de4ebcca6,narration_sentence,15.4413125
eka_c8b45593a639,validation,,spk:f64f71efea,narration_sentence,15.28
eka_9721db103eef,calibration,,spk:5de4ebcca6,narration_sentence,15.6038125
eka_996e0a8485f8,validation,md5_text_crosses_split,spk:f64f71efea,narration_sentence,9.76
eka_62c7ba0712df,validation,,spk:f64f71efea,narration_sentence,8.96
eka_a31da1d09281,validation,,spk:f64f71efea,narration_sentence,14.56
eka_cea64d655868,validation,,spk:f64f71efea,narration_sentence,9.92
eka_bb7bd68ce9c2,validation,,spk:f64f71efea,narration_sentence,12.8
eka_9dc4e651dbde,validation,,spk:f64f71efea,narration_sentence,14.0
eka_291b342e7edb,validation,,spk:f64f71efea,narration_sentence,18.0
eka_97ed0438dba6,validation,,spk:f64f71efea,narration_sentence,12.24
eka_3e07578ad49a,validation,md5_text_crosses_split,spk:f64f71efea,narration_sentence,15.12
eka_ee5c4a923c43,validation,,spk:f64f71efea,narration_sentence,15.04
eka_6129ff5e988b,validation,,spk:f64f71efea,narration_sentence,16.72
eka_a4dbc233c8e2,validation,,spk:f64f71efea,narration_sentence,12.88
eka_fcc5dba570f4,validation,,spk:f64f71efea,narration_sentence,11.44
eka_a667966a6048,validation,,spk:f64f71efea,narration_sentence,13.84
eka_8fcb06f36443,validation,,spk:782938a925,narration_sentence,17.68
eka_54ffbf1b44b1,validation,,spk:f64f71efea,narration_sentence,11.12
eka_51d3460ab020,validation,,spk:f64f71efea,narration_sentence,12.4
eka_302d888eea38,validation,,spk:f64f71efea,narration_sentence,15.36
eka_3fbe26e312d7,validation,,spk:f64f71efea,narration_sentence,13.36
eka_c6c325e11e18,calibration,,spk:5de4ebcca6,narration_sentence,15.6038125
eka_b0dce9c45a09,calibration,,spk:5de4ebcca6,narration_sentence,18.4483125
eka_e5d2897d09ba,calibration,,spk:5de4ebcca6,narration_sentence,21.0489375
eka_4a295d684b4f,calibration,,spk:5de4ebcca6,narration_sentence,17.3105
eka_7fbc781bab81,calibration,md5_text_crosses_split,spk:5de4ebcca6,narration_sentence,12.678125
eka_5037160daab0,calibration,,spk:5de4ebcca6,narration_sentence,17.39175
eka_207234c0b99d,calibration,,spk:5de4ebcca6,narration_sentence,13.815875
eka_effae8430fa3,calibration,,spk:5de4ebcca6,narration_sentence,20.39875
eka_b4dd6cfbcd67,calibration,,spk:5de4ebcca6,narration_sentence,13.572125
eka_8c120d107b3e,calibration,,spk:5de4ebcca6,narration_sentence,11.7841875
eka_dca6ec141350,calibration,,spk:5de4ebcca6,narration_sentence,14.709875
eka_7caf9c1066d6,validation,,spk:f64f71efea,narration_sentence,11.2
eka_a025bb06a250,validation,session_id_crosses_split,spk:f64f71efea,narration_sentence,11.28
eka_1c3dd8c7cd8b,validation,,spk:f64f71efea,narration_sentence,13.52
eka_5bd7672e613d,validation,,spk:f64f71efea,narration_sentence,11.12
eka_804a6769c726,validation,,spk:f64f71efea,narration_sentence,13.2
eka_f19ff21fb8a6,calibration,,spk:5de4ebcca6,narration_sentence,20.886375
eka_8518a4bb80dc,validation,,spk:782938a925,narration_sentence,15.52
eka_3683083385ba,test,,spk:df082f523d,narration_sentence,20.32
eka_65c3826068b9,validation,,spk:782938a925,narration_sentence,15.12
eka_4316fe3f28f2,test,,spk:d5927aa8de,narration_sentence,18.6108125
eka_2e6e74138c88,test,,spk:d5927aa8de,narration_sentence,21.29275
eka_1cd10f57051a,test,,spk:d5927aa8de,narration_sentence,24.1371875
eka_963b7f2a54a1,test,,spk:d5927aa8de,narration_sentence,19.0984375
eka_dc0a590b1f88,test,,spk:d5927aa8de,narration_sentence,17.3105
eka_2bc5743e4516,test,,spk:d5927aa8de,narration_sentence,19.0984375
eka_9ed8dc8d2e84,test,,spk:d5927aa8de,narration_sentence,20.967625
eka_5d2afb66ca60,test,,spk:d5927aa8de,narration_sentence,20.3175
eka_baa39ce4fb85,test,,spk:d5927aa8de,narration_sentence,22.51175
eka_008e19ac2dec,test,,spk:d5927aa8de,narration_sentence,18.5295625
eka_281e48af85cd,test,,spk:d5927aa8de,narration_sentence,14.141
eka_81cdffb5b2ef,test,,spk:d5927aa8de,narration_sentence,17.3105
eka_207fa21598f9,test,,spk:d5927aa8de,narration_sentence,11.702875
eka_627d22cb2a60,test,,spk:d5927aa8de,narration_sentence,17.39175
eka_80447e0add5c,test,,spk:d5927aa8de,narration_sentence,18.28575
eka_76590c283aa0,test,,spk:d5927aa8de,narration_sentence,15.11625
eka_faaa673fec84,test,,spk:d5927aa8de,narration_sentence,19.0984375
eka_d11e199d87b3,test,,spk:d5927aa8de,narration_sentence,22.1054375
eka_934c1f293414,test,,spk:d5927aa8de,narration_sentence,16.4978125
eka_eef2e54e707c,test,,spk:d5927aa8de,narration_sentence,13.572125
eka_d81ef49949d4,test,,spk:df082f523d,narration_sentence,0.64
eka_415579a0fbfe,validation,,spk:f64f71efea,narration_sentence,14.32
eka_23f3ce69b61c,test,,spk:df082f523d,narration_sentence,20.16
eka_a779ce0a89c4,test,,spk:df082f523d,narration_sentence,15.44
eka_0bb300e24ed5,test,,spk:df082f523d,narration_sentence,15.76
eka_731f890754d8,test,,spk:df082f523d,narration_sentence,14.56
eka_2a184a3253c2,test,,spk:df082f523d,narration_sentence,23.6
eka_60958ea063ec,test,,spk:d5927aa8de,narration_sentence,19.4235
eka_f9160e811ee7,test,,spk:df082f523d,narration_sentence,14.48
eka_db7ffde0ccab,test,,spk:d5927aa8de,narration_sentence,12.8406875
eka_94f3c737305c,test,,spk:d5927aa8de,narration_sentence,15.36
eka_31b78713d5f5,test,,spk:d5927aa8de,narration_sentence,19.4235
eka_5fc63e1a2c8a,test,,spk:d5927aa8de,narration_sentence,10.15875
eka_a7cb21ac2326,test,,spk:d5927aa8de,narration_sentence,20.5613125
eka_0e40411997ef,test,,spk:d5927aa8de,narration_sentence,19.0984375
eka_af5c0dbf1d00,test,,spk:d5927aa8de,narration_sentence,13.8971875
eka_ad9f9dcc270a,test,,spk:d5927aa8de,narration_sentence,16.9041875
eka_6a0afc05493e,validation,,spk:782938a925,narration_sentence,18.72
eka_1c181b21e750,test,,spk:d5927aa8de,narration_sentence,15.6038125
eka_3bcfb2e5c118,validation,,spk:d9b01ee263,narration_sentence,18.5295625
eka_873e67e482a3,validation,,spk:d9b01ee263,narration_sentence,13.16575
eka_b2414a00ad5d,validation,,spk:d9b01ee263,narration_sentence,15.847625
eka_874f08749f7c,validation,session_id_crosses_split,spk:d9b01ee263,narration_sentence,13.16575
eka_3a1fbbd8f6b6,validation,,spk:d9b01ee263,narration_sentence,16.254
eka_eb1ed01d3f32,validation,,spk:d9b01ee263,narration_sentence,12.3530625
eka_c04bd9db7e7a,validation,,spk:d9b01ee263,narration_sentence,14.4660625
eka_5ad8767ac0b5,validation,,spk:d9b01ee263,narration_sentence,14.791125
eka_95d4fcc666fd,validation,,spk:d9b01ee263,narration_sentence,16.33525
eka_8297f48fda10,validation,,spk:d9b01ee263,narration_sentence,17.0666875
eka_3a42e507f374,validation,,spk:782938a925,narration_sentence,10.08
eka_3e7061729362,validation,,spk:782938a925,narration_sentence,13.68
eka_30f5abaf5a6e,validation,,spk:782938a925,narration_sentence,11.36
eka_5ac1f6bf6c02,validation,,spk:782938a925,narration_sentence,11.76
eka_4db7cb4eca6f,validation,,spk:782938a925,narration_sentence,15.44
eka_7b0c21434969,validation,,spk:782938a925,narration_sentence,15.52
eka_9e6735901604,validation,,spk:782938a925,narration_sentence,12.24
eka_3d126d472ac4,validation,,spk:782938a925,narration_sentence,15.36
eka_eef0b1c1c3dc,validation,,spk:d9b01ee263,narration_sentence,16.33525
eka_f4900418be39,validation,,spk:d9b01ee263,narration_sentence,18.935875
eka_993c7cdf246a,validation,,spk:d9b01ee263,narration_sentence,17.1479375
eka_d9058adb110f,validation,,spk:d9b01ee263,narration_sentence,17.4730625
eka_b05f75943bf8,validation,,spk:d9b01ee263,narration_sentence,15.1975
eka_8fe2bb41a6f4,validation,,spk:d9b01ee263,narration_sentence,18.2045
eka_5aefd433fb6b,validation,,spk:d9b01ee263,narration_sentence,14.4660625
eka_c3c7ec5b1d01,validation,session_id_crosses_split,spk:d9b01ee263,narration_sentence,10.9714375
eka_c0e457958522,validation,,spk:d9b01ee263,narration_sentence,12.4343125
eka_bd1af70b876c,validation,,spk:d9b01ee263,narration_sentence,17.39175
eka_09032d3bec1a,validation,,spk:d9b01ee263,narration_sentence,14.3848125
eka_91d96d042ea6,validation,,spk:d9b01ee263,narration_sentence,13.3283125
eka_d2a4ff408673,validation,,spk:d9b01ee263,narration_sentence,18.2045
eka_87ba7981da01,validation,,spk:d9b01ee263,narration_sentence,15.9289375
eka_d89c87cbd42e,validation,,spk:d9b01ee263,narration_sentence,12.1905
eka_5008e30de3ae,validation,,spk:d9b01ee263,narration_sentence,16.4165625
eka_ad055240ef6a,validation,,spk:d9b01ee263,narration_sentence,18.0419375
eka_1b73559e8d29,validation,,spk:d9b01ee263,narration_sentence,19.261
eka_33cbba30014a,validation,,spk:d9b01ee263,narration_sentence,16.17275
eka_bf29fff0ddd8,validation,,spk:d9b01ee263,narration_sentence,10.9714375
eka_06f06edf380f,validation,,spk:f64f71efea,narration_sentence,12.0
eka_c2ba4ed25029,test,,spk:43a68ef3cb,narration_sentence,15.44
eka_5493b5fa3be0,validation,,spk:f64f71efea,narration_sentence,10.4
eka_00ed998f1abb,calibration,,spk:5f4c2e83e6,narration_sentence,12.0
eka_2107a3605115,calibration,,spk:5f4c2e83e6,narration_sentence,15.36
eka_000bb43d3efd,calibration,session_id_crosses_split,spk:5f4c2e83e6,narration_sentence,14.08
eka_b8eb36f152e3,calibration,,spk:5f4c2e83e6,narration_sentence,14.32
eka_daa1563af842,calibration,,spk:5f4c2e83e6,narration_sentence,19.6
eka_4f04f9e0ea33,calibration,,spk:5f4c2e83e6,narration_sentence,18.32
eka_b6ae22fe26a8,calibration,,spk:5f4c2e83e6,narration_sentence,11.36
eka_c3027cd05038,calibration,,spk:5f4c2e83e6,narration_sentence,12.48
eka_a7dde029321e,calibration,,spk:5f4c2e83e6,narration_sentence,15.6
eka_0d7e63dacefb,calibration,,spk:5f4c2e83e6,narration_sentence,13.52
eka_ef0630868e51,calibration,,spk:5f4c2e83e6,narration_sentence,15.6
eka_b888eb525aab,calibration,,spk:5f4c2e83e6,narration_sentence,10.08
eka_eaa680dfcf01,calibration,,spk:5f4c2e83e6,narration_sentence,12.48
eka_f2f28498a543,calibration,,spk:5f4c2e83e6,narration_sentence,11.68
eka_f2e3d4711b99,calibration,,spk:5f4c2e83e6,narration_sentence,17.68
eka_e50e8004dfd8,calibration,,spk:5f4c2e83e6,narration_sentence,14.24
eka_664f2336b7ee,calibration,,spk:5f4c2e83e6,narration_sentence,9.04
eka_778acb1e51fb,calibration,,spk:5f4c2e83e6,narration_sentence,9.28
eka_f5462449274e,calibration,,spk:5f4c2e83e6,narration_sentence,14.08
eka_bf9a17f3d055,test,,spk:3d0551403f,narration_sentence,19.0171875
eka_5d67c7a4424c,test,,spk:3d0551403f,narration_sentence,11.9466875
eka_deedf96531b6,test,,spk:3d0551403f,narration_sentence,17.22925
eka_56031239830a,test,,spk:3d0551403f,narration_sentence,13.572125
eka_987eb219af02,test,,spk:3d0551403f,narration_sentence,22.6743125
eka_f905d47517fd,test,,spk:3d0551403f,narration_sentence,17.5543125
eka_a3f9cfdba45d,test,,spk:3d0551403f,narration_sentence,21.1301875
eka_65cc8375461b,calibration,,spk:5f4c2e83e6,narration_sentence,14.24
eka_a871cfc9aa22,test,,spk:3d0551403f,narration_sentence,16.0914375
eka_253f3261dc8e,test,,spk:3d0551403f,narration_sentence,20.6425625
eka_e77bebc0b44b,test,,spk:3d0551403f,narration_sentence,15.0349375
eka_70641f5e4909,test,,spk:3d0551403f,narration_sentence,19.0171875
eka_4fc566f9fbda,test,,spk:3d0551403f,narration_sentence,15.27875
eka_6f76cd179b49,test,,spk:3d0551403f,narration_sentence,17.1479375
eka_f7fabd6fd2a4,test,,spk:3d0551403f,narration_sentence,15.766375
eka_cb1280987f04,test,,spk:3d0551403f,narration_sentence,12.8406875
eka_082163d28bce,test,,spk:3d0551403f,narration_sentence,18.0419375
eka_2e2a17dbeecb,calibration,,spk:5f4c2e83e6,narration_sentence,20.48
eka_9cf84d7aa892,calibration,,spk:5f4c2e83e6,narration_sentence,15.2
eka_d8b514a17e84,calibration,session_id_crosses_split,spk:5f4c2e83e6,narration_sentence,14.56
eka_4b7269b0cefc,test,,spk:43a68ef3cb,narration_sentence,13.2
eka_9e4f2eed54f6,test,,spk:43a68ef3cb,narration_sentence,14.4
eka_16c1c4e24de4,test,,spk:43a68ef3cb,narration_sentence,12.96
eka_b98114a328c6,test,,spk:43a68ef3cb,narration_sentence,14.72
eka_361197fc8ddf,test,,spk:43a68ef3cb,narration_sentence,15.04
eka_1c6d617d7932,test,,spk:43a68ef3cb,narration_sentence,13.68
eka_c1a88e5776b0,test,,spk:43a68ef3cb,narration_sentence,17.84
eka_9e00ca350e85,test,,spk:43a68ef3cb,narration_sentence,14.32
eka_f260c0a67c6c,test,,spk:43a68ef3cb,narration_sentence,12.88
eka_ed0dc91fb15b,test,,spk:43a68ef3cb,narration_sentence,8.08
eka_6062fc4b4017,test,,spk:43a68ef3cb,narration_sentence,11.6
eka_d76cf1dc285e,test,,spk:43a68ef3cb,narration_sentence,12.96
eka_97926ea6dfa3,test,,spk:43a68ef3cb,narration_sentence,14.64
eka_05e5b7760fbc,test,,spk:43a68ef3cb,narration_sentence,12.8
eka_f830fb13c5ee,test,,spk:43a68ef3cb,narration_sentence,21.84
eka_d51549553471,test,,spk:df082f523d,narration_sentence,0.72
eka_b735b6fcc81c,test,,spk:43a68ef3cb,narration_sentence,12.56
eka_33066e9372f4,test,,spk:3d0551403f,narration_sentence,15.6038125
eka_398631bdf142,test,,spk:43a68ef3cb,narration_sentence,13.76
eka_9a8f75f0e84b,test,,spk:43a68ef3cb,narration_sentence,11.92
eka_85f9d20dc80a,calibration,,spk:5f4c2e83e6,narration_sentence,19.28
eka_729b411d508f,calibration,,spk:5f4c2e83e6,narration_sentence,15.76
eka_e5abf2a419fa,calibration,,spk:5f4c2e83e6,narration_sentence,16.24
eka_874dc0a31104,calibration,,spk:5f4c2e83e6,narration_sentence,16.96
eka_7db8d2b0af6c,calibration,,spk:5f4c2e83e6,narration_sentence,15.28
eka_cfd2bc135090,calibration,,spk:5f4c2e83e6,narration_sentence,14.64
eka_ae900cc4c380,calibration,,spk:5f4c2e83e6,narration_sentence,12.0
eka_d18580c8b109,test,,spk:43a68ef3cb,narration_sentence,15.6
eka_753288a03444,calibration,,spk:5f4c2e83e6,narration_sentence,12.24
eka_50793811b04d,test,,spk:43a68ef3cb,narration_sentence,13.52
eka_a08ae9e4d689,test,,spk:43a68ef3cb,narration_sentence,17.84
eka_e72a9b2b518a,test,,spk:43a68ef3cb,narration_sentence,16.56
eka_cd0a654ee7ea,test,,spk:43a68ef3cb,narration_sentence,13.76
eka_9fb520cd9424,test,,spk:43a68ef3cb,narration_sentence,15.36
eka_f749d5fb2227,test,,spk:43a68ef3cb,narration_sentence,17.2
eka_db102638f633,test,,spk:43a68ef3cb,narration_sentence,8.96
eka_3437ae60b218,test,,spk:43a68ef3cb,narration_sentence,14.24
eka_d4adbd2a731b,validation,,spk:f64f71efea,narration_sentence,11.76
eka_079541cc7701,test,,spk:3d0551403f,narration_sentence,21.861625
eka_7e9dba0e3789,test,,spk:3d0551403f,narration_sentence,19.0984375
eka_00ff79bfe18e,calibration,,spk:2c99f771f3,narration_sentence,16.254
eka_db4deff19d70,calibration,,spk:2c99f771f3,narration_sentence,9.021
eka_33ace602fba6,calibration,,spk:2c99f771f3,narration_sentence,17.798125
eka_a39699b70c9c,calibration,,spk:2c99f771f3,narration_sentence,10.9714375
eka_e80e608bc0b0,calibration,,spk:2c99f771f3,narration_sentence,15.6038125
eka_fbe1285fd2a2,calibration,,spk:2c99f771f3,narration_sentence,19.5048125
eka_95a43555fef8,calibration,,spk:2c99f771f3,narration_sentence,11.4590625
eka_8da9dfc0ff4a,calibration,,spk:2c99f771f3,narration_sentence,14.791125
eka_45d7c018de98,calibration,,spk:2c99f771f3,narration_sentence,17.879375
eka_1649ff195d02,calibration,,spk:2c99f771f3,narration_sentence,15.4413125
eka_54a37100dbd4,calibration,,spk:2c99f771f3,narration_sentence,13.572125
eka_44f41b460d07,calibration,,spk:2c99f771f3,narration_sentence,13.0031875
eka_77fb3c30ca7e,calibration,,spk:2c99f771f3,narration_sentence,13.9784375
eka_51493d34aae2,calibration,,spk:2c99f771f3,narration_sentence,0.5689375
eka_ed97df5e4b21,calibration,,spk:2c99f771f3,narration_sentence,17.798125
eka_b5c7b554593f,calibration,,spk:2c99f771f3,narration_sentence,14.8724375
eka_de4eed243c89,calibration,,spk:2c99f771f3,narration_sentence,13.4908125
eka_5858db585f48,calibration,,spk:2c99f771f3,narration_sentence,18.0419375
eka_176ee5546cf2,calibration,,spk:2c99f771f3,narration_sentence,16.4978125
eka_038f278b43ce,validation,,spk:f64f71efea,narration_sentence,14.4
eka_7e5cbc6f4602,validation,,spk:f64f71efea,narration_sentence,15.76
eka_50d9a65c1bc0,validation,,spk:f64f71efea,narration_sentence,12.72
eka_bb68a3f88d43,validation,,spk:f64f71efea,narration_sentence,11.2
eka_6c7413567490,calibration,,spk:2c99f771f3,narration_sentence,15.27875
eka_18f39bf0fdf1,calibration,,spk:2c99f771f3,narration_sentence,15.27875
eka_fdf7edc9ee5f,calibration,,spk:2c99f771f3,narration_sentence,14.709875
eka_1666f7ec4749,test,,spk:226a22ef6b,narration_sentence,15.44
eka_771dc1b8f574,calibration,,spk:2c99f771f3,narration_sentence,21.45525
eka_b361b118381d,calibration,,spk:2c99f771f3,narration_sentence,16.5790625
eka_0e4ba0f62e57,calibration,,spk:2c99f771f3,narration_sentence,18.773375
eka_6dfae330b3b4,calibration,,spk:2c99f771f3,narration_sentence,17.0666875
eka_f505a4437d0a,calibration,,spk:2c99f771f3,narration_sentence,17.5543125
eka_780f2aea5c02,calibration,,spk:2c99f771f3,narration_sentence,12.9219375
eka_902b1d03db04,calibration,,spk:2c99f771f3,narration_sentence,15.766375
eka_98a330fed2c4,calibration,,spk:2c99f771f3,narration_sentence,15.4413125
eka_d7237238d3e4,calibration,,spk:2c99f771f3,narration_sentence,11.702875
eka_b3837550c367,test,,spk:226a22ef6b,narration_sentence,12.08
eka_851c961556ee,test,,spk:226a22ef6b,narration_sentence,19.28
eka_d7deb0a4de86,test,,spk:226a22ef6b,narration_sentence,16.24
eka_1e3765660b26,test,,spk:226a22ef6b,narration_sentence,14.16
eka_0cc4b15163f3,test,,spk:226a22ef6b,narration_sentence,16.32
eka_20b766b673ce,test,,spk:226a22ef6b,narration_sentence,15.44
eka_62b1a3d74d2e,test,,spk:226a22ef6b,narration_sentence,11.44
eka_26ccb77fc6b5,test,,spk:226a22ef6b,narration_sentence,14.0
eka_b08916456912,test,,spk:226a22ef6b,narration_sentence,14.56
eka_4ff497853b4c,test,,spk:3d0551403f,narration_sentence,12.1905
eka_6204b9727cab,test,,spk:226a22ef6b,narration_sentence,15.6
eka_f9d0e153e4d4,test,,spk:3d0551403f,narration_sentence,20.5613125
eka_f4635214d9ed,test,,spk:3d0551403f,narration_sentence,22.6743125
eka_9ec6811d689e,test,,spk:3d0551403f,narration_sentence,16.33525
eka_16541bae9e89,test,,spk:3d0551403f,narration_sentence,21.5365625
eka_fe1316dc295d,test,,spk:3d0551403f,narration_sentence,19.0171875
eka_a978ef675d55,test,,spk:3d0551403f,narration_sentence,19.748625
eka_9c8cfa5f6ec0,test,,spk:3d0551403f,narration_sentence,17.0666875
eka_923e4f5812d5,test,,spk:3d0551403f,narration_sentence,25.6
eka_616304ea205a,test,,spk:3d0551403f,narration_sentence,16.17275
eka_0331b82a762c,test,,spk:3d0551403f,narration_sentence,11.2965625
eka_a6150c71dd15,test,,spk:226a22ef6b,narration_sentence,14.72
eka_04311a7c35ed,test,,spk:226a22ef6b,narration_sentence,14.64
eka_487f2e31c756,test,,spk:226a22ef6b,narration_sentence,15.12
eka_eae9d7f55b52,test,,spk:226a22ef6b,narration_sentence,22.32
eka_339915778420,test,,spk:226a22ef6b,narration_sentence,15.52
eka_d72b05c21f4e,test,,spk:226a22ef6b,narration_sentence,12.64
eka_468328339461,test,,spk:226a22ef6b,narration_sentence,14.56
eka_d3f9a9f20e14,test,,spk:226a22ef6b,narration_sentence,15.28
eka_f52004af8dd2,test,,spk:226a22ef6b,narration_sentence,14.64
eka_0ce7298dcf55,test,,spk:226a22ef6b,narration_sentence,9.12
eka_0b612b8f2329,test,,spk:226a22ef6b,narration_sentence,7.68
eka_ef4603f90ff6,test,,spk:226a22ef6b,narration_sentence,18.16
eka_ba1f28f95623,test,,spk:226a22ef6b,narration_sentence,9.76
eka_5c7231bdd194,test,,spk:226a22ef6b,narration_sentence,8.0
eka_099284eb0f6c,test,,spk:226a22ef6b,narration_sentence,13.84
eka_c91b0ef5e8ad,test,,spk:226a22ef6b,narration_sentence,12.32
eka_fd613b91c5c8,test,,spk:226a22ef6b,narration_sentence,16.96
eka_b49ce0691cb7,test,,spk:226a22ef6b,narration_sentence,13.2
eka_933c690e2619,test,,spk:226a22ef6b,narration_sentence,9.36
eka_9a43bb585369,test,,spk:df082f523d,narration_sentence,15.28
eka_8d33733f6398,test,,spk:df082f523d,narration_sentence,18.0
eka_d7f0d21aa499,test,,spk:43a68ef3cb,narration_sentence,18.72
eka_396ad3b782b3,test,,spk:df082f523d,narration_sentence,13.04
eka_e42fae58f24a,test,,spk:90ca53d5e2,narration_sentence,15.28
eka_de655a5e8858,test,,spk:90ca53d5e2,narration_sentence,14.48
eka_bdc0bd0d20d9,test,,spk:90ca53d5e2,narration_sentence,17.2
eka_9db512759c64,calibration,,spk:1700d024a1,narration_sentence,12.9219375
eka_9b525b3ec885,calibration,,spk:1700d024a1,narration_sentence,15.1975
eka_615613c3a953,calibration,,spk:1700d024a1,narration_sentence,13.3283125
eka_4980452382e3,calibration,,spk:1700d024a1,narration_sentence,13.16575
eka_6da5c6cf2580,calibration,,spk:1700d024a1,narration_sentence,14.4660625
eka_496d00988255,calibration,,spk:1700d024a1,narration_sentence,13.8971875
eka_da8264d6e8c8,calibration,,spk:1700d024a1,narration_sentence,13.572125
eka_e5878a6cd640,calibration,,spk:1700d024a1,narration_sentence,11.7841875
eka_6986d6f9d393,calibration,,spk:1700d024a1,narration_sentence,14.3035
eka_ddf5b4b3b9c9,calibration,,spk:1700d024a1,narration_sentence,14.3035
eka_936f31ce4675,calibration,,spk:1700d024a1,narration_sentence,16.4165625
eka_a12abc1d7bcb,calibration,,spk:1700d024a1,narration_sentence,1.0565625
eka_93e8176ba2fa,test,,spk:90ca53d5e2,narration_sentence,17.04
eka_aed2398fd99a,test,,spk:90ca53d5e2,narration_sentence,13.2
eka_14904a5106cd,test,,spk:90ca53d5e2,narration_sentence,20.4
eka_2b46597a2951,test,,spk:90ca53d5e2,narration_sentence,17.68
eka_3d180009c884,test,,spk:90ca53d5e2,narration_sentence,11.36
eka_0079a09ae686,test,,spk:90ca53d5e2,narration_sentence,13.76
eka_a789e227283e,test,,spk:90ca53d5e2,narration_sentence,16.24
eka_d720ecf9a6dd,test,,spk:90ca53d5e2,narration_sentence,13.76
eka_410722e04aa8,test,,spk:90ca53d5e2,narration_sentence,14.96
eka_3145b0d803bd,test,,spk:90ca53d5e2,narration_sentence,16.0
eka_fa91d5832ed0,test,,spk:90ca53d5e2,narration_sentence,13.84
eka_f6cf991904a4,calibration,,spk:1700d024a1,narration_sentence,14.791125
eka_b2518b6649e9,test,,spk:90ca53d5e2,narration_sentence,18.48
eka_21ac83e2b452,test,,spk:90ca53d5e2,narration_sentence,19.44
eka_0e29506b2f23,test,,spk:90ca53d5e2,narration_sentence,15.28
eka_20323826ce4e,test,,spk:90ca53d5e2,narration_sentence,17.52
eka_c5c1cfb8bb93,test,,spk:90ca53d5e2,narration_sentence,13.44
eka_8a055bddec56,test,,spk:90ca53d5e2,narration_sentence,19.52
eka_c6ed694d462f,test,,spk:90ca53d5e2,narration_sentence,22.56
eka_654acb469801,test,,spk:90ca53d5e2,narration_sentence,17.04
eka_3bc2653d79ef,test,,spk:90ca53d5e2,narration_sentence,18.64
eka_92b8d261e70d,calibration,,spk:1700d024a1,narration_sentence,8.695875
eka_62dcd697c2ee,calibration,,spk:1700d024a1,narration_sentence,9.1835
eka_3ce3faba1109,calibration,,spk:1700d024a1,narration_sentence,10.24
eka_16a3b0a01b00,test,,spk:df082f523d,narration_sentence,22.64
eka_0d2636c9422e,test,,spk:df082f523d,narration_sentence,16.72
eka_2ae9be844aba,test,,spk:df082f523d,narration_sentence,18.24
eka_0428819014fc,test,,spk:df082f523d,narration_sentence,0.8
eka_d5d4100c3ba0,test,,spk:df082f523d,narration_sentence,19.84
eka_5d12dead761b,test,,spk:df082f523d,narration_sentence,10.56
eka_db090ae77ec1,test,,spk:df082f523d,narration_sentence,16.8
eka_f4d6742e4e06,test,,spk:df082f523d,narration_sentence,13.04
eka_04bc620507ad,test,,spk:df082f523d,narration_sentence,16.4
eka_fccbba1e3d59,test,,spk:df082f523d,narration_sentence,16.72
eka_143e86bdb70e,test,,spk:df082f523d,narration_sentence,16.0
eka_85e31c54eb71,test,,spk:df082f523d,narration_sentence,19.92
eka_c1055183b435,test,,spk:df082f523d,narration_sentence,17.04
eka_f39113c0cc37,test,,spk:df082f523d,narration_sentence,18.8
eka_7fee333d227c,test,,spk:df082f523d,narration_sentence,15.84
eka_50e1b594b401,test,,spk:df082f523d,narration_sentence,16.72
eka_4cf8ecc5e5df,test,,spk:df082f523d,narration_sentence,16.8
eka_6fd492faa421,test,,spk:90ca53d5e2,narration_sentence,16.4
eka_57bc806cc211,test,,spk:df082f523d,narration_sentence,19.36
eka_834d2771c234,test,,spk:df082f523d,narration_sentence,13.92
eka_0a3b3d41821d,calibration,,spk:1700d024a1,narration_sentence,10.9714375
eka_f1b0834ce147,calibration,,spk:1700d024a1,narration_sentence,15.1975
eka_02cdcd177a79,calibration,,spk:1700d024a1,narration_sentence,13.815875
eka_69153aec5fc0,calibration,,spk:1700d024a1,narration_sentence,9.99625
eka_51c2355ae83d,calibration,,spk:1700d024a1,narration_sentence,11.8654375
eka_18bd275d49d6,calibration,,spk:1700d024a1,narration_sentence,16.4165625
eka_dd1e661fe038,calibration,,spk:1700d024a1,narration_sentence,11.621625
eka_40fe5a079628,test,,spk:df082f523d,narration_sentence,17.6
eka_34f3e48b57db,calibration,,spk:1700d024a1,narration_sentence,12.10925
eka_d983eb86c4c9,calibration,,spk:1700d024a1,narration_sentence,10.8901875
eka_9cf9a55053d1,calibration,,spk:1700d024a1,narration_sentence,16.17275
eka_c878915cd62c,calibration,,spk:1700d024a1,narration_sentence,13.4095625
eka_46424046738b,calibration,,spk:1700d024a1,narration_sentence,14.9536875
eka_b76dcc6749f5,calibration,,spk:1700d024a1,narration_sentence,13.247
eka_d6eede737b42,test,,spk:df082f523d,narration_sentence,16.24
eka_c373a50d5e6c,test,,spk:df082f523d,narration_sentence,0.72
eka_4178e4f7c838,calibration,,spk:1700d024a1,narration_sentence,12.8406875
eka_6310712c1813,test,,spk:90ca53d5e2,narration_sentence,14.64
eka_5426ddd5ae3c,test,,spk:90ca53d5e2,narration_sentence,13.84
eka_186d0af0f2a6,calibration,,spk:0261050c8e,narration_sentence,19.52
eka_81de4a697d3c,calibration,,spk:0261050c8e,narration_sentence,23.84
eka_1e6535c50133,calibration,,spk:0261050c8e,narration_sentence,14.48
eka_790fbe621249,calibration,,spk:0261050c8e,narration_sentence,18.24
eka_d7e511821688,calibration,,spk:0261050c8e,narration_sentence,14.16
eka_4128e56cc5c0,calibration,,spk:0261050c8e,narration_sentence,17.52
eka_21b869fdf9b1,calibration,,spk:0261050c8e,narration_sentence,23.68
eka_02abb019b022,calibration,,spk:0261050c8e,narration_sentence,14.08
eka_a779004dac3d,calibration,,spk:0261050c8e,narration_sentence,14.48
eka_5cf02bb5f936,calibration,,spk:0261050c8e,narration_sentence,15.68
eka_b1b8341c800f,calibration,,spk:0261050c8e,narration_sentence,16.56
eka_354599db19cb,calibration,,spk:0261050c8e,narration_sentence,11.04
eka_96f63e1f38a5,calibration,,spk:0261050c8e,narration_sentence,22.08
eka_a944e33866a3,calibration,,spk:0261050c8e,narration_sentence,19.68
eka_a302782dcae1,calibration,,spk:0261050c8e,narration_sentence,16.8
eka_931b57026936,test,,spk:90ca53d5e2,narration_sentence,11.6
eka_9b3f3c130043,test,,spk:90ca53d5e2,narration_sentence,13.04
eka_9e90998fbd06,test,,spk:90ca53d5e2,narration_sentence,16.0
eka_ec9f94fbab87,test,,spk:90ca53d5e2,narration_sentence,17.36
eka_aa3a28288a51,test,,spk:90ca53d5e2,narration_sentence,17.76
eka_cb3d8c5fc748,calibration,,spk:0261050c8e,narration_sentence,15.28
eka_af1b145a08d4,test,,spk:90ca53d5e2,narration_sentence,18.32
eka_480802bb81ef,calibration,,spk:0261050c8e,narration_sentence,18.56
eka_35ce645a0195,calibration,,spk:0261050c8e,narration_sentence,18.96
eka_06e49aa9513e,calibration,,spk:0261050c8e,narration_sentence,14.32
eka_ef1a73132bf5,calibration,,spk:0261050c8e,narration_sentence,14.08
eka_d962c49cf6f5,calibration,,spk:0261050c8e,narration_sentence,14.88
eka_1e80b2715a3b,calibration,,spk:0261050c8e,narration_sentence,15.2
eka_76557d0e292f,calibration,,spk:0261050c8e,narration_sentence,19.28
eka_ff59fc5fa0f5,calibration,,spk:0261050c8e,narration_sentence,15.12
eka_d6132363ffd6,calibration,,spk:0261050c8e,narration_sentence,16.48
eka_b086aaeb18bb,calibration,session_id_crosses_split,spk:0261050c8e,narration_sentence,15.84
eka_7938c13cc5bf,calibration,,spk:0261050c8e,narration_sentence,16.56
eka_14e43ef3a555,calibration,,spk:0261050c8e,narration_sentence,17.12
eka_d1bd4a60e361,calibration,,spk:0261050c8e,narration_sentence,15.6
eka_61a75ac328fc,calibration,,spk:0261050c8e,narration_sentence,13.92
eka_0088d2728126,calibration,,spk:0261050c8e,narration_sentence,13.92
eka_896fe055de2a,calibration,,spk:0261050c8e,narration_sentence,16.72
eka_3706be11fe2c,calibration,,spk:0261050c8e,narration_sentence,15.68
eka_94222306a115,calibration,,spk:0261050c8e,narration_sentence,21.04
eka_649a4744c227,calibration,,spk:0261050c8e,narration_sentence,17.12
eka_7f03c8f3f76c,test,,spk:43a68ef3cb,narration_sentence,14.64
eka_b4a035939c5a,validation,session_id_crosses_split,spk:ca3c605e2d,narration_sentence,14.709875
eka_72f07d189752,test,,spk:43a68ef3cb,narration_sentence,10.08
eka_1778f7156baa,calibration,,spk:e8806a8f41,narration_sentence,13.247
eka_973c32b71db5,calibration,,spk:e8806a8f41,narration_sentence,14.141
eka_fd692c419e31,calibration,,spk:e8806a8f41,narration_sentence,13.8971875
eka_9a14ca7b6e4d,calibration,,spk:e8806a8f41,narration_sentence,14.141
eka_d0f098039432,calibration,session_id_crosses_split,spk:e8806a8f41,narration_sentence,15.685125
eka_0f6076af08c1,calibration,,spk:e8806a8f41,narration_sentence,16.9041875
eka_92354c0f5630,calibration,,spk:e8806a8f41,narration_sentence,10.24
eka_3ac8b843618e,calibration,,spk:e8806a8f41,narration_sentence,9.508625
eka_cdd2e6f412c9,calibration,,spk:e8806a8f41,narration_sentence,12.9219375
eka_35192c05a627,calibration,,spk:e8806a8f41,narration_sentence,17.798125
eka_d73adc6ad7a4,calibration,,spk:e8806a8f41,narration_sentence,15.847625
eka_bcad4001fe96,calibration,,spk:e8806a8f41,narration_sentence,13.9784375
eka_7778aa185a27,calibration,,spk:e8806a8f41,narration_sentence,15.4413125
eka_4af6bf139ee5,calibration,session_id_crosses_split,spk:e8806a8f41,narration_sentence,15.1975
eka_7f78f8dced8a,calibration,,spk:e8806a8f41,narration_sentence,14.9536875
eka_dc7e608ff8f5,calibration,,spk:e8806a8f41,narration_sentence,12.9219375
eka_a44eb05b243d,calibration,,spk:e8806a8f41,narration_sentence,15.4413125
eka_4b5c00862527,calibration,,spk:e8806a8f41,narration_sentence,10.565125
eka_3d5c4acfeae9,calibration,,spk:e8806a8f41,narration_sentence,15.1975
eka_924bb3af090a,calibration,,spk:b84fb076fd,narration_sentence,10.0775
eka_d7e84f95551c,calibration,,spk:b84fb076fd,narration_sentence,10.0775
eka_61b30f69b913,calibration,,spk:b84fb076fd,narration_sentence,15.0349375
eka_76aeaf80d356,calibration,,spk:b84fb076fd,narration_sentence,13.9784375
eka_9b5d69dbb05a,calibration,,spk:e8806a8f41,narration_sentence,10.8901875
eka_36858fe10df1,calibration,,spk:b84fb076fd,narration_sentence,14.9536875
eka_cfd7c2e5183b,calibration,,spk:e8806a8f41,narration_sentence,15.766375
eka_84c06b13f764,calibration,,spk:e8806a8f41,narration_sentence,15.11625
eka_23390a9bd06b,test,,spk:1411e89d47,narration_sentence,13.44
eka_33402a9daf43,test,,spk:1411e89d47,narration_sentence,13.44
eka_ee5af72fba9c,test,,spk:1411e89d47,narration_sentence,16.08
eka_30dde724ff24,test,,spk:1411e89d47,narration_sentence,18.16
eka_0242ed04d116,test,,spk:1411e89d47,narration_sentence,18.8
eka_6398dae24e06,test,,spk:1411e89d47,narration_sentence,17.52
eka_c09ae25d8b2b,test,,spk:1411e89d47,narration_sentence,14.08
eka_76b4e08de451,test,,spk:1411e89d47,narration_sentence,14.88
eka_b172150fa8dc,test,,spk:1411e89d47,narration_sentence,11.44
eka_7dc4fdabd9a0,test,,spk:1411e89d47,narration_sentence,15.76
eka_49f8f5333fb9,test,,spk:1411e89d47,narration_sentence,17.12
eka_badd59b9c668,test,,spk:1411e89d47,narration_sentence,16.88
eka_31fc30744bc6,test,,spk:1411e89d47,narration_sentence,13.12
eka_0208e2d3e2ab,test,,spk:1411e89d47,narration_sentence,18.72
eka_d96e3944f82d,test,,spk:1411e89d47,narration_sentence,11.68
eka_6dd74c7ab664,calibration,,spk:e8806a8f41,narration_sentence,11.05275
eka_31da86f3c0e4,calibration,,spk:e8806a8f41,narration_sentence,15.36
eka_0e07aac44fb0,calibration,,spk:e8806a8f41,narration_sentence,15.9289375
eka_691fc5e4c75e,calibration,,spk:e8806a8f41,narration_sentence,15.6038125
eka_5cecfb6148b1,calibration,,spk:e8806a8f41,narration_sentence,15.0349375
eka_8e1db6ba3706,calibration,,spk:e8806a8f41,narration_sentence,10.4025625
eka_16e42f99d884,calibration,,spk:e8806a8f41,narration_sentence,19.0984375
eka_6e4750b7d316,calibration,,spk:e8806a8f41,narration_sentence,15.766375
eka_afba7eff19c9,calibration,,spk:e8806a8f41,narration_sentence,12.759375
eka_bd2290e87cd9,test,,spk:1411e89d47,narration_sentence,16.8
eka_0542faa765e0,calibration,,spk:b84fb076fd,narration_sentence,14.628625
eka_ea5d70aadfe5,calibration,,spk:b84fb076fd,narration_sentence,16.4978125
eka_f5aa281ba7b5,validation,,spk:e7179d2f31,narration_sentence,16.24
eka_9250d38bdce5,validation,,spk:e7179d2f31,narration_sentence,13.6
eka_fa426bd2a245,validation,,spk:e7179d2f31,narration_sentence,15.28
eka_7345dee5d537,validation,,spk:e7179d2f31,narration_sentence,17.2
eka_3fc38c46e9bd,validation,,spk:e7179d2f31,narration_sentence,19.92
eka_935b569fa3f4,validation,,spk:e7179d2f31,narration_sentence,14.32
eka_7f1b098f4ba5,validation,,spk:e7179d2f31,narration_sentence,12.4
eka_97ef71d889a1,validation,,spk:e7179d2f31,narration_sentence,20.8
eka_8585be1c99f1,validation,,spk:e7179d2f31,narration_sentence,21.52
eka_ea004b837089,validation,,spk:e7179d2f31,narration_sentence,18.88
eka_9699506dbdbe,validation,,spk:e7179d2f31,narration_sentence,21.2
eka_88857a4c533a,validation,,spk:e7179d2f31,narration_sentence,19.52
eka_8f77f14eded3,validation,,spk:e7179d2f31,narration_sentence,20.24
eka_31c86811f096,validation,,spk:e7179d2f31,narration_sentence,25.12
eka_0d3e6e58a6ef,validation,,spk:e7179d2f31,narration_sentence,17.6
eka_1576dda2fef8,validation,,spk:e7179d2f31,narration_sentence,16.56
eka_efee985fd96f,validation,,spk:e7179d2f31,narration_sentence,13.68
eka_a2a10172387a,validation,,spk:e7179d2f31,narration_sentence,10.64
eka_69aae1ea301d,validation,session_id_crosses_split,spk:e7179d2f31,narration_sentence,13.2
eka_23f1d67733cc,validation,,spk:e7179d2f31,narration_sentence,20.56
eka_ee1a44f03a63,validation,,spk:e7179d2f31,narration_sentence,16.08
eka_1c67bac28d81,validation,,spk:e7179d2f31,narration_sentence,17.68
eka_2524d93fbfb2,validation,,spk:e7179d2f31,narration_sentence,12.08
eka_fec1676e82dc,validation,,spk:e7179d2f31,narration_sentence,15.52
eka_0a7234541110,calibration,,spk:b84fb076fd,narration_sentence,13.572125
eka_7e3651ce2cf3,validation,,spk:e7179d2f31,narration_sentence,17.6
eka_4b03584475a0,validation,,spk:e7179d2f31,narration_sentence,21.12
eka_6675d62cf15e,calibration,,spk:b84fb076fd,narration_sentence,14.4660625
eka_19b22bf5d961,calibration,,spk:b84fb076fd,narration_sentence,13.4908125
eka_5686f6bc2b70,calibration,,spk:b84fb076fd,narration_sentence,17.6355625
eka_45e8d7a01a9c,calibration,,spk:b84fb076fd,narration_sentence,14.628625
eka_0e621c5b355f,calibration,,spk:b84fb076fd,narration_sentence,12.678125
eka_a5aa7e7fcf47,calibration,,spk:b84fb076fd,narration_sentence,14.3848125
eka_4ac0c8e5bcdd,calibration,,spk:b84fb076fd,narration_sentence,13.4908125
eka_e613716b615c,calibration,,spk:b84fb076fd,narration_sentence,11.3778125
eka_a855db03b6cc,calibration,,spk:b84fb076fd,narration_sentence,12.596875
eka_826926412f76,calibration,,spk:b84fb076fd,narration_sentence,12.10925
eka_b95999cd2575,calibration,,spk:b84fb076fd,narration_sentence,9.589875
eka_7a84e663e4c5,calibration,,spk:b84fb076fd,narration_sentence,19.34225
eka_6c35bc45262b,calibration,,spk:b84fb076fd,narration_sentence,15.0349375
eka_905bca48bd74,calibration,,spk:b84fb076fd,narration_sentence,13.572125
eka_17cd12731dce,calibration,,spk:b84fb076fd,narration_sentence,9.589875
eka_9245b0c4257c,calibration,,spk:b84fb076fd,narration_sentence,12.759375
eka_c6deea194b4a,calibration,,spk:b84fb076fd,narration_sentence,12.1905
eka_78575dd207ea,calibration,,spk:b84fb076fd,narration_sentence,11.3778125
eka_b0c38bfb13c8,calibration,,spk:b84fb076fd,narration_sentence,10.4025625
eka_448bd3c9b691,calibration,,spk:b84fb076fd,narration_sentence,11.540375
eka_c5e841ff4a6a,calibration,,spk:b84fb076fd,narration_sentence,15.0349375
eka_ba22d75d7b0a,calibration,,spk:b84fb076fd,narration_sentence,11.7841875
eka_5b5f63477571,calibration,,spk:b84fb076fd,narration_sentence,15.27875
eka_8bc113e087b6,validation,,spk:e7179d2f31,narration_sentence,15.28
eka_de5e855614cc,validation,,spk:e7179d2f31,narration_sentence,16.48
eka_5e7fb2cb8a53,test,,spk:1411e89d47,narration_sentence,13.04
eka_736336de1b00,test,,spk:1411e89d47,narration_sentence,14.64
eka_468196bc8aa9,test,,spk:28cb74abb7,narration_sentence,15.2
eka_b19d4030837c,test,,spk:28cb74abb7,narration_sentence,9.92
eka_08e0cb8c562e,test,,spk:28cb74abb7,narration_sentence,11.12
eka_95d12202a3e1,test,,spk:28cb74abb7,narration_sentence,10.08
eka_3e4e6c39e7b6,calibration,,spk:d0bf2ed3c3,narration_sentence,14.22225
eka_c95eee883e16,calibration,,spk:d0bf2ed3c3,narration_sentence,19.5860625
eka_f805e7cfdd1b,calibration,,spk:d0bf2ed3c3,narration_sentence,12.759375
eka_273378224cfb,calibration,,spk:d0bf2ed3c3,narration_sentence,16.17275
eka_48f61f1d84cd,calibration,,spk:d0bf2ed3c3,narration_sentence,19.829875
eka_866e6d6e5367,calibration,,spk:d0bf2ed3c3,narration_sentence,14.0596875
eka_84f7995c3e1f,calibration,,spk:d0bf2ed3c3,narration_sentence,12.8406875
eka_91ad4980a7cf,calibration,,spk:d0bf2ed3c3,narration_sentence,15.6038125
eka_be5db0680d12,calibration,,spk:d0bf2ed3c3,narration_sentence,18.6108125
eka_3260af505185,calibration,,spk:d0bf2ed3c3,narration_sentence,14.0596875
eka_0c73b1b9b04b,calibration,,spk:d0bf2ed3c3,narration_sentence,12.5155625
eka_8b94189b5bca,calibration,,spk:d0bf2ed3c3,narration_sentence,12.5155625
eka_9e6ca97282ed,calibration,,spk:d0bf2ed3c3,narration_sentence,14.791125
eka_f002ccb155b0,calibration,,spk:d0bf2ed3c3,narration_sentence,15.766375
eka_71bfa21b9eaa,calibration,,spk:d0bf2ed3c3,narration_sentence,13.734625
eka_587710931505,calibration,,spk:d0bf2ed3c3,narration_sentence,13.4095625
eka_cbf6ac5fa58a,calibration,,spk:d0bf2ed3c3,narration_sentence,11.702875
eka_eebfc257bce6,calibration,,spk:d0bf2ed3c3,narration_sentence,18.367
eka_00a2c9e4e5d2,calibration,,spk:d0bf2ed3c3,narration_sentence,14.3848125
eka_23e08a069ded,test,,spk:28cb74abb7,narration_sentence,18.32
eka_bf625b608056,calibration,,spk:d0bf2ed3c3,narration_sentence,15.11625
eka_ee7c88fde186,test,,spk:28cb74abb7,narration_sentence,13.76
eka_bcca5f202cd0,test,,spk:28cb74abb7,narration_sentence,11.52
eka_7a3873ac8b61,calibration,,spk:11c9649288,narration_sentence,14.16
eka_16461debf00b,test,,spk:28cb74abb7,narration_sentence,7.44
eka_95bec1ffe85a,test,,spk:28cb74abb7,narration_sentence,13.84
eka_bab5619701c3,test,,spk:28cb74abb7,narration_sentence,14.8
eka_97c19ccd0ee6,test,,spk:28cb74abb7,narration_sentence,13.68
eka_77b8d3db592b,test,,spk:28cb74abb7,narration_sentence,14.56
eka_dabaf8905578,test,,spk:28cb74abb7,narration_sentence,12.32
eka_6f878c91d0e3,test,,spk:28cb74abb7,narration_sentence,15.76
eka_40a91c6d6a47,test,,spk:28cb74abb7,narration_sentence,17.04
eka_1f9a47ee1eae,test,,spk:28cb74abb7,narration_sentence,13.12
eka_ef2e18cd57a1,test,,spk:28cb74abb7,narration_sentence,11.04
eka_21f3bd0bc96c,test,,spk:28cb74abb7,narration_sentence,11.52
eka_2e592e3048db,test,,spk:28cb74abb7,narration_sentence,16.88
eka_a59e987261bb,test,,spk:28cb74abb7,narration_sentence,14.96
eka_cd7c262df987,test,,spk:28cb74abb7,narration_sentence,10.64
eka_81e551088b63,test,,spk:28cb74abb7,narration_sentence,19.04
eka_b55660f4a4ca,test,,spk:28cb74abb7,narration_sentence,9.84
eka_400698f70747,test,,spk:28cb74abb7,narration_sentence,12.56
eka_e9232f1e56c4,test,,spk:28cb74abb7,narration_sentence,13.44
eka_d252250cf9da,test,,spk:28cb74abb7,narration_sentence,13.12
eka_09e8d543748c,test,,spk:28cb74abb7,narration_sentence,12.8
eka_39be5ff44cc1,test,,spk:28cb74abb7,narration_sentence,13.2
eka_b7cb546c3b2f,test,,spk:28cb74abb7,narration_sentence,10.08
eka_859d883cef5d,test,,spk:28cb74abb7,narration_sentence,10.48
eka_52cedf931ed0,test,,spk:1411e89d47,narration_sentence,15.2
eka_7443d5ed5ec6,calibration,,spk:d0bf2ed3c3,narration_sentence,13.247
eka_b97468196efe,calibration,,spk:d0bf2ed3c3,narration_sentence,17.5543125
eka_4cf41fb5521d,validation,,spk:ce31fb74c9,narration_sentence,8.127
eka_ed071a96ffb7,validation,,spk:ce31fb74c9,narration_sentence,15.4413125
eka_f70a024fec0d,validation,,spk:ce31fb74c9,narration_sentence,13.3283125
eka_0daccbd0f74c,validation,,spk:ce31fb74c9,narration_sentence,11.621625
eka_f80d3527479b,validation,,spk:ce31fb74c9,narration_sentence,11.540375
eka_7cb20a19e548,validation,,spk:ce31fb74c9,narration_sentence,14.3035
eka_2e2657cee492,validation,,spk:ce31fb74c9,narration_sentence,12.9219375
eka_37f15b013c5e,validation,,spk:ce31fb74c9,narration_sentence,14.9536875
eka_e7161d39570c,validation,,spk:ce31fb74c9,narration_sentence,11.621625
eka_2f3c0fdffc6f,validation,,spk:ce31fb74c9,narration_sentence,11.21525
eka_90c98a419d6e,validation,,spk:ce31fb74c9,narration_sentence,13.0031875
eka_572732eebc95,test,,spk:1411e89d47,narration_sentence,15.92
eka_d0bb03a9da03,test,,spk:1411e89d47,narration_sentence,16.64
eka_495a10018372,test,,spk:1411e89d47,narration_sentence,17.36
eka_ce91e83a139a,test,,spk:1411e89d47,narration_sentence,14.64
eka_56ef42070d90,test,,spk:1411e89d47,narration_sentence,16.88
eka_c5ffd7831d31,test,,spk:1411e89d47,narration_sentence,16.88
eka_13965ed88d7b,test,,spk:1411e89d47,narration_sentence,12.56
eka_c30d3a3e2b47,test,,spk:1411e89d47,narration_sentence,13.28
eka_35ca4f0a7bf5,test,,spk:1411e89d47,narration_sentence,13.28
eka_27981b36996a,test,,spk:1411e89d47,narration_sentence,13.28
eka_f24858859011,test,,spk:1411e89d47,narration_sentence,12.08
eka_952a029bf2cc,test,,spk:1411e89d47,narration_sentence,14.32
eka_6da03118f631,validation,,spk:ce31fb74c9,narration_sentence,11.702875
eka_c8f925d4bdf8,calibration,,spk:d0bf2ed3c3,narration_sentence,1.462875
eka_e25630215012,validation,,spk:ce31fb74c9,narration_sentence,11.4590625
eka_978dfc11e789,validation,,spk:ce31fb74c9,narration_sentence,14.0596875
eka_04bf40b1999c,calibration,,spk:d0bf2ed3c3,narration_sentence,9.671125
eka_3c93e9d91b6c,calibration,,spk:d0bf2ed3c3,narration_sentence,12.1905
eka_d6863e7c76ae,calibration,,spk:d0bf2ed3c3,narration_sentence,11.21525
eka_e1034fab9ffc,calibration,,spk:d0bf2ed3c3,narration_sentence,16.660375
eka_e937fd484064,calibration,,spk:d0bf2ed3c3,narration_sentence,13.0845
eka_e17043dda2db,calibration,,spk:d0bf2ed3c3,narration_sentence,15.685125
eka_b81919d814ac,calibration,,spk:d0bf2ed3c3,narration_sentence,16.9854375
eka_29d6b2aad071,calibration,,spk:d0bf2ed3c3,narration_sentence,9.021
eka_d8baa5f6d1f9,validation,,spk:ce31fb74c9,narration_sentence,14.3848125
eka_4493c41275f1,validation,,spk:ce31fb74c9,narration_sentence,12.9219375
eka_ea3db9f719e9,validation,,spk:ce31fb74c9,narration_sentence,17.22925
eka_d629331fe760,validation,,spk:ce31fb74c9,narration_sentence,11.7841875
eka_752da7e765ba,validation,,spk:ce31fb74c9,narration_sentence,13.8971875
eka_c5793ea6e6aa,validation,,spk:ce31fb74c9,narration_sentence,9.2648125
eka_83e92c1e2bac,validation,,spk:ce31fb74c9,narration_sentence,15.27875
eka_efbbfebc71b4,validation,,spk:ce31fb74c9,narration_sentence,12.1905
eka_9a240e060f85,validation,session_id_crosses_split,spk:ce31fb74c9,narration_sentence,14.0596875
eka_927b63f8ff83,validation,,spk:ce31fb74c9,narration_sentence,12.596875
eka_7e1ed1863788,validation,,spk:ce31fb74c9,narration_sentence,16.0101875
eka_756f502ea53c,validation,,spk:ce31fb74c9,narration_sentence,11.9466875
eka_e66bd3ca0cc8,validation,session_id_crosses_split,spk:ce31fb74c9,narration_sentence,13.0031875
eka_53890a864261,validation,,spk:ce31fb74c9,narration_sentence,14.4660625
eka_286101c7b56d,validation,,spk:ce31fb74c9,narration_sentence,11.134
eka_a3487a0e0b0a,validation,,spk:ce31fb74c9,narration_sentence,13.9784375
eka_86857b0ed853,validation,,spk:e7179d2f31,narration_sentence,17.76
eka_b2f217d465ad,validation,,spk:e7179d2f31,narration_sentence,10.32
eka_99731d7fa5a9,validation,,spk:e7179d2f31,narration_sentence,15.12
eka_d4c4cd17a660,calibration,,spk:4dd43d070f,narration_sentence,18.4483125
eka_3ecce93e9c6b,calibration,,spk:4dd43d070f,narration_sentence,18.28575
eka_11448d4b7b79,calibration,,spk:4dd43d070f,narration_sentence,16.9854375
eka_874cce081919,calibration,,spk:4dd43d070f,narration_sentence,18.367
eka_055eadcb5a98,calibration,,spk:4dd43d070f,narration_sentence,16.254
eka_c221f6487de2,calibration,,spk:4dd43d070f,narration_sentence,18.367
eka_c71cdccfb8b6,calibration,,spk:4dd43d070f,narration_sentence,18.6108125
eka_cfbaab0b8b89,calibration,,spk:4dd43d070f,narration_sentence,19.34225
eka_d4e36b753099,calibration,,spk:4dd43d070f,narration_sentence,11.702875
eka_a38e210190f1,calibration,,spk:4dd43d070f,narration_sentence,16.33525
eka_1cc1f1dd4b18,calibration,,spk:4dd43d070f,narration_sentence,15.5225625
eka_79a86811a54f,calibration,,spk:4dd43d070f,narration_sentence,20.3175
eka_95e785004df1,calibration,,spk:4dd43d070f,narration_sentence,13.0031875
eka_06d644447e31,calibration,,spk:4dd43d070f,narration_sentence,15.4413125
eka_6171a0348116,calibration,,spk:4dd43d070f,narration_sentence,13.734625
eka_ea16ba866a5e,test,,spk:549276ae76,narration_sentence,13.84
eka_dee6ca54ea47,test,,spk:549276ae76,narration_sentence,15.2
eka_23bb930c3f26,test,,spk:549276ae76,narration_sentence,13.6
eka_16235cddd0bd,test,,spk:549276ae76,narration_sentence,14.24
eka_c294485bc4e4,test,,spk:549276ae76,narration_sentence,0.48
eka_2d796393302d,test,,spk:549276ae76,narration_sentence,17.44
eka_284c1333d5d0,test,,spk:549276ae76,narration_sentence,12.64
eka_c88781550a81,test,,spk:549276ae76,narration_sentence,11.6
eka_e3b2a9ec6b3c,calibration,,spk:4dd43d070f,narration_sentence,19.748625
eka_0e472412a0fd,test,,spk:549276ae76,narration_sentence,14.64
eka_3404d3f48585,calibration,,spk:4dd43d070f,narration_sentence,13.16575
eka_4e43e6ba5b3d,calibration,,spk:4dd43d070f,narration_sentence,16.9854375
eka_f3b6c04a6099,validation,,spk:6715e2ba6d,narration_sentence,17.0666875
eka_0f33afb6f7dd,validation,,spk:6715e2ba6d,narration_sentence,17.6355625
eka_4d25ae4fdbad,validation,,spk:6715e2ba6d,narration_sentence,21.6178125
eka_326bb9eeeda8,validation,,spk:6715e2ba6d,narration_sentence,17.6355625
eka_556848105d99,validation,,spk:6715e2ba6d,narration_sentence,15.685125
eka_6d44a3fcafcd,validation,,spk:6715e2ba6d,narration_sentence,16.5790625
eka_a7d7be950bd9,validation,,spk:6715e2ba6d,narration_sentence,19.5048125
eka_b0293e5d45e6,validation,,spk:6715e2ba6d,narration_sentence,16.4978125
eka_5803a84bf54f,validation,,spk:6715e2ba6d,narration_sentence,20.886375
eka_96af0bebc849,validation,,spk:6715e2ba6d,narration_sentence,23.7308125
eka_2b3d8d0b7823,validation,,spk:6715e2ba6d,narration_sentence,17.22925
eka_bc971187076c,validation,,spk:6715e2ba6d,narration_sentence,21.374
eka_ada733839e30,calibration,,spk:4dd43d070f,narration_sentence,16.4165625
eka_576ddaba8b1f,calibration,,spk:4dd43d070f,narration_sentence,18.5295625
eka_96c7aae434dd,calibration,,spk:4dd43d070f,narration_sentence,21.45525
eka_a2ddb93c0c59,calibration,,spk:4dd43d070f,narration_sentence,19.748625
eka_726170ea873c,calibration,,spk:4dd43d070f,narration_sentence,13.734625
eka_d1184afc7a8c,calibration,,spk:4dd43d070f,narration_sentence,15.36
eka_2094fef51c61,calibration,,spk:4dd43d070f,narration_sentence,16.17275
eka_0888401c25c5,calibration,,spk:4dd43d070f,narration_sentence,12.759375
eka_5c99101cb513,calibration,,spk:4dd43d070f,narration_sentence,18.935875
eka_4715ff830473,calibration,session_id_crosses_split,spk:4dd43d070f,narration_sentence,17.22925
eka_06052baf4016,calibration,,spk:4dd43d070f,narration_sentence,19.748625
eka_df3eb7a60653,calibration,,spk:4dd43d070f,narration_sentence,19.1796875
eka_19abf7383711,validation,,spk:6715e2ba6d,narration_sentence,25.031125
eka_c720c945aca6,test,,spk:549276ae76,narration_sentence,13.6
eka_add4ed864b92,test,,spk:549276ae76,narration_sentence,17.44
eka_6a2472d565ff,validation,,spk:fe3c5bbb0a,narration_sentence,14.709875
eka_3d8da4e0db1d,validation,,spk:fe3c5bbb0a,narration_sentence,20.0736875
eka_9e89a326a32f,validation,,spk:fe3c5bbb0a,narration_sentence,11.4590625
eka_36d36edb6933,validation,,spk:fe3c5bbb0a,narration_sentence,20.6425625
eka_d8b974a054dd,validation,,spk:fe3c5bbb0a,narration_sentence,15.27875
eka_dbdd2aacc843,validation,,spk:fe3c5bbb0a,narration_sentence,15.6038125
eka_79e35633afad,validation,,spk:fe3c5bbb0a,narration_sentence,20.48
eka_13448d9c6f28,validation,,spk:fe3c5bbb0a,narration_sentence,14.4660625
eka_ce71aee78535,validation,,spk:fe3c5bbb0a,narration_sentence,15.9289375
eka_230e2c63e39d,validation,,spk:fe3c5bbb0a,narration_sentence,19.34225
eka_65f1080e63c9,validation,,spk:fe3c5bbb0a,narration_sentence,17.0666875
eka_002fe2e5b5e9,validation,,spk:fe3c5bbb0a,narration_sentence,20.0736875
eka_e74d547ab925,validation,,spk:fe3c5bbb0a,narration_sentence,19.0984375
eka_bd2d3e0fb11b,validation,,spk:fe3c5bbb0a,narration_sentence,12.0279375
eka_98c9ce8353d0,validation,,spk:fe3c5bbb0a,narration_sentence,17.4730625
eka_22533aa77b7d,validation,,spk:fe3c5bbb0a,narration_sentence,13.3283125
eka_33f7bf9888ad,validation,,spk:fe3c5bbb0a,narration_sentence,21.861625
eka_8fdd845c6111,validation,,spk:fe3c5bbb0a,narration_sentence,18.2045
eka_9800663a3d98,validation,,spk:fe3c5bbb0a,narration_sentence,14.8724375
eka_d09d26af0537,validation,,spk:fe3c5bbb0a,narration_sentence,17.0666875
eka_6b8153061ec2,validation,,spk:fe3c5bbb0a,narration_sentence,14.8724375
eka_25df663b4c69,validation,,spk:fe3c5bbb0a,narration_sentence,11.3778125
eka_31f1c0f727a1,validation,,spk:fe3c5bbb0a,narration_sentence,16.17275
eka_098e59fea330,validation,,spk:fe3c5bbb0a,narration_sentence,12.5155625
eka_bb02be3a4c78,test,,spk:549276ae76,narration_sentence,13.44
eka_5f481059f522,validation,,spk:fe3c5bbb0a,narration_sentence,19.9924375
eka_d1a0aebf16c4,validation,,spk:fe3c5bbb0a,narration_sentence,15.766375
eka_1e35f2a305cf,test,,spk:549276ae76,narration_sentence,13.12
eka_e8becba6ddf8,test,,spk:549276ae76,narration_sentence,8.48
eka_6593c6c0ef9a,test,,spk:549276ae76,narration_sentence,13.2
eka_dba3dbe7763d,test,,spk:549276ae76,narration_sentence,11.28
eka_3dbe6baeddee,test,,spk:549276ae76,narration_sentence,13.76
eka_553aa5fc18a2,test,,spk:549276ae76,narration_sentence,12.8
eka_f074afe395d8,test,,spk:549276ae76,narration_sentence,10.88
eka_7f5f06e7bce3,test,,spk:549276ae76,narration_sentence,12.4
eka_3059a2caf028,test,,spk:549276ae76,narration_sentence,15.76
eka_00e86b883ae2,test,,spk:549276ae76,narration_sentence,16.96
eka_7682bc8d151e,test,,spk:549276ae76,narration_sentence,11.76
eka_0df8ef87e45f,test,,spk:549276ae76,narration_sentence,15.6
eka_c18dfd1b5dce,test,,spk:549276ae76,narration_sentence,13.92
eka_ddf1808d3176,test,,spk:549276ae76,narration_sentence,15.68
eka_3619bad5ab3b,test,,spk:549276ae76,narration_sentence,16.4
eka_3b9aad31eb9d,test,,spk:549276ae76,narration_sentence,14.24
eka_c97b4d805ace,test,,spk:549276ae76,narration_sentence,15.28
eka_3650eea3082e,test,,spk:549276ae76,narration_sentence,12.16
eka_30d1d799859c,test,,spk:549276ae76,narration_sentence,11.12
eka_2a3b4f1d8f1e,validation,,spk:fe3c5bbb0a,narration_sentence,15.766375
eka_9993ed668ae2,validation,,spk:fe3c5bbb0a,narration_sentence,17.39175
eka_4e33a40feeba,validation,,spk:fe3c5bbb0a,narration_sentence,16.33525
eka_52a78ad726f0,validation,,spk:fe3c5bbb0a,narration_sentence,15.36
eka_246f6b46aaa0,validation,,spk:fe3c5bbb0a,narration_sentence,10.4025625
eka_086f51eb59c1,validation,,spk:6715e2ba6d,narration_sentence,21.29275
eka_265762eaabfa,validation,,spk:6715e2ba6d,narration_sentence,16.741625
eka_0555972c9e1d,validation,,spk:6715e2ba6d,narration_sentence,16.0101875
eka_4ce460fb942c,calibration,,spk:b88d100bef,narration_sentence,16.0
eka_b9fc27ca958f,calibration,,spk:b88d100bef,narration_sentence,16.48
eka_e2a8bf8c62d7,calibration,,spk:b88d100bef,narration_sentence,11.9466875
eka_17342ef729d5,calibration,,spk:ca9fe8f460,narration_sentence,12.678125
eka_a696859a71b1,calibration,,spk:ca9fe8f460,narration_sentence,15.1975
eka_ba91671328ff,calibration,,spk:ca9fe8f460,narration_sentence,13.572125
eka_9097c2956735,calibration,,spk:ca9fe8f460,narration_sentence,14.9536875
eka_3d3d79481770,calibration,,spk:ca9fe8f460,narration_sentence,11.7841875
eka_d0a0c5cf0d2c,calibration,,spk:ca9fe8f460,narration_sentence,15.847625
eka_b9fcd13e6075,calibration,,spk:ca9fe8f460,narration_sentence,16.5790625
eka_9f6d155da9d9,calibration,,spk:ca9fe8f460,narration_sentence,15.6038125
eka_52ea031b160b,calibration,,spk:ca9fe8f460,narration_sentence,11.8654375
eka_2686615e0226,calibration,,spk:ca9fe8f460,narration_sentence,18.1231875
eka_e96a88b5c361,calibration,,spk:ca9fe8f460,narration_sentence,15.847625
eka_039c1c424d06,calibration,,spk:ca9fe8f460,narration_sentence,13.8971875
eka_7b67f6db0764,calibration,,spk:ca9fe8f460,narration_sentence,14.141
eka_b2b8b35d9fc8,calibration,,spk:ca9fe8f460,narration_sentence,17.0666875
eka_aa860e5d50c5,calibration,,spk:ca9fe8f460,narration_sentence,13.653375
eka_88c7a2aabb9c,calibration,,spk:ca9fe8f460,narration_sentence,14.141
eka_438365cbf08a,calibration,,spk:ca9fe8f460,narration_sentence,16.9854375
eka_c4f015579070,calibration,,spk:ca9fe8f460,narration_sentence,15.847625
eka_ab361efa3d3a,calibration,,spk:ca9fe8f460,narration_sentence,16.33525
eka_8b6964e899db,calibration,session_id_crosses_split,spk:ca9fe8f460,narration_sentence,16.0914375
eka_b5f279e218a5,calibration,,spk:b88d100bef,narration_sentence,12.32
eka_f7114430d1be,calibration,,spk:ca9fe8f460,narration_sentence,13.8971875
eka_03217a173ae6,calibration,,spk:b88d100bef,narration_sentence,7.639375
eka_471e4ad8f0d2,calibration,,spk:b88d100bef,narration_sentence,13.4095625
eka_7e1744412976,calibration,,spk:b88d100bef,narration_sentence,11.4590625
eka_852f97c6609f,calibration,,spk:b88d100bef,narration_sentence,15.36
eka_18382de3404f,calibration,,spk:b88d100bef,narration_sentence,10.646375
eka_55d94f45d2a7,calibration,,spk:b88d100bef,narration_sentence,10.9714375
eka_6f77729fb718,calibration,,spk:b88d100bef,narration_sentence,13.92
eka_cfe1fd4b8b2e,calibration,,spk:b88d100bef,narration_sentence,11.540375
eka_9c0eace79c75,calibration,,spk:b88d100bef,narration_sentence,16.9041875
eka_1d9ba7bb146a,calibration,,spk:b88d100bef,narration_sentence,10.9714375
eka_439b7e92d842,calibration,,spk:b88d100bef,narration_sentence,13.52
eka_fb47a3c0b2be,calibration,,spk:b88d100bef,narration_sentence,16.48
eka_a369d5a26375,calibration,,spk:b88d100bef,narration_sentence,14.24
eka_5f86dea0b252,calibration,,spk:b88d100bef,narration_sentence,10.727625
eka_10a515090259,calibration,,spk:b88d100bef,narration_sentence,17.84
eka_db936691a6b0,calibration,,spk:b88d100bef,narration_sentence,10.48
eka_0881d37a91cd,calibration,,spk:b88d100bef,narration_sentence,13.815875
eka_3a7e39269e39,calibration,,spk:b88d100bef,narration_sentence,12.56
eka_63f15be9e203,calibration,,spk:b88d100bef,narration_sentence,9.99625
eka_8a0ec20b8549,calibration,,spk:b88d100bef,narration_sentence,12.4343125
eka_86433323532d,calibration,,spk:b88d100bef,narration_sentence,12.88
eka_18451f0f3d29,calibration,,spk:b88d100bef,narration_sentence,16.822875
eka_7229b01b5f5a,calibration,,spk:b88d100bef,narration_sentence,11.84
eka_91e06fc41adc,calibration,,spk:b88d100bef,narration_sentence,10.8089375
eka_877800c5e83e,calibration,,spk:b88d100bef,narration_sentence,16.4
eka_687b501eb61a,calibration,,spk:b88d100bef,narration_sentence,16.64
eka_2e7036c7dd9c,calibration,,spk:ca9fe8f460,narration_sentence,11.702875
eka_1cc59fa9e848,calibration,,spk:ca9fe8f460,narration_sentence,16.9854375
eka_865b180ba48d,calibration,,spk:ca9fe8f460,narration_sentence,15.27875
eka_f510bae06208,calibration,,spk:a1a7c5d3e0,narration_sentence,13.8971875
eka_7e957d658455,calibration,,spk:a1a7c5d3e0,narration_sentence,12.27175
eka_10dc7583f45d,calibration,,spk:a1a7c5d3e0,narration_sentence,22.1866875
eka_be428c12eb8b,calibration,,spk:a1a7c5d3e0,narration_sentence,15.0349375
eka_0029ee53484a,calibration,,spk:a1a7c5d3e0,narration_sentence,12.3530625
eka_1d31b9375002,calibration,,spk:a1a7c5d3e0,narration_sentence,16.4165625
eka_93e1738d00ab,calibration,,spk:a1a7c5d3e0,narration_sentence,14.709875
eka_731904bff254,calibration,,spk:a1a7c5d3e0,narration_sentence,18.1231875
eka_20cd49ce6464,calibration,,spk:a1a7c5d3e0,narration_sentence,12.8406875
eka_4297e5f22122,validation,,spk:6715e2ba6d,narration_sentence,17.39175
eka_3dbb4ba7768b,validation,,spk:6715e2ba6d,narration_sentence,16.33525
eka_709d031c6e11,validation,,spk:6715e2ba6d,narration_sentence,22.2679375
eka_449b3deafdd1,validation,,spk:6715e2ba6d,narration_sentence,15.27875
eka_73555796aa06,validation,,spk:6715e2ba6d,narration_sentence,18.692125
eka_171b9249ba40,validation,,spk:6715e2ba6d,narration_sentence,19.911125
eka_da1639097fb7,validation,,spk:6715e2ba6d,narration_sentence,23.2431875
eka_c6ba0b0e06f9,validation,,spk:6715e2ba6d,narration_sentence,14.5473125
eka_2ded110ea9b9,validation,,spk:6715e2ba6d,narration_sentence,20.0736875
eka_c5e6a8ff9b84,validation,,spk:6715e2ba6d,narration_sentence,17.1479375
eka_aab3d4872d47,validation,,spk:6715e2ba6d,narration_sentence,20.805125
eka_6fe3fe82c606,validation,session_id_crosses_split,spk:6715e2ba6d,narration_sentence,14.3035
eka_eed87ddfa85e,validation,,spk:6715e2ba6d,narration_sentence,16.4978125
eka_a07b23a9e943,validation,,spk:6715e2ba6d,narration_sentence,14.8724375
eka_93ae2e249ec1,calibration,,spk:a1a7c5d3e0,narration_sentence,13.734625
eka_f358af75e34d,calibration,session_id_crosses_split,spk:a1a7c5d3e0,narration_sentence,11.21525
eka_c094ae672960,calibration,,spk:a1a7c5d3e0,narration_sentence,10.727625
eka_569c1fe52b7a,calibration,,spk:a1a7c5d3e0,narration_sentence,16.660375
eka_d0870c5b440a,calibration,,spk:ca9fe8f460,narration_sentence,13.734625
eka_06d34b2b799f,calibration,,spk:ca9fe8f460,narration_sentence,13.572125
eka_4c9fe6b873e7,calibration,,spk:ca9fe8f460,narration_sentence,15.766375
eka_f733de300884,calibration,,spk:ca9fe8f460,narration_sentence,16.9041875
eka_3bad2fd2976d,calibration,,spk:ca9fe8f460,narration_sentence,15.27875
eka_d9ca158f47c1,calibration,,spk:ca9fe8f460,narration_sentence,17.4730625
eka_015a1122c753,calibration,,spk:a1a7c5d3e0,narration_sentence,15.27875
eka_dfef191b015a,calibration,,spk:a1a7c5d3e0,narration_sentence,13.653375
eka_1ebb98c2ee85,calibration,,spk:a1a7c5d3e0,narration_sentence,16.254
eka_e3a17748ac32,calibration,,spk:a1a7c5d3e0,narration_sentence,18.367
eka_c0630b2396d3,calibration,,spk:a1a7c5d3e0,narration_sentence,13.0845
eka_4a3d05067ead,calibration,,spk:11c9649288,narration_sentence,13.04
eka_bd09b1929da1,calibration,,spk:a1a7c5d3e0,narration_sentence,10.8089375
eka_1669f44ec118,calibration,,spk:a1a7c5d3e0,narration_sentence,13.572125
eka_ca8d6d77ba56,calibration,,spk:a1a7c5d3e0,narration_sentence,12.10925
eka_fcfa7200a040,calibration,,spk:a1a7c5d3e0,narration_sentence,15.6038125
eka_58dba798f645,calibration,,spk:a1a7c5d3e0,narration_sentence,11.540375
eka_794ca441925a,calibration,,spk:a1a7c5d3e0,narration_sentence,14.628625
eka_9102cd836c2c,calibration,,spk:a1a7c5d3e0,narration_sentence,15.11625
eka_53a252ed641c,calibration,,spk:a1a7c5d3e0,narration_sentence,12.0279375
eka_b1986db84338,calibration,,spk:a1a7c5d3e0,narration_sentence,12.596875
eka_0469f884b12d,calibration,,spk:a1a7c5d3e0,narration_sentence,14.791125
eka_4e87e60ec9f7,calibration,,spk:a1a7c5d3e0,narration_sentence,14.3035
eka_e96b93d12795,calibration,,spk:a1a7c5d3e0,narration_sentence,12.10925
eka_aee056d46db5,calibration,,spk:a1a7c5d3e0,narration_sentence,17.0666875
eka_f511f90eda4f,calibration,,spk:11c9649288,narration_sentence,13.52
eka_f393f80bcf95,calibration,,spk:11c9649288,narration_sentence,13.52
eka_953402b2834b,calibration,,spk:11c9649288,narration_sentence,13.76
eka_d84b95b53c72,calibration,,spk:ba123476a0,narration_sentence,16.254
eka_26d1705aba47,calibration,,spk:ba123476a0,narration_sentence,15.685125
eka_098614378f1d,calibration,,spk:ba123476a0,narration_sentence,16.0914375
eka_b91d2de4e19a,calibration,,spk:ba123476a0,narration_sentence,9.4273125
eka_8d490a74756a,calibration,,spk:ba123476a0,narration_sentence,14.8724375
eka_51d90b34a0cb,calibration,,spk:ba123476a0,narration_sentence,9.9149375
eka_b39c7a6b7776,calibration,,spk:ba123476a0,narration_sentence,17.1479375
eka_3ccb03c14523,calibration,,spk:ba123476a0,narration_sentence,8.533375
eka_daf0974d5382,calibration,,spk:ba123476a0,narration_sentence,12.759375
eka_bebfc06a186d,calibration,,spk:ba123476a0,narration_sentence,19.5860625
eka_53a2c9745a34,calibration,,spk:ba123476a0,narration_sentence,15.9289375
eka_70f2391b72b3,calibration,,spk:ba123476a0,narration_sentence,12.27175
eka_5834572404ee,calibration,,spk:ba123476a0,narration_sentence,15.4413125
eka_4d28a899dc21,calibration,,spk:ba123476a0,narration_sentence,15.5225625
eka_a075a061f10c,calibration,,spk:ba123476a0,narration_sentence,13.572125
eka_fee96434c525,calibration,,spk:ba123476a0,narration_sentence,13.8971875
eka_451c7f8cef6f,calibration,,spk:ba123476a0,narration_sentence,13.815875
eka_f6a771e584cf,calibration,,spk:ba123476a0,narration_sentence,15.0349375
eka_5c1a59f1408d,calibration,,spk:ba123476a0,narration_sentence,14.3035
eka_d20f14785537,calibration,,spk:ba123476a0,narration_sentence,15.11625
eka_e2c698de04cc,calibration,,spk:ba123476a0,narration_sentence,13.815875
eka_9c071b7434cd,calibration,,spk:ba123476a0,narration_sentence,11.8654375
eka_0a78fda1e86f,calibration,,spk:ba123476a0,narration_sentence,13.572125
eka_dab4e9db4e2a,calibration,,spk:ba123476a0,narration_sentence,12.5155625
eka_cd78be302c75,calibration,,spk:ba123476a0,narration_sentence,13.16575
eka_04ce932cb9ff,calibration,,spk:ba123476a0,narration_sentence,13.4908125
eka_b7d088a84e92,calibration,,spk:4903586be1,narration_sentence,11.76
eka_95c478ac8815,calibration,,spk:4903586be1,narration_sentence,12.96
eka_dd5a5bfb4f6d,calibration,,spk:4903586be1,narration_sentence,16.0
eka_47a73c51eee3,calibration,,spk:4903586be1,narration_sentence,15.76
eka_f3158d8190c4,calibration,,spk:4903586be1,narration_sentence,17.92
eka_19b20dc1bb2f,calibration,,spk:4903586be1,narration_sentence,10.32
eka_4635b82f747e,calibration,,spk:4903586be1,narration_sentence,15.04
eka_d81675eea75d,calibration,,spk:4903586be1,narration_sentence,12.4
eka_2672d97f9397,calibration,,spk:4903586be1,narration_sentence,15.12
eka_f09774561e2c,calibration,,spk:4903586be1,narration_sentence,13.6
eka_cd93ba09cb9e,calibration,,spk:4903586be1,narration_sentence,16.88
eka_5ef15aeee3cd,calibration,,spk:4903586be1,narration_sentence,17.12
eka_0bda12238126,calibration,,spk:4903586be1,narration_sentence,13.84
eka_b37138673771,calibration,,spk:4903586be1,narration_sentence,16.16
eka_172bf0423540,calibration,,spk:4903586be1,narration_sentence,21.76
eka_35e4944a1693,calibration,,spk:4903586be1,narration_sentence,21.52
eka_bd000595a88c,calibration,,spk:4903586be1,narration_sentence,11.52
eka_77e9bee74a19,calibration,,spk:4903586be1,narration_sentence,20.72
eka_601235555fa8,calibration,,spk:4903586be1,narration_sentence,12.4
eka_813eec75f519,calibration,,spk:4903586be1,narration_sentence,20.32
eka_3a8a404036c5,calibration,,spk:4903586be1,narration_sentence,24.48
eka_8f78a4bda83e,calibration,,spk:4903586be1,narration_sentence,12.88
eka_1f575991bf42,calibration,,spk:4903586be1,narration_sentence,18.64
eka_548fa11f0b22,calibration,,spk:4903586be1,narration_sentence,10.16
eka_a6b1142e29b9,calibration,,spk:ba123476a0,narration_sentence,18.692125
eka_d380c0cc7538,calibration,,spk:4903586be1,narration_sentence,11.2
eka_e3aeb0e7b841,calibration,,spk:ba123476a0,narration_sentence,13.247
eka_783542a1cbc0,calibration,,spk:ba123476a0,narration_sentence,14.3848125
eka_870924a2a50d,validation,,spk:ca3c605e2d,narration_sentence,15.36
eka_209ad60b8b3c,validation,,spk:ca3c605e2d,narration_sentence,18.4483125
eka_60c72b978d99,validation,,spk:ca3c605e2d,narration_sentence,13.4095625
eka_087f18512b23,validation,,spk:ca3c605e2d,narration_sentence,17.716875
eka_ded53224e12c,validation,,spk:ca3c605e2d,narration_sentence,24.2184375
eka_e9daf2309892,validation,,spk:ca3c605e2d,narration_sentence,25.35625
eka_4370051179e4,validation,,spk:ca3c605e2d,narration_sentence,18.28575
eka_b9abfe7b6f27,validation,,spk:ca3c605e2d,narration_sentence,27.46925
eka_7315dc3c5ae3,validation,,spk:ca3c605e2d,narration_sentence,23.40575
eka_44a9aafb1bae,validation,,spk:ca3c605e2d,narration_sentence,16.0914375
eka_f0e86e9e4da4,validation,,spk:ca3c605e2d,narration_sentence,15.5225625
eka_d3d739a18f85,validation,,spk:ca3c605e2d,narration_sentence,11.8654375
eka_f71746756c4e,validation,,spk:ca3c605e2d,narration_sentence,15.6038125
eka_570fafe8fec2,validation,,spk:ca3c605e2d,narration_sentence,17.9606875
eka_9fb9d23f909c,validation,,spk:ca3c605e2d,narration_sentence,17.1479375
eka_9da806a5112f,validation,,spk:ca3c605e2d,narration_sentence,16.4978125
eka_7a4bec6a0a16,validation,,spk:ca3c605e2d,narration_sentence,18.0419375
eka_bfaf74c10be5,validation,,spk:ca3c605e2d,narration_sentence,17.879375
eka_5e03c63d281f,validation,,spk:ca3c605e2d,narration_sentence,17.39175
eka_03a2b31bf0c8,validation,,spk:ca3c605e2d,narration_sentence,17.798125
eka_e0988b9700c1,validation,,spk:ca3c605e2d,narration_sentence,18.773375
eka_bfe7b9a28f1f,validation,,spk:ca3c605e2d,narration_sentence,13.734625
eka_84da5548c2bb,validation,,spk:ca3c605e2d,narration_sentence,16.17275
eka_21b90cc38bcf,validation,,spk:ca3c605e2d,narration_sentence,15.27875
eka_cef34dee7c9a,calibration,,spk:ba123476a0,narration_sentence,11.2965625
eka_ec28a6122c32,validation,,spk:ca3c605e2d,narration_sentence,19.261
eka_6e00fa671c8b,validation,,spk:ca3c605e2d,narration_sentence,17.9606875
eka_baedecd030c3,calibration,,spk:ba123476a0,narration_sentence,14.141
eka_655571eee074,calibration,,spk:ba123476a0,narration_sentence,16.5790625
eka_6b0e0aa07016,calibration,,spk:ba123476a0,narration_sentence,13.815875
eka_4dda60194741,validation,,spk:ca3c605e2d,narration_sentence,17.716875
eka_d469d7521342,validation,,spk:ca3c605e2d,narration_sentence,21.0489375
eka_7cd909488d38,validation,,spk:ca3c605e2d,narration_sentence,16.9854375
eka_67294a15ade4,validation,,spk:ca3c605e2d,narration_sentence,19.829875
eka_6eb18d26949e,validation,,spk:ca3c605e2d,narration_sentence,13.247
eka_29cafff9c13f,validation,,spk:ca3c605e2d,narration_sentence,13.4095625
eka_5535aaf85254,validation,session_id_crosses_split,spk:ca3c605e2d,narration_sentence,12.10925
eka_1a76375113cb,validation,,spk:ca3c605e2d,narration_sentence,16.660375
eka_d093921cac9b,validation,,spk:ca3c605e2d,narration_sentence,23.6495625
eka_5480e953f601,validation,,spk:ca3c605e2d,narration_sentence,14.8724375
eka_de1e49e36327,validation,,spk:ca3c605e2d,narration_sentence,16.33525
eka_d3d9cd341b26,validation,,spk:ca3c605e2d,narration_sentence,25.4375
eka_795faa2d2c7c,validation,,spk:ca3c605e2d,narration_sentence,16.660375
eka_c954cca27487,validation,,spk:ca3c605e2d,narration_sentence,18.5295625
eka_48c927fa8ad7,validation,,spk:ca3c605e2d,narration_sentence,16.9041875
eka_e631f87dea4d,validation,,spk:ca3c605e2d,narration_sentence,14.709875
eka_2b30e4094a18,validation,,spk:ca3c605e2d,narration_sentence,19.5860625
eka_152c65bb0613,validation,,spk:ca3c605e2d,narration_sentence,15.5225625
eka_68f924e6167a,validation,,spk:ca3c605e2d,narration_sentence,16.4165625
eka_7a1289e6ab73,validation,,spk:ca3c605e2d,narration_sentence,17.798125
eka_4d9c0149b439,validation,,spk:ca3c605e2d,narration_sentence,16.33525
eka_1683dccbfef8,calibration,,spk:4903586be1,narration_sentence,19.12
eka_42980f3d3780,calibration,,spk:4903586be1,narration_sentence,14.96
eka_bcbde0b9908f,calibration,,spk:4903586be1,narration_sentence,26.0
eka_cad4dd477f42,test,,spk:e5a06fe823,narration_sentence,18.96
eka_5a65b6b8a634,test,,spk:e5a06fe823,narration_sentence,23.52
eka_8d80a5fd8752,test,,spk:e5a06fe823,narration_sentence,20.96
eka_b92681cc3653,test,,spk:e5a06fe823,narration_sentence,20.4
eka_70742c51e6fb,test,,spk:e5a06fe823,narration_sentence,20.16
eka_c6fe499c4237,test,,spk:e5a06fe823,narration_sentence,19.2
eka_842a92366a7c,test,,spk:e5a06fe823,narration_sentence,13.6
eka_753d4deed640,test,,spk:e5a06fe823,narration_sentence,16.56
eka_8a11792584b2,test,,spk:e5a06fe823,narration_sentence,12.64
eka_700dc8466135,test,,spk:e5a06fe823,narration_sentence,13.04
eka_5e10bbcc7243,test,,spk:e5a06fe823,narration_sentence,9.92
eka_a80fccc9b656,test,,spk:e5a06fe823,narration_sentence,14.08
eka_90ba836f2441,test,,spk:e5a06fe823,narration_sentence,16.88
eka_8f60b94f5dfc,test,,spk:e5a06fe823,narration_sentence,13.12
eka_56b371be9b46,calibration,,spk:b8eb1b82c6,narration_sentence,14.16
eka_a4e2b1a8c7b1,calibration,,spk:b8eb1b82c6,narration_sentence,8.4
eka_fb96e7268ad3,calibration,,spk:b8eb1b82c6,narration_sentence,14.64
eka_8a0200b93905,calibration,,spk:b8eb1b82c6,narration_sentence,13.92
eka_5664a2a67d22,calibration,,spk:b8eb1b82c6,narration_sentence,10.0
eka_b49d1c2a7623,calibration,,spk:b8eb1b82c6,narration_sentence,13.04
eka_d1ef72da65a1,calibration,,spk:b8eb1b82c6,narration_sentence,14.0
eka_4ef551ccb780,calibration,,spk:b8eb1b82c6,narration_sentence,13.52
eka_db98ee173b0e,calibration,,spk:b8eb1b82c6,narration_sentence,16.48
eka_957f40995ced,test,,spk:e5a06fe823,narration_sentence,18.32
eka_628534ba855f,calibration,,spk:b8eb1b82c6,narration_sentence,15.76
eka_bd3de439c549,test,,spk:e5a06fe823,narration_sentence,17.6
eka_d8fe17b1b903,test,,spk:e5a06fe823,narration_sentence,13.28
eka_cc63cf151c41,test,,spk:43a68ef3cb,narration_sentence,13.92
eka_bfa810b72c2d,test,,spk:43a68ef3cb,narration_sentence,13.04
eka_0fa5a7332567,test,,spk:43a68ef3cb,narration_sentence,14.8
eka_75f30a6eef54,test,,spk:43a68ef3cb,narration_sentence,15.52
eka_779660f29edd,test,,spk:43a68ef3cb,narration_sentence,12.64
eka_73f9cd0cc90b,test,,spk:43a68ef3cb,narration_sentence,13.84
eka_da5250ac994b,test,,spk:43a68ef3cb,narration_sentence,18.56
eka_e5b676abf30f,test,,spk:43a68ef3cb,narration_sentence,17.68
eka_a4713e3f9cbc,test,,spk:43a68ef3cb,narration_sentence,13.44
eka_5a4a4888e439,test,,spk:e5a06fe823,narration_sentence,17.68
eka_72833ab1ac09,test,,spk:e5a06fe823,narration_sentence,21.2
eka_2832d91a0e2e,test,,spk:e5a06fe823,narration_sentence,16.4
eka_b1ba3d262ced,test,,spk:e5a06fe823,narration_sentence,19.28
eka_b998febfc270,test,,spk:e5a06fe823,narration_sentence,11.28
eka_5e44cc13d646,test,,spk:e5a06fe823,narration_sentence,19.76
eka_b3e8b68f27c3,test,,spk:e5a06fe823,narration_sentence,22.08
eka_a86eef45b49a,test,,spk:e5a06fe823,narration_sentence,15.92
eka_3fe2348f7541,test,,spk:e5a06fe823,narration_sentence,18.64
eka_f916ff8aacef,test,,spk:e5a06fe823,narration_sentence,17.04
eka_b128b58eb648,test,,spk:e5a06fe823,narration_sentence,14.72
eka_1e3801930432,test,,spk:e5a06fe823,narration_sentence,18.24
eka_7a1655bef749,test,,spk:e5a06fe823,narration_sentence,15.68
eka_55711009d258,test,,spk:e5a06fe823,narration_sentence,19.04
eka_b840f68557f2,test,,spk:e5a06fe823,narration_sentence,14.56
eka_96ea2da018ec,calibration,,spk:b8eb1b82c6,narration_sentence,14.56
eka_30f1fa7d6580,calibration,,spk:b8eb1b82c6,narration_sentence,14.0
eka_6189dd3a04cd,calibration,,spk:b8eb1b82c6,narration_sentence,10.72
eka_56aca276640d,calibration,,spk:db85dc5d93,narration_sentence,17.5543125
eka_fed503d4250a,calibration,,spk:db85dc5d93,narration_sentence,19.9924375
eka_d5e548814408,calibration,,spk:db85dc5d93,narration_sentence,22.4305
eka_8e0a12adaa19,calibration,,spk:db85dc5d93,narration_sentence,15.27875
eka_fb6417adcf0c,calibration,,spk:db85dc5d93,narration_sentence,14.3848125
eka_d03d1af9f888,calibration,,spk:db85dc5d93,narration_sentence,19.261
eka_1616ec39102d,calibration,,spk:db85dc5d93,narration_sentence,20.3175
eka_376c9903f406,calibration,,spk:db85dc5d93,narration_sentence,10.4838125
eka_0dbf3b99a60b,calibration,,spk:db85dc5d93,narration_sentence,13.3283125
eka_423f67f8c5b9,calibration,,spk:db85dc5d93,narration_sentence,24.381
eka_5eb83f8ffcd2,calibration,,spk:db85dc5d93,narration_sentence,18.6108125
eka_a0b3819d85eb,calibration,,spk:db85dc5d93,narration_sentence,21.374
eka_13eded3bf28c,calibration,,spk:db85dc5d93,narration_sentence,9.10225
eka_283743effe4f,calibration,,spk:db85dc5d93,narration_sentence,13.9784375
eka_2300b46b628f,calibration,,spk:db85dc5d93,narration_sentence,17.3105
eka_892ddcc97cb4,calibration,,spk:db85dc5d93,narration_sentence,13.653375
eka_8dcb68f60b36,calibration,,spk:db85dc5d93,narration_sentence,19.5048125
eka_6ec773bb88eb,calibration,,spk:db85dc5d93,narration_sentence,21.6990625
eka_08750684c54c,calibration,,spk:db85dc5d93,narration_sentence,18.4483125
eka_0bb25f39a6c6,calibration,,spk:db85dc5d93,narration_sentence,17.39175
eka_0573f70aebc4,calibration,,spk:db85dc5d93,narration_sentence,16.660375
eka_025ad5e2b86a,calibration,,spk:4903586be1,narration_sentence,14.96
eka_52a99436fb35,calibration,,spk:4903586be1,narration_sentence,15.92
eka_29aaf2b78c3d,calibration,,spk:db85dc5d93,narration_sentence,18.6108125
eka_2d7bda48fb3f,calibration,,spk:db85dc5d93,narration_sentence,14.0596875
eka_fe7632ebbd22,calibration,,spk:db85dc5d93,narration_sentence,13.815875
eka_78480082b981,calibration,,spk:db85dc5d93,narration_sentence,17.6355625
eka_6c1558970765,calibration,,spk:b8eb1b82c6,narration_sentence,10.16
eka_ca83769481d9,calibration,,spk:b8eb1b82c6,narration_sentence,14.88
eka_0aec6c0cacd8,calibration,,spk:b8eb1b82c6,narration_sentence,14.08
eka_c6e218c5572d,calibration,,spk:b8eb1b82c6,narration_sentence,17.84
eka_80935ff954fa,calibration,,spk:b8eb1b82c6,narration_sentence,18.96
eka_62c15b011cff,calibration,,spk:b8eb1b82c6,narration_sentence,14.08
eka_a508c63685e4,calibration,,spk:b8eb1b82c6,narration_sentence,13.12
eka_bf9491d0239d,calibration,,spk:b8eb1b82c6,narration_sentence,12.0
eka_6ca9106d7881,calibration,,spk:b8eb1b82c6,narration_sentence,20.4
eka_8591920f79d2,calibration,,spk:b8eb1b82c6,narration_sentence,11.44
eka_3b9b2fa107e0,calibration,,spk:b8eb1b82c6,narration_sentence,16.72
eka_a460913a756d,validation,,spk:ca3c605e2d,narration_sentence,13.9784375
eka_bc8ae80d57e3,calibration,,spk:b8eb1b82c6,narration_sentence,11.28
eka_f465ce5df0fa,calibration,,spk:b8eb1b82c6,narration_sentence,13.2
eka_7e89fd3d9595,calibration,,spk:b8eb1b82c6,narration_sentence,15.6
eka_7f17a39ce0f6,calibration,,spk:b8eb1b82c6,narration_sentence,14.88
eka_cebd9a8b4e0a,calibration,,spk:b8eb1b82c6,narration_sentence,11.52
eka_f2ea36c76a43,calibration,,spk:db85dc5d93,narration_sentence,18.28575
eka_c6a24da40e09,calibration,,spk:db85dc5d93,narration_sentence,17.0666875
eka_f64c197d5d3b,calibration,,spk:db85dc5d93,narration_sentence,16.741625
eka_3cadbe67d1e0,calibration,,spk:db85dc5d93,narration_sentence,17.9606875
eka_7aed9a9b4a72,calibration,,spk:db85dc5d93,narration_sentence,13.9784375
eka_a433d21b25ef,calibration,,spk:db85dc5d93,narration_sentence,15.9289375
eka_08368772106b,calibration,,spk:db85dc5d93,narration_sentence,19.0984375
eka_48ab01469790,calibration,,spk:b8eb1b82c6,narration_sentence,10.8
eka_a93afde40335,test,,spk:43a68ef3cb,narration_sentence,16.72
eka_2243e3c94a79,validation,,spk:ca3c605e2d,narration_sentence,16.0101875
eka_59cedf28aea6,validation,,spk:ca3c605e2d,narration_sentence,14.709875
eka_5060d0240391,calibration,,spk:c944bd6281,narration_sentence,9.84
eka_442451f1f5eb,calibration,,spk:c944bd6281,narration_sentence,14.56
eka_a173b82b3320,calibration,,spk:c944bd6281,narration_sentence,16.16
eka_9c095453cf66,calibration,,spk:c944bd6281,narration_sentence,16.4
eka_a2b2ad5bef50,calibration,,spk:c944bd6281,narration_sentence,13.6
eka_f2bef0eb5d75,calibration,,spk:c944bd6281,narration_sentence,10.48
eka_87dc64ee33c2,calibration,,spk:c944bd6281,narration_sentence,13.84
eka_bebf05e3ceb4,calibration,,spk:c944bd6281,narration_sentence,12.32
eka_823278afdc6f,calibration,,spk:c944bd6281,narration_sentence,11.52
eka_38f7d9f35de9,calibration,,spk:c944bd6281,narration_sentence,8.32
eka_b52428518e42,calibration,,spk:c944bd6281,narration_sentence,11.84
eka_9409de15a21c,calibration,,spk:c944bd6281,narration_sentence,14.64
eka_5a502f1600ec,calibration,,spk:c944bd6281,narration_sentence,12.24
eka_838c902e6bd1,calibration,,spk:c944bd6281,narration_sentence,12.8
eka_00e343758972,calibration,,spk:c944bd6281,narration_sentence,13.68
eka_d16d947ac636,calibration,,spk:c944bd6281,narration_sentence,16.08
eka_437a71f4c061,calibration,,spk:c944bd6281,narration_sentence,14.64
eka_7d5cf58e3a91,calibration,,spk:c944bd6281,narration_sentence,12.24
eka_dd7f9a87c522,calibration,,spk:11c9649288,narration_sentence,11.44
eka_8cef1cffebd6,calibration,,spk:11c9649288,narration_sentence,18.0
eka_b2097bac8e68,calibration,,spk:11c9649288,narration_sentence,15.36
eka_b3085482e7bd,calibration,,spk:11c9649288,narration_sentence,9.44
eka_e4370f12abbd,calibration,,spk:11c9649288,narration_sentence,14.48
eka_4e56d724701f,calibration,,spk:c944bd6281,narration_sentence,13.92
eka_a7a708c8da26,calibration,,spk:11c9649288,narration_sentence,8.4
eka_01068d1fd3ad,calibration,,spk:c944bd6281,narration_sentence,14.16
eka_9be46424f3a4,calibration,,spk:c944bd6281,narration_sentence,14.72
eka_e12a8e52452f,test,,spk:67dd56c1f0,narration_sentence,14.32
eka_998fd32ed527,test,,spk:67dd56c1f0,narration_sentence,15.28
eka_68525ea341e7,test,,spk:67dd56c1f0,narration_sentence,12.32
eka_8c96f21d3a2b,test,,spk:67dd56c1f0,narration_sentence,11.68
eka_edf1dff641c4,test,,spk:67dd56c1f0,narration_sentence,14.48
eka_e8049957406e,test,,spk:67dd56c1f0,narration_sentence,15.44
eka_c91f54e9ba67,test,,spk:67dd56c1f0,narration_sentence,16.4
eka_ca69a4b4e96d,test,,spk:67dd56c1f0,narration_sentence,17.36
eka_04fec39fbcb5,test,,spk:67dd56c1f0,narration_sentence,16.16
eka_3ae0a6439d1d,test,,spk:67dd56c1f0,narration_sentence,19.12
eka_444258676fe0,test,,spk:67dd56c1f0,narration_sentence,15.44
eka_0284cce3fe98,test,,spk:67dd56c1f0,narration_sentence,12.4
eka_1b0d2acb365e,test,,spk:67dd56c1f0,narration_sentence,19.36
eka_f1b2dfec0a63,test,,spk:67dd56c1f0,narration_sentence,11.92
eka_e7a93e3f1ba9,calibration,,spk:c944bd6281,narration_sentence,24.24
eka_848170786352,calibration,,spk:c944bd6281,narration_sentence,15.12
eka_917aa5cc971f,calibration,,spk:c944bd6281,narration_sentence,8.64
eka_d1de42bab106,calibration,,spk:c944bd6281,narration_sentence,16.88
eka_c9cb1878e4eb,calibration,,spk:c944bd6281,narration_sentence,13.2
eka_ad4f22104a4c,calibration,,spk:c944bd6281,narration_sentence,14.88
eka_6ae4bcdc1fed,calibration,,spk:c944bd6281,narration_sentence,14.88
eka_d5cb0a173d72,calibration,,spk:c944bd6281,narration_sentence,18.56
eka_d2c31c7b54cd,calibration,,spk:c944bd6281,narration_sentence,10.56
eka_9719063ebc54,calibration,,spk:c944bd6281,narration_sentence,15.04
eka_1f60b78b9b23,test,,spk:67dd56c1f0,narration_sentence,10.08
eka_7e2049b39f09,calibration,,spk:11c9649288,narration_sentence,14.0
eka_980d781d8e53,calibration,,spk:11c9649288,narration_sentence,14.96
eka_a14809cbf49b,calibration,,spk:11c9649288,narration_sentence,15.68
eka_b5ccd106db3a,calibration,,spk:11c9649288,narration_sentence,16.32
eka_1707b106a8a0,calibration,,spk:11c9649288,narration_sentence,12.8
eka_2de0377ba639,calibration,,spk:11c9649288,narration_sentence,17.44
eka_c0a7c1e0e485,calibration,,spk:11c9649288,narration_sentence,12.88
eka_f54ae66903ab,calibration,,spk:11c9649288,narration_sentence,10.96
eka_41b0ec16c3fa,calibration,,spk:11c9649288,narration_sentence,12.64
eka_1ef03218a607,calibration,,spk:11c9649288,narration_sentence,16.72
eka_368e8016cf37,calibration,,spk:11c9649288,narration_sentence,14.56
eka_ddf35f35c29e,calibration,,spk:11c9649288,narration_sentence,11.68
eka_aa8df5cb5c51,calibration,,spk:11c9649288,narration_sentence,18.64
eka_279531d6ea83,calibration,,spk:11c9649288,narration_sentence,16.96
eka_048fe220dde4,calibration,,spk:11c9649288,narration_sentence,22.4
eka_ba3a9e21c076,calibration,,spk:11c9649288,narration_sentence,17.52
eka_2585eaa1ae4f,calibration,,spk:11c9649288,narration_sentence,19.12
eka_dec5d22dbdcf,calibration,,spk:11c9649288,narration_sentence,21.04
eka_3386c3e3a28b,calibration,,spk:11c9649288,narration_sentence,12.4
eka_6338c71179e4,calibration,,spk:11c9649288,narration_sentence,15.68
eka_1aef6bb238f1,calibration,,spk:11c9649288,narration_sentence,17.6
eka_407b24926c8d,calibration,,spk:11c9649288,narration_sentence,14.0
eka_7ff128deb2ad,calibration,,spk:11c9649288,narration_sentence,9.6
eka_d048830a4b1f,calibration,,spk:11c9649288,narration_sentence,17.6
eka_a840f2e20af3,calibration,,spk:11c9649288,narration_sentence,14.88
eka_8d38919668f9,calibration,,spk:11c9649288,narration_sentence,12.48
eka_a1acf084834e,calibration,,spk:11c9649288,narration_sentence,14.72
eka_28deee9427c0,calibration,,spk:11c9649288,narration_sentence,12.56
eka_f02f45a51084,calibration,,spk:11c9649288,narration_sentence,16.8
eka_2114900be5f6,calibration,,spk:11c9649288,narration_sentence,9.92
eka_71e9d627dcd6,calibration,,spk:11c9649288,narration_sentence,14.32
eka_2a5a3d784155,calibration,,spk:11c9649288,narration_sentence,12.24
eka_03a077a05b0f,calibration,,spk:11c9649288,narration_sentence,14.8
eka_3114a8092010,calibration,,spk:11c9649288,narration_sentence,15.52
eka_59d07e2de7ef,calibration,,spk:11c9649288,narration_sentence,12.08
eka_52ca16771737,calibration,,spk:11c9649288,narration_sentence,13.12
eka_228b3892642e,calibration,,spk:11c9649288,narration_sentence,11.84
eka_c58d16323875,calibration,,spk:11c9649288,narration_sentence,13.76
eka_e6c459707bab,calibration,,spk:11c9649288,narration_sentence,15.76
eka_fd19a0e20fd8,calibration,,spk:11c9649288,narration_sentence,18.0
eka_a9305cdd02e0,calibration,,spk:11c9649288,narration_sentence,12.56
eka_9fabce922574,calibration,,spk:11c9649288,narration_sentence,14.16
eka_328bdf6759f1,calibration,,spk:11c9649288,narration_sentence,20.48
eka_2667018a31d6,calibration,,spk:11c9649288,narration_sentence,12.24
eka_18f6ceb2b81e,calibration,,spk:11c9649288,narration_sentence,13.76
eka_63d3e5a360ce,calibration,,spk:11c9649288,narration_sentence,14.88
eka_17a3e462adf8,calibration,,spk:11c9649288,narration_sentence,13.84
eka_4541aff379af,calibration,,spk:11c9649288,narration_sentence,12.4
eka_5209fa006487,calibration,,spk:11c9649288,narration_sentence,16.4
eka_2290a8c4aaad,calibration,,spk:11c9649288,narration_sentence,8.8
eka_8c79e5e82a18,calibration,,spk:11c9649288,narration_sentence,14.16
eka_510d9d198b5d,calibration,,spk:11c9649288,narration_sentence,10.88
eka_e435a9de691e,calibration,,spk:11c9649288,narration_sentence,18.32
eka_6f28713cb324,test,,spk:67dd56c1f0,narration_sentence,13.36
eka_a565becb85ac,test,,spk:67dd56c1f0,narration_sentence,14.8
eka_fd982c498422,test,,spk:67dd56c1f0,narration_sentence,13.76
eka_8acc16b0998e,calibration,,spk:1501778d07,narration_sentence,17.716875
eka_efd652e4f041,calibration,,spk:1501778d07,narration_sentence,18.773375
eka_d1425ef4ad70,calibration,,spk:1501778d07,narration_sentence,13.9784375
eka_fd95ad094f50,calibration,,spk:1501778d07,narration_sentence,15.27875
eka_bc9a15820711,calibration,,spk:bacda0bf41,narration_sentence,12.1905
eka_82a94cec974b,calibration,,spk:bacda0bf41,narration_sentence,15.4413125
eka_26701590a538,calibration,,spk:bacda0bf41,narration_sentence,12.596875
eka_5eb87bc45772,calibration,,spk:bacda0bf41,narration_sentence,13.734625
eka_c4d8db64da5d,calibration,,spk:bacda0bf41,narration_sentence,12.9219375
eka_adaa21ed7002,calibration,,spk:bacda0bf41,narration_sentence,16.660375
eka_0b17dae202ba,calibration,md5_text_crosses_split,spk:bacda0bf41,narration_sentence,13.4908125
eka_2fbf8c242679,calibration,,spk:bacda0bf41,narration_sentence,9.9149375
eka_41f70264d515,calibration,,spk:bacda0bf41,narration_sentence,14.141
eka_76de2319cd38,calibration,,spk:bacda0bf41,narration_sentence,13.4908125
eka_0e916684dff7,calibration,,spk:bacda0bf41,narration_sentence,12.27175
eka_1ae939e48111,calibration,,spk:bacda0bf41,narration_sentence,10.3213125
eka_b1bd19ab3c39,calibration,,spk:bacda0bf41,narration_sentence,10.8089375
eka_de15cf159cfd,calibration,,spk:bacda0bf41,narration_sentence,14.22225
eka_d09b62a7ce77,calibration,,spk:bacda0bf41,narration_sentence,13.9784375
eka_0d4388a1871a,calibration,,spk:bacda0bf41,narration_sentence,13.653375
eka_c4e12503004b,calibration,,spk:bacda0bf41,narration_sentence,9.7524375
eka_c854352d01a3,calibration,,spk:bacda0bf41,narration_sentence,10.0775
eka_5be4f969e9d4,calibration,,spk:bacda0bf41,narration_sentence,16.9041875
eka_2e08c6d9bb10,calibration,,spk:1501778d07,narration_sentence,22.7555625
eka_70d54850bdad,calibration,,spk:bacda0bf41,narration_sentence,15.36
eka_aa609d9e29b3,calibration,,spk:1501778d07,narration_sentence,18.1231875
eka_6ef0796448c3,calibration,,spk:1501778d07,narration_sentence,20.967625
eka_b6b071298ba8,validation,,spk:ca3c605e2d,narration_sentence,17.1479375
eka_01a0f61c2de3,calibration,,spk:1501778d07,narration_sentence,16.5790625
eka_ff1d4167fd8f,calibration,,spk:1501778d07,narration_sentence,19.829875
eka_0a7c2c41c0e9,calibration,,spk:1501778d07,narration_sentence,21.780375
eka_3dfcb04a38e3,calibration,,spk:1501778d07,narration_sentence,20.1549375
eka_53bbf1ed18dc,calibration,,spk:1501778d07,narration_sentence,17.4730625
eka_9591befae253,calibration,,spk:1501778d07,narration_sentence,14.141
eka_1423e7914973,calibration,,spk:1501778d07,narration_sentence,17.798125
eka_dfff46b8a187,calibration,session_id_crosses_split,spk:1501778d07,narration_sentence,18.692125
eka_7555c233340e,calibration,,spk:1501778d07,narration_sentence,14.709875
eka_dda88aeb7bab,calibration,,spk:1501778d07,narration_sentence,19.6673125
eka_76ef0dc1bd38,calibration,,spk:1501778d07,narration_sentence,15.6038125
eka_d9e09983a64d,calibration,,spk:1501778d07,narration_sentence,16.822875
eka_e6e885d4f899,calibration,,spk:1501778d07,narration_sentence,14.141
eka_981c41721235,calibration,,spk:1501778d07,narration_sentence,23.1619375
eka_a4f9e899e6be,calibration,,spk:1501778d07,narration_sentence,0.81275
eka_7ceeb7f3c8a6,calibration,,spk:1501778d07,narration_sentence,14.9536875
eka_566f0c880928,calibration,,spk:1501778d07,narration_sentence,16.741625
eka_b29adebfa99f,calibration,,spk:1501778d07,narration_sentence,17.0666875
eka_df790268e3b9,calibration,,spk:1501778d07,narration_sentence,20.7238125
eka_230318644a53,calibration,,spk:1501778d07,narration_sentence,14.628625
eka_f3e259a8a0b7,calibration,,spk:1501778d07,narration_sentence,17.716875
eka_312da378d405,calibration,,spk:1501778d07,narration_sentence,17.4730625
eka_9fd7baf457ef,calibration,,spk:1501778d07,narration_sentence,17.9606875
eka_a25f98938889,calibration,,spk:bacda0bf41,narration_sentence,14.4660625
eka_122069852ef1,calibration,,spk:bacda0bf41,narration_sentence,12.678125
eka_a8f1d80ae1e3,calibration,,spk:bacda0bf41,narration_sentence,12.759375
eka_2c610db95fe3,test,,spk:104e0df27b,narration_sentence,23.6495625
eka_d24a83d85c9d,test,,spk:104e0df27b,narration_sentence,22.4305
eka_b570a2aa884f,test,,spk:104e0df27b,narration_sentence,19.0171875
eka_cfaa8109c49e,test,,spk:104e0df27b,narration_sentence,20.39875
eka_8a9dbaa996ba,test,,spk:104e0df27b,narration_sentence,23.487
eka_cc03dd35a790,test,,spk:104e0df27b,narration_sentence,20.5613125
eka_fb520a323281,test,,spk:104e0df27b,narration_sentence,18.6108125
eka_6f2a8a83c287,test,,spk:104e0df27b,narration_sentence,17.39175
eka_0d7de988f167,test,,spk:104e0df27b,narration_sentence,21.5365625
eka_06795b86fd9e,test,,spk:104e0df27b,narration_sentence,16.4165625
eka_f1b829e44bd7,test,,spk:104e0df27b,narration_sentence,18.2045
eka_bd1383060bab,test,,spk:67dd56c1f0,narration_sentence,13.68
eka_d53e53251a3b,test,,spk:67dd56c1f0,narration_sentence,14.56
eka_1f36619b4af1,test,,spk:67dd56c1f0,narration_sentence,14.4
eka_8efc06f61fdc,test,,spk:67dd56c1f0,narration_sentence,11.84
eka_86aeff0b2b14,test,,spk:67dd56c1f0,narration_sentence,17.28
eka_40ddb16d307c,test,,spk:67dd56c1f0,narration_sentence,16.96
eka_df04a8843fad,test,,spk:67dd56c1f0,narration_sentence,15.28
eka_cf94b11030bb,test,,spk:67dd56c1f0,narration_sentence,19.36
eka_e030d8a8429b,test,,spk:67dd56c1f0,narration_sentence,9.92
eka_1e29fc3a9c85,test,,spk:67dd56c1f0,narration_sentence,21.52
eka_d26927f24e76,test,,spk:67dd56c1f0,narration_sentence,12.64
eka_8bd1c763b660,test,,spk:67dd56c1f0,narration_sentence,17.12
eka_2927fb83919d,test,,spk:104e0df27b,narration_sentence,16.660375
eka_7d9878e33c96,test,,spk:104e0df27b,narration_sentence,19.5048125
eka_9963612a74cb,test,,spk:104e0df27b,narration_sentence,26.900375
eka_49e327114cee,test,,spk:104e0df27b,narration_sentence,25.8438125
eka_f6fcb6fccce2,calibration,,spk:bacda0bf41,narration_sentence,11.9466875
eka_f349933d9936,calibration,,spk:bacda0bf41,narration_sentence,14.0596875
eka_7b89c2fa9462,calibration,,spk:bacda0bf41,narration_sentence,11.9466875
eka_17151495ce4d,calibration,,spk:bacda0bf41,narration_sentence,16.0914375
eka_7d9654c332a6,calibration,,spk:bacda0bf41,narration_sentence,12.27175
eka_90c66c6c0a58,calibration,,spk:bacda0bf41,narration_sentence,13.9784375
eka_eb2901cbbb2b,calibration,,spk:bacda0bf41,narration_sentence,11.21525
eka_aad28597b9ff,calibration,,spk:bacda0bf41,narration_sentence,17.22925
eka_a2b963a46a1e,test,,spk:104e0df27b,narration_sentence,23.40575
eka_dba4aa504da1,test,,spk:104e0df27b,narration_sentence,19.0171875
eka_076bf33d64ec,test,,spk:104e0df27b,narration_sentence,15.847625
eka_e0cef09cf90d,validation,,spk:ca3c605e2d,narration_sentence,23.487
eka_3d5f2f20f080,test,,spk:104e0df27b,narration_sentence,20.0736875
eka_31b58f599780,test,,spk:104e0df27b,narration_sentence,17.798125
eka_53444c5c6e36,test,,spk:104e0df27b,narration_sentence,15.0349375
eka_366d013084f0,test,,spk:104e0df27b,narration_sentence,16.741625
eka_835e61188ad3,test,,spk:104e0df27b,narration_sentence,23.2431875
eka_c3b52fe4e90b,test,,spk:104e0df27b,narration_sentence,21.861625
eka_292f917f21ca,test,,spk:104e0df27b,narration_sentence,17.39175
eka_e7e87190b80d,test,,spk:104e0df27b,narration_sentence,21.6178125
eka_7c864c78e5da,test,,spk:104e0df27b,narration_sentence,15.685125
eka_36a15becdf0d,test,,spk:104e0df27b,narration_sentence,16.17275
eka_472d2631087a,test,,spk:104e0df27b,narration_sentence,16.0914375
eka_0a9f88529715,test,,spk:104e0df27b,narration_sentence,21.6990625
eka_1b9a8535a39e,test,,spk:104e0df27b,narration_sentence,22.34925
eka_891e5d45a699,calibration,,spk:d0bf2ed3c3,narration_sentence,15.847625
