unit_id,split,subset,consultation,start,end,n_speaker_turns
pm_win_day1_consultation01_000,test,window,day1_consultation01,2.233,25.65,2
pm_win_day1_consultation01_001,test,window,day1_consultation01,25.666,78.065,11
pm_win_day1_consultation01_002,test,window,day1_consultation01,78.126,99.033,5
pm_win_day1_consultation01_003,test,window,day1_consultation01,99.046,142.646,6
pm_win_day1_consultation01_004,test,window,day1_consultation01,142.811,172.811,5
pm_win_day1_consultation01_005,test,window,day1_consultation01,172.995,178.495,2
pm_win_day1_consultation01_006,test,window,day1_consultation01,178.783,215.078,4
pm_win_day1_consultation01_007,test,window,day1_consultation01,215.259,223.055,2
pm_win_day1_consultation01_008,test,window,day1_consultation01,223.055,250.414,3
pm_win_day1_consultation01_009,test,window,day1_consultation01,250.414,268.672,5
pm_win_day1_consultation01_010,test,window,day1_consultation01,268.672,290.272,4
pm_win_day1_consultation01_011,test,window,day1_consultation01,290.272,320.137,9
pm_win_day1_consultation01_012,test,window,day1_consultation01,320.292,358.648,5
pm_win_day1_consultation01_013,test,window,day1_consultation01,358.648,381.331,4
pm_win_day1_consultation01_014,test,window,day1_consultation01,381.331,406.327,6
pm_win_day1_consultation01_015,test,window,day1_consultation01,406.327,417.78,2
pm_win_day1_consultation01_016,test,window,day1_consultation01,417.78,443.593,11
pm_win_day1_consultation01_017,test,window,day1_consultation01,443.593,457.191,6
pm_win_day1_consultation02_000,recalibration,window,day1_consultation02,0.0,15.919,5
pm_win_day1_consultation02_001,recalibration,window,day1_consultation02,16.282,41.526,3
pm_win_day1_consultation02_002,recalibration,window,day1_consultation02,41.526,70.051,2
pm_win_day1_consultation02_003,recalibration,window,day1_consultation02,70.677,97.239,5
pm_win_day1_consultation02_004,recalibration,window,day1_consultation02,97.239,121.023,5
pm_win_day1_consultation02_005,recalibration,window,day1_consultation02,121.023,134.87,4
pm_win_day1_consultation02_006,recalibration,window,day1_consultation02,134.87,162.71,5
pm_win_day1_consultation02_007,recalibration,window,day1_consultation02,162.861,188.028,5
pm_win_day1_consultation02_008,recalibration,window,day1_consultation02,188.028,194.39,1
pm_win_day1_consultation02_009,recalibration,window,day1_consultation02,194.39,218.045,3
pm_win_day1_consultation02_010,recalibration,window,day1_consultation02,218.045,247.677,7
pm_win_day1_consultation02_011,recalibration,window,day1_consultation02,248.525,274.031,6
pm_win_day1_consultation02_012,recalibration,window,day1_consultation02,274.882,304.169,4
pm_win_day1_consultation02_013,recalibration,window,day1_consultation02,304.169,329.024,5
pm_win_day1_consultation02_014,recalibration,window,day1_consultation02,329.208,354.908,7
pm_win_day1_consultation02_015,recalibration,window,day1_consultation02,354.908,381.272,4
pm_win_day1_consultation02_016,recalibration,window,day1_consultation02,381.272,406.371,5
pm_win_day1_consultation02_017,recalibration,window,day1_consultation02,406.773,433.873,3
pm_win_day1_consultation02_018,recalibration,window,day1_consultation02,433.873,458.988,3
pm_win_day1_consultation02_019,recalibration,window,day1_consultation02,458.988,483.232,7
pm_win_day1_consultation02_020,recalibration,window,day1_consultation02,483.232,512.18,5
pm_win_day1_consultation02_021,recalibration,window,day1_consultation02,512.18,535.034,4
pm_win_day1_consultation02_022,recalibration,window,day1_consultation02,535.034,556.111,5
pm_win_day1_consultation03_000,test,window,day1_consultation03,0.857,26.615,7
pm_win_day1_consultation03_001,test,window,day1_consultation03,26.615,53.341,6
pm_win_day1_consultation03_002,test,window,day1_consultation03,53.341,81.193,7
pm_win_day1_consultation03_003,test,window,day1_consultation03,81.559,109.392,7
pm_win_day1_consultation03_004,test,window,day1_consultation03,110.039,134.354,4
pm_win_day1_consultation03_005,test,window,day1_consultation03,134.354,163.599,6
pm_win_day1_consultation03_006,test,window,day1_consultation03,163.599,186.418,5
pm_win_day1_consultation03_007,test,window,day1_consultation03,186.846,210.168,7
pm_win_day1_consultation03_008,test,window,day1_consultation03,210.168,237.306,7
pm_win_day1_consultation03_009,test,window,day1_consultation03,237.306,262.473,5
pm_win_day1_consultation03_010,test,window,day1_consultation03,262.473,286.65,4
pm_win_day1_consultation03_011,test,window,day1_consultation03,287.764,310.325,8
pm_win_day1_consultation03_012,test,window,day1_consultation03,310.325,336.169,7
pm_win_day1_consultation03_013,test,window,day1_consultation03,336.169,361.233,4
pm_win_day1_consultation03_014,test,window,day1_consultation03,361.233,389.566,9
pm_win_day1_consultation03_015,test,window,day1_consultation03,389.566,411.502,6
pm_win_day1_consultation03_016,test,window,day1_consultation03,411.502,440.74,1
pm_win_day1_consultation03_017,test,window,day1_consultation03,440.74,464.827,3
pm_win_day1_consultation03_018,test,window,day1_consultation03,464.827,488.738,1
pm_win_day1_consultation03_019,test,window,day1_consultation03,488.738,516.318,4
pm_win_day1_consultation03_020,test,window,day1_consultation03,516.318,542.6,9
pm_win_day1_consultation04_000,test,window,day1_consultation04,0.0,22.989,6
pm_win_day1_consultation04_001,test,window,day1_consultation04,22.989,50.518,4
pm_win_day1_consultation04_002,test,window,day1_consultation04,51.381,81.381,2
pm_win_day1_consultation04_003,test,window,day1_consultation04,82.743,102.653,5
pm_win_day1_consultation04_004,test,window,day1_consultation04,103.224,130.96,4
pm_win_day1_consultation04_005,test,window,day1_consultation04,130.96,160.707,6
pm_win_day1_consultation04_006,test,window,day1_consultation04,160.707,185.822,6
pm_win_day1_consultation04_007,test,window,day1_consultation04,185.822,211.901,5
pm_win_day1_consultation04_008,test,window,day1_consultation04,211.901,238.127,2
pm_win_day1_consultation04_009,test,window,day1_consultation04,238.127,266.694,4
pm_win_day1_consultation04_010,test,window,day1_consultation04,266.694,291.634,5
pm_win_day1_consultation04_011,test,window,day1_consultation04,291.634,321.585,6
pm_win_day1_consultation04_012,test,window,day1_consultation04,321.78,346.871,8
pm_win_day1_consultation04_013,test,window,day1_consultation04,346.871,376.69,6
pm_win_day1_consultation04_014,test,window,day1_consultation04,377.054,400.751,6
pm_win_day1_consultation04_015,test,window,day1_consultation04,400.827,428.839,5
pm_win_day1_consultation04_016,test,window,day1_consultation04,428.839,458.39,7
pm_win_day1_consultation04_017,test,window,day1_consultation04,458.39,485.127,5
pm_win_day1_consultation04_018,test,window,day1_consultation04,485.127,511.089,6
pm_win_day1_consultation04_019,test,window,day1_consultation04,511.184,535.434,4
pm_win_day1_consultation04_020,test,window,day1_consultation04,535.434,564.225,1
pm_win_day1_consultation04_021,test,window,day1_consultation04,564.225,580.17,1
pm_win_day1_consultation04_022,test,window,day1_consultation04,580.17,608.335,4
pm_win_day1_consultation04_023,test,window,day1_consultation04,608.335,614.141,2
pm_win_day1_consultation05_000,test,window,day1_consultation05,1.8,30.9,6
pm_win_day1_consultation05_001,test,window,day1_consultation05,30.9,57.199,5
pm_win_day1_consultation05_002,test,window,day1_consultation05,57.482,77.977,4
pm_win_day1_consultation05_003,test,window,day1_consultation05,79.012,109.012,4
pm_win_day1_consultation05_004,test,window,day1_consultation05,109.467,128.699,3
pm_win_day1_consultation05_005,test,window,day1_consultation05,128.699,156.306,4
pm_win_day1_consultation05_006,test,window,day1_consultation05,156.306,185.397,5
pm_win_day1_consultation05_007,test,window,day1_consultation05,185.397,214.294,3
pm_win_day1_consultation05_008,test,window,day1_consultation05,214.294,233.186,6
pm_win_day1_consultation05_009,test,window,day1_consultation05,233.338,254.461,3
pm_win_day1_consultation05_010,test,window,day1_consultation05,254.461,280.54,2
pm_win_day1_consultation05_011,test,window,day1_consultation05,280.54,309.491,5
pm_win_day1_consultation05_012,test,window,day1_consultation05,309.691,333.957,4
pm_win_day1_consultation05_013,test,window,day1_consultation05,334.939,364.136,5
pm_win_day1_consultation05_014,test,window,day1_consultation05,364.563,383.063,6
pm_win_day1_consultation05_015,test,window,day1_consultation05,383.751,403.592,3
pm_win_day1_consultation05_016,test,window,day1_consultation05,403.592,430.782,7
pm_win_day1_consultation05_017,test,window,day1_consultation05,431.631,449.785,1
pm_win_day1_consultation05_018,test,window,day1_consultation05,449.785,470.739,1
pm_win_day1_consultation05_019,test,window,day1_consultation05,470.924,484.862,2
pm_win_day1_consultation05_020,test,window,day1_consultation05,484.881,509.692,3
pm_win_day1_consultation05_021,test,window,day1_consultation05,509.692,532.487,2
pm_win_day1_consultation05_022,test,window,day1_consultation05,532.487,552.623,1
pm_win_day1_consultation05_023,test,window,day1_consultation05,553.39,576.479,8
pm_win_day1_consultation06_000,test,window,day1_consultation06,0.0,29.077,7
pm_win_day1_consultation06_001,test,window,day1_consultation06,30.082,58.436,4
pm_win_day1_consultation06_002,test,window,day1_consultation06,59.827,87.423,4
pm_win_day1_consultation06_003,test,window,day1_consultation06,87.423,117.404,5
pm_win_day1_consultation06_004,test,window,day1_consultation06,118.729,135.013,5
pm_win_day1_consultation06_005,test,window,day1_consultation06,135.013,157.253,5
pm_win_day1_consultation06_006,test,window,day1_consultation06,158.291,177.549,2
pm_win_day1_consultation06_007,test,window,day1_consultation06,177.549,205.249,7
pm_win_day1_consultation06_008,test,window,day1_consultation06,206.076,228.194,3
pm_win_day1_consultation06_009,test,window,day1_consultation06,228.194,247.647,5
pm_win_day1_consultation06_010,test,window,day1_consultation06,248.443,276.199,6
pm_win_day1_consultation06_011,test,window,day1_consultation06,276.785,305.938,9
pm_win_day1_consultation06_012,test,window,day1_consultation06,306.029,334.962,9
pm_win_day1_consultation06_013,test,window,day1_consultation06,334.962,364.718,6
pm_win_day1_consultation06_014,test,window,day1_consultation06,365.627,390.74,6
pm_win_day1_consultation06_015,test,window,day1_consultation06,391.204,419.086,4
pm_win_day1_consultation06_016,test,window,day1_consultation06,419.206,449.139,6
pm_win_day1_consultation06_017,test,window,day1_consultation06,449.562,470.41,7
pm_win_day1_consultation06_018,test,window,day1_consultation06,472.285,497.843,6
pm_win_day1_consultation06_019,test,window,day1_consultation06,498.944,528.845,4
pm_win_day1_consultation06_020,test,window,day1_consultation06,528.845,554.71,7
pm_win_day1_consultation06_021,test,window,day1_consultation06,554.71,582.277,4
pm_win_day1_consultation06_022,test,window,day1_consultation06,582.277,604.632,5
pm_win_day1_consultation06_023,test,window,day1_consultation06,604.632,628.305,2
pm_win_day1_consultation06_024,test,window,day1_consultation06,628.305,657.29,6
pm_win_day1_consultation07_000,test,window,day1_consultation07,2.187,16.969,6
pm_win_day1_consultation07_001,test,window,day1_consultation07,16.969,32.997,3
pm_win_day1_consultation07_002,test,window,day1_consultation07,34.158,55.55,4
pm_win_day1_consultation07_003,test,window,day1_consultation07,56.404,70.761,2
pm_win_day1_consultation07_004,test,window,day1_consultation07,71.866,87.267,2
pm_win_day1_consultation07_005,test,window,day1_consultation07,87.267,103.806,2
pm_win_day1_consultation07_006,test,window,day1_consultation07,104.571,125.762,3
pm_win_day1_consultation07_007,test,window,day1_consultation07,125.762,156.206,5
pm_win_day1_consultation07_008,test,window,day1_consultation07,156.745,175.545,2
pm_win_day1_consultation07_009,test,window,day1_consultation07,175.745,199.421,3
pm_win_day1_consultation07_010,test,window,day1_consultation07,200.249,225.743,3
pm_win_day1_consultation07_011,test,window,day1_consultation07,227.231,252.468,8
pm_win_day1_consultation07_012,test,window,day1_consultation07,253.172,276.259,4
pm_win_day1_consultation07_013,test,window,day1_consultation07,276.74,318.017,4
pm_win_day1_consultation07_014,test,window,day1_consultation07,318.643,340.454,4
pm_win_day1_consultation07_015,test,window,day1_consultation07,341.408,368.135,3
pm_win_day1_consultation07_016,test,window,day1_consultation07,369.216,395.029,4
pm_win_day1_consultation07_017,test,window,day1_consultation07,395.468,408.145,3
pm_win_day1_consultation07_018,test,window,day1_consultation07,408.767,450.411,6
pm_win_day1_consultation07_019,test,window,day1_consultation07,450.606,472.009,2
pm_win_day1_consultation07_020,test,window,day1_consultation07,473.858,490.996,4
pm_win_day1_consultation07_021,test,window,day1_consultation07,490.996,520.129,3
pm_win_day1_consultation07_022,test,window,day1_consultation07,520.473,538.591,2
pm_win_day1_consultation07_023,test,window,day1_consultation07,538.591,565.895,3
pm_win_day1_consultation07_024,test,window,day1_consultation07,566.115,592.179,4
pm_win_day1_consultation07_025,test,window,day1_consultation07,592.776,620.791,4
pm_win_day1_consultation07_026,test,window,day1_consultation07,620.894,649.589,6
pm_win_day1_consultation07_027,test,window,day1_consultation07,650.06,678.578,5
pm_win_day1_consultation07_028,test,window,day1_consultation07,679.099,705.545,4
pm_win_day1_consultation07_029,test,window,day1_consultation07,705.659,722.981,2
pm_win_day1_consultation07_030,test,window,day1_consultation07,723.406,755.496,5
pm_win_day1_consultation07_031,test,window,day1_consultation07,755.496,764.992,2
pm_win_day1_consultation07_032,test,window,day1_consultation07,764.992,792.697,4
pm_win_day1_consultation07_033,test,window,day1_consultation07,792.697,820.784,3
pm_win_day1_consultation07_034,test,window,day1_consultation07,820.784,846.406,6
pm_win_day1_consultation07_035,test,window,day1_consultation07,846.406,855.863,2
pm_win_day1_consultation08_000,test,window,day1_consultation08,1.043,29.319,7
pm_win_day1_consultation08_001,test,window,day1_consultation08,29.319,58.955,6
pm_win_day1_consultation08_002,test,window,day1_consultation08,58.955,78.763,3
pm_win_day1_consultation08_003,test,window,day1_consultation08,80.043,107.213,6
pm_win_day1_consultation08_004,test,window,day1_consultation08,108.049,128.509,6
pm_win_day1_consultation08_005,test,window,day1_consultation08,128.509,154.357,5
pm_win_day1_consultation08_006,test,window,day1_consultation08,154.887,178.634,6
pm_win_day1_consultation08_007,test,window,day1_consultation08,179.386,205.524,8
pm_win_day1_consultation08_008,test,window,day1_consultation08,205.524,230.675,10
pm_win_day1_consultation08_009,test,window,day1_consultation08,230.675,258.439,8
pm_win_day1_consultation08_010,test,window,day1_consultation08,258.471,285.951,6
pm_win_day1_consultation08_011,test,window,day1_consultation08,286.876,310.814,6
pm_win_day1_consultation08_012,test,window,day1_consultation08,310.814,338.672,10
pm_win_day1_consultation08_013,test,window,day1_consultation08,339.537,360.258,3
pm_win_day1_consultation08_014,test,window,day1_consultation08,360.258,390.119,4
pm_win_day1_consultation08_015,test,window,day1_consultation08,390.174,411.424,1
pm_win_day1_consultation08_016,test,window,day1_consultation08,411.424,432.53,3
pm_win_day1_consultation08_017,test,window,day1_consultation08,435.843,465.034,8
pm_win_day1_consultation09_000,test,window,day1_consultation09,0.0,20.21,4
pm_win_day1_consultation09_001,test,window,day1_consultation09,21.339,47.285,2
pm_win_day1_consultation09_002,test,window,day1_consultation09,47.481,76.195,2
pm_win_day1_consultation09_003,test,window,day1_consultation09,76.979,106.923,4
pm_win_day1_consultation09_004,test,window,day1_consultation09,106.923,130.864,2
pm_win_day1_consultation09_005,test,window,day1_consultation09,131.407,158.118,6
pm_win_day1_consultation09_006,test,window,day1_consultation09,162.693,181.95,5
pm_win_day1_consultation09_007,test,window,day1_consultation09,181.95,211.699,6
pm_win_day1_consultation09_008,test,window,day1_consultation09,214.241,243.195,6
pm_win_day1_consultation09_009,test,window,day1_consultation09,243.438,264.136,7
pm_win_day1_consultation09_010,test,window,day1_consultation09,264.136,291.856,4
pm_win_day1_consultation09_011,test,window,day1_consultation09,291.856,321.641,5
pm_win_day1_consultation09_012,test,window,day1_consultation09,321.641,343.947,4
pm_win_day1_consultation09_013,test,window,day1_consultation09,344.183,374.157,8
pm_win_day1_consultation09_014,test,window,day1_consultation09,374.169,402.916,6
pm_win_day1_consultation09_015,test,window,day1_consultation09,402.916,426.804,4
pm_win_day1_consultation09_016,test,window,day1_consultation09,426.804,454.459,6
pm_win_day1_consultation09_017,test,window,day1_consultation09,454.459,476.571,4
pm_win_day1_consultation09_018,test,window,day1_consultation09,476.84,503.21,3
pm_win_day1_consultation09_019,test,window,day1_consultation09,503.21,532.246,4
pm_win_day1_consultation09_020,test,window,day1_consultation09,532.246,534.533,2
pm_win_day1_consultation10_000,test,window,day1_consultation10,0.0,19.707,5
pm_win_day1_consultation10_001,test,window,day1_consultation10,19.995,33.25,3
pm_win_day1_consultation10_002,test,window,day1_consultation10,33.25,58.08,4
pm_win_day1_consultation10_003,test,window,day1_consultation10,58.255,83.244,6
pm_win_day1_consultation10_004,test,window,day1_consultation10,83.244,91.151,2
pm_win_day1_consultation10_005,test,window,day1_consultation10,91.342,113.977,3
pm_win_day1_consultation10_006,test,window,day1_consultation10,114.411,127.446,2
pm_win_day1_consultation10_007,test,window,day1_consultation10,128.723,158.723,6
pm_win_day1_consultation10_008,test,window,day1_consultation10,159.671,189.146,6
pm_win_day1_consultation10_009,test,window,day1_consultation10,189.146,205.513,3
pm_win_day1_consultation10_010,test,window,day1_consultation10,205.513,234.034,3
pm_win_day1_consultation10_011,test,window,day1_consultation10,234.152,260.558,6
pm_win_day1_consultation10_012,test,window,day1_consultation10,261.082,274.272,4
pm_win_day1_consultation10_013,test,window,day1_consultation10,274.272,302.369,4
pm_win_day1_consultation10_014,test,window,day1_consultation10,302.369,323.337,4
pm_win_day1_consultation10_015,test,window,day1_consultation10,323.337,350.425,5
pm_win_day1_consultation10_016,test,window,day1_consultation10,350.425,367.525,3
pm_win_day1_consultation10_017,test,window,day1_consultation10,367.717,388.105,6
pm_win_day1_consultation10_018,test,window,day1_consultation10,388.842,418.842,6
pm_win_day1_consultation10_019,test,window,day1_consultation10,419.688,447.878,6
pm_win_day1_consultation10_020,test,window,day1_consultation10,448.103,473.473,4
pm_win_day1_consultation10_021,test,window,day1_consultation10,473.574,484.728,3
pm_win_day1_consultation10_022,test,window,day1_consultation10,484.728,508.758,3
pm_win_day1_consultation10_023,test,window,day1_consultation10,508.758,523.275,3
pm_win_day1_consultation10_024,test,window,day1_consultation10,523.275,546.02,4
pm_win_day1_consultation10_025,test,window,day1_consultation10,546.02,574.838,7
pm_win_day1_consultation10_026,test,window,day1_consultation10,574.999,600.445,3
pm_win_day1_consultation10_027,test,window,day1_consultation10,600.729,616.979,5
pm_win_day1_consultation11_000,test,window,day1_consultation11,1.841,24.131,10
pm_win_day1_consultation11_001,test,window,day1_consultation11,24.912,46.999,3
pm_win_day1_consultation11_002,test,window,day1_consultation11,46.999,75.544,1
pm_win_day1_consultation11_003,test,window,day1_consultation11,75.544,101.242,3
pm_win_day1_consultation11_004,test,window,day1_consultation11,101.5,129.327,5
pm_win_day1_consultation11_005,test,window,day1_consultation11,129.812,159.076,4
pm_win_day1_consultation11_006,test,window,day1_consultation11,159.076,182.875,4
pm_win_day1_consultation11_007,test,window,day1_consultation11,182.875,200.871,3
pm_win_day1_consultation11_008,test,window,day1_consultation11,201.208,221.393,3
pm_win_day1_consultation11_009,test,window,day1_consultation11,221.393,244.48,3
pm_win_day1_consultation11_010,test,window,day1_consultation11,244.48,269.418,4
pm_win_day1_consultation11_011,test,window,day1_consultation11,269.418,281.777,4
pm_win_day1_consultation11_012,test,window,day1_consultation11,281.777,305.618,2
pm_win_day1_consultation11_013,test,window,day1_consultation11,305.847,327.0,2
pm_win_day1_consultation11_014,test,window,day1_consultation11,327.025,353.43,3
pm_win_day1_consultation11_015,test,window,day1_consultation11,354.01,379.612,3
pm_win_day1_consultation11_016,test,window,day1_consultation11,379.612,407.708,4
pm_win_day1_consultation11_017,test,window,day1_consultation11,407.708,436.548,3
pm_win_day1_consultation11_018,test,window,day1_consultation11,436.959,453.0,2
pm_win_day1_consultation11_019,test,window,day1_consultation11,453.328,480.701,6
pm_win_day1_consultation11_020,test,window,day1_consultation11,480.701,501.571,2
pm_win_day1_consultation11_021,test,window,day1_consultation11,501.571,527.038,2
pm_win_day1_consultation11_022,test,window,day1_consultation11,527.038,555.586,5
pm_win_day1_consultation11_023,test,window,day1_consultation11,555.586,574.277,1
pm_win_day1_consultation11_024,test,window,day1_consultation11,574.277,597.338,3
pm_win_day1_consultation11_025,test,window,day1_consultation11,597.338,609.331,1
pm_win_day1_consultation11_026,test,window,day1_consultation11,609.331,638.109,3
pm_win_day1_consultation11_027,test,window,day1_consultation11,638.725,659.402,6
pm_win_day1_consultation11_028,test,window,day1_consultation11,659.402,685.912,2
pm_win_day1_consultation11_029,test,window,day1_consultation11,685.946,695.807,3
pm_win_day1_consultation11_030,test,window,day1_consultation11,695.992,725.89,5
pm_win_day1_consultation11_031,test,window,day1_consultation11,725.89,745.699,4
pm_win_day1_consultation11_032,test,window,day1_consultation11,745.712,771.549,4
pm_win_day1_consultation11_033,test,window,day1_consultation11,771.586,801.586,11
pm_win_day1_consultation12_000,test,window,day1_consultation12,0.0,25.863,11
pm_win_day1_consultation12_001,test,window,day1_consultation12,25.863,54.413,6
pm_win_day1_consultation12_002,test,window,day1_consultation12,54.413,76.962,3
pm_win_day1_consultation12_003,test,window,day1_consultation12,76.962,101.756,5
pm_win_day1_consultation12_004,test,window,day1_consultation12,101.756,116.704,2
pm_win_day1_consultation12_005,test,window,day1_consultation12,116.704,140.01,2
pm_win_day1_consultation12_006,test,window,day1_consultation12,140.316,165.962,4
pm_win_day1_consultation12_007,test,window,day1_consultation12,166.357,187.775,4
pm_win_day1_consultation12_008,test,window,day1_consultation12,187.942,217.942,4
pm_win_day1_consultation12_009,test,window,day1_consultation12,218.026,239.47,5
pm_win_day1_consultation12_010,test,window,day1_consultation12,239.47,266.866,6
pm_win_day1_consultation12_011,test,window,day1_consultation12,267.004,292.089,5
pm_win_day1_consultation12_012,test,window,day1_consultation12,292.089,322.064,5
pm_win_day1_consultation12_013,test,window,day1_consultation12,322.127,346.086,8
pm_win_day1_consultation12_014,test,window,day1_consultation12,346.755,374.773,4
pm_win_day1_consultation12_015,test,window,day1_consultation12,375.217,403.22,3
pm_win_day1_consultation12_016,test,window,day1_consultation12,403.22,430.352,6
pm_win_day1_consultation12_017,test,window,day1_consultation12,430.352,451.502,5
pm_win_day1_consultation12_018,test,window,day1_consultation12,451.502,470.626,5
pm_win_day1_consultation13_000,test,window,day1_consultation13,0.0,14.257,3
pm_win_day1_consultation13_001,test,window,day1_consultation13,14.257,42.441,6
pm_win_day1_consultation13_002,test,window,day1_consultation13,42.441,58.494,2
pm_win_day1_consultation13_003,test,window,day1_consultation13,58.614,77.98,2
pm_win_day1_consultation13_004,test,window,day1_consultation13,78.447,89.855,2
pm_win_day1_consultation13_005,test,window,day1_consultation13,90.681,120.337,4
pm_win_day1_consultation13_006,test,window,day1_consultation13,120.337,145.675,6
pm_win_day1_consultation13_007,test,window,day1_consultation13,145.748,174.841,6
pm_win_day1_consultation13_008,test,window,day1_consultation13,175.643,202.675,5
pm_win_day1_consultation13_009,test,window,day1_consultation13,202.769,231.981,6
pm_win_day1_consultation13_010,test,window,day1_consultation13,231.981,260.294,7
pm_win_day1_consultation13_011,test,window,day1_consultation13,260.551,290.551,8
pm_win_day1_consultation13_012,test,window,day1_consultation13,291.676,307.125,5
pm_win_day1_consultation13_013,test,window,day1_consultation13,307.18,338.819,5
pm_win_day1_consultation13_014,test,window,day1_consultation13,339.265,368.077,6
pm_win_day1_consultation13_015,test,window,day1_consultation13,368.318,387.091,3
pm_win_day1_consultation13_016,test,window,day1_consultation13,387.813,412.48,4
pm_win_day1_consultation13_017,test,window,day1_consultation13,413.283,437.587,3
pm_win_day1_consultation13_018,test,window,day1_consultation13,437.587,460.063,4
pm_win_day1_consultation13_019,test,window,day1_consultation13,460.603,482.772,5
pm_win_day1_consultation13_020,test,window,day1_consultation13,482.772,505.137,3
pm_win_day1_consultation13_021,test,window,day1_consultation13,505.137,529.66,1
pm_win_day1_consultation13_022,test,window,day1_consultation13,529.825,549.146,4
pm_win_day1_consultation13_023,test,window,day1_consultation13,549.372,573.153,2
pm_win_day1_consultation13_024,test,window,day1_consultation13,573.153,595.687,2
pm_win_day1_consultation13_025,test,window,day1_consultation13,595.687,623.077,10
pm_win_day1_consultation14_000,test,window,day1_consultation14,1.086,28.549,6
pm_win_day1_consultation14_001,test,window,day1_consultation14,28.549,45.49,4
pm_win_day1_consultation14_002,test,window,day1_consultation14,45.608,73.811,2
pm_win_day1_consultation14_003,test,window,day1_consultation14,73.935,91.846,2
pm_win_day1_consultation14_004,test,window,day1_consultation14,91.846,109.796,2
pm_win_day1_consultation14_005,test,window,day1_consultation14,110.755,134.438,6
pm_win_day1_consultation14_006,test,window,day1_consultation14,134.682,148.408,3
pm_win_day1_consultation14_007,test,window,day1_consultation14,148.408,179.345,4
pm_win_day1_consultation14_008,test,window,day1_consultation14,179.663,209.591,4
pm_win_day1_consultation14_009,test,window,day1_consultation14,209.591,234.926,6
pm_win_day1_consultation14_010,test,window,day1_consultation14,234.926,251.65,2
pm_win_day1_consultation14_011,test,window,day1_consultation14,251.769,287.065,7
pm_win_day1_consultation14_012,test,window,day1_consultation14,287.636,316.137,8
pm_win_day1_consultation14_013,test,window,day1_consultation14,316.137,334.472,4
pm_win_day1_consultation14_014,test,window,day1_consultation14,334.472,349.442,2
pm_win_day1_consultation14_015,test,window,day1_consultation14,349.442,372.051,5
pm_win_day1_consultation14_016,test,window,day1_consultation14,372.133,393.38,3
pm_win_day1_consultation14_017,test,window,day1_consultation14,393.38,405.309,3
pm_win_day1_consultation14_018,test,window,day1_consultation14,405.799,434.174,5
pm_win_day1_consultation14_019,test,window,day1_consultation14,434.174,462.631,6
pm_win_day1_consultation14_020,test,window,day1_consultation14,462.631,472.176,1
pm_win_day1_consultation14_021,test,window,day1_consultation14,472.459,499.703,3
pm_win_day1_consultation14_022,test,window,day1_consultation14,500.601,530.509,4
pm_win_day1_consultation14_023,test,window,day1_consultation14,530.509,551.875,2
pm_win_day1_consultation14_024,test,window,day1_consultation14,551.875,580.429,3
pm_win_day1_consultation14_025,test,window,day1_consultation14,580.429,603.506,8
pm_win_day1_consultation15_000,recalibration,window,day1_consultation15,2.498,22.153,7
pm_win_day1_consultation15_001,recalibration,window,day1_consultation15,22.377,47.842,5
pm_win_day1_consultation15_002,recalibration,window,day1_consultation15,48.027,72.025,4
pm_win_day1_consultation15_003,recalibration,window,day1_consultation15,72.025,101.205,5
pm_win_day1_consultation15_004,recalibration,window,day1_consultation15,101.471,125.551,5
pm_win_day1_consultation15_005,recalibration,window,day1_consultation15,125.551,152.413,5
pm_win_day1_consultation15_006,recalibration,window,day1_consultation15,152.413,181.652,4
pm_win_day1_consultation15_007,recalibration,window,day1_consultation15,181.652,210.902,10
pm_win_day1_consultation15_008,recalibration,window,day1_consultation15,210.902,240.859,10
pm_win_day1_consultation15_009,recalibration,window,day1_consultation15,240.947,267.516,11
pm_win_day1_consultation15_010,recalibration,window,day1_consultation15,267.546,291.268,7
pm_win_day1_consultation15_011,recalibration,window,day1_consultation15,291.268,317.359,5
pm_win_day1_consultation15_012,recalibration,window,day1_consultation15,318.226,348.226,5
pm_win_day1_consultation15_013,recalibration,window,day1_consultation15,348.41,374.531,8
pm_win_day1_consultation15_014,recalibration,window,day1_consultation15,374.531,389.311,5
pm_win_day1_consultation15_015,recalibration,window,day1_consultation15,390.516,420.434,2
pm_win_day1_consultation15_016,recalibration,window,day1_consultation15,420.434,441.625,6
pm_win_day1_consultation15_017,recalibration,window,day1_consultation15,441.625,465.793,7
pm_win_day1_consultation15_018,recalibration,window,day1_consultation15,465.793,491.23,5
pm_win_day2_consultation01_000,test,window,day2_consultation01,1.013,29.749,9
pm_win_day2_consultation01_001,test,window,day2_consultation01,29.749,50.303,6
pm_win_day2_consultation01_002,test,window,day2_consultation01,50.303,64.567,2
pm_win_day2_consultation01_003,test,window,day2_consultation01,64.801,91.799,7
pm_win_day2_consultation01_004,test,window,day2_consultation01,91.799,119.274,6
pm_win_day2_consultation01_005,test,window,day2_consultation01,119.284,143.766,6
pm_win_day2_consultation01_006,test,window,day2_consultation01,143.766,167.841,3
pm_win_day2_consultation01_007,test,window,day2_consultation01,167.841,190.913,1
pm_win_day2_consultation01_008,test,window,day2_consultation01,190.913,219.22,5
pm_win_day2_consultation01_009,test,window,day2_consultation01,219.22,235.401,2
pm_win_day2_consultation01_010,test,window,day2_consultation01,235.401,264.817,7
pm_win_day2_consultation01_011,test,window,day2_consultation01,264.817,294.743,3
pm_win_day2_consultation01_012,test,window,day2_consultation01,294.743,323.739,6
pm_win_day2_consultation01_013,test,window,day2_consultation01,323.739,327.447,2
pm_win_day2_consultation02_000,test,window,day2_consultation02,0.565,26.982,7
pm_win_day2_consultation02_001,test,window,day2_consultation02,26.982,52.656,3
pm_win_day2_consultation02_002,test,window,day2_consultation02,52.656,79.901,6
pm_win_day2_consultation02_003,test,window,day2_consultation02,79.901,108.369,4
pm_win_day2_consultation02_004,test,window,day2_consultation02,108.369,135.835,3
pm_win_day2_consultation02_005,test,window,day2_consultation02,135.835,156.447,5
pm_win_day2_consultation02_006,test,window,day2_consultation02,156.528,178.401,6
pm_win_day2_consultation02_007,test,window,day2_consultation02,178.652,201.837,5
pm_win_day2_consultation02_008,test,window,day2_consultation02,201.837,231.136,5
pm_win_day2_consultation02_009,test,window,day2_consultation02,232.641,254.64,2
pm_win_day2_consultation02_010,test,window,day2_consultation02,255.036,276.818,3
pm_win_day2_consultation02_011,test,window,day2_consultation02,276.818,301.558,5
pm_win_day2_consultation02_012,test,window,day2_consultation02,301.558,329.67,4
pm_win_day2_consultation02_013,test,window,day2_consultation02,329.67,356.821,4
pm_win_day2_consultation02_014,test,window,day2_consultation02,356.821,386.373,4
pm_win_day2_consultation02_015,test,window,day2_consultation02,386.373,408.284,4
pm_win_day2_consultation02_016,test,window,day2_consultation02,408.284,449.772,6
pm_win_day2_consultation02_017,test,window,day2_consultation02,449.772,470.397,5
pm_win_day2_consultation02_018,test,window,day2_consultation02,470.397,499.315,4
pm_win_day2_consultation02_019,test,window,day2_consultation02,499.315,516.937,2
pm_win_day2_consultation02_020,test,window,day2_consultation02,516.937,539.706,5
pm_win_day2_consultation03_000,test,window,day2_consultation03,0.323,27.046,7
pm_win_day2_consultation03_001,test,window,day2_consultation03,27.046,54.861,6
pm_win_day2_consultation03_002,test,window,day2_consultation03,54.861,64.358,2
pm_win_day2_consultation03_003,test,window,day2_consultation03,64.358,92.806,5
pm_win_day2_consultation03_004,test,window,day2_consultation03,93.0,122.074,11
pm_win_day2_consultation03_005,test,window,day2_consultation03,122.074,151.585,6
pm_win_day2_consultation03_006,test,window,day2_consultation03,151.619,181.292,8
pm_win_day2_consultation03_007,test,window,day2_consultation03,181.58,199.13,2
pm_win_day2_consultation03_008,test,window,day2_consultation03,199.13,223.998,4
pm_win_day2_consultation03_009,test,window,day2_consultation03,223.998,248.172,8
pm_win_day2_consultation03_010,test,window,day2_consultation03,248.172,274.748,3
pm_win_day2_consultation03_011,test,window,day2_consultation03,274.748,299.6,5
pm_win_day2_consultation03_012,test,window,day2_consultation03,299.6,324.389,3
pm_win_day2_consultation03_013,test,window,day2_consultation03,325.142,341.137,4
pm_win_day2_consultation03_014,test,window,day2_consultation03,341.137,367.751,5
pm_win_day2_consultation03_015,test,window,day2_consultation03,367.751,387.878,4
pm_win_day2_consultation03_016,test,window,day2_consultation03,387.878,411.306,4
pm_win_day2_consultation03_017,test,window,day2_consultation03,411.306,442.442,5
pm_win_day2_consultation03_018,test,window,day2_consultation03,442.482,449.118,4
pm_win_day2_consultation04_000,test,window,day2_consultation04,0.799,27.678,7
pm_win_day2_consultation04_001,test,window,day2_consultation04,27.828,56.537,5
pm_win_day2_consultation04_002,test,window,day2_consultation04,56.537,80.567,6
pm_win_day2_consultation04_003,test,window,day2_consultation04,80.567,97.213,3
pm_win_day2_consultation04_004,test,window,day2_consultation04,97.213,115.968,4
pm_win_day2_consultation04_005,test,window,day2_consultation04,115.968,130.91,2
pm_win_day2_consultation04_006,test,window,day2_consultation04,131.076,159.687,5
pm_win_day2_consultation04_007,test,window,day2_consultation04,159.687,182.262,10
pm_win_day2_consultation04_008,test,window,day2_consultation04,182.262,207.255,9
pm_win_day2_consultation04_009,test,window,day2_consultation04,207.283,237.048,5
pm_win_day2_consultation04_010,test,window,day2_consultation04,237.461,266.299,5
pm_win_day2_consultation04_011,test,window,day2_consultation04,266.375,296.186,4
pm_win_day2_consultation04_012,test,window,day2_consultation04,296.186,318.321,1
pm_win_day2_consultation04_013,test,window,day2_consultation04,318.321,348.311,7
pm_win_day2_consultation04_014,test,window,day2_consultation04,348.482,375.578,6
pm_win_day2_consultation04_015,test,window,day2_consultation04,375.927,403.921,6
pm_win_day2_consultation04_016,test,window,day2_consultation04,403.921,432.007,3
pm_win_day2_consultation04_017,test,window,day2_consultation04,432.007,460.003,7
pm_win_day2_consultation04_018,test,window,day2_consultation04,460.003,483.557,3
pm_win_day2_consultation04_019,test,window,day2_consultation04,483.557,503.083,2
pm_win_day2_consultation04_020,test,window,day2_consultation04,503.316,532.463,3
pm_win_day2_consultation04_021,test,window,day2_consultation04,532.463,554.777,4
pm_win_day2_consultation04_022,test,window,day2_consultation04,554.777,577.136,6
pm_win_day2_consultation05_000,test,window,day2_consultation05,0.7,29.125,8
pm_win_day2_consultation05_001,test,window,day2_consultation05,29.125,56.258,7
pm_win_day2_consultation05_002,test,window,day2_consultation05,56.258,85.441,6
pm_win_day2_consultation05_003,test,window,day2_consultation05,85.441,106.765,6
pm_win_day2_consultation05_004,test,window,day2_consultation05,106.775,136.775,4
pm_win_day2_consultation05_005,test,window,day2_consultation05,136.831,164.225,6
pm_win_day2_consultation05_006,test,window,day2_consultation05,165.764,195.764,7
pm_win_day2_consultation05_007,test,window,day2_consultation05,195.872,225.2,5
pm_win_day2_consultation05_008,test,window,day2_consultation05,225.2,254.584,3
pm_win_day2_consultation05_009,test,window,day2_consultation05,254.584,280.915,9
pm_win_day2_consultation05_010,test,window,day2_consultation05,280.915,310.342,3
pm_win_day2_consultation05_011,test,window,day2_consultation05,310.342,338.658,6
pm_win_day2_consultation05_012,test,window,day2_consultation05,338.75,363.865,5
pm_win_day2_consultation05_013,test,window,day2_consultation05,363.945,392.795,8
pm_win_day2_consultation05_014,test,window,day2_consultation05,392.795,421.717,8
pm_win_day2_consultation05_015,test,window,day2_consultation05,421.843,434.474,2
pm_win_day2_consultation05_016,test,window,day2_consultation05,434.474,464.023,3
pm_win_day2_consultation05_017,test,window,day2_consultation05,464.099,493.471,3
pm_win_day2_consultation05_018,test,window,day2_consultation05,493.471,522.909,2
pm_win_day2_consultation05_019,test,window,day2_consultation05,522.909,536.987,1
pm_win_day2_consultation05_020,test,window,day2_consultation05,536.987,560.531,3
pm_win_day2_consultation05_021,test,window,day2_consultation05,560.531,589.139,3
pm_win_day2_consultation05_022,test,window,day2_consultation05,589.139,618.176,4
pm_win_day2_consultation05_023,test,window,day2_consultation05,618.176,634.856,6
pm_win_day2_consultation06_000,test,window,day2_consultation06,0.0,29.436,7
pm_win_day2_consultation06_001,test,window,day2_consultation06,29.436,56.445,3
pm_win_day2_consultation06_002,test,window,day2_consultation06,56.445,84.376,4
pm_win_day2_consultation06_003,test,window,day2_consultation06,84.376,113.442,7
pm_win_day2_consultation06_004,test,window,day2_consultation06,113.442,142.44,6
pm_win_day2_consultation06_005,test,window,day2_consultation06,142.653,170.533,5
pm_win_day2_consultation06_006,test,window,day2_consultation06,170.56,198.975,5
pm_win_day2_consultation06_007,test,window,day2_consultation06,199.88,229.453,4
pm_win_day2_consultation06_008,test,window,day2_consultation06,229.488,259.272,8
pm_win_day2_consultation06_009,test,window,day2_consultation06,259.272,289.013,7
pm_win_day2_consultation06_010,test,window,day2_consultation06,289.414,319.227,10
pm_win_day2_consultation06_011,test,window,day2_consultation06,319.281,328.397,2
pm_win_day2_consultation06_012,test,window,day2_consultation06,328.397,351.984,4
pm_win_day2_consultation06_013,test,window,day2_consultation06,354.56,384.237,3
pm_win_day2_consultation06_014,test,window,day2_consultation06,384.237,412.984,1
pm_win_day2_consultation06_015,test,window,day2_consultation06,412.984,441.197,2
pm_win_day2_consultation06_016,test,window,day2_consultation06,441.197,464.006,2
pm_win_day2_consultation06_017,test,window,day2_consultation06,464.006,493.28,3
pm_win_day2_consultation06_018,test,window,day2_consultation06,493.28,516.874,4
pm_win_day2_consultation06_019,test,window,day2_consultation06,516.874,537.98,3
pm_win_day2_consultation06_020,test,window,day2_consultation06,537.98,563.478,4
pm_win_day2_consultation06_021,test,window,day2_consultation06,563.488,593.183,7
pm_win_day2_consultation06_022,test,window,day2_consultation06,593.183,597.35,3
pm_win_day2_consultation07_000,recalibration,window,day2_consultation07,0.0,24.46,7
pm_win_day2_consultation07_001,recalibration,window,day2_consultation07,24.46,50.822,7
pm_win_day2_consultation07_002,recalibration,window,day2_consultation07,50.882,68.293,1
pm_win_day2_consultation07_003,recalibration,window,day2_consultation07,68.293,96.729,6
pm_win_day2_consultation07_004,recalibration,window,day2_consultation07,98.356,120.762,5
pm_win_day2_consultation07_005,recalibration,window,day2_consultation07,120.83,148.052,3
pm_win_day2_consultation07_006,recalibration,window,day2_consultation07,148.19,178.19,5
pm_win_day2_consultation07_007,recalibration,window,day2_consultation07,178.263,200.354,4
pm_win_day2_consultation07_008,recalibration,window,day2_consultation07,200.354,218.646,4
pm_win_day2_consultation07_009,recalibration,window,day2_consultation07,218.646,244.568,6
pm_win_day2_consultation07_010,recalibration,window,day2_consultation07,244.568,259.228,4
pm_win_day2_consultation07_011,recalibration,window,day2_consultation07,259.228,285.558,4
pm_win_day2_consultation07_012,recalibration,window,day2_consultation07,285.558,310.388,8
pm_win_day2_consultation07_013,recalibration,window,day2_consultation07,310.388,335.085,6
pm_win_day2_consultation07_014,recalibration,window,day2_consultation07,335.085,360.332,6
pm_win_day2_consultation07_015,recalibration,window,day2_consultation07,360.332,381.411,6
pm_win_day2_consultation07_016,recalibration,window,day2_consultation07,381.806,410.173,6
pm_win_day2_consultation07_017,recalibration,window,day2_consultation07,410.173,433.328,6
pm_win_day2_consultation07_018,recalibration,window,day2_consultation07,433.328,457.44,8
pm_win_day2_consultation08_000,test,window,day2_consultation08,2.155,30.731,7
pm_win_day2_consultation08_001,test,window,day2_consultation08,30.731,56.3,4
pm_win_day2_consultation08_002,test,window,day2_consultation08,56.48,80.101,2
pm_win_day2_consultation08_003,test,window,day2_consultation08,80.101,107.451,4
pm_win_day2_consultation08_004,test,window,day2_consultation08,107.451,136.868,6
pm_win_day2_consultation08_005,test,window,day2_consultation08,137.385,164.298,4
pm_win_day2_consultation08_006,test,window,day2_consultation08,164.608,181.984,4
pm_win_day2_consultation08_007,test,window,day2_consultation08,183.896,207.176,5
pm_win_day2_consultation08_008,test,window,day2_consultation08,207.401,231.768,4
pm_win_day2_consultation08_009,test,window,day2_consultation08,231.768,260.436,8
pm_win_day2_consultation08_010,test,window,day2_consultation08,260.89,289.293,8
pm_win_day2_consultation08_011,test,window,day2_consultation08,290.412,310.846,6
pm_win_day2_consultation08_012,test,window,day2_consultation08,311.111,335.498,3
pm_win_day2_consultation08_013,test,window,day2_consultation08,335.863,362.106,4
pm_win_day2_consultation08_014,test,window,day2_consultation08,362.592,385.002,4
pm_win_day2_consultation08_015,test,window,day2_consultation08,386.032,411.671,3
pm_win_day2_consultation08_016,test,window,day2_consultation08,412.117,440.937,7
pm_win_day2_consultation08_017,test,window,day2_consultation08,440.937,465.425,8
pm_win_day2_consultation08_018,test,window,day2_consultation08,465.993,490.69,6
pm_win_day2_consultation08_019,test,window,day2_consultation08,491.197,509.724,3
pm_win_day2_consultation08_020,test,window,day2_consultation08,509.724,536.538,3
pm_win_day2_consultation08_021,test,window,day2_consultation08,536.538,562.457,3
pm_win_day2_consultation08_022,test,window,day2_consultation08,562.457,592.377,3
pm_win_day2_consultation08_023,test,window,day2_consultation08,592.377,618.816,3
pm_win_day2_consultation08_024,test,window,day2_consultation08,618.816,632.365,5
pm_win_day2_consultation09_000,recalibration,window,day2_consultation09,1.273,30.299,8
pm_win_day2_consultation09_001,recalibration,window,day2_consultation09,30.299,49.759,4
pm_win_day2_consultation09_002,recalibration,window,day2_consultation09,51.677,81.266,6
pm_win_day2_consultation09_003,recalibration,window,day2_consultation09,81.921,111.921,7
pm_win_day2_consultation09_004,recalibration,window,day2_consultation09,112.444,138.691,4
pm_win_day2_consultation09_005,recalibration,window,day2_consultation09,139.854,158.027,3
pm_win_day2_consultation09_006,recalibration,window,day2_consultation09,158.427,178.789,2
pm_win_day2_consultation09_007,recalibration,window,day2_consultation09,180.053,208.459,4
pm_win_day2_consultation09_008,recalibration,window,day2_consultation09,208.459,237.588,6
pm_win_day2_consultation09_009,recalibration,window,day2_consultation09,237.588,245.902,2
pm_win_day2_consultation09_010,recalibration,window,day2_consultation09,246.094,276.041,4
pm_win_day2_consultation09_011,recalibration,window,day2_consultation09,276.041,300.982,5
pm_win_day2_consultation09_012,recalibration,window,day2_consultation09,300.982,328.437,6
pm_win_day2_consultation09_013,recalibration,window,day2_consultation09,328.437,354.762,7
pm_win_day2_consultation09_014,recalibration,window,day2_consultation09,354.993,367.465,2
pm_win_day2_consultation09_015,recalibration,window,day2_consultation09,367.465,394.291,2
pm_win_day2_consultation09_016,recalibration,window,day2_consultation09,394.291,424.069,5
pm_win_day2_consultation09_017,recalibration,window,day2_consultation09,424.145,431.397,5
pm_win_day2_consultation10_000,test,window,day2_consultation10,1.362,30.484,8
pm_win_day2_consultation10_001,test,window,day2_consultation10,30.484,59.032,7
pm_win_day2_consultation10_002,test,window,day2_consultation10,59.032,82.231,6
pm_win_day2_consultation10_003,test,window,day2_consultation10,82.231,107.535,5
pm_win_day2_consultation10_004,test,window,day2_consultation10,107.535,134.637,4
pm_win_day2_consultation10_005,test,window,day2_consultation10,134.637,164.333,4
pm_win_day2_consultation10_006,test,window,day2_consultation10,164.333,177.307,3
pm_win_day2_consultation10_007,test,window,day2_consultation10,177.548,205.493,3
pm_win_day2_consultation10_008,test,window,day2_consultation10,205.495,231.637,6
pm_win_day2_consultation10_009,test,window,day2_consultation10,231.827,250.001,3
pm_win_day2_consultation10_010,test,window,day2_consultation10,250.001,273.319,3
pm_win_day2_consultation10_011,test,window,day2_consultation10,273.514,303.494,10
pm_win_day2_consultation10_012,test,window,day2_consultation10,303.494,332.994,6
pm_win_day2_consultation10_013,test,window,day2_consultation10,332.994,362.123,11
pm_win_day2_consultation10_014,test,window,day2_consultation10,362.541,388.092,6
pm_win_day2_consultation10_015,test,window,day2_consultation10,388.092,416.562,6
pm_win_day2_consultation10_016,test,window,day2_consultation10,416.562,439.174,4
pm_win_day2_consultation10_017,test,window,day2_consultation10,439.174,468.568,6
pm_win_day2_consultation10_018,test,window,day2_consultation10,468.568,489.173,4
pm_win_day2_consultation10_019,test,window,day2_consultation10,489.173,517.918,5
pm_win_day2_consultation10_020,test,window,day2_consultation10,517.918,530.051,1
pm_win_day2_consultation10_021,test,window,day2_consultation10,530.051,559.983,3
pm_win_day2_consultation10_022,test,window,day2_consultation10,559.983,578.686,7
pm_win_day3_consultation01_000,recalibration,window,day3_consultation01,4.133,31.456,9
pm_win_day3_consultation01_001,recalibration,window,day3_consultation01,31.489,52.345,4
pm_win_day3_consultation01_002,recalibration,window,day3_consultation01,52.661,75.563,3
pm_win_day3_consultation01_003,recalibration,window,day3_consultation01,75.563,83.015,1
pm_win_day3_consultation01_004,recalibration,window,day3_consultation01,83.015,138.092,12
pm_win_day3_consultation01_005,recalibration,window,day3_consultation01,138.114,156.209,3
pm_win_day3_consultation01_006,recalibration,window,day3_consultation01,156.606,173.421,4
pm_win_day3_consultation01_007,recalibration,window,day3_consultation01,173.715,200.904,4
pm_win_day3_consultation01_008,recalibration,window,day3_consultation01,201.446,228.229,3
pm_win_day3_consultation01_009,recalibration,window,day3_consultation01,228.23,256.511,5
pm_win_day3_consultation01_010,recalibration,window,day3_consultation01,256.511,278.441,2
pm_win_day3_consultation01_011,recalibration,window,day3_consultation01,278.441,300.592,4
pm_win_day3_consultation01_012,recalibration,window,day3_consultation01,301.06,315.804,2
pm_win_day3_consultation01_013,recalibration,window,day3_consultation01,316.276,339.131,4
pm_win_day3_consultation01_014,recalibration,window,day3_consultation01,340.847,370.847,4
pm_win_day3_consultation01_015,recalibration,window,day3_consultation01,371.56,382.018,2
pm_win_day3_consultation01_016,recalibration,window,day3_consultation01,384.246,414.718,4
pm_win_day3_consultation01_017,recalibration,window,day3_consultation01,414.718,423.755,2
pm_win_day3_consultation01_018,recalibration,window,day3_consultation01,423.796,459.035,4
pm_win_day3_consultation01_019,recalibration,window,day3_consultation01,459.131,481.214,3
pm_win_day3_consultation01_020,recalibration,window,day3_consultation01,481.214,508.005,8
pm_win_day3_consultation02_000,test,window,day3_consultation02,0.0,25.4,7
pm_win_day3_consultation02_001,test,window,day3_consultation02,25.524,59.237,6
pm_win_day3_consultation02_002,test,window,day3_consultation02,59.237,88.913,5
pm_win_day3_consultation02_003,test,window,day3_consultation02,88.913,110.826,3
pm_win_day3_consultation02_004,test,window,day3_consultation02,110.826,140.395,8
pm_win_day3_consultation02_005,test,window,day3_consultation02,140.395,158.5,4
pm_win_day3_consultation02_006,test,window,day3_consultation02,158.594,201.789,8
pm_win_day3_consultation02_007,test,window,day3_consultation02,201.789,214.622,1
pm_win_day3_consultation02_008,test,window,day3_consultation02,214.622,243.294,4
pm_win_day3_consultation02_009,test,window,day3_consultation02,243.294,263.74,4
pm_win_day3_consultation02_010,test,window,day3_consultation02,263.74,289.555,2
pm_win_day3_consultation02_011,test,window,day3_consultation02,289.555,313.278,3
pm_win_day3_consultation02_012,test,window,day3_consultation02,313.278,340.983,6
pm_win_day3_consultation02_013,test,window,day3_consultation02,342.482,382.297,4
pm_win_day3_consultation02_014,test,window,day3_consultation02,382.346,408.749,4
pm_win_day3_consultation02_015,test,window,day3_consultation02,408.749,441.583,4
pm_win_day3_consultation03_000,test,window,day3_consultation03,1.787,26.486,7
pm_win_day3_consultation03_001,test,window,day3_consultation03,26.486,37.363,2
pm_win_day3_consultation03_002,test,window,day3_consultation03,37.363,61.353,5
pm_win_day3_consultation03_003,test,window,day3_consultation03,61.404,85.288,3
pm_win_day3_consultation03_004,test,window,day3_consultation03,85.288,114.77,5
pm_win_day3_consultation03_005,test,window,day3_consultation03,116.04,146.04,5
pm_win_day3_consultation03_006,test,window,day3_consultation03,146.306,174.285,4
pm_win_day3_consultation03_007,test,window,day3_consultation03,174.599,200.107,3
pm_win_day3_consultation03_008,test,window,day3_consultation03,200.119,229.836,8
pm_win_day3_consultation03_009,test,window,day3_consultation03,230.754,250.121,4
pm_win_day3_consultation03_010,test,window,day3_consultation03,250.449,280.192,4
pm_win_day3_consultation03_011,test,window,day3_consultation03,280.268,298.78,4
pm_win_day3_consultation03_012,test,window,day3_consultation03,298.78,326.638,6
pm_win_day3_consultation03_013,test,window,day3_consultation03,326.638,354.035,6
pm_win_day3_consultation03_014,test,window,day3_consultation03,354.248,374.156,5
pm_win_day3_consultation03_015,test,window,day3_consultation03,375.776,403.208,4
pm_win_day3_consultation03_016,test,window,day3_consultation03,403.208,425.496,5
pm_win_day3_consultation03_017,test,window,day3_consultation03,425.896,452.721,7
pm_win_day3_consultation03_018,test,window,day3_consultation03,453.05,484.339,7
pm_win_day3_consultation03_019,test,window,day3_consultation03,485.325,509.857,7
pm_win_day3_consultation03_020,test,window,day3_consultation03,510.483,522.503,5
pm_win_day3_consultation03_021,test,window,day3_consultation03,522.503,547.092,2
pm_win_day3_consultation03_022,test,window,day3_consultation03,547.092,574.364,2
pm_win_day3_consultation03_023,test,window,day3_consultation03,574.364,602.602,4
pm_win_day3_consultation03_024,test,window,day3_consultation03,602.602,653.314,6
pm_win_day3_consultation03_025,test,window,day3_consultation03,653.696,680.123,3
pm_win_day3_consultation03_026,test,window,day3_consultation03,680.123,695.659,5
pm_win_day3_consultation04_000,test,window,day3_consultation04,1.751,30.326,8
pm_win_day3_consultation04_001,test,window,day3_consultation04,30.326,39.649,2
pm_win_day3_consultation04_002,test,window,day3_consultation04,39.649,66.914,3
pm_win_day3_consultation04_003,test,window,day3_consultation04,66.914,93.573,5
pm_win_day3_consultation04_004,test,window,day3_consultation04,93.707,121.291,6
pm_win_day3_consultation04_005,test,window,day3_consultation04,121.453,147.827,4
pm_win_day3_consultation04_006,test,window,day3_consultation04,148.08,175.727,5
pm_win_day3_consultation04_007,test,window,day3_consultation04,177.026,204.05,6
pm_win_day3_consultation04_008,test,window,day3_consultation04,204.05,228.501,6
pm_win_day3_consultation04_009,test,window,day3_consultation04,228.612,257.963,5
pm_win_day3_consultation04_010,test,window,day3_consultation04,257.975,286.761,8
pm_win_day3_consultation04_011,test,window,day3_consultation04,286.945,313.715,4
pm_win_day3_consultation04_012,test,window,day3_consultation04,313.715,343.212,6
pm_win_day3_consultation04_013,test,window,day3_consultation04,343.212,368.831,4
pm_win_day3_consultation04_014,test,window,day3_consultation04,368.831,397.905,6
pm_win_day3_consultation04_015,test,window,day3_consultation04,397.905,425.558,3
pm_win_day3_consultation04_016,test,window,day3_consultation04,425.558,432.225,3
pm_win_day3_consultation05_000,test,window,day3_consultation05,0.975,29.613,6
pm_win_day3_consultation05_001,test,window,day3_consultation05,29.945,57.147,7
pm_win_day3_consultation05_002,test,window,day3_consultation05,57.147,80.898,4
pm_win_day3_consultation05_003,test,window,day3_consultation05,81.12,108.944,3
pm_win_day3_consultation05_004,test,window,day3_consultation05,108.944,134.22,6
pm_win_day3_consultation05_005,test,window,day3_consultation05,134.322,164.151,9
pm_win_day3_consultation05_006,test,window,day3_consultation05,164.151,190.914,5
pm_win_day3_consultation05_007,test,window,day3_consultation05,190.914,219.5,6
pm_win_day3_consultation05_008,test,window,day3_consultation05,219.5,239.079,3
pm_win_day3_consultation05_009,test,window,day3_consultation05,239.079,257.259,6
pm_win_day3_consultation05_010,test,window,day3_consultation05,257.259,283.153,1
pm_win_day3_consultation05_011,test,window,day3_consultation05,283.153,305.571,1
pm_win_day3_consultation05_012,test,window,day3_consultation05,305.571,329.188,1
pm_win_day3_consultation05_013,test,window,day3_consultation05,329.188,355.519,5
pm_win_day3_consultation05_014,test,window,day3_consultation05,355.519,383.847,5
pm_win_day3_consultation05_015,test,window,day3_consultation05,383.847,410.067,7
pm_win_day3_consultation06_000,test,window,day3_consultation06,1.12,29.061,7
pm_win_day3_consultation06_001,test,window,day3_consultation06,29.95,49.6,4
pm_win_day3_consultation06_002,test,window,day3_consultation06,49.6,78.148,7
pm_win_day3_consultation06_003,test,window,day3_consultation06,78.148,105.926,8
pm_win_day3_consultation06_004,test,window,day3_consultation06,105.926,135.442,5
pm_win_day3_consultation06_005,test,window,day3_consultation06,135.442,157.844,4
pm_win_day3_consultation06_006,test,window,day3_consultation06,158.388,174.091,2
pm_win_day3_consultation06_007,test,window,day3_consultation06,174.213,202.589,4
pm_win_day3_consultation06_008,test,window,day3_consultation06,202.589,226.03,5
pm_win_day3_consultation07_000,test,window,day3_consultation07,0.859,30.324,7
pm_win_day3_consultation07_001,test,window,day3_consultation07,30.324,53.769,5
pm_win_day3_consultation07_002,test,window,day3_consultation07,53.769,79.415,6
pm_win_day3_consultation07_003,test,window,day3_consultation07,79.415,101.845,6
pm_win_day3_consultation07_004,test,window,day3_consultation07,101.845,125.802,5
pm_win_day3_consultation07_005,test,window,day3_consultation07,125.925,160.505,5
pm_win_day3_consultation07_006,test,window,day3_consultation07,160.611,188.823,7
pm_win_day3_consultation07_007,test,window,day3_consultation07,189.695,216.78,8
pm_win_day3_consultation07_008,test,window,day3_consultation07,216.78,236.344,7
pm_win_day3_consultation07_009,test,window,day3_consultation07,236.344,260.091,5
pm_win_day3_consultation07_010,test,window,day3_consultation07,260.468,284.792,2
pm_win_day3_consultation07_011,test,window,day3_consultation07,284.792,308.539,6
pm_win_day3_consultation07_012,test,window,day3_consultation07,308.539,334.534,6
pm_win_day3_consultation07_013,test,window,day3_consultation07,334.534,354.409,2
pm_win_day3_consultation07_014,test,window,day3_consultation07,354.409,382.756,3
pm_win_day3_consultation07_015,test,window,day3_consultation07,382.756,411.288,2
pm_win_day3_consultation07_016,test,window,day3_consultation07,411.288,435.981,4
pm_win_day3_consultation07_017,test,window,day3_consultation07,435.981,457.054,5
pm_win_day3_consultation08_000,test,window,day3_consultation08,2.067,31.874,9
pm_win_day3_consultation08_001,test,window,day3_consultation08,31.874,50.209,4
pm_win_day3_consultation08_002,test,window,day3_consultation08,50.209,77.313,4
pm_win_day3_consultation08_003,test,window,day3_consultation08,77.323,104.429,4
pm_win_day3_consultation08_004,test,window,day3_consultation08,104.712,123.932,6
pm_win_day3_consultation08_005,test,window,day3_consultation08,124.219,146.164,4
pm_win_day3_consultation08_006,test,window,day3_consultation08,146.164,161.416,2
pm_win_day3_consultation08_007,test,window,day3_consultation08,161.525,191.525,6
pm_win_day3_consultation08_008,test,window,day3_consultation08,192.078,209.564,4
pm_win_day3_consultation08_009,test,window,day3_consultation08,210.097,236.04,6
pm_win_day3_consultation08_010,test,window,day3_consultation08,236.44,265.125,5
pm_win_day3_consultation08_011,test,window,day3_consultation08,265.125,292.563,2
pm_win_day3_consultation08_012,test,window,day3_consultation08,292.563,317.889,3
pm_win_day3_consultation08_013,test,window,day3_consultation08,317.889,344.46,5
pm_win_day3_consultation09_000,test,window,day3_consultation09,0.217,17.274,3
pm_win_day3_consultation09_001,test,window,day3_consultation09,17.274,43.164,7
pm_win_day3_consultation09_002,test,window,day3_consultation09,43.494,73.494,3
pm_win_day3_consultation09_003,test,window,day3_consultation09,73.958,93.577,4
pm_win_day3_consultation09_004,test,window,day3_consultation09,93.577,117.741,3
pm_win_day3_consultation09_005,test,window,day3_consultation09,117.741,141.148,3
pm_win_day3_consultation09_006,test,window,day3_consultation09,141.148,156.959,4
pm_win_day3_consultation09_007,test,window,day3_consultation09,156.959,186.204,4
pm_win_day3_consultation09_008,test,window,day3_consultation09,186.204,198.298,2
pm_win_day3_consultation09_009,test,window,day3_consultation09,198.298,226.584,5
pm_win_day3_consultation09_010,test,window,day3_consultation09,226.874,274.253,7
pm_win_day3_consultation09_011,test,window,day3_consultation09,274.672,290.887,3
pm_win_day3_consultation09_012,test,window,day3_consultation09,291.532,306.884,3
pm_win_day3_consultation09_013,test,window,day3_consultation09,306.884,335.134,3
pm_win_day3_consultation09_014,test,window,day3_consultation09,335.134,363.94,6
pm_win_day3_consultation09_015,test,window,day3_consultation09,364.258,394.253,2
pm_win_day3_consultation09_016,test,window,day3_consultation09,394.253,420.653,7
pm_win_day3_consultation09_017,test,window,day3_consultation09,420.653,447.61,3
pm_win_day3_consultation09_018,test,window,day3_consultation09,447.61,476.733,5
pm_win_day3_consultation09_019,test,window,day3_consultation09,477.353,505.782,6
pm_win_day3_consultation09_020,test,window,day3_consultation09,505.782,529.966,5
pm_win_day3_consultation09_021,test,window,day3_consultation09,529.966,546.04,1
pm_win_day3_consultation09_022,test,window,day3_consultation09,546.04,566.667,2
pm_win_day3_consultation09_023,test,window,day3_consultation09,566.667,591.317,3
pm_win_day3_consultation09_024,test,window,day3_consultation09,591.787,609.447,1
pm_win_day3_consultation09_025,test,window,day3_consultation09,609.447,637.911,4
pm_win_day3_consultation09_026,test,window,day3_consultation09,637.911,664.073,4
pm_win_day3_consultation09_027,test,window,day3_consultation09,664.073,688.023,2
pm_win_day3_consultation09_028,test,window,day3_consultation09,688.027,711.24,7
pm_win_day3_consultation10_000,recalibration,window,day3_consultation10,2.001,32.001,9
pm_win_day3_consultation10_001,recalibration,window,day3_consultation10,32.254,48.827,3
pm_win_day3_consultation10_002,recalibration,window,day3_consultation10,49.201,84.717,4
pm_win_day3_consultation10_003,recalibration,window,day3_consultation10,85.013,107.645,4
pm_win_day3_consultation10_004,recalibration,window,day3_consultation10,107.848,131.109,5
pm_win_day3_consultation10_005,recalibration,window,day3_consultation10,131.363,158.807,7
pm_win_day3_consultation10_006,recalibration,window,day3_consultation10,158.914,181.565,7
pm_win_day3_consultation10_007,recalibration,window,day3_consultation10,182.114,207.625,6
pm_win_day3_consultation10_008,recalibration,window,day3_consultation10,208.364,234.907,7
pm_win_day3_consultation10_009,recalibration,window,day3_consultation10,234.907,260.023,6
pm_win_day3_consultation10_010,recalibration,window,day3_consultation10,260.12,287.06,10
pm_win_day3_consultation10_011,recalibration,window,day3_consultation10,287.113,308.815,2
pm_win_day3_consultation10_012,recalibration,window,day3_consultation10,309.447,335.285,2
pm_win_day3_consultation10_013,recalibration,window,day3_consultation10,335.285,360.952,4
pm_win_day3_consultation10_014,recalibration,window,day3_consultation10,361.105,392.335,2
pm_win_day3_consultation10_015,recalibration,window,day3_consultation10,393.079,447.326,5
pm_win_day3_consultation10_016,recalibration,window,day3_consultation10,447.326,473.009,4
pm_win_day3_consultation10_017,recalibration,window,day3_consultation10,473.009,491.633,1
pm_win_day3_consultation10_018,recalibration,window,day3_consultation10,492.082,520.295,5
pm_win_day3_consultation10_019,recalibration,window,day3_consultation10,520.295,535.039,2
pm_win_day3_consultation10_020,recalibration,window,day3_consultation10,535.039,559.761,5
pm_win_day4_consultation01_000,test,window,day4_consultation01,0.0,29.936,9
pm_win_day4_consultation01_001,test,window,day4_consultation01,30.014,45.142,4
pm_win_day4_consultation01_002,test,window,day4_consultation01,45.142,71.404,4
pm_win_day4_consultation01_003,test,window,day4_consultation01,71.404,97.068,3
pm_win_day4_consultation01_004,test,window,day4_consultation01,98.924,128.242,9
pm_win_day4_consultation01_005,test,window,day4_consultation01,128.862,158.82,8
pm_win_day4_consultation01_006,test,window,day4_consultation01,159.251,189.251,6
pm_win_day4_consultation01_007,test,window,day4_consultation01,190.317,213.771,5
pm_win_day4_consultation01_008,test,window,day4_consultation01,216.53,246.176,3
pm_win_day4_consultation01_009,test,window,day4_consultation01,246.176,262.326,2
pm_win_day4_consultation01_010,test,window,day4_consultation01,262.524,291.966,6
pm_win_day4_consultation01_011,test,window,day4_consultation01,291.966,319.466,6
pm_win_day4_consultation01_012,test,window,day4_consultation01,320.782,349.952,6
pm_win_day4_consultation01_013,test,window,day4_consultation01,350.044,377.621,8
pm_win_day4_consultation01_014,test,window,day4_consultation01,377.938,399.976,6
pm_win_day4_consultation01_015,test,window,day4_consultation01,400.168,430.13,5
pm_win_day4_consultation01_016,test,window,day4_consultation01,430.13,456.43,11
pm_win_day4_consultation01_017,test,window,day4_consultation01,456.43,479.266,7
pm_win_day4_consultation01_018,test,window,day4_consultation01,479.612,509.325,10
pm_win_day4_consultation01_019,test,window,day4_consultation01,509.642,513.065,2
pm_win_day4_consultation02_000,recalibration,window,day4_consultation02,0.0,28.958,8
pm_win_day4_consultation02_001,recalibration,window,day4_consultation02,28.958,55.236,7
pm_win_day4_consultation02_002,recalibration,window,day4_consultation02,55.236,84.324,6
pm_win_day4_consultation02_003,recalibration,window,day4_consultation02,84.324,112.705,6
pm_win_day4_consultation02_004,recalibration,window,day4_consultation02,113.361,140.408,8
pm_win_day4_consultation02_005,recalibration,window,day4_consultation02,141.386,168.158,4
pm_win_day4_consultation02_006,recalibration,window,day4_consultation02,168.158,195.947,12
pm_win_day4_consultation02_007,recalibration,window,day4_consultation02,195.947,224.926,8
pm_win_day4_consultation02_008,recalibration,window,day4_consultation02,226.199,253.406,8
pm_win_day4_consultation02_009,recalibration,window,day4_consultation02,255.041,284.954,10
pm_win_day4_consultation02_010,recalibration,window,day4_consultation02,285.542,313.572,10
pm_win_day4_consultation02_011,recalibration,window,day4_consultation02,314.53,343.046,6
pm_win_day4_consultation02_012,recalibration,window,day4_consultation02,343.464,368.759,8
pm_win_day4_consultation02_013,recalibration,window,day4_consultation02,369.898,397.79,4
pm_win_day4_consultation02_014,recalibration,window,day4_consultation02,397.916,423.759,11
pm_win_day4_consultation02_015,recalibration,window,day4_consultation02,424.651,454.159,8
pm_win_day4_consultation02_016,recalibration,window,day4_consultation02,454.159,481.367,11
pm_win_day4_consultation02_017,recalibration,window,day4_consultation02,481.367,503.055,9
pm_win_day4_consultation03_000,recalibration,window,day4_consultation03,1.233,27.141,10
pm_win_day4_consultation03_001,recalibration,window,day4_consultation03,27.145,56.437,8
pm_win_day4_consultation03_002,recalibration,window,day4_consultation03,56.809,86.414,7
pm_win_day4_consultation03_003,recalibration,window,day4_consultation03,86.414,116.273,14
pm_win_day4_consultation03_004,recalibration,window,day4_consultation03,116.273,138.634,5
pm_win_day4_consultation03_005,recalibration,window,day4_consultation03,139.158,169.158,8
pm_win_day4_consultation03_006,recalibration,window,day4_consultation03,169.75,195.517,6
pm_win_day4_consultation03_007,recalibration,window,day4_consultation03,195.517,224.409,8
pm_win_day4_consultation03_008,recalibration,window,day4_consultation03,224.409,242.217,4
pm_win_day4_consultation03_009,recalibration,window,day4_consultation03,242.217,272.044,5
pm_win_day4_consultation03_010,recalibration,window,day4_consultation03,273.3,302.785,5
pm_win_day4_consultation03_011,recalibration,window,day4_consultation03,302.785,329.743,10
pm_win_day4_consultation03_012,recalibration,window,day4_consultation03,330.534,358.981,9
pm_win_day4_consultation03_013,recalibration,window,day4_consultation03,359.521,380.407,6
pm_win_day4_consultation04_000,test,window,day4_consultation04,2.641,28.714,8
pm_win_day4_consultation04_001,test,window,day4_consultation04,28.751,48.758,7
pm_win_day4_consultation04_002,test,window,day4_consultation04,48.758,78.553,2
pm_win_day4_consultation04_003,test,window,day4_consultation04,79.035,108.483,7
pm_win_day4_consultation04_004,test,window,day4_consultation04,108.541,136.872,6
pm_win_day4_consultation04_005,test,window,day4_consultation04,136.922,166.922,6
pm_win_day4_consultation04_006,test,window,day4_consultation04,167.013,196.742,5
pm_win_day4_consultation04_007,test,window,day4_consultation04,198.237,228.237,8
pm_win_day4_consultation04_008,test,window,day4_consultation04,229.018,257.151,7
pm_win_day4_consultation04_009,test,window,day4_consultation04,257.21,284.853,3
pm_win_day4_consultation04_010,test,window,day4_consultation04,285.22,311.239,7
pm_win_day4_consultation04_011,test,window,day4_consultation04,311.692,339.959,7
pm_win_day4_consultation04_012,test,window,day4_consultation04,339.959,360.945,3
pm_win_day4_consultation04_013,test,window,day4_consultation04,361.373,391.012,8
pm_win_day4_consultation04_014,test,window,day4_consultation04,391.012,393.3,2
pm_win_day4_consultation05_000,test,window,day4_consultation05,0.0,10.775,6
pm_win_day4_consultation05_001,test,window,day4_consultation05,11.51,41.484,6
pm_win_day4_consultation05_002,test,window,day4_consultation05,41.484,71.154,3
pm_win_day4_consultation05_003,test,window,day4_consultation05,71.528,95.208,2
pm_win_day4_consultation05_004,test,window,day4_consultation05,95.208,122.691,4
pm_win_day4_consultation05_005,test,window,day4_consultation05,122.691,147.373,4
pm_win_day4_consultation05_006,test,window,day4_consultation05,147.373,161.88,3
pm_win_day4_consultation05_007,test,window,day4_consultation05,161.88,180.453,2
pm_win_day4_consultation05_008,test,window,day4_consultation05,180.795,205.361,6
pm_win_day4_consultation05_009,test,window,day4_consultation05,205.361,218.503,2
pm_win_day4_consultation05_010,test,window,day4_consultation05,218.688,248.433,4
pm_win_day4_consultation05_011,test,window,day4_consultation05,248.433,275.352,3
pm_win_day4_consultation05_012,test,window,day4_consultation05,276.026,303.239,5
pm_win_day4_consultation05_013,test,window,day4_consultation05,303.239,320.734,2
pm_win_day4_consultation05_014,test,window,day4_consultation05,321.431,347.064,3
pm_win_day4_consultation05_015,test,window,day4_consultation05,347.064,371.166,4
pm_win_day4_consultation05_016,test,window,day4_consultation05,371.166,390.447,2
pm_win_day4_consultation05_017,test,window,day4_consultation05,390.62,418.389,4
pm_win_day4_consultation05_018,test,window,day4_consultation05,418.389,447.31,4
pm_win_day4_consultation05_019,test,window,day4_consultation05,447.511,461.457,3
pm_win_day4_consultation05_020,test,window,day4_consultation05,461.457,489.426,4
pm_win_day4_consultation05_021,test,window,day4_consultation05,490.154,519.199,4
pm_win_day4_consultation05_022,test,window,day4_consultation05,519.279,532.148,2
pm_win_day4_consultation05_023,test,window,day4_consultation05,532.235,571.328,5
pm_win_day4_consultation05_024,test,window,day4_consultation05,571.683,581.71,2
pm_win_day4_consultation06_000,test,window,day4_consultation06,0.0,27.077,9
pm_win_day4_consultation06_001,test,window,day4_consultation06,27.101,44.631,3
pm_win_day4_consultation06_002,test,window,day4_consultation06,44.631,71.102,3
pm_win_day4_consultation06_003,test,window,day4_consultation06,71.102,90.261,3
pm_win_day4_consultation06_004,test,window,day4_consultation06,90.611,117.765,6
pm_win_day4_consultation06_005,test,window,day4_consultation06,118.414,144.075,6
pm_win_day4_consultation06_006,test,window,day4_consultation06,144.259,172.4,6
pm_win_day4_consultation06_007,test,window,day4_consultation06,172.466,194.132,3
pm_win_day4_consultation06_008,test,window,day4_consultation06,194.132,218.672,3
pm_win_day4_consultation06_009,test,window,day4_consultation06,218.672,247.96,7
pm_win_day4_consultation06_010,test,window,day4_consultation06,247.96,273.865,3
pm_win_day4_consultation06_011,test,window,day4_consultation06,274.643,303.93,9
pm_win_day4_consultation06_012,test,window,day4_consultation06,303.977,326.38,4
pm_win_day4_consultation06_013,test,window,day4_consultation06,326.849,342.396,1
pm_win_day4_consultation06_014,test,window,day4_consultation06,342.396,372.18,6
pm_win_day4_consultation06_015,test,window,day4_consultation06,372.18,396.019,6
pm_win_day4_consultation06_016,test,window,day4_consultation06,396.019,421.458,3
pm_win_day4_consultation06_017,test,window,day4_consultation06,421.458,440.911,6
pm_win_day4_consultation06_018,test,window,day4_consultation06,440.911,466.531,2
pm_win_day4_consultation06_019,test,window,day4_consultation06,466.531,494.968,3
pm_win_day4_consultation06_020,test,window,day4_consultation06,494.968,511.004,4
pm_win_day4_consultation06_021,test,window,day4_consultation06,511.144,541.144,4
pm_win_day4_consultation06_022,test,window,day4_consultation06,541.19,569.725,4
pm_win_day4_consultation06_023,test,window,day4_consultation06,569.725,598.733,8
pm_win_day4_consultation06_024,test,window,day4_consultation06,599.0,605.273,3
pm_win_day4_consultation07_000,test,window,day4_consultation07,2.043,21.161,6
pm_win_day4_consultation07_001,test,window,day4_consultation07,21.812,41.727,6
pm_win_day4_consultation07_002,test,window,day4_consultation07,42.141,71.745,4
pm_win_day4_consultation07_003,test,window,day4_consultation07,71.776,95.263,3
pm_win_day4_consultation07_004,test,window,day4_consultation07,95.389,125.389,3
pm_win_day4_consultation07_005,test,window,day4_consultation07,125.514,154.325,3
pm_win_day4_consultation07_006,test,window,day4_consultation07,154.325,181.469,4
pm_win_day4_consultation07_007,test,window,day4_consultation07,181.469,208.66,4
pm_win_day4_consultation07_008,test,window,day4_consultation07,208.66,233.782,3
pm_win_day4_consultation07_009,test,window,day4_consultation07,233.977,263.977,4
pm_win_day4_consultation07_010,test,window,day4_consultation07,264.052,289.221,6
pm_win_day4_consultation07_011,test,window,day4_consultation07,289.221,314.824,2
pm_win_day4_consultation07_012,test,window,day4_consultation07,314.824,344.061,5
pm_win_day4_consultation07_013,test,window,day4_consultation07,344.061,368.118,4
pm_win_day4_consultation07_014,test,window,day4_consultation07,369.412,396.581,2
pm_win_day4_consultation07_015,test,window,day4_consultation07,396.581,421.341,5
pm_win_day4_consultation07_016,test,window,day4_consultation07,421.341,449.756,3
pm_win_day4_consultation07_017,test,window,day4_consultation07,449.761,479.706,3
pm_win_day4_consultation07_018,test,window,day4_consultation07,479.706,494.783,6
pm_win_day4_consultation07_019,test,window,day4_consultation07,494.783,521.165,5
pm_win_day4_consultation07_020,test,window,day4_consultation07,521.165,543.659,2
pm_win_day4_consultation07_021,test,window,day4_consultation07,543.659,557.639,1
pm_win_day4_consultation07_022,test,window,day4_consultation07,557.639,583.227,1
pm_win_day4_consultation07_023,test,window,day4_consultation07,583.227,610.506,5
pm_win_day4_consultation07_024,test,window,day4_consultation07,610.506,625.791,4
pm_win_day4_consultation08_000,test,window,day4_consultation08,0.0,29.788,9
pm_win_day4_consultation08_001,test,window,day4_consultation08,30.083,57.713,7
pm_win_day4_consultation08_002,test,window,day4_consultation08,58.354,83.272,4
pm_win_day4_consultation08_003,test,window,day4_consultation08,84.681,104.108,2
pm_win_day4_consultation08_004,test,window,day4_consultation08,104.108,133.94,5
pm_win_day4_consultation08_005,test,window,day4_consultation08,133.94,161.337,3
pm_win_day4_consultation08_006,test,window,day4_consultation08,161.509,189.675,2
pm_win_day4_consultation08_007,test,window,day4_consultation08,190.188,209.772,3
pm_win_day4_consultation08_008,test,window,day4_consultation08,209.772,237.481,3
pm_win_day4_consultation08_009,test,window,day4_consultation08,238.082,268.082,3
pm_win_day4_consultation08_010,test,window,day4_consultation08,269.629,296.156,3
pm_win_day4_consultation08_011,test,window,day4_consultation08,297.194,326.124,2
pm_win_day4_consultation08_012,test,window,day4_consultation08,326.124,346.299,4
pm_win_day4_consultation08_013,test,window,day4_consultation08,347.93,375.265,5
pm_win_day4_consultation08_014,test,window,day4_consultation08,375.265,402.229,6
pm_win_day4_consultation08_015,test,window,day4_consultation08,402.229,432.151,5
pm_win_day4_consultation08_016,test,window,day4_consultation08,432.563,454.449,9
pm_win_day4_consultation08_017,test,window,day4_consultation08,454.962,481.042,4
pm_win_day4_consultation08_018,test,window,day4_consultation08,482.068,511.697,8
pm_win_day4_consultation08_019,test,window,day4_consultation08,511.697,539.828,6
pm_win_day4_consultation08_020,test,window,day4_consultation08,539.828,562.217,3
pm_win_day4_consultation08_021,test,window,day4_consultation08,562.758,587.487,7
pm_win_day4_consultation08_022,test,window,day4_consultation08,587.743,615.016,4
pm_win_day4_consultation08_023,test,window,day4_consultation08,615.08,639.294,5
pm_win_day4_consultation08_024,test,window,day4_consultation08,639.346,668.588,1
pm_win_day4_consultation08_025,test,window,day4_consultation08,668.588,697.071,7
pm_win_day4_consultation08_026,test,window,day4_consultation08,697.071,718.584,5
pm_win_day4_consultation09_000,test,window,day4_consultation09,0.0,29.703,10
pm_win_day4_consultation09_001,test,window,day4_consultation09,29.821,59.375,5
pm_win_day4_consultation09_002,test,window,day4_consultation09,60.402,87.181,5
pm_win_day4_consultation09_003,test,window,day4_consultation09,87.181,113.368,6
pm_win_day4_consultation09_004,test,window,day4_consultation09,114.675,144.355,5
pm_win_day4_consultation09_005,test,window,day4_consultation09,144.355,170.098,6
pm_win_day4_consultation09_006,test,window,day4_consultation09,170.666,198.756,7
pm_win_day4_consultation09_007,test,window,day4_consultation09,198.756,221.376,3
pm_win_day4_consultation09_008,test,window,day4_consultation09,222.077,250.986,2
pm_win_day4_consultation09_009,test,window,day4_consultation09,250.986,274.664,3
pm_win_day4_consultation09_010,test,window,day4_consultation09,274.927,302.253,3
pm_win_day4_consultation09_011,test,window,day4_consultation09,302.253,323.058,3
pm_win_day4_consultation09_012,test,window,day4_consultation09,323.058,351.0,5
pm_win_day4_consultation09_013,test,window,day4_consultation09,351.0,360.639,2
pm_win_day4_consultation09_014,test,window,day4_consultation09,362.905,392.512,4
pm_win_day4_consultation09_015,test,window,day4_consultation09,392.512,417.385,4
pm_win_day4_consultation09_016,test,window,day4_consultation09,417.385,443.474,3
pm_win_day4_consultation09_017,test,window,day4_consultation09,443.474,468.734,3
pm_win_day4_consultation09_018,test,window,day4_consultation09,468.734,486.393,4
pm_win_day4_consultation09_019,test,window,day4_consultation09,486.393,500.628,1
pm_win_day4_consultation09_020,test,window,day4_consultation09,500.628,529.025,3
pm_win_day4_consultation09_021,test,window,day4_consultation09,529.025,557.333,5
pm_win_day4_consultation09_022,test,window,day4_consultation09,558.011,586.809,5
pm_win_day4_consultation09_023,test,window,day4_consultation09,586.809,604.438,2
pm_win_day4_consultation09_024,test,window,day4_consultation09,605.206,628.063,6
pm_win_day4_consultation10_000,test,window,day4_consultation10,2.599,32.402,6
pm_win_day4_consultation10_001,test,window,day4_consultation10,32.402,55.062,3
pm_win_day4_consultation10_002,test,window,day4_consultation10,55.062,75.909,3
pm_win_day4_consultation10_003,test,window,day4_consultation10,75.909,102.939,3
pm_win_day4_consultation10_004,test,window,day4_consultation10,104.259,132.197,3
pm_win_day4_consultation10_005,test,window,day4_consultation10,132.197,160.642,3
pm_win_day4_consultation10_006,test,window,day4_consultation10,160.642,188.646,6
pm_win_day4_consultation10_007,test,window,day4_consultation10,189.625,217.531,4
pm_win_day4_consultation10_008,test,window,day4_consultation10,218.153,248.153,2
pm_win_day4_consultation10_009,test,window,day4_consultation10,249.397,271.824,3
pm_win_day4_consultation10_010,test,window,day4_consultation10,273.274,297.48,6
pm_win_day4_consultation10_011,test,window,day4_consultation10,297.48,323.571,4
pm_win_day4_consultation10_012,test,window,day4_consultation10,323.859,345.783,4
pm_win_day4_consultation10_013,test,window,day4_consultation10,346.477,373.526,4
pm_win_day4_consultation10_014,test,window,day4_consultation10,376.904,404.451,3
pm_win_day4_consultation10_015,test,window,day4_consultation10,404.972,430.247,2
pm_win_day4_consultation10_016,test,window,day4_consultation10,430.921,456.534,4
pm_win_day4_consultation10_017,test,window,day4_consultation10,456.88,486.701,4
pm_win_day4_consultation10_018,test,window,day4_consultation10,486.701,510.571,8
pm_win_day4_consultation10_019,test,window,day4_consultation10,512.262,542.262,7
pm_win_day4_consultation10_020,test,window,day4_consultation10,542.347,571.949,3
pm_win_day4_consultation10_021,test,window,day4_consultation10,572.539,593.095,6
pm_win_day4_consultation10_022,test,window,day4_consultation10,594.135,622.328,6
pm_win_day4_consultation10_023,test,window,day4_consultation10,622.328,649.547,2
pm_win_day4_consultation10_024,test,window,day4_consultation10,649.547,675.498,2
pm_win_day4_consultation10_025,test,window,day4_consultation10,675.498,697.86,5
pm_win_day4_consultation10_026,test,window,day4_consultation10,697.86,717.443,1
pm_win_day4_consultation10_027,test,window,day4_consultation10,717.443,742.815,9
pm_win_day5_consultation01_000,test,window,day5_consultation01,0.332,26.082,5
pm_win_day5_consultation01_001,test,window,day5_consultation01,26.204,46.791,6
pm_win_day5_consultation01_002,test,window,day5_consultation01,46.791,63.46,4
pm_win_day5_consultation01_003,test,window,day5_consultation01,63.46,90.867,4
pm_win_day5_consultation01_004,test,window,day5_consultation01,90.867,111.136,8
pm_win_day5_consultation01_005,test,window,day5_consultation01,111.136,137.599,4
pm_win_day5_consultation01_006,test,window,day5_consultation01,137.599,154.062,4
pm_win_day5_consultation01_007,test,window,day5_consultation01,154.062,170.552,5
pm_win_day5_consultation01_008,test,window,day5_consultation01,170.552,198.238,5
pm_win_day5_consultation01_009,test,window,day5_consultation01,198.238,227.597,9
pm_win_day5_consultation01_010,test,window,day5_consultation01,227.597,252.923,7
pm_win_day5_consultation01_011,test,window,day5_consultation01,252.923,281.682,8
pm_win_day5_consultation01_012,test,window,day5_consultation01,281.682,305.519,10
pm_win_day5_consultation01_013,test,window,day5_consultation01,305.519,334.468,5
pm_win_day5_consultation01_014,test,window,day5_consultation01,334.684,355.057,4
pm_win_day5_consultation01_015,test,window,day5_consultation01,355.213,385.111,2
pm_win_day5_consultation01_016,test,window,day5_consultation01,385.111,407.659,1
pm_win_day5_consultation01_017,test,window,day5_consultation01,407.848,437.841,5
pm_win_day5_consultation01_018,test,window,day5_consultation01,437.841,453.163,6
pm_win_day5_consultation02_000,test,window,day5_consultation02,1.288,29.599,5
pm_win_day5_consultation02_001,test,window,day5_consultation02,29.599,48.169,8
pm_win_day5_consultation02_002,test,window,day5_consultation02,48.46,74.08,6
pm_win_day5_consultation02_003,test,window,day5_consultation02,74.08,101.058,9
pm_win_day5_consultation02_004,test,window,day5_consultation02,101.058,130.079,7
pm_win_day5_consultation02_005,test,window,day5_consultation02,130.079,155.857,6
pm_win_day5_consultation02_006,test,window,day5_consultation02,156.032,180.752,8
pm_win_day5_consultation02_007,test,window,day5_consultation02,180.752,204.203,7
pm_win_day5_consultation02_008,test,window,day5_consultation02,204.438,233.05,10
pm_win_day5_consultation02_009,test,window,day5_consultation02,233.179,261.645,9
pm_win_day5_consultation02_010,test,window,day5_consultation02,261.822,279.831,6
pm_win_day5_consultation02_011,test,window,day5_consultation02,280.04,309.482,9
pm_win_day5_consultation02_012,test,window,day5_consultation02,309.493,330.144,4
pm_win_day5_consultation02_013,test,window,day5_consultation02,330.144,346.818,2
pm_win_day5_consultation02_014,test,window,day5_consultation02,346.818,371.638,4
pm_win_day5_consultation02_015,test,window,day5_consultation02,371.68,400.375,4
pm_win_day5_consultation02_016,test,window,day5_consultation02,400.544,428.564,8
pm_win_day5_consultation02_017,test,window,day5_consultation02,428.564,445.56,6
pm_win_day5_consultation03_000,test,window,day5_consultation03,0.811,27.242,6
pm_win_day5_consultation03_001,test,window,day5_consultation03,27.242,34.752,3
pm_win_day5_consultation03_002,test,window,day5_consultation03,34.752,62.992,2
pm_win_day5_consultation03_003,test,window,day5_consultation03,63.181,88.274,2
pm_win_day5_consultation03_004,test,window,day5_consultation03,88.339,116.357,1
pm_win_day5_consultation03_005,test,window,day5_consultation03,116.357,145.424,3
pm_win_day5_consultation03_006,test,window,day5_consultation03,145.424,173.04,7
pm_win_day5_consultation03_007,test,window,day5_consultation03,173.04,196.576,2
pm_win_day5_consultation03_008,test,window,day5_consultation03,196.678,214.495,2
pm_win_day5_consultation03_009,test,window,day5_consultation03,214.495,237.933,4
pm_win_day5_consultation03_010,test,window,day5_consultation03,237.933,248.01,1
pm_win_day5_consultation03_011,test,window,day5_consultation03,248.01,274.346,4
pm_win_day5_consultation03_012,test,window,day5_consultation03,275.34,298.786,4
pm_win_day5_consultation03_013,test,window,day5_consultation03,298.832,321.266,3
pm_win_day5_consultation03_014,test,window,day5_consultation03,321.266,337.871,2
pm_win_day5_consultation03_015,test,window,day5_consultation03,337.978,359.75,3
pm_win_day5_consultation03_016,test,window,day5_consultation03,359.801,384.794,3
pm_win_day5_consultation03_017,test,window,day5_consultation03,384.794,408.752,4
pm_win_day5_consultation03_018,test,window,day5_consultation03,409.307,429.483,2
pm_win_day5_consultation03_019,test,window,day5_consultation03,429.483,452.61,2
pm_win_day5_consultation03_020,test,window,day5_consultation03,452.61,472.582,2
pm_win_day5_consultation03_021,test,window,day5_consultation03,473.205,494.444,3
pm_win_day5_consultation03_022,test,window,day5_consultation03,494.444,523.684,3
pm_win_day5_consultation03_023,test,window,day5_consultation03,525.378,548.203,3
pm_win_day5_consultation03_024,test,window,day5_consultation03,548.203,573.874,6
pm_win_day5_consultation03_025,test,window,day5_consultation03,573.994,601.037,2
pm_win_day5_consultation03_026,test,window,day5_consultation03,601.227,618.915,2
pm_win_day5_consultation03_027,test,window,day5_consultation03,619.392,658.738,6
pm_win_day5_consultation03_028,test,window,day5_consultation03,659.116,664.367,2
pm_win_day5_consultation03_029,test,window,day5_consultation03,664.768,694.55,4
pm_win_day5_consultation03_030,test,window,day5_consultation03,694.55,706.777,2
pm_win_day5_consultation03_031,test,window,day5_consultation03,706.777,735.233,3
pm_win_day5_consultation03_032,test,window,day5_consultation03,735.233,760.908,5
pm_win_day5_consultation03_033,test,window,day5_consultation03,760.908,776.34,8
pm_win_day5_consultation04_000,recalibration,window,day5_consultation04,0.37,28.426,9
pm_win_day5_consultation04_001,recalibration,window,day5_consultation04,28.674,58.674,8
pm_win_day5_consultation04_002,recalibration,window,day5_consultation04,58.747,83.818,5
pm_win_day5_consultation04_003,recalibration,window,day5_consultation04,83.998,113.998,8
pm_win_day5_consultation04_004,recalibration,window,day5_consultation04,114.36,130.676,2
pm_win_day5_consultation04_005,recalibration,window,day5_consultation04,130.728,158.623,6
pm_win_day5_consultation04_006,recalibration,window,day5_consultation04,159.164,187.645,5
pm_win_day5_consultation04_007,recalibration,window,day5_consultation04,187.645,214.212,6
pm_win_day5_consultation04_008,recalibration,window,day5_consultation04,214.832,243.296,7
pm_win_day5_consultation04_009,recalibration,window,day5_consultation04,243.296,255.564,4
pm_win_day5_consultation04_010,recalibration,window,day5_consultation04,256.257,276.989,2
pm_win_day5_consultation04_011,recalibration,window,day5_consultation04,277.185,307.185,7
pm_win_day5_consultation04_012,recalibration,window,day5_consultation04,307.784,332.947,4
pm_win_day5_consultation04_013,recalibration,window,day5_consultation04,333.473,356.959,6
pm_win_day5_consultation04_014,recalibration,window,day5_consultation04,357.152,387.152,5
pm_win_day5_consultation04_015,recalibration,window,day5_consultation04,387.594,413.579,13
pm_win_day5_consultation04_016,recalibration,window,day5_consultation04,415.388,439.263,5
pm_win_day5_consultation04_017,recalibration,window,day5_consultation04,439.486,466.494,3
pm_win_day5_consultation04_018,recalibration,window,day5_consultation04,466.494,494.535,3
pm_win_day5_consultation04_019,recalibration,window,day5_consultation04,494.535,520.241,5
pm_win_day5_consultation04_020,recalibration,window,day5_consultation04,520.93,541.826,8
pm_win_day5_consultation05_000,test,window,day5_consultation05,1.029,31.029,9
pm_win_day5_consultation05_001,test,window,day5_consultation05,31.362,61.123,8
pm_win_day5_consultation05_002,test,window,day5_consultation05,61.281,82.544,4
pm_win_day5_consultation05_003,test,window,day5_consultation05,82.544,102.572,8
pm_win_day5_consultation05_004,test,window,day5_consultation05,103.023,133.023,7
pm_win_day5_consultation05_005,test,window,day5_consultation05,133.463,160.555,8
pm_win_day5_consultation05_006,test,window,day5_consultation05,160.555,189.98,7
pm_win_day5_consultation05_007,test,window,day5_consultation05,190.693,218.422,8
pm_win_day5_consultation05_008,test,window,day5_consultation05,218.422,247.859,7
pm_win_day5_consultation05_009,test,window,day5_consultation05,247.859,271.886,5
pm_win_day5_consultation05_010,test,window,day5_consultation05,271.886,300.367,8
pm_win_day5_consultation05_011,test,window,day5_consultation05,300.367,330.315,8
pm_win_day5_consultation05_012,test,window,day5_consultation05,330.449,345.615,4
pm_win_day5_consultation05_013,test,window,day5_consultation05,345.706,372.874,4
pm_win_day5_consultation05_014,test,window,day5_consultation05,372.959,398.344,5
pm_win_day5_consultation05_015,test,window,day5_consultation05,398.344,409.08,4
pm_win_day5_consultation06_000,test,window,day5_consultation06,0.58,30.324,10
pm_win_day5_consultation06_001,test,window,day5_consultation06,30.407,55.939,7
pm_win_day5_consultation06_002,test,window,day5_consultation06,55.993,80.413,5
pm_win_day5_consultation06_003,test,window,day5_consultation06,81.015,105.244,5
pm_win_day5_consultation06_004,test,window,day5_consultation06,105.244,132.481,4
pm_win_day5_consultation06_005,test,window,day5_consultation06,133.218,163.218,7
pm_win_day5_consultation06_006,test,window,day5_consultation06,163.453,189.167,7
pm_win_day5_consultation06_007,test,window,day5_consultation06,189.23,218.26,5
pm_win_day5_consultation06_008,test,window,day5_consultation06,218.26,233.311,3
pm_win_day5_consultation06_009,test,window,day5_consultation06,233.475,263.263,4
pm_win_day5_consultation06_010,test,window,day5_consultation06,264.069,291.79,4
pm_win_day5_consultation06_011,test,window,day5_consultation06,292.061,320.977,8
pm_win_day5_consultation06_012,test,window,day5_consultation06,321.117,351.094,8
pm_win_day5_consultation06_013,test,window,day5_consultation06,351.094,378.149,5
pm_win_day5_consultation06_014,test,window,day5_consultation06,378.149,395.592,3
pm_win_day5_consultation06_015,test,window,day5_consultation06,395.592,419.088,3
pm_win_day5_consultation06_016,test,window,day5_consultation06,419.088,435.077,1
pm_win_day5_consultation06_017,test,window,day5_consultation06,435.077,465.009,1
pm_win_day5_consultation06_018,test,window,day5_consultation06,465.009,486.636,3
pm_win_day5_consultation06_019,test,window,day5_consultation06,487.229,509.856,4
pm_win_day5_consultation06_020,test,window,day5_consultation06,509.856,530.269,2
pm_win_day5_consultation06_021,test,window,day5_consultation06,530.269,558.876,4
pm_win_day5_consultation06_022,test,window,day5_consultation06,558.876,586.138,2
pm_win_day5_consultation06_023,test,window,day5_consultation06,586.138,614.64,10
pm_win_day5_consultation07_000,recalibration,window,day5_consultation07,0.943,30.654,9
pm_win_day5_consultation07_001,recalibration,window,day5_consultation07,30.654,60.597,7
pm_win_day5_consultation07_002,recalibration,window,day5_consultation07,60.794,89.161,12
pm_win_day5_consultation07_003,recalibration,window,day5_consultation07,89.325,107.999,5
pm_win_day5_consultation07_004,recalibration,window,day5_consultation07,107.999,128.398,4
pm_win_day5_consultation07_005,recalibration,window,day5_consultation07,128.58,154.551,8
pm_win_day5_consultation07_006,recalibration,window,day5_consultation07,154.551,174.266,6
pm_win_day5_consultation07_007,recalibration,window,day5_consultation07,174.698,202.444,6
pm_win_day5_consultation07_008,recalibration,window,day5_consultation07,202.462,230.878,6
pm_win_day5_consultation07_009,recalibration,window,day5_consultation07,231.166,259.693,5
pm_win_day5_consultation07_010,recalibration,window,day5_consultation07,259.732,289.732,11
pm_win_day5_consultation07_011,recalibration,window,day5_consultation07,289.992,319.746,6
pm_win_day5_consultation07_012,recalibration,window,day5_consultation07,320.021,337.719,5
pm_win_day5_consultation07_013,recalibration,window,day5_consultation07,337.719,361.739,2
pm_win_day5_consultation07_014,recalibration,window,day5_consultation07,361.739,384.408,1
pm_win_day5_consultation07_015,recalibration,window,day5_consultation07,384.506,404.202,1
pm_win_day5_consultation07_016,recalibration,window,day5_consultation07,404.202,431.745,4
pm_win_day5_consultation07_017,recalibration,window,day5_consultation07,431.745,451.291,4
pm_win_day5_consultation07_018,recalibration,window,day5_consultation07,451.291,466.813,2
pm_win_day5_consultation07_019,recalibration,window,day5_consultation07,466.916,489.18,4
pm_win_day5_consultation08_000,test,window,day5_consultation08,1.297,30.756,5
pm_win_day5_consultation08_001,test,window,day5_consultation08,30.756,57.661,6
pm_win_day5_consultation08_002,test,window,day5_consultation08,57.961,80.114,7
pm_win_day5_consultation08_003,test,window,day5_consultation08,80.114,109.438,8
pm_win_day5_consultation08_004,test,window,day5_consultation08,109.438,138.367,6
pm_win_day5_consultation08_005,test,window,day5_consultation08,138.471,147.74,2
pm_win_day5_consultation08_006,test,window,day5_consultation08,148.462,186.059,3
pm_win_day5_consultation08_007,test,window,day5_consultation08,186.297,210.537,9
pm_win_day5_consultation08_008,test,window,day5_consultation08,211.792,235.874,8
pm_win_day5_consultation08_009,test,window,day5_consultation08,236.444,264.814,8
pm_win_day5_consultation08_010,test,window,day5_consultation08,268.694,295.784,8
pm_win_day5_consultation08_011,test,window,day5_consultation08,295.819,325.216,12
pm_win_day5_consultation08_012,test,window,day5_consultation08,325.216,350.026,10
pm_win_day5_consultation08_013,test,window,day5_consultation08,350.026,378.78,5
pm_win_day5_consultation08_014,test,window,day5_consultation08,378.997,393.294,4
pm_win_day5_consultation08_015,test,window,day5_consultation08,393.294,423.109,7
pm_win_day5_consultation08_016,test,window,day5_consultation08,423.109,451.011,5
pm_win_day5_consultation08_017,test,window,day5_consultation08,451.011,480.377,6
pm_win_day5_consultation08_018,test,window,day5_consultation08,480.377,504.329,3
pm_win_day5_consultation08_019,test,window,day5_consultation08,504.329,531.711,7
pm_win_day5_consultation08_020,test,window,day5_consultation08,531.711,555.07,5
pm_win_day5_consultation08_021,test,window,day5_consultation08,555.07,563.28,3
pm_win_day5_consultation09_000,test,window,day5_consultation09,0.0,21.817,5
pm_win_day5_consultation09_001,test,window,day5_consultation09,21.817,47.399,3
pm_win_day5_consultation09_002,test,window,day5_consultation09,47.399,62.059,2
pm_win_day5_consultation09_003,test,window,day5_consultation09,62.059,91.109,5
pm_win_day5_consultation09_004,test,window,day5_consultation09,91.286,105.526,2
pm_win_day5_consultation09_005,test,window,day5_consultation09,105.526,126.993,3
pm_win_day5_consultation09_006,test,window,day5_consultation09,126.993,152.831,5
pm_win_day5_consultation09_007,test,window,day5_consultation09,152.831,170.187,5
pm_win_day5_consultation09_008,test,window,day5_consultation09,170.301,194.926,5
pm_win_day5_consultation09_009,test,window,day5_consultation09,194.926,222.787,3
pm_win_day5_consultation09_010,test,window,day5_consultation09,222.787,244.541,3
pm_win_day5_consultation09_011,test,window,day5_consultation09,244.541,267.728,2
pm_win_day5_consultation09_012,test,window,day5_consultation09,267.728,292.413,4
pm_win_day5_consultation09_013,test,window,day5_consultation09,292.413,321.849,6
pm_win_day5_consultation09_014,test,window,day5_consultation09,321.994,351.436,3
pm_win_day5_consultation09_015,test,window,day5_consultation09,351.738,378.517,7
pm_win_day5_consultation09_016,test,window,day5_consultation09,378.517,402.437,7
pm_win_day5_consultation09_017,test,window,day5_consultation09,402.437,424.473,4
pm_win_day5_consultation09_018,test,window,day5_consultation09,424.989,454.989,7
pm_win_day5_consultation09_019,test,window,day5_consultation09,455.926,478.203,1
pm_win_day5_consultation09_020,test,window,day5_consultation09,478.203,506.715,2
pm_win_day5_consultation09_021,test,window,day5_consultation09,506.715,530.255,2
pm_win_day5_consultation09_022,test,window,day5_consultation09,530.414,551.871,3
pm_win_day5_consultation09_023,test,window,day5_consultation09,551.98,579.0,12
pm_win_day5_consultation10_000,test,window,day5_consultation10,0.835,23.732,3
pm_win_day5_consultation10_001,test,window,day5_consultation10,24.051,51.964,8
pm_win_day5_consultation10_002,test,window,day5_consultation10,51.964,74.384,3
pm_win_day5_consultation10_003,test,window,day5_consultation10,74.384,104.182,5
pm_win_day5_consultation10_004,test,window,day5_consultation10,104.182,133.021,4
pm_win_day5_consultation10_005,test,window,day5_consultation10,133.109,158.145,5
pm_win_day5_consultation10_006,test,window,day5_consultation10,158.145,184.159,3
pm_win_day5_consultation10_007,test,window,day5_consultation10,184.159,209.202,7
pm_win_day5_consultation10_008,test,window,day5_consultation10,209.37,239.18,5
pm_win_day5_consultation10_009,test,window,day5_consultation10,239.18,255.718,4
pm_win_day5_consultation10_010,test,window,day5_consultation10,255.718,282.682,4
pm_win_day5_consultation10_011,test,window,day5_consultation10,282.682,304.111,2
pm_win_day5_consultation10_012,test,window,day5_consultation10,304.505,333.374,10
pm_win_day5_consultation10_013,test,window,day5_consultation10,333.492,352.474,4
pm_win_day5_consultation10_014,test,window,day5_consultation10,352.474,378.53,6
pm_win_day5_consultation10_015,test,window,day5_consultation10,378.53,407.972,13
pm_win_day5_consultation10_016,test,window,day5_consultation10,407.972,435.34,5
pm_win_day5_consultation10_017,test,window,day5_consultation10,435.34,458.249,4
pm_win_day5_consultation10_018,test,window,day5_consultation10,458.249,483.972,3
pm_win_day5_consultation10_019,test,window,day5_consultation10,483.972,509.421,4
pm_win_day5_consultation10_020,test,window,day5_consultation10,509.421,532.89,3
pm_win_day5_consultation10_021,test,window,day5_consultation10,532.89,562.017,4
pm_win_day5_consultation10_022,test,window,day5_consultation10,562.017,585.866,9
pm_win_day5_consultation11_000,test,window,day5_consultation11,0.653,25.5,8
pm_win_day5_consultation11_001,test,window,day5_consultation11,25.939,55.206,1
pm_win_day5_consultation11_002,test,window,day5_consultation11,55.206,83.973,4
pm_win_day5_consultation11_003,test,window,day5_consultation11,83.973,101.549,2
pm_win_day5_consultation11_004,test,window,day5_consultation11,102.058,129.446,5
pm_win_day5_consultation11_005,test,window,day5_consultation11,129.446,158.267,5
pm_win_day5_consultation11_006,test,window,day5_consultation11,159.056,183.55,4
pm_win_day5_consultation11_007,test,window,day5_consultation11,184.754,217.053,6
pm_win_day5_consultation11_008,test,window,day5_consultation11,217.605,244.423,5
pm_win_day5_consultation11_009,test,window,day5_consultation11,244.423,262.543,5
pm_win_day5_consultation11_010,test,window,day5_consultation11,262.543,287.321,3
pm_win_day5_consultation11_011,test,window,day5_consultation11,287.321,317.005,10
pm_win_day5_consultation11_012,test,window,day5_consultation11,317.005,343.665,2
pm_win_day5_consultation11_013,test,window,day5_consultation11,343.665,372.585,4
pm_win_day5_consultation11_014,test,window,day5_consultation11,372.585,398.514,6
pm_win_day5_consultation11_015,test,window,day5_consultation11,398.993,429.264,4
pm_win_day5_consultation11_016,test,window,day5_consultation11,429.331,453.41,5
pm_win_day5_consultation11_017,test,window,day5_consultation11,454.75,484.345,1
pm_win_day5_consultation11_018,test,window,day5_consultation11,484.345,512.962,3
pm_win_day5_consultation11_019,test,window,day5_consultation11,512.962,542.548,5
pm_win_day5_consultation11_020,test,window,day5_consultation11,542.548,567.33,2
pm_win_day5_consultation11_021,test,window,day5_consultation11,567.33,594.24,4
pm_win_day5_consultation11_022,test,window,day5_consultation11,594.603,624.233,3
pm_win_day5_consultation11_023,test,window,day5_consultation11,624.233,646.62,4
pm_win_day5_consultation11_024,test,window,day5_consultation11,646.62,665.7,4
pm_win_day5_consultation12_000,test,window,day5_consultation12,0.0,29.123,9
pm_win_day5_consultation12_001,test,window,day5_consultation12,29.123,57.08,10
pm_win_day5_consultation12_002,test,window,day5_consultation12,57.08,83.781,5
pm_win_day5_consultation12_003,test,window,day5_consultation12,84.418,114.282,9
pm_win_day5_consultation12_004,test,window,day5_consultation12,114.282,137.439,8
pm_win_day5_consultation12_005,test,window,day5_consultation12,137.439,158.812,6
pm_win_day5_consultation12_006,test,window,day5_consultation12,158.812,188.753,9
pm_win_day5_consultation12_007,test,window,day5_consultation12,188.811,213.418,10
pm_win_day5_consultation12_008,test,window,day5_consultation12,213.418,238.234,9
pm_win_day5_consultation12_009,test,window,day5_consultation12,238.517,265.175,4
pm_win_day5_consultation12_010,test,window,day5_consultation12,265.175,290.807,5
pm_win_day5_consultation12_011,test,window,day5_consultation12,290.807,319.63,6
pm_win_day5_consultation12_012,test,window,day5_consultation12,319.63,324.857,4
pm_turn_day1_consultation01_doctor_001,test,turn_doctor,day1_consultation01,2.433,12.6,1
pm_turn_day1_consultation01_patient_001,test,turn_patient,day1_consultation01,3.807,5.007,1
pm_turn_day1_consultation01_patient_003,test,turn_patient,day1_consultation01,12.496,25.734,1
pm_turn_day1_consultation01_doctor_003,test,turn_doctor,day1_consultation01,25.566,35.066,1
pm_turn_day1_consultation01_patient_005,test,turn_patient,day1_consultation01,34.258,44.384,1
pm_turn_day1_consultation01_doctor_007,test,turn_doctor,day1_consultation01,43.599,48.117,1
pm_turn_day1_consultation01_patient_007,test,turn_patient,day1_consultation01,47.66,52.768,1
pm_turn_day1_consultation01_doctor_009,test,turn_doctor,day1_consultation01,50.413,56.458,1
pm_turn_day1_consultation01_patient_009,test,turn_patient,day1_consultation01,56.16,59.675,1
pm_turn_day1_consultation01_doctor_011,test,turn_doctor,day1_consultation01,59.272,65.696,1
pm_turn_day1_consultation01_patient_011,test,turn_patient,day1_consultation01,62.42,63.62,1
pm_turn_day1_consultation01_patient_013,test,turn_patient,day1_consultation01,64.638,71.472,1
pm_turn_day1_consultation01_doctor_013,test,turn_doctor,day1_consultation01,71.14,73.289,1
pm_turn_day1_consultation01_patient_015,test,turn_patient,day1_consultation01,72.864,74.675,1
pm_turn_day1_consultation01_doctor_015,test,turn_doctor,day1_consultation01,74.257,78.165,1
pm_turn_day1_consultation01_patient_017,test,turn_patient,day1_consultation01,78.087,87.009,1
pm_turn_day1_consultation01_doctor_017,test,turn_doctor,day1_consultation01,86.703,91.258,1
pm_turn_day1_consultation01_patient_019,test,turn_patient,day1_consultation01,90.585,92.517,1
pm_turn_day1_consultation01_doctor_019,test,turn_doctor,day1_consultation01,92.078,95.984,1
pm_turn_day1_consultation01_patient_021,test,turn_patient,day1_consultation01,95.698,99.12,1
pm_turn_day1_consultation01_doctor_021,test,turn_doctor,day1_consultation01,98.946,106.957,1
pm_turn_day1_consultation01_patient_023,test,turn_patient,day1_consultation01,99.809,100.88,1
pm_turn_day1_consultation01_patient_025,test,turn_patient,day1_consultation01,106.513,121.158,1
pm_turn_day1_consultation01_doctor_025,test,turn_doctor,day1_consultation01,120.786,123.023,1
pm_turn_day1_consultation01_patient_027,test,turn_patient,day1_consultation01,122.464,128.962,1
pm_turn_day1_consultation01_doctor_027,test,turn_doctor,day1_consultation01,127.116,135.806,1
pm_turn_day1_consultation01_patient_029,test,turn_patient,day1_consultation01,131.509,132.988,1
pm_turn_day1_consultation01_patient_031,test,turn_patient,day1_consultation01,135.468,142.746,1
pm_turn_day1_consultation01_doctor_029,test,turn_doctor,day1_consultation01,142.738,154.325,1
pm_turn_day1_consultation01_patient_033,test,turn_patient,day1_consultation01,149.174,156.668,1
pm_turn_day1_consultation01_doctor_030,test,turn_doctor,day1_consultation01,154.125,164.429,1
pm_turn_day1_consultation01_patient_035,test,turn_patient,day1_consultation01,161.899,172.883,1
pm_turn_day1_consultation01_doctor_032,test,turn_doctor,day1_consultation01,167.04,169.862,1
pm_turn_day1_consultation01_doctor_034,test,turn_doctor,day1_consultation01,173.106,178.306,1
pm_turn_day1_consultation01_patient_037,test,turn_patient,day1_consultation01,174.762,175.962,1
pm_turn_day1_consultation01_patient_039,test,turn_patient,day1_consultation01,178.683,187.569,1
pm_turn_day1_consultation01_doctor_036,test,turn_doctor,day1_consultation01,186.713,202.103,1
pm_turn_day1_consultation01_patient_043,test,turn_patient,day1_consultation01,201.867,213.981,1
pm_turn_day1_consultation01_doctor_038,test,turn_doctor,day1_consultation01,211.452,212.652,1
pm_turn_day1_consultation01_doctor_040,test,turn_doctor,day1_consultation01,213.689,215.178,1
pm_turn_day1_consultation01_patient_045,test,turn_patient,day1_consultation01,215.339,221.236,1
pm_turn_day1_consultation01_doctor_042,test,turn_doctor,day1_consultation01,219.452,223.152,1
pm_turn_day1_consultation01_patient_047,test,turn_patient,day1_consultation01,222.957,234.059,1
pm_turn_day1_consultation01_doctor_044,test,turn_doctor,day1_consultation01,233.697,244.841,1
pm_turn_day1_consultation01_patient_049,test,turn_patient,day1_consultation01,242.918,250.275,1
pm_turn_day1_consultation01_doctor_046,test,turn_doctor,day1_consultation01,250.554,253.202,1
pm_turn_day1_consultation01_patient_051,test,turn_patient,day1_consultation01,253.408,259.059,1
pm_turn_day1_consultation01_doctor_048,test,turn_doctor,day1_consultation01,258.674,263.097,1
pm_turn_day1_consultation01_patient_053,test,turn_patient,day1_consultation01,262.82,264.02,1
pm_turn_day1_consultation01_doctor_050,test,turn_doctor,day1_consultation01,263.733,268.545,1
pm_turn_day1_consultation01_patient_055,test,turn_patient,day1_consultation01,268.8,271.687,1
pm_turn_day1_consultation01_doctor_052,test,turn_doctor,day1_consultation01,270.912,279.336,1
pm_turn_day1_consultation01_patient_057,test,turn_patient,day1_consultation01,275.97,277.17,1
pm_turn_day1_consultation01_patient_059,test,turn_patient,day1_consultation01,279.036,290.275,1
pm_turn_day1_consultation01_doctor_054,test,turn_doctor,day1_consultation01,284.971,286.171,1
pm_turn_day1_consultation01_doctor_056,test,turn_doctor,day1_consultation01,288.464,289.664,1
pm_turn_day1_consultation01_doctor_058,test,turn_doctor,day1_consultation01,290.27,293.44,1
pm_turn_day1_consultation01_patient_061,test,turn_patient,day1_consultation01,292.663,298.49,1
pm_turn_day1_consultation01_doctor_060,test,turn_doctor,day1_consultation01,295.12,296.459,1
pm_turn_day1_consultation01_doctor_062,test,turn_doctor,day1_consultation01,298.21,301.291,1
pm_turn_day1_consultation01_patient_063,test,turn_patient,day1_consultation01,301.251,307.628,1
pm_turn_day1_consultation01_doctor_064,test,turn_doctor,day1_consultation01,303.165,305.723,1
pm_turn_day1_consultation01_doctor_066,test,turn_doctor,day1_consultation01,307.001,311.29,1
pm_turn_day1_consultation01_patient_065,test,turn_patient,day1_consultation01,311.114,312.314,1
pm_turn_day1_consultation01_doctor_068,test,turn_doctor,day1_consultation01,311.658,316.425,1
pm_turn_day1_consultation01_patient_067,test,turn_patient,day1_consultation01,316.565,318.255,1
pm_turn_day1_consultation01_doctor_070,test,turn_doctor,day1_consultation01,317.911,320.081,1
pm_turn_day1_consultation01_patient_069,test,turn_patient,day1_consultation01,320.192,324.451,1
pm_turn_day1_consultation01_doctor_072,test,turn_doctor,day1_consultation01,322.55,349.014,1
pm_turn_day1_consultation01_patient_071,test,turn_patient,day1_consultation01,329.976,331.176,1
pm_turn_day1_consultation01_patient_075,test,turn_patient,day1_consultation01,348.329,349.529,1
pm_turn_day1_consultation01_doctor_073,test,turn_doctor,day1_consultation01,348.814,358.748,1
pm_turn_day1_consultation01_doctor_074,test,turn_doctor,day1_consultation01,358.548,368.069,1
pm_turn_day1_consultation01_patient_079,test,turn_patient,day1_consultation01,358.565,359.765,1
pm_turn_day1_consultation01_patient_081,test,turn_patient,day1_consultation01,366.604,367.804,1
pm_turn_day1_consultation01_doctor_076,test,turn_doctor,day1_consultation01,368.737,381.181,1
pm_turn_day1_consultation01_doctor_078,test,turn_doctor,day1_consultation01,381.482,392.161,1
pm_turn_day1_consultation01_patient_087,test,turn_patient,day1_consultation01,391.662,392.862,1
pm_turn_day1_consultation01_doctor_079,test,turn_doctor,day1_consultation01,391.961,397.446,1
pm_turn_day1_consultation01_patient_089,test,turn_patient,day1_consultation01,397.054,398.254,1
pm_turn_day1_consultation01_doctor_080,test,turn_doctor,day1_consultation01,397.246,406.427,1
pm_turn_day1_consultation01_patient_091,test,turn_patient,day1_consultation01,402.29,403.49,1
pm_turn_day1_consultation01_doctor_081,test,turn_doctor,day1_consultation01,406.227,417.88,1
pm_turn_day1_consultation01_patient_093,test,turn_patient,day1_consultation01,409.407,410.607,1
pm_turn_day1_consultation01_patient_095,test,turn_patient,day1_consultation01,413.486,414.686,1
pm_turn_day1_consultation01_doctor_082,test,turn_doctor,day1_consultation01,417.68,425.401,1
pm_turn_day1_consultation01_patient_097,test,turn_patient,day1_consultation01,424.603,425.803,1
pm_turn_day1_consultation01_doctor_083,test,turn_doctor,day1_consultation01,425.201,429.371,1
pm_turn_day1_consultation01_patient_099,test,turn_patient,day1_consultation01,429.094,430.294,1
pm_turn_day1_consultation01_doctor_084,test,turn_doctor,day1_consultation01,429.171,435.489,1
pm_turn_day1_consultation01_doctor_085,test,turn_doctor,day1_consultation01,435.289,437.906,1
pm_turn_day1_consultation01_patient_103,test,turn_patient,day1_consultation01,437.78,438.98,1
pm_turn_day1_consultation01_doctor_087,test,turn_doctor,day1_consultation01,439.026,440.226,1
pm_turn_day1_consultation01_patient_105,test,turn_patient,day1_consultation01,440.27,442.195,1
pm_turn_day1_consultation01_doctor_089,test,turn_doctor,day1_consultation01,441.469,443.484,1
pm_turn_day1_consultation01_patient_107,test,turn_patient,day1_consultation01,443.701,446.921,1
pm_turn_day1_consultation01_doctor_091,test,turn_doctor,day1_consultation01,446.352,449.081,1
pm_turn_day1_consultation01_patient_109,test,turn_patient,day1_consultation01,449.295,452.176,1
pm_turn_day1_consultation01_doctor_093,test,turn_doctor,day1_consultation01,451.964,453.626,1
pm_turn_day1_consultation01_patient_111,test,turn_patient,day1_consultation01,453.368,456.274,1
pm_turn_day1_consultation01_doctor_095,test,turn_doctor,day1_consultation01,454.157,456.991,1
pm_turn_day1_consultation02_doctor_000,recalibration,turn_doctor,day1_consultation02,0.0,2.744,1
pm_turn_day1_consultation02_patient_001,recalibration,turn_patient,day1_consultation02,3.351,5.522,1
pm_turn_day1_consultation02_doctor_002,recalibration,turn_doctor,day1_consultation02,4.269,12.434,1
pm_turn_day1_consultation02_patient_003,recalibration,turn_patient,day1_consultation02,12.569,13.783,1
pm_turn_day1_consultation02_doctor_004,recalibration,turn_doctor,day1_consultation02,12.811,15.719,1
pm_turn_day1_consultation02_patient_005,recalibration,turn_patient,day1_consultation02,16.482,28.058,1
pm_turn_day1_consultation02_doctor_006,recalibration,turn_doctor,day1_consultation02,24.859,25.67,1
pm_turn_day1_consultation02_doctor_008,recalibration,turn_doctor,day1_consultation02,27.714,32.087,1
pm_turn_day1_consultation02_patient_007,recalibration,turn_patient,day1_consultation02,32.337,41.626,1
pm_turn_day1_consultation02_patient_008,recalibration,turn_patient,day1_consultation02,41.426,61.438,1
pm_turn_day1_consultation02_doctor_010,recalibration,turn_doctor,day1_consultation02,53.186,53.913,1
pm_turn_day1_consultation02_doctor_014,recalibration,turn_doctor,day1_consultation02,60.859,69.851,1
pm_turn_day1_consultation02_patient_010,recalibration,turn_patient,day1_consultation02,70.877,75.903,1
pm_turn_day1_consultation02_doctor_016,recalibration,turn_doctor,day1_consultation02,75.547,76.372,1
pm_turn_day1_consultation02_patient_011,recalibration,turn_patient,day1_consultation02,75.703,86.532,1
pm_turn_day1_consultation02_doctor_018,recalibration,turn_doctor,day1_consultation02,84.366,85.219,1
pm_turn_day1_consultation02_doctor_020,recalibration,turn_doctor,day1_consultation02,86.547,87.65,1
pm_turn_day1_consultation02_patient_013,recalibration,turn_patient,day1_consultation02,88.757,97.339,1
pm_turn_day1_consultation02_patient_014,recalibration,turn_patient,day1_consultation02,97.139,107.507,1
pm_turn_day1_consultation02_doctor_022,recalibration,turn_doctor,day1_consultation02,103.97,104.83,1
pm_turn_day1_consultation02_doctor_024,recalibration,turn_doctor,day1_consultation02,105.477,106.337,1
pm_turn_day1_consultation02_doctor_026,recalibration,turn_doctor,day1_consultation02,107.019,109.115,1
pm_turn_day1_consultation02_patient_016,recalibration,turn_patient,day1_consultation02,109.641,111.377,1
pm_turn_day1_consultation02_doctor_028,recalibration,turn_doctor,day1_consultation02,110.998,118.844,1
pm_turn_day1_consultation02_patient_020,recalibration,turn_patient,day1_consultation02,121.206,130.233,1
pm_turn_day1_consultation02_doctor_030,recalibration,turn_doctor,day1_consultation02,129.79,130.698,1
pm_turn_day1_consultation02_patient_021,recalibration,turn_patient,day1_consultation02,130.033,134.97,1
pm_turn_day1_consultation02_patient_022,recalibration,turn_patient,day1_consultation02,134.77,151.232,1
pm_turn_day1_consultation02_doctor_034,recalibration,turn_doctor,day1_consultation02,143.054,143.788,1
pm_turn_day1_consultation02_doctor_036,recalibration,turn_doctor,day1_consultation02,149.852,156.517,1
pm_turn_day1_consultation02_patient_024,recalibration,turn_patient,day1_consultation02,154.032,154.892,1
pm_turn_day1_consultation02_doctor_037,recalibration,turn_doctor,day1_consultation02,156.317,162.51,1
pm_turn_day1_consultation02_patient_026,recalibration,turn_patient,day1_consultation02,156.785,158.087,1
pm_turn_day1_consultation02_patient_028,recalibration,turn_patient,day1_consultation02,163.061,171.695,1
pm_turn_day1_consultation02_doctor_039,recalibration,turn_doctor,day1_consultation02,169.79,170.608,1
pm_turn_day1_consultation02_doctor_041,recalibration,turn_doctor,day1_consultation02,171.574,176.247,1
pm_turn_day1_consultation02_patient_030,recalibration,turn_patient,day1_consultation02,176.713,177.913,1
pm_turn_day1_consultation02_doctor_043,recalibration,turn_doctor,day1_consultation02,177.408,180.323,1
pm_turn_day1_consultation02_doctor_045,recalibration,turn_doctor,day1_consultation02,180.81,188.128,1
pm_turn_day1_consultation02_patient_032,recalibration,turn_patient,day1_consultation02,180.858,182.029,1
pm_turn_day1_consultation02_doctor_046,recalibration,turn_doctor,day1_consultation02,187.928,194.49,1
pm_turn_day1_consultation02_doctor_047,recalibration,turn_doctor,day1_consultation02,194.29,196.267,1
pm_turn_day1_consultation02_patient_034,recalibration,turn_patient,day1_consultation02,195.318,215.275,1
pm_turn_day1_consultation02_doctor_051,recalibration,turn_doctor,day1_consultation02,215.053,218.145,1
pm_turn_day1_consultation02_doctor_052,recalibration,turn_doctor,day1_consultation02,217.945,228.212,1
pm_turn_day1_consultation02_patient_036,recalibration,turn_patient,day1_consultation02,225.814,226.712,1
pm_turn_day1_consultation02_patient_038,recalibration,turn_patient,day1_consultation02,229.5,235.666,1
pm_turn_day1_consultation02_doctor_056,recalibration,turn_doctor,day1_consultation02,234.394,236.726,1
pm_turn_day1_consultation02_patient_040,recalibration,turn_patient,day1_consultation02,237.959,239.076,1
pm_turn_day1_consultation02_doctor_058,recalibration,turn_doctor,day1_consultation02,238.616,239.962,1
pm_turn_day1_consultation02_patient_042,recalibration,turn_patient,day1_consultation02,240.587,241.985,1
pm_turn_day1_consultation02_doctor_060,recalibration,turn_doctor,day1_consultation02,241.54,247.477,1
pm_turn_day1_consultation02_patient_044,recalibration,turn_patient,day1_consultation02,248.725,251.898,1
pm_turn_day1_consultation02_doctor_062,recalibration,turn_doctor,day1_consultation02,250.319,254.685,1
pm_turn_day1_consultation02_doctor_063,recalibration,turn_doctor,day1_consultation02,254.485,259.151,1
pm_turn_day1_consultation02_patient_046,recalibration,turn_patient,day1_consultation02,259.897,260.741,1
pm_turn_day1_consultation02_doctor_065,recalibration,turn_doctor,day1_consultation02,261.041,262.949,1
pm_turn_day1_consultation02_patient_048,recalibration,turn_patient,day1_consultation02,264.303,265.676,1
pm_turn_day1_consultation02_doctor_067,recalibration,turn_doctor,day1_consultation02,265.423,268.019,1
pm_turn_day1_consultation02_doctor_069,recalibration,turn_doctor,day1_consultation02,268.999,273.831,1
pm_turn_day1_consultation02_patient_050,recalibration,turn_patient,day1_consultation02,275.082,276.13,1
pm_turn_day1_consultation02_doctor_071,recalibration,turn_doctor,day1_consultation02,275.833,279.039,1
pm_turn_day1_consultation02_patient_052,recalibration,turn_patient,day1_consultation02,279.307,290.086,1
pm_turn_day1_consultation02_doctor_075,recalibration,turn_doctor,day1_consultation02,289.69,295.065,1
pm_turn_day1_consultation02_doctor_076,recalibration,turn_doctor,day1_consultation02,294.865,304.269,1
pm_turn_day1_consultation02_doctor_077,recalibration,turn_doctor,day1_consultation02,304.069,308.206,1
pm_turn_day1_consultation02_patient_054,recalibration,turn_patient,day1_consultation02,304.605,305.322,1
pm_turn_day1_consultation02_doctor_079,recalibration,turn_doctor,day1_consultation02,308.825,312.564,1
pm_turn_day1_consultation02_doctor_080,recalibration,turn_doctor,day1_consultation02,312.364,312.932,1
pm_turn_day1_consultation02_doctor_081,recalibration,turn_doctor,day1_consultation02,312.732,320.1,1
pm_turn_day1_consultation02_patient_056,recalibration,turn_patient,day1_consultation02,320.393,325.231,1
pm_turn_day1_consultation02_doctor_083,recalibration,turn_doctor,day1_consultation02,324.096,328.824,1
pm_turn_day1_consultation02_patient_058,recalibration,turn_patient,day1_consultation02,329.408,331.166,1
pm_turn_day1_consultation02_doctor_085,recalibration,turn_doctor,day1_consultation02,330.937,333.539,1
pm_turn_day1_consultation02_patient_060,recalibration,turn_patient,day1_consultation02,332.893,335.724,1
pm_turn_day1_consultation02_doctor_087,recalibration,turn_doctor,day1_consultation02,336.346,339.868,1
pm_turn_day1_consultation02_doctor_091,recalibration,turn_doctor,day1_consultation02,346.77,347.637,1
pm_turn_day1_consultation02_patient_062,recalibration,turn_patient,day1_consultation02,347.48,349.146,1
pm_turn_day1_consultation02_doctor_093,recalibration,turn_doctor,day1_consultation02,348.437,353.025,1
pm_turn_day1_consultation02_patient_064,recalibration,turn_patient,day1_consultation02,352.954,354.941,1
pm_turn_day1_consultation02_doctor_095,recalibration,turn_doctor,day1_consultation02,354.874,361.748,1
pm_turn_day1_consultation02_patient_066,recalibration,turn_patient,day1_consultation02,362.813,374.26,1
pm_turn_day1_consultation02_doctor_097,recalibration,turn_doctor,day1_consultation02,375.041,376.977,1
pm_turn_day1_consultation02_patient_068,recalibration,turn_patient,day1_consultation02,377.552,381.372,1
pm_turn_day1_consultation02_patient_069,recalibration,turn_patient,day1_consultation02,381.172,392.868,1
pm_turn_day1_consultation02_doctor_099,recalibration,turn_doctor,day1_consultation02,392.603,401.921,1
pm_turn_day1_consultation02_patient_071,recalibration,turn_patient,day1_consultation02,402.784,403.696,1
pm_turn_day1_consultation02_doctor_101,recalibration,turn_doctor,day1_consultation02,403.395,406.171,1
pm_turn_day1_consultation02_patient_075,recalibration,turn_patient,day1_consultation02,406.973,420.361,1
pm_turn_day1_consultation02_doctor_103,recalibration,turn_doctor,day1_consultation02,418.402,427.519,1
pm_turn_day1_consultation02_doctor_104,recalibration,turn_doctor,day1_consultation02,427.319,433.973,1
pm_turn_day1_consultation02_doctor_105,recalibration,turn_doctor,day1_consultation02,433.773,439.624,1
pm_turn_day1_consultation02_doctor_106,recalibration,turn_doctor,day1_consultation02,439.424,451.194,1
pm_turn_day1_consultation02_doctor_107,recalibration,turn_doctor,day1_consultation02,450.994,459.088,1
pm_turn_day1_consultation02_doctor_108,recalibration,turn_doctor,day1_consultation02,458.888,466.068,1
pm_turn_day1_consultation02_patient_081,recalibration,turn_patient,day1_consultation02,458.987,460.042,1
pm_turn_day1_consultation02_patient_083,recalibration,turn_patient,day1_consultation02,461.972,462.955,1
pm_turn_day1_consultation02_doctor_109,recalibration,turn_doctor,day1_consultation02,465.868,473.306,1
pm_turn_day1_consultation02_patient_085,recalibration,turn_patient,day1_consultation02,466.103,467.303,1
pm_turn_day1_consultation02_doctor_110,recalibration,turn_doctor,day1_consultation02,473.106,476.896,1
pm_turn_day1_consultation02_patient_087,recalibration,turn_patient,day1_consultation02,473.378,474.346,1
pm_turn_day1_consultation02_doctor_111,recalibration,turn_doctor,day1_consultation02,476.696,483.332,1
pm_turn_day1_consultation02_doctor_112,recalibration,turn_doctor,day1_consultation02,483.132,489.487,1
pm_turn_day1_consultation02_patient_089,recalibration,turn_patient,day1_consultation02,487.755,488.955,1
pm_turn_day1_consultation02_doctor_113,recalibration,turn_doctor,day1_consultation02,489.287,499.571,1
pm_turn_day1_consultation02_doctor_114,recalibration,turn_doctor,day1_consultation02,499.371,503.898,1
pm_turn_day1_consultation02_patient_091,recalibration,turn_patient,day1_consultation02,503.914,509.448,1
pm_turn_day1_consultation02_doctor_116,recalibration,turn_doctor,day1_consultation02,510.318,512.141,1
pm_turn_day1_consultation02_patient_093,recalibration,turn_patient,day1_consultation02,512.219,516.853,1
pm_turn_day1_consultation02_doctor_118,recalibration,turn_doctor,day1_consultation02,514.14,514.975,1
pm_turn_day1_consultation02_doctor_120,recalibration,turn_doctor,day1_consultation02,516.569,523.393,1
pm_turn_day1_consultation02_doctor_121,recalibration,turn_doctor,day1_consultation02,523.193,529.717,1
pm_turn_day1_consultation02_patient_095,recalibration,turn_patient,day1_consultation02,523.668,524.464,1
pm_turn_day1_consultation02_doctor_122,recalibration,turn_doctor,day1_consultation02,529.517,535.134,1
pm_turn_day1_consultation02_doctor_123,recalibration,turn_doctor,day1_consultation02,534.934,543.002,1
pm_turn_day1_consultation02_patient_097,recalibration,turn_patient,day1_consultation02,543.494,544.81,1
pm_turn_day1_consultation02_doctor_125,recalibration,turn_doctor,day1_consultation02,544.603,547.359,1
pm_turn_day1_consultation02_patient_099,recalibration,turn_patient,day1_consultation02,547.744,555.911,1
pm_turn_day1_consultation02_doctor_127,recalibration,turn_doctor,day1_consultation02,549.405,551.333,1
pm_turn_day1_consultation02_doctor_129,recalibration,turn_doctor,day1_consultation02,552.563,553.863,1
pm_turn_day1_consultation03_doctor_001,test,turn_doctor,day1_consultation03,1.057,2.188,1
pm_turn_day1_consultation03_patient_001,test,turn_patient,day1_consultation03,2.303,3.114,1
pm_turn_day1_consultation03_doctor_003,test,turn_doctor,day1_consultation03,3.255,6.538,1
pm_turn_day1_consultation03_patient_003,test,turn_patient,day1_consultation03,6.956,10.536,1
pm_turn_day1_consultation03_patient_005,test,turn_patient,day1_consultation03,10.797,16.142,1
pm_turn_day1_consultation03_doctor_005,test,turn_doctor,day1_consultation03,16.217,19.685,1
pm_turn_day1_consultation03_patient_007,test,turn_patient,day1_consultation03,20.456,26.648,1
pm_turn_day1_consultation03_patient_009,test,turn_patient,day1_consultation03,26.983,32.361,1
pm_turn_day1_consultation03_patient_011,test,turn_patient,day1_consultation03,33.251,39.099,1
pm_turn_day1_consultation03_doctor_011,test,turn_doctor,day1_consultation03,38.748,41.712,1
pm_turn_day1_consultation03_patient_013,test,turn_patient,day1_consultation03,40.239,44.412,1
pm_turn_day1_consultation03_doctor_013,test,turn_doctor,day1_consultation03,44.072,52.456,1
pm_turn_day1_consultation03_patient_015,test,turn_patient,day1_consultation03,52.532,53.406,1
pm_turn_day1_consultation03_doctor_015,test,turn_doctor,day1_consultation03,53.276,58.354,1
pm_turn_day1_consultation03_patient_017,test,turn_patient,day1_consultation03,57.742,60.602,1
pm_turn_day1_consultation03_doctor_017,test,turn_doctor,day1_consultation03,60.525,66.502,1
pm_turn_day1_consultation03_patient_019,test,turn_patient,day1_consultation03,66.798,72.714,1
pm_turn_day1_consultation03_doctor_019,test,turn_doctor,day1_consultation03,72.715,75.215,1
pm_turn_day1_consultation03_patient_021,test,turn_patient,day1_consultation03,75.521,77.494,1
pm_turn_day1_consultation03_doctor_021,test,turn_doctor,day1_consultation03,78.382,80.993,1
pm_turn_day1_consultation03_patient_023,test,turn_patient,day1_consultation03,81.759,88.036,1
pm_turn_day1_consultation03_doctor_023,test,turn_doctor,day1_consultation03,88.187,90.064,1
pm_turn_day1_consultation03_patient_025,test,turn_patient,day1_consultation03,89.913,100.457,1
pm_turn_day1_consultation03_doctor_025,test,turn_doctor,day1_consultation03,100.465,102.209,1
pm_turn_day1_consultation03_patient_027,test,turn_patient,day1_consultation03,100.989,103.184,1
pm_turn_day1_consultation03_doctor_027,test,turn_doctor,day1_consultation03,103.774,106.252,1
pm_turn_day1_consultation03_patient_029,test,turn_patient,day1_consultation03,106.4,109.192,1
pm_turn_day1_consultation03_patient_031,test,turn_patient,day1_consultation03,110.239,117.547,1
pm_turn_day1_consultation03_doctor_029,test,turn_doctor,day1_consultation03,117.54,122.03,1
pm_turn_day1_consultation03_doctor_030,test,turn_doctor,day1_consultation03,121.83,128.703,1
pm_turn_day1_consultation03_doctor_031,test,turn_doctor,day1_consultation03,128.503,134.454,1
pm_turn_day1_consultation03_doctor_032,test,turn_doctor,day1_consultation03,134.254,140.459,1
pm_turn_day1_consultation03_patient_035,test,turn_patient,day1_consultation03,137.33,138.046,1
pm_turn_day1_consultation03_patient_037,test,turn_patient,day1_consultation03,140.424,142.457,1
pm_turn_day1_consultation03_doctor_034,test,turn_doctor,day1_consultation03,142.511,146.554,1
pm_turn_day1_consultation03_patient_039,test,turn_patient,day1_consultation03,147.575,154.361,1
pm_turn_day1_consultation03_doctor_036,test,turn_doctor,day1_consultation03,154.196,159.437,1
pm_turn_day1_consultation03_patient_041,test,turn_patient,day1_consultation03,160.179,161.083,1
pm_turn_day1_consultation03_patient_043,test,turn_patient,day1_consultation03,162.055,163.689,1
pm_turn_day1_consultation03_doctor_038,test,turn_doctor,day1_consultation03,163.509,169.609,1
pm_turn_day1_consultation03_patient_045,test,turn_patient,day1_consultation03,170.256,172.838,1
pm_turn_day1_consultation03_doctor_040,test,turn_doctor,day1_consultation03,172.874,177.51,1
pm_turn_day1_consultation03_patient_047,test,turn_patient,day1_consultation03,177.476,179.69,1
pm_turn_day1_consultation03_doctor_042,test,turn_doctor,day1_consultation03,180.054,186.218,1
pm_turn_day1_consultation03_patient_049,test,turn_patient,day1_consultation03,187.046,194.323,1
pm_turn_day1_consultation03_doctor_044,test,turn_doctor,day1_consultation03,194.133,196.367,1
pm_turn_day1_consultation03_patient_051,test,turn_patient,day1_consultation03,196.729,197.939,1
pm_turn_day1_consultation03_doctor_046,test,turn_doctor,day1_consultation03,197.819,199.559,1
pm_turn_day1_consultation03_patient_053,test,turn_patient,day1_consultation03,200.303,201.386,1
pm_turn_day1_consultation03_doctor_048,test,turn_doctor,day1_consultation03,202.145,204.102,1
pm_turn_day1_consultation03_patient_055,test,turn_patient,day1_consultation03,205.213,210.16,1
pm_turn_day1_consultation03_doctor_050,test,turn_doctor,day1_consultation03,210.175,211.263,1
pm_turn_day1_consultation03_patient_057,test,turn_patient,day1_consultation03,210.614,218.727,1
pm_turn_day1_consultation03_doctor_054,test,turn_doctor,day1_consultation03,218.585,220.018,1
pm_turn_day1_consultation03_patient_059,test,turn_patient,day1_consultation03,219.055,226.737,1
pm_turn_day1_consultation03_doctor_056,test,turn_doctor,day1_consultation03,226.914,229.174,1
pm_turn_day1_consultation03_patient_061,test,turn_patient,day1_consultation03,226.938,233.767,1
pm_turn_day1_consultation03_doctor_060,test,turn_doctor,day1_consultation03,233.619,237.406,1
pm_turn_day1_consultation03_doctor_061,test,turn_doctor,day1_consultation03,237.206,248.72,1
pm_turn_day1_consultation03_doctor_062,test,turn_doctor,day1_consultation03,248.52,252.944,1
pm_turn_day1_consultation03_patient_063,test,turn_patient,day1_consultation03,253.051,253.808,1
pm_turn_day1_consultation03_doctor_064,test,turn_doctor,day1_consultation03,253.641,257.719,1
pm_turn_day1_consultation03_patient_065,test,turn_patient,day1_consultation03,257.81,258.503,1
pm_turn_day1_consultation03_doctor_066,test,turn_doctor,day1_consultation03,258.438,262.416,1
pm_turn_day1_consultation03_patient_067,test,turn_patient,day1_consultation03,262.53,263.381,1
pm_turn_day1_consultation03_doctor_068,test,turn_doctor,day1_consultation03,263.169,268.302,1
pm_turn_day1_consultation03_patient_069,test,turn_patient,day1_consultation03,268.46,269.312,1
pm_turn_day1_consultation03_doctor_070,test,turn_doctor,day1_consultation03,268.96,276.66,1
pm_turn_day1_consultation03_doctor_071,test,turn_doctor,day1_consultation03,276.46,280.871,1
pm_turn_day1_consultation03_doctor_073,test,turn_doctor,day1_consultation03,282.213,286.45,1
pm_turn_day1_consultation03_patient_071,test,turn_patient,day1_consultation03,287.964,289.617,1
pm_turn_day1_consultation03_doctor_075,test,turn_doctor,day1_consultation03,288.806,293.285,1
pm_turn_day1_consultation03_patient_073,test,turn_patient,day1_consultation03,293.278,294.125,1
pm_turn_day1_consultation03_doctor_077,test,turn_doctor,day1_consultation03,293.968,296.331,1
pm_turn_day1_consultation03_patient_075,test,turn_patient,day1_consultation03,295.521,301.65,1
pm_turn_day1_consultation03_doctor_079,test,turn_doctor,day1_consultation03,299.753,300.592,1
pm_turn_day1_consultation03_doctor_081,test,turn_doctor,day1_consultation03,301.209,308.266,1
pm_turn_day1_consultation03_patient_077,test,turn_patient,day1_consultation03,307.728,309.156,1
pm_turn_day1_consultation03_doctor_083,test,turn_doctor,day1_consultation03,309.075,310.185,1
pm_turn_day1_consultation03_patient_079,test,turn_patient,day1_consultation03,310.466,313.164,1
pm_turn_day1_consultation03_doctor_085,test,turn_doctor,day1_consultation03,312.147,322.446,1
pm_turn_day1_consultation03_patient_083,test,turn_patient,day1_consultation03,322.794,323.697,1
pm_turn_day1_consultation03_doctor_087,test,turn_doctor,day1_consultation03,323.207,328.16,1
pm_turn_day1_consultation03_patient_085,test,turn_patient,day1_consultation03,328.651,331.776,1
pm_turn_day1_consultation03_doctor_089,test,turn_doctor,day1_consultation03,332.284,334.391,1
pm_turn_day1_consultation03_patient_087,test,turn_patient,day1_consultation03,334.63,336.151,1
pm_turn_day1_consultation03_doctor_091,test,turn_doctor,day1_consultation03,336.186,341.275,1
pm_turn_day1_consultation03_patient_089,test,turn_patient,day1_consultation03,341.188,343.346,1
pm_turn_day1_consultation03_doctor_093,test,turn_doctor,day1_consultation03,343.15,344.952,1
pm_turn_day1_consultation03_doctor_095,test,turn_doctor,day1_consultation03,345.627,349.358,1
pm_turn_day1_consultation03_doctor_096,test,turn_doctor,day1_consultation03,349.158,355.915,1
pm_turn_day1_consultation03_doctor_097,test,turn_doctor,day1_consultation03,355.715,358.583,1
pm_turn_day1_consultation03_patient_091,test,turn_patient,day1_consultation03,358.674,361.197,1
pm_turn_day1_consultation03_doctor_099,test,turn_doctor,day1_consultation03,361.269,362.228,1
pm_turn_day1_consultation03_patient_093,test,turn_patient,day1_consultation03,361.492,371.197,1
pm_turn_day1_consultation03_doctor_101,test,turn_doctor,day1_consultation03,370.056,372.323,1
pm_turn_day1_consultation03_patient_095,test,turn_patient,day1_consultation03,373.443,376.072,1
pm_turn_day1_consultation03_doctor_103,test,turn_doctor,day1_consultation03,376.004,380.514,1
pm_turn_day1_consultation03_patient_097,test,turn_patient,day1_consultation03,380.828,382.311,1
pm_turn_day1_consultation03_doctor_105,test,turn_doctor,day1_consultation03,382.286,384.803,1
pm_turn_day1_consultation03_patient_099,test,turn_patient,day1_consultation03,385.445,386.264,1
pm_turn_day1_consultation03_doctor_107,test,turn_doctor,day1_consultation03,386.287,389.414,1
pm_turn_day1_consultation03_patient_101,test,turn_patient,day1_consultation03,389.717,391.938,1
pm_turn_day1_consultation03_doctor_109,test,turn_doctor,day1_consultation03,391.759,395.485,1
pm_turn_day1_consultation03_patient_103,test,turn_patient,day1_consultation03,396.378,397.161,1
pm_turn_day1_consultation03_doctor_111,test,turn_doctor,day1_consultation03,396.809,403.596,1
pm_turn_day1_consultation03_patient_105,test,turn_patient,day1_consultation03,400.479,401.141,1
pm_turn_day1_consultation03_patient_107,test,turn_patient,day1_consultation03,403.674,404.397,1
pm_turn_day1_consultation03_doctor_113,test,turn_doctor,day1_consultation03,404.294,411.602,1
pm_turn_day1_consultation03_doctor_114,test,turn_doctor,day1_consultation03,411.402,422.36,1
pm_turn_day1_consultation03_doctor_115,test,turn_doctor,day1_consultation03,422.16,434.991,1
pm_turn_day1_consultation03_doctor_116,test,turn_doctor,day1_consultation03,434.791,440.84,1
pm_turn_day1_consultation03_doctor_117,test,turn_doctor,day1_consultation03,440.64,445.331,1
pm_turn_day1_consultation03_patient_109,test,turn_patient,day1_consultation03,443.838,458.066,1
pm_turn_day1_consultation03_doctor_119,test,turn_doctor,day1_consultation03,455.353,458.046,1
pm_turn_day1_consultation03_doctor_120,test,turn_doctor,day1_consultation03,457.846,464.927,1
pm_turn_day1_consultation03_doctor_121,test,turn_doctor,day1_consultation03,464.727,473.116,1
pm_turn_day1_consultation03_doctor_122,test,turn_doctor,day1_consultation03,472.916,483.516,1
pm_turn_day1_consultation03_doctor_123,test,turn_doctor,day1_consultation03,483.316,488.802,1
pm_turn_day1_consultation03_patient_111,test,turn_patient,day1_consultation03,488.673,490.325,1
pm_turn_day1_consultation03_doctor_125,test,turn_doctor,day1_consultation03,489.984,503.158,1
pm_turn_day1_consultation03_doctor_126,test,turn_doctor,day1_consultation03,502.958,507.252,1
pm_turn_day1_consultation03_patient_113,test,turn_patient,day1_consultation03,503.149,504.122,1
pm_turn_day1_consultation03_patient_115,test,turn_patient,day1_consultation03,506.472,507.4,1
pm_turn_day1_consultation03_doctor_127,test,turn_doctor,day1_consultation03,507.052,516.418,1
pm_turn_day1_consultation03_doctor_128,test,turn_doctor,day1_consultation03,516.218,522.953,1
pm_turn_day1_consultation03_doctor_129,test,turn_doctor,day1_consultation03,522.753,532.272,1
pm_turn_day1_consultation03_patient_117,test,turn_patient,day1_consultation03,532.15,533.068,1
pm_turn_day1_consultation03_doctor_131,test,turn_doctor,day1_consultation03,533.476,535.035,1
pm_turn_day1_consultation03_patient_119,test,turn_patient,day1_consultation03,534.949,536.531,1
pm_turn_day1_consultation03_doctor_133,test,turn_doctor,day1_consultation03,536.277,537.822,1
pm_turn_day1_consultation03_patient_121,test,turn_patient,day1_consultation03,537.789,539.415,1
pm_turn_day1_consultation03_doctor_135,test,turn_doctor,day1_consultation03,539.141,540.569,1
pm_turn_day1_consultation03_patient_123,test,turn_patient,day1_consultation03,540.535,541.688,1
pm_turn_day1_consultation03_doctor_137,test,turn_doctor,day1_consultation03,541.289,542.4,1
pm_turn_day1_consultation04_doctor_000,test,turn_doctor,day1_consultation04,0.0,3.784,1
pm_turn_day1_consultation04_patient_003,test,turn_patient,day1_consultation04,4.36,4.951,1
pm_turn_day1_consultation04_doctor_002,test,turn_doctor,day1_consultation04,4.9,8.649,1
pm_turn_day1_consultation04_patient_005,test,turn_patient,day1_consultation04,9.929,16.226,1
pm_turn_day1_consultation04_patient_006,test,turn_patient,day1_consultation04,16.026,23.089,1
pm_turn_day1_consultation04_patient_007,test,turn_patient,day1_consultation04,22.889,33.567,1
pm_turn_day1_consultation04_doctor_006,test,turn_doctor,day1_consultation04,33.735,35.401,1
pm_turn_day1_consultation04_patient_009,test,turn_patient,day1_consultation04,34.654,40.673,1
pm_turn_day1_consultation04_doctor_008,test,turn_doctor,day1_consultation04,35.87,37.19,1
pm_turn_day1_consultation04_doctor_010,test,turn_doctor,day1_consultation04,40.419,50.318,1
pm_turn_day1_consultation04_patient_011,test,turn_patient,day1_consultation04,51.346,65.427,1
pm_turn_day1_consultation04_patient_012,test,turn_patient,day1_consultation04,65.227,77.176,1
pm_turn_day1_consultation04_doctor_012,test,turn_doctor,day1_consultation04,72.757,73.731,1
pm_turn_day1_consultation04_doctor_014,test,turn_doctor,day1_consultation04,76.825,81.416,1
pm_turn_day1_consultation04_patient_014,test,turn_patient,day1_consultation04,82.943,89.021,1
pm_turn_day1_consultation04_doctor_016,test,turn_doctor,day1_consultation04,87.035,88.017,1
pm_turn_day1_consultation04_doctor_018,test,turn_doctor,day1_consultation04,89.201,92.634,1
pm_turn_day1_consultation04_patient_016,test,turn_patient,day1_consultation04,93.418,95.367,1
pm_turn_day1_consultation04_doctor_020,test,turn_doctor,day1_consultation04,94.937,100.265,1
pm_turn_day1_consultation04_patient_020,test,turn_patient,day1_consultation04,103.424,108.985,1
pm_turn_day1_consultation04_doctor_024,test,turn_doctor,day1_consultation04,108.163,116.972,1
pm_turn_day1_consultation04_patient_022,test,turn_patient,day1_consultation04,118.426,121.524,1
pm_turn_day1_consultation04_patient_023,test,turn_patient,day1_consultation04,121.324,129.0,1
pm_turn_day1_consultation04_doctor_026,test,turn_doctor,day1_consultation04,128.772,130.912,1
pm_turn_day1_consultation04_patient_025,test,turn_patient,day1_consultation04,131.008,132.647,1
pm_turn_day1_consultation04_doctor_028,test,turn_doctor,day1_consultation04,132.404,137.476,1
pm_turn_day1_consultation04_patient_027,test,turn_patient,day1_consultation04,137.649,150.887,1
pm_turn_day1_consultation04_doctor_030,test,turn_doctor,day1_consultation04,147.08,148.032,1
pm_turn_day1_consultation04_doctor_032,test,turn_doctor,day1_consultation04,150.795,153.686,1
pm_turn_day1_consultation04_patient_029,test,turn_patient,day1_consultation04,154.318,155.259,1
pm_turn_day1_consultation04_doctor_034,test,turn_doctor,day1_consultation04,154.99,160.581,1
pm_turn_day1_consultation04_doctor_036,test,turn_doctor,day1_consultation04,161.764,163.378,1
pm_turn_day1_consultation04_patient_033,test,turn_patient,day1_consultation04,164.785,175.942,1
pm_turn_day1_consultation04_doctor_038,test,turn_doctor,day1_consultation04,168.794,169.822,1
pm_turn_day1_consultation04_doctor_040,test,turn_doctor,day1_consultation04,175.388,177.04,1
pm_turn_day1_consultation04_patient_034,test,turn_patient,day1_consultation04,175.742,185.834,1
pm_turn_day1_consultation04_doctor_046,test,turn_doctor,day1_consultation04,185.809,190.882,1
pm_turn_day1_consultation04_patient_036,test,turn_patient,day1_consultation04,190.599,191.978,1
pm_turn_day1_consultation04_doctor_048,test,turn_doctor,day1_consultation04,191.93,197.573,1
pm_turn_day1_consultation04_patient_038,test,turn_patient,day1_consultation04,198.498,211.894,1
pm_turn_day1_consultation04_doctor_050,test,turn_doctor,day1_consultation04,208.697,209.694,1
pm_turn_day1_consultation04_doctor_052,test,turn_doctor,day1_consultation04,211.907,221.273,1
pm_turn_day1_consultation04_patient_040,test,turn_patient,day1_consultation04,221.232,237.979,1
pm_turn_day1_consultation04_doctor_054,test,turn_doctor,day1_consultation04,238.276,249.754,1
pm_turn_day1_consultation04_patient_042,test,turn_patient,day1_consultation04,242.52,245.662,1
pm_turn_day1_consultation04_patient_044,test,turn_patient,day1_consultation04,250.714,257.828,1
pm_turn_day1_consultation04_doctor_056,test,turn_doctor,day1_consultation04,256.02,257.047,1
pm_turn_day1_consultation04_doctor_058,test,turn_doctor,day1_consultation04,258.027,263.4,1
pm_turn_day1_consultation04_patient_046,test,turn_patient,day1_consultation04,264.318,266.691,1
pm_turn_day1_consultation04_doctor_060,test,turn_doctor,day1_consultation04,266.697,269.769,1
pm_turn_day1_consultation04_patient_050,test,turn_patient,day1_consultation04,271.851,273.265,1
pm_turn_day1_consultation04_doctor_062,test,turn_doctor,day1_consultation04,272.982,282.701,1
pm_turn_day1_consultation04_patient_052,test,turn_patient,day1_consultation04,284.009,289.293,1
pm_turn_day1_consultation04_doctor_064,test,turn_doctor,day1_consultation04,289.185,291.46,1
pm_turn_day1_consultation04_patient_054,test,turn_patient,day1_consultation04,291.808,301.439,1
pm_turn_day1_consultation04_doctor_066,test,turn_doctor,day1_consultation04,301.336,306.009,1
pm_turn_day1_consultation04_patient_056,test,turn_patient,day1_consultation04,307.124,308.502,1
pm_turn_day1_consultation04_doctor_068,test,turn_doctor,day1_consultation04,308.591,311.927,1
pm_turn_day1_consultation04_patient_058,test,turn_patient,day1_consultation04,312.966,314.979,1
pm_turn_day1_consultation04_doctor_070,test,turn_doctor,day1_consultation04,314.358,321.385,1
pm_turn_day1_consultation04_patient_060,test,turn_patient,day1_consultation04,321.98,323.317,1
pm_turn_day1_consultation04_doctor_072,test,turn_doctor,day1_consultation04,323.659,326.641,1
pm_turn_day1_consultation04_patient_062,test,turn_patient,day1_consultation04,327.448,330.18,1
pm_turn_day1_consultation04_doctor_074,test,turn_doctor,day1_consultation04,330.072,331.701,1
pm_turn_day1_consultation04_patient_064,test,turn_patient,day1_consultation04,332.47,334.144,1
pm_turn_day1_consultation04_doctor_076,test,turn_doctor,day1_consultation04,334.223,335.716,1
pm_turn_day1_consultation04_patient_066,test,turn_patient,day1_consultation04,335.693,344.022,1
pm_turn_day1_consultation04_doctor_078,test,turn_doctor,day1_consultation04,341.704,346.791,1
pm_turn_day1_consultation04_patient_068,test,turn_patient,day1_consultation04,346.952,352.18,1
pm_turn_day1_consultation04_doctor_080,test,turn_doctor,day1_consultation04,352.05,357.212,1
pm_turn_day1_consultation04_patient_070,test,turn_patient,day1_consultation04,357.693,359.468,1
pm_turn_day1_consultation04_doctor_082,test,turn_doctor,day1_consultation04,359.11,365.265,1
pm_turn_day1_consultation04_patient_072,test,turn_patient,day1_consultation04,364.119,368.369,1
pm_turn_day1_consultation04_doctor_084,test,turn_doctor,day1_consultation04,368.05,376.49,1
pm_turn_day1_consultation04_patient_074,test,turn_patient,day1_consultation04,377.254,387.297,1
pm_turn_day1_consultation04_doctor_086,test,turn_doctor,day1_consultation04,387.08,389.505,1
pm_turn_day1_consultation04_doctor_088,test,turn_doctor,day1_consultation04,389.937,395.483,1
pm_turn_day1_consultation04_patient_078,test,turn_patient,day1_consultation04,396.081,398.54,1
pm_turn_day1_consultation04_doctor_090,test,turn_doctor,day1_consultation04,397.99,400.551,1
pm_turn_day1_consultation04_doctor_092,test,turn_doctor,day1_consultation04,401.027,407.896,1
pm_turn_day1_consultation04_patient_080,test,turn_patient,day1_consultation04,408.419,415.618,1
pm_turn_day1_consultation04_doctor_096,test,turn_doctor,day1_consultation04,412.734,413.799,1
pm_turn_day1_consultation04_doctor_098,test,turn_doctor,day1_consultation04,415.328,423.182,1
pm_turn_day1_consultation04_patient_084,test,turn_patient,day1_consultation04,421.985,424.709,1
pm_turn_day1_consultation04_doctor_100,test,turn_doctor,day1_consultation04,424.493,425.205,1
pm_turn_day1_consultation04_doctor_102,test,turn_doctor,day1_consultation04,425.914,428.641,1
pm_turn_day1_consultation04_patient_086,test,turn_patient,day1_consultation04,429.038,435.481,1
pm_turn_day1_consultation04_doctor_104,test,turn_doctor,day1_consultation04,435.621,444.287,1
pm_turn_day1_consultation04_patient_088,test,turn_patient,day1_consultation04,445.499,447.62,1
pm_turn_day1_consultation04_doctor_106,test,turn_doctor,day1_consultation04,447.636,451.175,1
pm_turn_day1_consultation04_patient_090,test,turn_patient,day1_consultation04,451.398,452.821,1
pm_turn_day1_consultation04_doctor_108,test,turn_doctor,day1_consultation04,452.538,453.829,1
pm_turn_day1_consultation04_patient_092,test,turn_patient,day1_consultation04,454.916,458.346,1
pm_turn_day1_consultation04_doctor_110,test,turn_doctor,day1_consultation04,458.433,462.956,1
pm_turn_day1_consultation04_patient_094,test,turn_patient,day1_consultation04,463.564,472.317,1
pm_turn_day1_consultation04_doctor_112,test,turn_doctor,day1_consultation04,471.343,477.483,1
pm_turn_day1_consultation04_patient_096,test,turn_patient,day1_consultation04,478.117,485.166,1
pm_turn_day1_consultation04_doctor_114,test,turn_doctor,day1_consultation04,482.952,484.453,1
pm_turn_day1_consultation04_doctor_116,test,turn_doctor,day1_consultation04,485.087,491.746,1
pm_turn_day1_consultation04_patient_098,test,turn_patient,day1_consultation04,491.305,496.767,1
pm_turn_day1_consultation04_doctor_118,test,turn_doctor,day1_consultation04,495.546,501.017,1
pm_turn_day1_consultation04_patient_100,test,turn_patient,day1_consultation04,501.477,506.735,1
pm_turn_day1_consultation04_doctor_120,test,turn_doctor,day1_consultation04,506.478,510.889,1
pm_turn_day1_consultation04_patient_102,test,turn_patient,day1_consultation04,508.628,509.346,1
pm_turn_day1_consultation04_patient_104,test,turn_patient,day1_consultation04,511.384,515.98,1
pm_turn_day1_consultation04_doctor_124,test,turn_doctor,day1_consultation04,515.832,517.881,1
pm_turn_day1_consultation04_patient_106,test,turn_patient,day1_consultation04,518.887,519.605,1
pm_turn_day1_consultation04_doctor_126,test,turn_doctor,day1_consultation04,518.899,523.174,1
pm_turn_day1_consultation04_doctor_127,test,turn_doctor,day1_consultation04,522.974,535.534,1
pm_turn_day1_consultation04_doctor_128,test,turn_doctor,day1_consultation04,535.334,550.144,1
pm_turn_day1_consultation04_doctor_129,test,turn_doctor,day1_consultation04,549.944,564.325,1
pm_turn_day1_consultation04_doctor_130,test,turn_doctor,day1_consultation04,564.125,580.27,1
pm_turn_day1_consultation04_doctor_131,test,turn_doctor,day1_consultation04,580.07,584.49,1
pm_turn_day1_consultation04_patient_108,test,turn_patient,day1_consultation04,583.147,592.311,1
pm_turn_day1_consultation04_doctor_133,test,turn_doctor,day1_consultation04,588.801,590.392,1
pm_turn_day1_consultation04_doctor_135,test,turn_doctor,day1_consultation04,590.982,604.934,1
pm_turn_day1_consultation04_patient_110,test,turn_patient,day1_consultation04,602.938,603.663,1
pm_turn_day1_consultation04_patient_112,test,turn_patient,day1_consultation04,605.147,608.426,1
pm_turn_day1_consultation04_doctor_137,test,turn_doctor,day1_consultation04,608.245,613.776,1
pm_turn_day1_consultation04_patient_114,test,turn_patient,day1_consultation04,610.643,613.941,1
pm_turn_day1_consultation05_doctor_001,test,turn_doctor,day1_consultation05,2.0,3.126,1
pm_turn_day1_consultation05_doctor_003,test,turn_doctor,day1_consultation05,4.531,10.216,1
pm_turn_day1_consultation05_patient_003,test,turn_patient,day1_consultation05,11.795,13.927,1
pm_turn_day1_consultation05_patient_005,test,turn_patient,day1_consultation05,14.644,23.95,1
pm_turn_day1_consultation05_doctor_005,test,turn_doctor,day1_consultation05,19.248,20.378,1
pm_turn_day1_consultation05_doctor_007,test,turn_doctor,day1_consultation05,23.668,27.955,1
pm_turn_day1_consultation05_patient_007,test,turn_patient,day1_consultation05,29.166,30.914,1
pm_turn_day1_consultation05_doctor_009,test,turn_doctor,day1_consultation05,30.886,34.955,1
pm_turn_day1_consultation05_patient_009,test,turn_patient,day1_consultation05,36.171,41.822,1
pm_turn_day1_consultation05_doctor_011,test,turn_doctor,day1_consultation05,41.495,45.68,1
pm_turn_day1_consultation05_patient_011,test,turn_patient,day1_consultation05,47.261,53.04,1
pm_turn_day1_consultation05_doctor_013,test,turn_doctor,day1_consultation05,52.437,56.999,1
pm_turn_day1_consultation05_patient_013,test,turn_patient,day1_consultation05,57.682,70.686,1
pm_turn_day1_consultation05_doctor_017,test,turn_doctor,day1_consultation05,70.099,72.783,1
pm_turn_day1_consultation05_patient_015,test,turn_patient,day1_consultation05,73.291,74.228,1
pm_turn_day1_consultation05_doctor_019,test,turn_doctor,day1_consultation05,73.799,77.777,1
pm_turn_day1_consultation05_patient_017,test,turn_patient,day1_consultation05,78.997,91.461,1
pm_turn_day1_consultation05_doctor_023,test,turn_doctor,day1_consultation05,89.727,99.13,1
pm_turn_day1_consultation05_patient_019,test,turn_patient,day1_consultation05,99.088,104.746,1
pm_turn_day1_consultation05_doctor_025,test,turn_doctor,day1_consultation05,104.394,109.027,1
pm_turn_day1_consultation05_patient_021,test,turn_patient,day1_consultation05,109.667,113.506,1
pm_turn_day1_consultation05_doctor_027,test,turn_doctor,day1_consultation05,110.43,111.173,1
pm_turn_day1_consultation05_doctor_029,test,turn_doctor,day1_consultation05,113.046,116.941,1
pm_turn_day1_consultation05_patient_023,test,turn_patient,day1_consultation05,117.342,128.799,1
pm_turn_day1_consultation05_patient_024,test,turn_patient,day1_consultation05,128.599,143.4,1
pm_turn_day1_consultation05_doctor_033,test,turn_doctor,day1_consultation05,143.589,148.464,1
pm_turn_day1_consultation05_patient_026,test,turn_patient,day1_consultation05,148.433,151.009,1
pm_turn_day1_consultation05_doctor_035,test,turn_doctor,day1_consultation05,151.22,156.261,1
pm_turn_day1_consultation05_patient_028,test,turn_patient,day1_consultation05,156.351,163.66,1
pm_turn_day1_consultation05_doctor_037,test,turn_doctor,day1_consultation05,159.177,160.159,1
pm_turn_day1_consultation05_doctor_039,test,turn_doctor,day1_consultation05,163.264,173.014,1
pm_turn_day1_consultation05_patient_030,test,turn_patient,day1_consultation05,173.087,177.002,1
pm_turn_day1_consultation05_doctor_041,test,turn_doctor,day1_consultation05,176.684,179.58,1
pm_turn_day1_consultation05_patient_032,test,turn_patient,day1_consultation05,180.245,185.37,1
pm_turn_day1_consultation05_doctor_043,test,turn_doctor,day1_consultation05,185.423,199.928,1
pm_turn_day1_consultation05_patient_034,test,turn_patient,day1_consultation05,195.343,196.31,1
pm_turn_day1_consultation05_patient_036,test,turn_patient,day1_consultation05,200.272,211.558,1
pm_turn_day1_consultation05_doctor_045,test,turn_doctor,day1_consultation05,211.206,214.359,1
pm_turn_day1_consultation05_patient_038,test,turn_patient,day1_consultation05,214.23,216.092,1
pm_turn_day1_consultation05_doctor_047,test,turn_doctor,day1_consultation05,215.85,220.884,1
pm_turn_day1_consultation05_patient_040,test,turn_patient,day1_consultation05,221.207,225.618,1
pm_turn_day1_consultation05_doctor_049,test,turn_doctor,day1_consultation05,225.25,229.018,1
pm_turn_day1_consultation05_patient_042,test,turn_patient,day1_consultation05,230.26,231.565,1
pm_turn_day1_consultation05_doctor_051,test,turn_doctor,day1_consultation05,231.344,232.986,1
pm_turn_day1_consultation05_patient_044,test,turn_patient,day1_consultation05,233.538,238.656,1
pm_turn_day1_consultation05_doctor_053,test,turn_doctor,day1_consultation05,238.308,247.16,1
pm_turn_day1_consultation05_patient_046,test,turn_patient,day1_consultation05,246.358,254.411,1
pm_turn_day1_consultation05_patient_048,test,turn_patient,day1_consultation05,254.511,259.376,1
pm_turn_day1_consultation05_doctor_055,test,turn_doctor,day1_consultation05,258.032,265.988,1
pm_turn_day1_consultation05_doctor_056,test,turn_doctor,day1_consultation05,265.788,280.64,1
pm_turn_day1_consultation05_doctor_057,test,turn_doctor,day1_consultation05,280.44,286.217,1
pm_turn_day1_consultation05_doctor_058,test,turn_doctor,day1_consultation05,286.017,290.581,1
pm_turn_day1_consultation05_patient_050,test,turn_patient,day1_consultation05,290.47,292.746,1
pm_turn_day1_consultation05_doctor_060,test,turn_doctor,day1_consultation05,292.236,297.32,1
pm_turn_day1_consultation05_patient_052,test,turn_patient,day1_consultation05,297.546,302.106,1
pm_turn_day1_consultation05_doctor_062,test,turn_doctor,day1_consultation05,301.627,309.291,1
pm_turn_day1_consultation05_patient_054,test,turn_patient,day1_consultation05,309.891,315.811,1
pm_turn_day1_consultation05_patient_056,test,turn_patient,day1_consultation05,316.15,323.212,1
pm_turn_day1_consultation05_doctor_066,test,turn_doctor,day1_consultation05,323.042,327.943,1
pm_turn_day1_consultation05_patient_058,test,turn_patient,day1_consultation05,328.478,331.272,1
pm_turn_day1_consultation05_doctor_068,test,turn_doctor,day1_consultation05,330.999,333.757,1
pm_turn_day1_consultation05_doctor_070,test,turn_doctor,day1_consultation05,335.139,344.306,1
pm_turn_day1_consultation05_patient_060,test,turn_patient,day1_consultation05,344.41,346.896,1
pm_turn_day1_consultation05_doctor_072,test,turn_doctor,day1_consultation05,346.52,352.204,1
pm_turn_day1_consultation05_patient_062,test,turn_patient,day1_consultation05,352.605,359.309,1
pm_turn_day1_consultation05_doctor_074,test,turn_doctor,day1_consultation05,359.715,363.936,1
pm_turn_day1_consultation05_patient_064,test,turn_patient,day1_consultation05,364.763,367.452,1
pm_turn_day1_consultation05_doctor_076,test,turn_doctor,day1_consultation05,367.108,368.414,1
pm_turn_day1_consultation05_patient_066,test,turn_patient,day1_consultation05,370.019,371.835,1
pm_turn_day1_consultation05_doctor_078,test,turn_doctor,day1_consultation05,371.6,374.179,1
pm_turn_day1_consultation05_doctor_080,test,turn_doctor,day1_consultation05,376.328,379.128,1
pm_turn_day1_consultation05_patient_068,test,turn_patient,day1_consultation05,379.688,380.557,1
pm_turn_day1_consultation05_doctor_082,test,turn_doctor,day1_consultation05,380.378,382.863,1
pm_turn_day1_consultation05_patient_070,test,turn_patient,day1_consultation05,383.951,392.557,1
pm_turn_day1_consultation05_doctor_084,test,turn_doctor,day1_consultation05,389.288,390.505,1
pm_turn_day1_consultation05_doctor_086,test,turn_doctor,day1_consultation05,392.063,398.595,1
pm_turn_day1_consultation05_doctor_087,test,turn_doctor,day1_consultation05,398.395,403.692,1
pm_turn_day1_consultation05_patient_072,test,turn_patient,day1_consultation05,399.094,400.038,1
pm_turn_day1_consultation05_doctor_088,test,turn_doctor,day1_consultation05,403.492,409.509,1
pm_turn_day1_consultation05_patient_074,test,turn_patient,day1_consultation05,408.695,415.602,1
pm_turn_day1_consultation05_doctor_090,test,turn_doctor,day1_consultation05,414.454,420.235,1
pm_turn_day1_consultation05_patient_076,test,turn_patient,day1_consultation05,421.079,422.535,1
pm_turn_day1_consultation05_doctor_092,test,turn_doctor,day1_consultation05,422.222,425.923,1
pm_turn_day1_consultation05_patient_078,test,turn_patient,day1_consultation05,426.876,427.805,1
pm_turn_day1_consultation05_doctor_094,test,turn_doctor,day1_consultation05,427.515,430.582,1
pm_turn_day1_consultation05_doctor_096,test,turn_doctor,day1_consultation05,431.831,437.966,1
pm_turn_day1_consultation05_doctor_097,test,turn_doctor,day1_consultation05,437.766,449.885,1
pm_turn_day1_consultation05_doctor_098,test,turn_doctor,day1_consultation05,449.685,463.278,1
pm_turn_day1_consultation05_doctor_100,test,turn_doctor,day1_consultation05,463.57,470.539,1
pm_turn_day1_consultation05_patient_080,test,turn_patient,day1_consultation05,471.124,472.234,1
pm_turn_day1_consultation05_doctor_102,test,turn_doctor,day1_consultation05,471.579,484.662,1
pm_turn_day1_consultation05_doctor_104,test,turn_doctor,day1_consultation05,485.081,492.887,1
pm_turn_day1_consultation05_patient_082,test,turn_patient,day1_consultation05,491.056,497.542,1
pm_turn_day1_consultation05_doctor_106,test,turn_doctor,day1_consultation05,497.078,503.404,1
pm_turn_day1_consultation05_doctor_107,test,turn_doctor,day1_consultation05,503.204,509.792,1
pm_turn_day1_consultation05_doctor_108,test,turn_doctor,day1_consultation05,509.592,517.336,1
pm_turn_day1_consultation05_doctor_110,test,turn_doctor,day1_consultation05,517.933,529.959,1
pm_turn_day1_consultation05_patient_084,test,turn_patient,day1_consultation05,530.139,532.489,1
pm_turn_day1_consultation05_doctor_112,test,turn_doctor,day1_consultation05,532.484,542.238,1
pm_turn_day1_consultation05_doctor_113,test,turn_doctor,day1_consultation05,542.038,546.997,1
pm_turn_day1_consultation05_doctor_115,test,turn_doctor,day1_consultation05,547.308,552.423,1
pm_turn_day1_consultation05_patient_086,test,turn_patient,day1_consultation05,553.59,559.519,1
pm_turn_day1_consultation05_doctor_119,test,turn_doctor,day1_consultation05,558.956,568.193,1
pm_turn_day1_consultation05_patient_088,test,turn_patient,day1_consultation05,563.898,564.744,1
pm_turn_day1_consultation05_patient_090,test,turn_patient,day1_consultation05,568.417,570.624,1
pm_turn_day1_consultation05_doctor_121,test,turn_doctor,day1_consultation05,568.486,571.597,1
pm_turn_day1_consultation05_patient_092,test,turn_patient,day1_consultation05,571.612,573.361,1
pm_turn_day1_consultation05_doctor_123,test,turn_doctor,day1_consultation05,572.861,574.309,1
pm_turn_day1_consultation05_patient_094,test,turn_patient,day1_consultation05,574.424,575.316,1
pm_turn_day1_consultation05_doctor_125,test,turn_doctor,day1_consultation05,574.908,576.279,1
pm_turn_day1_consultation06_doctor_002,test,turn_doctor,day1_consultation06,1.887,2.909,1
pm_turn_day1_consultation06_patient_001,test,turn_patient,day1_consultation06,5.153,6.224,1
pm_turn_day1_consultation06_doctor_004,test,turn_doctor,day1_consultation06,6.425,8.591,1
pm_turn_day1_consultation06_patient_003,test,turn_patient,day1_consultation06,9.79,11.425,1
pm_turn_day1_consultation06_doctor_006,test,turn_doctor,day1_consultation06,11.098,19.095,1
pm_turn_day1_consultation06_patient_005,test,turn_patient,day1_consultation06,12.101,13.375,1
pm_turn_day1_consultation06_patient_007,test,turn_patient,day1_consultation06,20.204,25.027,1
pm_turn_day1_consultation06_doctor_008,test,turn_doctor,day1_consultation06,25.024,28.877,1
pm_turn_day1_consultation06_patient_009,test,turn_patient,day1_consultation06,30.282,34.859,1
pm_turn_day1_consultation06_patient_010,test,turn_patient,day1_consultation06,34.659,39.411,1
pm_turn_day1_consultation06_patient_011,test,turn_patient,day1_consultation06,39.211,51.527,1
pm_turn_day1_consultation06_patient_012,test,turn_patient,day1_consultation06,51.327,55.23,1
pm_turn_day1_consultation06_doctor_012,test,turn_doctor,day1_consultation06,51.344,52.253,1
pm_turn_day1_consultation06_doctor_014,test,turn_doctor,day1_consultation06,55.047,58.236,1
pm_turn_day1_consultation06_patient_014,test,turn_patient,day1_consultation06,60.027,67.269,1
pm_turn_day1_consultation06_doctor_016,test,turn_doctor,day1_consultation06,66.743,67.814,1
pm_turn_day1_consultation06_patient_015,test,turn_patient,day1_consultation06,67.069,72.355,1
pm_turn_day1_consultation06_patient_016,test,turn_patient,day1_consultation06,72.155,81.839,1
pm_turn_day1_consultation06_doctor_018,test,turn_doctor,day1_consultation06,72.556,73.366,1
pm_turn_day1_consultation06_doctor_020,test,turn_doctor,day1_consultation06,75.232,76.092,1
pm_turn_day1_consultation06_doctor_024,test,turn_doctor,day1_consultation06,81.458,87.523,1
pm_turn_day1_consultation06_doctor_025,test,turn_doctor,day1_consultation06,87.323,98.862,1
pm_turn_day1_consultation06_patient_018,test,turn_patient,day1_consultation06,100.566,102.105,1
pm_turn_day1_consultation06_doctor_027,test,turn_doctor,day1_consultation06,102.04,105.72,1
pm_turn_day1_consultation06_patient_022,test,turn_patient,day1_consultation06,106.964,110.636,1
pm_turn_day1_consultation06_doctor_029,test,turn_doctor,day1_consultation06,110.437,117.485,1
pm_turn_day1_consultation06_patient_024,test,turn_patient,day1_consultation06,118.929,125.178,1
pm_turn_day1_consultation06_doctor_031,test,turn_doctor,day1_consultation06,124.878,125.871,1
pm_turn_day1_consultation06_patient_026,test,turn_patient,day1_consultation06,125.214,127.297,1
pm_turn_day1_consultation06_doctor_033,test,turn_doctor,day1_consultation06,127.341,129.195,1
pm_turn_day1_consultation06_patient_028,test,turn_patient,day1_consultation06,130.552,134.912,1
pm_turn_day1_consultation06_doctor_035,test,turn_doctor,day1_consultation06,135.114,137.81,1
pm_turn_day1_consultation06_patient_030,test,turn_patient,day1_consultation06,137.13,143.447,1
pm_turn_day1_consultation06_doctor_037,test,turn_doctor,day1_consultation06,138.629,139.891,1
pm_turn_day1_consultation06_doctor_039,test,turn_doctor,day1_consultation06,143.24,149.442,1
pm_turn_day1_consultation06_patient_032,test,turn_patient,day1_consultation06,150.436,153.52,1
pm_turn_day1_consultation06_doctor_041,test,turn_doctor,day1_consultation06,153.286,157.053,1
pm_turn_day1_consultation06_patient_034,test,turn_patient,day1_consultation06,158.491,165.201,1
pm_turn_day1_consultation06_doctor_043,test,turn_doctor,day1_consultation06,164.812,177.649,1
pm_turn_day1_consultation06_doctor_044,test,turn_doctor,day1_consultation06,177.449,188.903,1
pm_turn_day1_consultation06_patient_036,test,turn_patient,day1_consultation06,189.492,191.114,1
pm_turn_day1_consultation06_doctor_046,test,turn_doctor,day1_consultation06,190.807,193.377,1
pm_turn_day1_consultation06_patient_038,test,turn_patient,day1_consultation06,194.441,195.477,1
pm_turn_day1_consultation06_doctor_048,test,turn_doctor,day1_consultation06,195.355,198.892,1
pm_turn_day1_consultation06_patient_040,test,turn_patient,day1_consultation06,199.738,201.781,1
pm_turn_day1_consultation06_doctor_050,test,turn_doctor,day1_consultation06,201.641,205.049,1
pm_turn_day1_consultation06_patient_042,test,turn_patient,day1_consultation06,206.276,212.607,1
pm_turn_day1_consultation06_doctor_052,test,turn_doctor,day1_consultation06,209.551,212.013,1
pm_turn_day1_consultation06_doctor_054,test,turn_doctor,day1_consultation06,212.858,222.692,1
pm_turn_day1_consultation06_patient_044,test,turn_patient,day1_consultation06,223.842,228.08,1
pm_turn_day1_consultation06_patient_046,test,turn_patient,day1_consultation06,228.308,236.495,1
pm_turn_day1_consultation06_doctor_056,test,turn_doctor,day1_consultation06,236.238,237.128,1
pm_turn_day1_consultation06_patient_048,test,turn_patient,day1_consultation06,236.796,240.606,1
pm_turn_day1_consultation06_doctor_058,test,turn_doctor,day1_consultation06,240.823,247.447,1
pm_turn_day1_consultation06_patient_052,test,turn_patient,day1_consultation06,248.643,255.085,1
pm_turn_day1_consultation06_doctor_060,test,turn_doctor,day1_consultation06,254.738,259.347,1
pm_turn_day1_consultation06_patient_056,test,turn_patient,day1_consultation06,261.948,265.876,1
pm_turn_day1_consultation06_doctor_062,test,turn_doctor,day1_consultation06,265.645,266.624,1
pm_turn_day1_consultation06_patient_058,test,turn_patient,day1_consultation06,266.289,275.999,1
pm_turn_day1_consultation06_doctor_064,test,turn_doctor,day1_consultation06,274.408,275.436,1
pm_turn_day1_consultation06_doctor_066,test,turn_doctor,day1_consultation06,276.985,277.894,1
pm_turn_day1_consultation06_patient_060,test,turn_patient,day1_consultation06,277.237,279.276,1
pm_turn_day1_consultation06_doctor_068,test,turn_doctor,day1_consultation06,278.951,285.386,1
pm_turn_day1_consultation06_patient_062,test,turn_patient,day1_consultation06,286.609,289.52,1
pm_turn_day1_consultation06_doctor_070,test,turn_doctor,day1_consultation06,289.161,296.392,1
pm_turn_day1_consultation06_patient_064,test,turn_patient,day1_consultation06,295.917,298.94,1
pm_turn_day1_consultation06_doctor_072,test,turn_doctor,day1_consultation06,299.062,301.112,1
pm_turn_day1_consultation06_patient_066,test,turn_patient,day1_consultation06,301.812,305.738,1
pm_turn_day1_consultation06_doctor_074,test,turn_doctor,day1_consultation06,304.382,305.277,1
pm_turn_day1_consultation06_doctor_076,test,turn_doctor,day1_consultation06,306.229,308.088,1
pm_turn_day1_consultation06_doctor_078,test,turn_doctor,day1_consultation06,308.668,310.138,1
pm_turn_day1_consultation06_patient_068,test,turn_patient,day1_consultation06,311.247,314.507,1
pm_turn_day1_consultation06_doctor_080,test,turn_doctor,day1_consultation06,314.164,314.989,1
pm_turn_day1_consultation06_patient_070,test,turn_patient,day1_consultation06,315.683,317.94,1
pm_turn_day1_consultation06_doctor_082,test,turn_doctor,day1_consultation06,319.082,320.521,1
pm_turn_day1_consultation06_doctor_084,test,turn_doctor,day1_consultation06,321.167,321.876,1
pm_turn_day1_consultation06_patient_072,test,turn_patient,day1_consultation06,321.562,323.29,1
pm_turn_day1_consultation06_doctor_086,test,turn_doctor,day1_consultation06,323.137,325.713,1
pm_turn_day1_consultation06_doctor_090,test,turn_doctor,day1_consultation06,330.056,335.025,1
pm_turn_day1_consultation06_patient_076,test,turn_patient,day1_consultation06,334.899,337.534,1
pm_turn_day1_consultation06_doctor_092,test,turn_doctor,day1_consultation06,335.808,336.492,1
pm_turn_day1_consultation06_doctor_094,test,turn_doctor,day1_consultation06,337.406,346.139,1
pm_turn_day1_consultation06_patient_078,test,turn_patient,day1_consultation06,347.276,351.737,1
pm_turn_day1_consultation06_doctor_096,test,turn_doctor,day1_consultation06,351.45,356.328,1
pm_turn_day1_consultation06_patient_080,test,turn_patient,day1_consultation06,357.117,361.099,1
pm_turn_day1_consultation06_doctor_098,test,turn_doctor,day1_consultation06,360.506,364.537,1
pm_turn_day1_consultation06_patient_082,test,turn_patient,day1_consultation06,365.827,369.346,1
pm_turn_day1_consultation06_doctor_100,test,turn_doctor,day1_consultation06,368.992,369.86,1
pm_turn_day1_consultation06_doctor_102,test,turn_doctor,day1_consultation06,371.006,372.51,1
pm_turn_day1_consultation06_patient_084,test,turn_patient,day1_consultation06,373.795,375.679,1
pm_turn_day1_consultation06_doctor_104,test,turn_doctor,day1_consultation06,375.512,382.379,1
pm_turn_day1_consultation06_patient_086,test,turn_patient,day1_consultation06,383.1,387.738,1
pm_turn_day1_consultation06_doctor_106,test,turn_doctor,day1_consultation06,387.551,390.54,1
pm_turn_day1_consultation06_patient_088,test,turn_patient,day1_consultation06,391.404,399.983,1
pm_turn_day1_consultation06_doctor_108,test,turn_doctor,day1_consultation06,399.584,400.534,1
pm_turn_day1_consultation06_doctor_110,test,turn_doctor,day1_consultation06,401.394,407.826,1
pm_turn_day1_consultation06_patient_090,test,turn_patient,day1_consultation06,408.928,414.824,1
pm_turn_day1_consultation06_doctor_112,test,turn_doctor,day1_consultation06,415.328,418.886,1
pm_turn_day1_consultation06_patient_092,test,turn_patient,day1_consultation06,419.406,427.548,1
pm_turn_day1_consultation06_patient_093,test,turn_patient,day1_consultation06,427.348,434.067,1
pm_turn_day1_consultation06_doctor_116,test,turn_doctor,day1_consultation06,434.026,442.552,1
pm_turn_day1_consultation06_patient_095,test,turn_patient,day1_consultation06,440.464,441.196,1
pm_turn_day1_consultation06_doctor_117,test,turn_doctor,day1_consultation06,442.352,448.939,1
pm_turn_day1_consultation06_patient_097,test,turn_patient,day1_consultation06,449.845,455.027,1
pm_turn_day1_consultation06_doctor_121,test,turn_doctor,day1_consultation06,453.179,453.99,1
pm_turn_day1_consultation06_doctor_123,test,turn_doctor,day1_consultation06,454.722,461.662,1
pm_turn_day1_consultation06_patient_099,test,turn_patient,day1_consultation06,463.071,464.287,1
pm_turn_day1_consultation06_doctor_125,test,turn_doctor,day1_consultation06,464.311,466.041,1
pm_turn_day1_consultation06_patient_101,test,turn_patient,day1_consultation06,467.261,468.13,1
pm_turn_day1_consultation06_doctor_127,test,turn_doctor,day1_consultation06,467.836,470.21,1
pm_turn_day1_consultation06_patient_103,test,turn_patient,day1_consultation06,472.485,477.003,1
pm_turn_day1_consultation06_doctor_129,test,turn_doctor,day1_consultation06,476.788,480.233,1
pm_turn_day1_consultation06_patient_105,test,turn_patient,day1_consultation06,481.493,485.229,1
pm_turn_day1_consultation06_doctor_131,test,turn_doctor,day1_consultation06,485.048,492.329,1
pm_turn_day1_consultation06_patient_107,test,turn_patient,day1_consultation06,493.572,495.099,1
pm_turn_day1_consultation06_doctor_133,test,turn_doctor,day1_consultation06,494.815,497.643,1
pm_turn_day1_consultation06_patient_109,test,turn_patient,day1_consultation06,498.942,503.068,1
pm_turn_day1_consultation06_doctor_135,test,turn_doctor,day1_consultation06,502.843,503.819,1
pm_turn_day1_consultation06_patient_111,test,turn_patient,day1_consultation06,503.421,511.608,1
pm_turn_day1_consultation06_doctor_137,test,turn_doctor,day1_consultation06,504.456,505.395,1
pm_turn_day1_consultation06_doctor_139,test,turn_doctor,day1_consultation06,511.3,518.049,1
pm_turn_day1_consultation06_doctor_140,test,turn_doctor,day1_consultation06,517.849,528.945,1
pm_turn_day1_consultation06_doctor_141,test,turn_doctor,day1_consultation06,528.745,533.084,1
pm_turn_day1_consultation06_patient_115,test,turn_patient,day1_consultation06,532.163,532.757,1
pm_turn_day1_consultation06_doctor_142,test,turn_doctor,day1_consultation06,532.884,541.305,1
pm_turn_day1_consultation06_patient_117,test,turn_patient,day1_consultation06,533.455,534.476,1
pm_turn_day1_consultation06_doctor_143,test,turn_doctor,day1_consultation06,541.105,547.736,1
pm_turn_day1_consultation06_doctor_144,test,turn_doctor,day1_consultation06,547.536,554.81,1
pm_turn_day1_consultation06_doctor_145,test,turn_doctor,day1_consultation06,554.61,561.984,1
pm_turn_day1_consultation06_doctor_147,test,turn_doctor,day1_consultation06,562.145,565.228,1
pm_turn_day1_consultation06_patient_121,test,turn_patient,day1_consultation06,566.201,568.275,1
pm_turn_day1_consultation06_doctor_151,test,turn_doctor,day1_consultation06,568.272,580.165,1
pm_turn_day1_consultation06_patient_123,test,turn_patient,day1_consultation06,581.179,582.186,1
pm_turn_day1_consultation06_doctor_153,test,turn_doctor,day1_consultation06,582.368,591.468,1
pm_turn_day1_consultation06_patient_125,test,turn_patient,day1_consultation06,582.894,583.867,1
pm_turn_day1_consultation06_patient_127,test,turn_patient,day1_consultation06,590.854,592.176,1
pm_turn_day1_consultation06_doctor_155,test,turn_doctor,day1_consultation06,592.943,593.873,1
pm_turn_day1_consultation06_patient_129,test,turn_patient,day1_consultation06,594.668,597.461,1
pm_turn_day1_consultation06_doctor_157,test,turn_doctor,day1_consultation06,595.708,604.732,1
pm_turn_day1_consultation06_doctor_158,test,turn_doctor,day1_consultation06,604.532,612.744,1
pm_turn_day1_consultation06_doctor_159,test,turn_doctor,day1_consultation06,612.544,620.556,1
pm_turn_day1_consultation06_doctor_160,test,turn_doctor,day1_consultation06,620.356,625.838,1
pm_turn_day1_consultation06_patient_131,test,turn_patient,day1_consultation06,626.583,628.125,1
pm_turn_day1_consultation06_doctor_162,test,turn_doctor,day1_consultation06,628.485,642.141,1
pm_turn_day1_consultation06_patient_133,test,turn_patient,day1_consultation06,642.926,645.185,1
pm_turn_day1_consultation06_doctor_164,test,turn_doctor,day1_consultation06,645.25,647.098,1
pm_turn_day1_consultation06_patient_135,test,turn_patient,day1_consultation06,648.797,652.171,1
pm_turn_day1_consultation06_doctor_166,test,turn_doctor,day1_consultation06,651.759,657.09,1
pm_turn_day1_consultation06_patient_137,test,turn_patient,day1_consultation06,654.156,656.185,1
pm_turn_day1_consultation07_doctor_001,test,turn_doctor,day1_consultation07,2.387,3.463,1
pm_turn_day1_consultation07_patient_001,test,turn_patient,day1_consultation07,3.547,5.21,1
pm_turn_day1_consultation07_doctor_003,test,turn_doctor,day1_consultation07,5.174,7.121,1
pm_turn_day1_consultation07_patient_003,test,turn_patient,day1_consultation07,7.69,10.188,1
pm_turn_day1_consultation07_doctor_005,test,turn_doctor,day1_consultation07,8.829,12.317,1
pm_turn_day1_consultation07_patient_005,test,turn_patient,day1_consultation07,12.768,16.821,1
pm_turn_day1_consultation07_doctor_007,test,turn_doctor,day1_consultation07,17.117,18.094,1
pm_turn_day1_consultation07_patient_007,test,turn_patient,day1_consultation07,17.482,28.133,1
pm_turn_day1_consultation07_doctor_009,test,turn_doctor,day1_consultation07,27.805,32.797,1
pm_turn_day1_consultation07_patient_009,test,turn_patient,day1_consultation07,34.358,41.955,1
pm_turn_day1_consultation07_patient_010,test,turn_patient,day1_consultation07,41.755,49.086,1
pm_turn_day1_consultation07_doctor_013,test,turn_doctor,day1_consultation07,46.815,55.35,1
pm_turn_day1_consultation07_patient_012,test,turn_patient,day1_consultation07,56.604,67.863,1
pm_turn_day1_consultation07_doctor_017,test,turn_doctor,day1_consultation07,67.641,70.561,1
pm_turn_day1_consultation07_patient_014,test,turn_patient,day1_consultation07,72.066,82.968,1
pm_turn_day1_consultation07_doctor_019,test,turn_doctor,day1_consultation07,73.928,75.483,1
pm_turn_day1_consultation07_doctor_023,test,turn_doctor,day1_consultation07,82.651,87.236,1
pm_turn_day1_consultation07_patient_016,test,turn_patient,day1_consultation07,87.297,97.086,1
pm_turn_day1_consultation07_doctor_025,test,turn_doctor,day1_consultation07,91.38,103.606,1
pm_turn_day1_consultation07_patient_018,test,turn_patient,day1_consultation07,104.771,118.042,1
pm_turn_day1_consultation07_doctor_029,test,turn_doctor,day1_consultation07,118.063,120.114,1
pm_turn_day1_consultation07_patient_020,test,turn_patient,day1_consultation07,121.68,125.862,1
pm_turn_day1_consultation07_patient_021,test,turn_patient,day1_consultation07,125.662,137.927,1
pm_turn_day1_consultation07_doctor_031,test,turn_doctor,day1_consultation07,137.483,138.425,1
pm_turn_day1_consultation07_patient_022,test,turn_patient,day1_consultation07,137.727,146.807,1
pm_turn_day1_consultation07_doctor_033,test,turn_doctor,day1_consultation07,144.554,156.306,1
pm_turn_day1_consultation07_patient_024,test,turn_patient,day1_consultation07,147.974,150.16,1
pm_turn_day1_consultation07_patient_026,test,turn_patient,day1_consultation07,156.945,169.41,1
pm_turn_day1_consultation07_doctor_035,test,turn_doctor,day1_consultation07,168.946,175.345,1
pm_turn_day1_consultation07_patient_028,test,turn_patient,day1_consultation07,175.945,188.307,1
pm_turn_day1_consultation07_doctor_041,test,turn_doctor,day1_consultation07,186.826,199.221,1
pm_turn_day1_consultation07_patient_032,test,turn_patient,day1_consultation07,200.449,213.586,1
pm_turn_day1_consultation07_doctor_043,test,turn_doctor,day1_consultation07,213.261,220.233,1
pm_turn_day1_consultation07_doctor_045,test,turn_doctor,day1_consultation07,221.512,225.543,1
pm_turn_day1_consultation07_patient_036,test,turn_patient,day1_consultation07,227.431,233.403,1
pm_turn_day1_consultation07_doctor_049,test,turn_doctor,day1_consultation07,231.295,232.436,1
pm_turn_day1_consultation07_patient_038,test,turn_patient,day1_consultation07,234.925,236.362,1
pm_turn_day1_consultation07_doctor_051,test,turn_doctor,day1_consultation07,235.879,241.052,1
pm_turn_day1_consultation07_patient_040,test,turn_patient,day1_consultation07,242.063,246.065,1
pm_turn_day1_consultation07_doctor_053,test,turn_doctor,day1_consultation07,244.72,246.864,1
pm_turn_day1_consultation07_patient_042,test,turn_patient,day1_consultation07,248.134,249.65,1
pm_turn_day1_consultation07_doctor_055,test,turn_doctor,day1_consultation07,248.697,252.268,1
pm_turn_day1_consultation07_patient_044,test,turn_patient,day1_consultation07,253.372,255.145,1
pm_turn_day1_consultation07_doctor_057,test,turn_doctor,day1_consultation07,253.917,258.04,1
pm_turn_day1_consultation07_patient_046,test,turn_patient,day1_consultation07,260.137,269.719,1
pm_turn_day1_consultation07_doctor_059,test,turn_doctor,day1_consultation07,267.814,276.059,1
pm_turn_day1_consultation07_patient_048,test,turn_patient,day1_consultation07,276.64,294.16,1
pm_turn_day1_consultation07_doctor_065,test,turn_doctor,day1_consultation07,290.499,292.157,1
pm_turn_day1_consultation07_doctor_067,test,turn_doctor,day1_consultation07,293.816,301.837,1
pm_turn_day1_consultation07_patient_052,test,turn_patient,day1_consultation07,300.446,309.513,1
pm_turn_day1_consultation07_doctor_069,test,turn_doctor,day1_consultation07,304.984,306.255,1
pm_turn_day1_consultation07_doctor_071,test,turn_doctor,day1_consultation07,308.847,318.117,1
pm_turn_day1_consultation07_patient_054,test,turn_patient,day1_consultation07,318.843,329.37,1
pm_turn_day1_consultation07_patient_055,test,turn_patient,day1_consultation07,329.17,337.175,1
pm_turn_day1_consultation07_doctor_077,test,turn_doctor,day1_consultation07,337.017,340.254,1
pm_turn_day1_consultation07_patient_057,test,turn_patient,day1_consultation07,341.608,358.925,1
pm_turn_day1_consultation07_doctor_081,test,turn_doctor,day1_consultation07,358.636,367.935,1
pm_turn_day1_consultation07_patient_061,test,turn_patient,day1_consultation07,364.007,364.793,1
pm_turn_day1_consultation07_patient_063,test,turn_patient,day1_consultation07,369.416,382.154,1
pm_turn_day1_consultation07_patient_064,test,turn_patient,day1_consultation07,381.954,389.942,1
pm_turn_day1_consultation07_patient_065,test,turn_patient,day1_consultation07,389.742,393.448,1
pm_turn_day1_consultation07_doctor_085,test,turn_doctor,day1_consultation07,392.075,394.829,1
pm_turn_day1_consultation07_patient_067,test,turn_patient,day1_consultation07,395.668,402.97,1
pm_turn_day1_consultation07_doctor_087,test,turn_doctor,day1_consultation07,402.162,407.945,1
pm_turn_day1_consultation07_patient_069,test,turn_patient,day1_consultation07,404.145,405.238,1
pm_turn_day1_consultation07_patient_071,test,turn_patient,day1_consultation07,408.667,417.471,1
pm_turn_day1_consultation07_doctor_089,test,turn_doctor,day1_consultation07,410.956,412.282,1
pm_turn_day1_consultation07_doctor_091,test,turn_doctor,day1_consultation07,417.18,418.094,1
pm_turn_day1_consultation07_patient_072,test,turn_patient,day1_consultation07,417.271,430.123,1
pm_turn_day1_consultation07_patient_073,test,turn_patient,day1_consultation07,429.923,443.72,1
pm_turn_day1_consultation07_doctor_095,test,turn_doctor,day1_consultation07,439.56,450.511,1
pm_turn_day1_consultation07_patient_075,test,turn_patient,day1_consultation07,450.7,461.546,1
pm_turn_day1_consultation07_patient_076,test,turn_patient,day1_consultation07,461.346,468.637,1
pm_turn_day1_consultation07_doctor_097,test,turn_doctor,day1_consultation07,465.143,466.771,1
pm_turn_day1_consultation07_doctor_099,test,turn_doctor,day1_consultation07,469.0,471.809,1
pm_turn_day1_consultation07_patient_078,test,turn_patient,day1_consultation07,474.058,484.399,1
pm_turn_day1_consultation07_patient_079,test,turn_patient,day1_consultation07,484.199,491.082,1
pm_turn_day1_consultation07_doctor_105,test,turn_doctor,day1_consultation07,487.176,489.519,1
pm_turn_day1_consultation07_doctor_107,test,turn_doctor,day1_consultation07,490.91,502.09,1
pm_turn_day1_consultation07_patient_081,test,turn_patient,day1_consultation07,500.297,506.26,1
pm_turn_day1_consultation07_patient_082,test,turn_patient,day1_consultation07,506.06,516.985,1
pm_turn_day1_consultation07_doctor_109,test,turn_doctor,day1_consultation07,516.518,519.929,1
pm_turn_day1_consultation07_patient_084,test,turn_patient,day1_consultation07,520.673,538.691,1
pm_turn_day1_consultation07_doctor_111,test,turn_doctor,day1_consultation07,523.798,525.341,1
pm_turn_day1_consultation07_doctor_113,test,turn_doctor,day1_consultation07,526.92,527.734,1
pm_turn_day1_consultation07_doctor_117,test,turn_doctor,day1_consultation07,536.927,538.443,1
pm_turn_day1_consultation07_patient_085,test,turn_patient,day1_consultation07,538.491,555.176,1
pm_turn_day1_consultation07_doctor_123,test,turn_doctor,day1_consultation07,555.105,565.695,1
pm_turn_day1_consultation07_patient_087,test,turn_patient,day1_consultation07,558.051,559.754,1
pm_turn_day1_consultation07_patient_089,test,turn_patient,day1_consultation07,566.315,577.412,1
pm_turn_day1_consultation07_doctor_125,test,turn_doctor,day1_consultation07,575.637,577.993,1
pm_turn_day1_consultation07_patient_090,test,turn_patient,day1_consultation07,577.212,589.809,1
pm_turn_day1_consultation07_doctor_127,test,turn_doctor,day1_consultation07,581.257,585.258,1
pm_turn_day1_consultation07_doctor_129,test,turn_doctor,day1_consultation07,589.171,591.979,1
pm_turn_day1_consultation07_patient_092,test,turn_patient,day1_consultation07,592.976,602.908,1
pm_turn_day1_consultation07_doctor_131,test,turn_doctor,day1_consultation07,600.144,600.902,1
pm_turn_day1_consultation07_doctor_133,test,turn_doctor,day1_consultation07,602.7,606.989,1
pm_turn_day1_consultation07_patient_096,test,turn_patient,day1_consultation07,608.3,617.368,1
pm_turn_day1_consultation07_doctor_135,test,turn_doctor,day1_consultation07,615.386,620.591,1
pm_turn_day1_consultation07_patient_098,test,turn_patient,day1_consultation07,621.094,627.309,1
pm_turn_day1_consultation07_doctor_139,test,turn_doctor,day1_consultation07,626.933,634.123,1
pm_turn_day1_consultation07_patient_100,test,turn_patient,day1_consultation07,634.991,642.544,1
pm_turn_day1_consultation07_doctor_141,test,turn_doctor,day1_consultation07,638.181,639.032,1
pm_turn_day1_consultation07_doctor_143,test,turn_doctor,day1_consultation07,640.465,646.515,1
pm_turn_day1_consultation07_patient_102,test,turn_patient,day1_consultation07,645.683,649.389,1
pm_turn_day1_consultation07_doctor_145,test,turn_doctor,day1_consultation07,647.452,649.122,1
pm_turn_day1_consultation07_patient_104,test,turn_patient,day1_consultation07,650.26,658.133,1
pm_turn_day1_consultation07_patient_105,test,turn_patient,day1_consultation07,657.933,669.589,1
pm_turn_day1_consultation07_doctor_151,test,turn_doctor,day1_consultation07,668.148,671.92,1
pm_turn_day1_consultation07_patient_107,test,turn_patient,day1_consultation07,670.18,673.645,1
pm_turn_day1_consultation07_doctor_153,test,turn_doctor,day1_consultation07,672.822,675.285,1
pm_turn_day1_consultation07_doctor_155,test,turn_doctor,day1_consultation07,676.47,678.378,1
pm_turn_day1_consultation07_patient_111,test,turn_patient,day1_consultation07,679.299,682.401,1
pm_turn_day1_consultation07_patient_112,test,turn_patient,day1_consultation07,682.201,695.844,1
pm_turn_day1_consultation07_doctor_157,test,turn_doctor,day1_consultation07,693.207,698.085,1
pm_turn_day1_consultation07_patient_114,test,turn_patient,day1_consultation07,699.488,701.433,1
pm_turn_day1_consultation07_doctor_159,test,turn_doctor,day1_consultation07,701.152,705.345,1
pm_turn_day1_consultation07_patient_116,test,turn_patient,day1_consultation07,705.859,717.148,1
pm_turn_day1_consultation07_patient_117,test,turn_patient,day1_consultation07,716.948,720.089,1
pm_turn_day1_consultation07_doctor_161,test,turn_doctor,day1_consultation07,719.749,722.781,1
pm_turn_day1_consultation07_patient_119,test,turn_patient,day1_consultation07,723.306,733.956,1
pm_turn_day1_consultation07_doctor_163,test,turn_doctor,day1_consultation07,733.092,734.794,1
pm_turn_day1_consultation07_patient_120,test,turn_patient,day1_consultation07,733.756,745.297,1
pm_turn_day1_consultation07_doctor_165,test,turn_doctor,day1_consultation07,744.364,755.596,1
pm_turn_day1_consultation07_patient_122,test,turn_patient,day1_consultation07,752.124,753.721,1
pm_turn_day1_consultation07_doctor_166,test,turn_doctor,day1_consultation07,755.396,765.092,1
pm_turn_day1_consultation07_doctor_167,test,turn_doctor,day1_consultation07,764.892,777.273,1
pm_turn_day1_consultation07_patient_126,test,turn_patient,day1_consultation07,765.668,766.868,1
pm_turn_day1_consultation07_patient_128,test,turn_patient,day1_consultation07,776.52,778.701,1
pm_turn_day1_consultation07_doctor_168,test,turn_doctor,day1_consultation07,777.073,792.797,1
pm_turn_day1_consultation07_patient_130,test,turn_patient,day1_consultation07,783.713,784.64,1
pm_turn_day1_consultation07_doctor_169,test,turn_doctor,day1_consultation07,792.597,799.283,1
pm_turn_day1_consultation07_patient_132,test,turn_patient,day1_consultation07,799.801,810.486,1
pm_turn_day1_consultation07_doctor_171,test,turn_doctor,day1_consultation07,805.14,806.304,1
pm_turn_day1_consultation07_doctor_173,test,turn_doctor,day1_consultation07,808.459,820.884,1
pm_turn_day1_consultation07_doctor_174,test,turn_doctor,day1_consultation07,820.684,827.755,1
pm_turn_day1_consultation07_patient_136,test,turn_patient,day1_consultation07,828.095,834.927,1
pm_turn_day1_consultation07_doctor_176,test,turn_doctor,day1_consultation07,832.652,833.698,1
pm_turn_day1_consultation07_doctor_178,test,turn_doctor,day1_consultation07,835.204,836.548,1
pm_turn_day1_consultation07_patient_138,test,turn_patient,day1_consultation07,836.974,840.398,1
pm_turn_day1_consultation07_doctor_180,test,turn_doctor,day1_consultation07,840.04,842.69,1
pm_turn_day1_consultation07_doctor_182,test,turn_doctor,day1_consultation07,843.34,846.262,1
pm_turn_day1_consultation07_patient_140,test,turn_patient,day1_consultation07,843.625,844.703,1
pm_turn_day1_consultation07_patient_142,test,turn_patient,day1_consultation07,846.551,855.663,1
pm_turn_day1_consultation07_doctor_184,test,turn_doctor,day1_consultation07,851.441,855.099,1
pm_turn_day1_consultation08_patient_001,test,turn_patient,day1_consultation08,1.243,3.429,1
pm_turn_day1_consultation08_doctor_001,test,turn_doctor,day1_consultation08,4.044,5.288,1
pm_turn_day1_consultation08_patient_003,test,turn_patient,day1_consultation08,5.643,7.243,1
pm_turn_day1_consultation08_doctor_003,test,turn_doctor,day1_consultation08,6.949,12.552,1
pm_turn_day1_consultation08_patient_005,test,turn_patient,day1_consultation08,12.829,16.457,1
pm_turn_day1_consultation08_doctor_005,test,turn_doctor,day1_consultation08,16.016,18.535,1
pm_turn_day1_consultation08_patient_007,test,turn_patient,day1_consultation08,19.014,24.053,1
pm_turn_day1_consultation08_patient_008,test,turn_patient,day1_consultation08,23.853,29.275,1
pm_turn_day1_consultation08_doctor_007,test,turn_doctor,day1_consultation08,29.364,34.193,1
pm_turn_day1_consultation08_doctor_008,test,turn_doctor,day1_consultation08,33.993,40.622,1
pm_turn_day1_consultation08_patient_010,test,turn_patient,day1_consultation08,41.429,45.7,1
pm_turn_day1_consultation08_doctor_010,test,turn_doctor,day1_consultation08,45.436,48.955,1
pm_turn_day1_consultation08_patient_012,test,turn_patient,day1_consultation08,49.571,51.757,1
pm_turn_day1_consultation08_doctor_012,test,turn_doctor,day1_consultation08,52.059,56.607,1
pm_turn_day1_consultation08_patient_014,test,turn_patient,day1_consultation08,56.995,58.937,1
pm_turn_day1_consultation08_doctor_014,test,turn_doctor,day1_consultation08,58.972,66.525,1
pm_turn_day1_consultation08_doctor_016,test,turn_doctor,day1_consultation08,68.104,78.563,1
pm_turn_day1_consultation08_patient_018,test,turn_patient,day1_consultation08,80.243,87.858,1
pm_turn_day1_consultation08_doctor_018,test,turn_doctor,day1_consultation08,87.595,89.482,1
pm_turn_day1_consultation08_patient_020,test,turn_patient,day1_consultation08,88.694,94.316,1
pm_turn_day1_consultation08_doctor_020,test,turn_doctor,day1_consultation08,90.502,91.592,1
pm_turn_day1_consultation08_doctor_022,test,turn_doctor,day1_consultation08,94.23,101.423,1
pm_turn_day1_consultation08_patient_022,test,turn_patient,day1_consultation08,101.027,102.771,1
pm_turn_day1_consultation08_doctor_025,test,turn_doctor,day1_consultation08,102.237,107.013,1
pm_turn_day1_consultation08_patient_024,test,turn_patient,day1_consultation08,108.249,111.257,1
pm_turn_day1_consultation08_doctor_027,test,turn_doctor,day1_consultation08,111.082,115.723,1
pm_turn_day1_consultation08_patient_026,test,turn_patient,day1_consultation08,116.986,119.6,1
pm_turn_day1_consultation08_doctor_029,test,turn_doctor,day1_consultation08,120.595,122.549,1
pm_turn_day1_consultation08_patient_028,test,turn_patient,day1_consultation08,121.611,124.7,1
pm_turn_day1_consultation08_doctor_031,test,turn_doctor,day1_consultation08,124.703,128.609,1
pm_turn_day1_consultation08_doctor_032,test,turn_doctor,day1_consultation08,128.409,141.751,1
pm_turn_day1_consultation08_patient_030,test,turn_patient,day1_consultation08,140.718,144.655,1
pm_turn_day1_consultation08_doctor_034,test,turn_doctor,day1_consultation08,144.015,147.983,1
pm_turn_day1_consultation08_patient_032,test,turn_patient,day1_consultation08,148.409,150.209,1
pm_turn_day1_consultation08_doctor_036,test,turn_doctor,day1_consultation08,149.955,154.157,1
pm_turn_day1_consultation08_patient_034,test,turn_patient,day1_consultation08,155.087,156.533,1
pm_turn_day1_consultation08_doctor_038,test,turn_doctor,day1_consultation08,156.175,162.789,1
pm_turn_day1_consultation08_patient_036,test,turn_patient,day1_consultation08,163.434,164.756,1
pm_turn_day1_consultation08_doctor_040,test,turn_doctor,day1_consultation08,164.377,167.041,1
pm_turn_day1_consultation08_patient_038,test,turn_patient,day1_consultation08,167.757,170.629,1
pm_turn_day1_consultation08_doctor_042,test,turn_doctor,day1_consultation08,171.001,178.434,1
pm_turn_day1_consultation08_patient_040,test,turn_patient,day1_consultation08,179.586,183.129,1
pm_turn_day1_consultation08_doctor_044,test,turn_doctor,day1_consultation08,182.812,187.258,1
pm_turn_day1_consultation08_patient_042,test,turn_patient,day1_consultation08,188.373,191.084,1
pm_turn_day1_consultation08_doctor_046,test,turn_doctor,day1_consultation08,190.435,194.357,1
pm_turn_day1_consultation08_patient_044,test,turn_patient,day1_consultation08,194.926,195.871,1
pm_turn_day1_consultation08_doctor_048,test,turn_doctor,day1_consultation08,195.919,199.606,1
pm_turn_day1_consultation08_patient_046,test,turn_patient,day1_consultation08,200.203,201.486,1
pm_turn_day1_consultation08_doctor_050,test,turn_doctor,day1_consultation08,201.205,205.447,1
pm_turn_day1_consultation08_patient_048,test,turn_patient,day1_consultation08,205.601,206.557,1
pm_turn_day1_consultation08_doctor_052,test,turn_doctor,day1_consultation08,206.247,213.273,1
pm_turn_day1_consultation08_patient_050,test,turn_patient,day1_consultation08,214.513,217.309,1
pm_turn_day1_consultation08_doctor_054,test,turn_doctor,day1_consultation08,217.305,218.904,1
pm_turn_day1_consultation08_patient_052,test,turn_patient,day1_consultation08,219.131,220.079,1
pm_turn_day1_consultation08_doctor_056,test,turn_doctor,day1_consultation08,219.916,221.519,1
pm_turn_day1_consultation08_patient_054,test,turn_patient,day1_consultation08,221.842,223.071,1
pm_turn_day1_consultation08_doctor_058,test,turn_doctor,day1_consultation08,222.624,225.191,1
pm_turn_day1_consultation08_doctor_060,test,turn_doctor,day1_consultation08,227.107,230.548,1
pm_turn_day1_consultation08_patient_058,test,turn_patient,day1_consultation08,230.803,231.787,1
pm_turn_day1_consultation08_doctor_062,test,turn_doctor,day1_consultation08,231.348,235.838,1
pm_turn_day1_consultation08_patient_060,test,turn_patient,day1_consultation08,235.929,237.214,1
pm_turn_day1_consultation08_doctor_064,test,turn_doctor,day1_consultation08,236.638,245.939,1
pm_turn_day1_consultation08_patient_062,test,turn_patient,day1_consultation08,246.817,249.331,1
pm_turn_day1_consultation08_doctor_066,test,turn_doctor,day1_consultation08,251.102,253.082,1
pm_turn_day1_consultation08_doctor_068,test,turn_doctor,day1_consultation08,253.912,254.809,1
pm_turn_day1_consultation08_patient_064,test,turn_patient,day1_consultation08,253.963,255.782,1
pm_turn_day1_consultation08_doctor_070,test,turn_doctor,day1_consultation08,257.102,258.239,1
pm_turn_day1_consultation08_patient_066,test,turn_patient,day1_consultation08,258.671,264.186,1
pm_turn_day1_consultation08_doctor_072,test,turn_doctor,day1_consultation08,259.16,262.643,1
pm_turn_day1_consultation08_doctor_074,test,turn_doctor,day1_consultation08,263.416,270.07,1
pm_turn_day1_consultation08_doctor_076,test,turn_doctor,day1_consultation08,270.87,273.662,1
pm_turn_day1_consultation08_patient_070,test,turn_patient,day1_consultation08,273.573,277.943,1
pm_turn_day1_consultation08_doctor_078,test,turn_doctor,day1_consultation08,277.522,285.751,1
pm_turn_day1_consultation08_patient_072,test,turn_patient,day1_consultation08,287.076,294.086,1
pm_turn_day1_consultation08_doctor_080,test,turn_doctor,day1_consultation08,293.884,301.896,1
pm_turn_day1_consultation08_patient_074,test,turn_patient,day1_consultation08,295.592,296.392,1
pm_turn_day1_consultation08_patient_076,test,turn_patient,day1_consultation08,302.307,303.471,1
pm_turn_day1_consultation08_doctor_082,test,turn_doctor,day1_consultation08,303.123,307.622,1
pm_turn_day1_consultation08_patient_078,test,turn_patient,day1_consultation08,308.257,309.586,1
pm_turn_day1_consultation08_doctor_084,test,turn_doctor,day1_consultation08,309.396,310.67,1
pm_turn_day1_consultation08_patient_080,test,turn_patient,day1_consultation08,310.957,312.157,1
pm_turn_day1_consultation08_doctor_086,test,turn_doctor,day1_consultation08,311.597,315.81,1
pm_turn_day1_consultation08_patient_082,test,turn_patient,day1_consultation08,315.514,317.629,1
pm_turn_day1_consultation08_doctor_088,test,turn_doctor,day1_consultation08,317.395,319.535,1
pm_turn_day1_consultation08_patient_084,test,turn_patient,day1_consultation08,319.973,321.043,1
pm_turn_day1_consultation08_doctor_090,test,turn_doctor,day1_consultation08,321.892,323.502,1
pm_turn_day1_consultation08_patient_086,test,turn_patient,day1_consultation08,323.77,324.684,1
pm_turn_day1_consultation08_doctor_092,test,turn_doctor,day1_consultation08,324.764,328.064,1
pm_turn_day1_consultation08_patient_088,test,turn_patient,day1_consultation08,328.3,329.914,1
pm_turn_day1_consultation08_doctor_094,test,turn_doctor,day1_consultation08,328.898,338.472,1
pm_turn_day1_consultation08_doctor_096,test,turn_doctor,day1_consultation08,339.737,342.519,1
pm_turn_day1_consultation08_patient_090,test,turn_patient,day1_consultation08,344.012,346.9,1
pm_turn_day1_consultation08_doctor_098,test,turn_doctor,day1_consultation08,346.417,352.57,1
pm_turn_day1_consultation08_doctor_100,test,turn_doctor,day1_consultation08,353.87,360.358,1
pm_turn_day1_consultation08_doctor_101,test,turn_doctor,day1_consultation08,360.158,374.912,1
pm_turn_day1_consultation08_doctor_102,test,turn_doctor,day1_consultation08,374.712,382.174,1
pm_turn_day1_consultation08_patient_092,test,turn_patient,day1_consultation08,375.286,376.104,1
pm_turn_day1_consultation08_doctor_103,test,turn_doctor,day1_consultation08,381.974,388.459,1
pm_turn_day1_consultation08_patient_094,test,turn_patient,day1_consultation08,388.762,390.08,1
pm_turn_day1_consultation08_doctor_105,test,turn_doctor,day1_consultation08,390.267,400.355,1
pm_turn_day1_consultation08_doctor_106,test,turn_doctor,day1_consultation08,400.155,405.313,1
pm_turn_day1_consultation08_doctor_107,test,turn_doctor,day1_consultation08,405.113,411.524,1
pm_turn_day1_consultation08_doctor_108,test,turn_doctor,day1_consultation08,411.324,420.86,1
pm_turn_day1_consultation08_patient_096,test,turn_patient,day1_consultation08,422.676,424.814,1
pm_turn_day1_consultation08_doctor_110,test,turn_doctor,day1_consultation08,424.397,432.33,1
pm_turn_day1_consultation08_patient_098,test,turn_patient,day1_consultation08,436.043,437.6,1
pm_turn_day1_consultation08_doctor_112,test,turn_doctor,day1_consultation08,436.908,442.604,1
pm_turn_day1_consultation08_doctor_113,test,turn_doctor,day1_consultation08,442.404,449.539,1
pm_turn_day1_consultation08_doctor_114,test,turn_doctor,day1_consultation08,449.339,454.005,1
pm_turn_day1_consultation08_patient_100,test,turn_patient,day1_consultation08,454.643,456.686,1
pm_turn_day1_consultation08_doctor_116,test,turn_doctor,day1_consultation08,456.414,458.104,1
pm_turn_day1_consultation08_patient_102,test,turn_patient,day1_consultation08,458.471,459.671,1
pm_turn_day1_consultation08_doctor_118,test,turn_doctor,day1_consultation08,459.07,462.065,1
pm_turn_day1_consultation08_patient_104,test,turn_patient,day1_consultation08,462.271,464.341,1
pm_turn_day1_consultation08_doctor_120,test,turn_doctor,day1_consultation08,463.28,464.834,1
pm_turn_day1_consultation09_patient_000,test,turn_patient,day1_consultation09,0.0,0.969,1
pm_turn_day1_consultation09_doctor_001,test,turn_doctor,day1_consultation09,0.847,1.889,1
pm_turn_day1_consultation09_doctor_003,test,turn_doctor,day1_consultation09,4.133,13.273,1
pm_turn_day1_consultation09_patient_002,test,turn_patient,day1_consultation09,4.656,6.487,1
pm_turn_day1_consultation09_patient_004,test,turn_patient,day1_consultation09,7.535,9.173,1
pm_turn_day1_consultation09_patient_006,test,turn_patient,day1_consultation09,13.564,17.742,1
pm_turn_day1_consultation09_doctor_005,test,turn_doctor,day1_consultation09,17.291,20.01,1
pm_turn_day1_consultation09_patient_008,test,turn_patient,day1_consultation09,21.539,35.392,1
pm_turn_day1_consultation09_doctor_007,test,turn_doctor,day1_consultation09,33.569,47.085,1
pm_turn_day1_consultation09_patient_010,test,turn_patient,day1_consultation09,47.681,53.056,1
pm_turn_day1_consultation09_patient_011,test,turn_patient,day1_consultation09,52.856,58.653,1
pm_turn_day1_consultation09_patient_012,test,turn_patient,day1_consultation09,58.453,68.491,1
pm_turn_day1_consultation09_doctor_011,test,turn_doctor,day1_consultation09,66.126,75.995,1
pm_turn_day1_consultation09_patient_014,test,turn_patient,day1_consultation09,77.166,88.414,1
pm_turn_day1_consultation09_doctor_013,test,turn_doctor,day1_consultation09,85.75,93.01,1
pm_turn_day1_consultation09_patient_016,test,turn_patient,day1_consultation09,94.411,97.013,1
pm_turn_day1_consultation09_doctor_015,test,turn_doctor,day1_consultation09,96.825,106.792,1
pm_turn_day1_consultation09_patient_018,test,turn_patient,day1_consultation09,107.054,115.138,1
pm_turn_day1_consultation09_patient_019,test,turn_patient,day1_consultation09,114.938,124.998,1
pm_turn_day1_consultation09_doctor_017,test,turn_doctor,day1_consultation09,119.096,120.062,1
pm_turn_day1_consultation09_doctor_021,test,turn_doctor,day1_consultation09,124.727,130.664,1
pm_turn_day1_consultation09_doctor_023,test,turn_doctor,day1_consultation09,131.607,141.258,1
pm_turn_day1_consultation09_patient_021,test,turn_patient,day1_consultation09,140.601,144.341,1
pm_turn_day1_consultation09_doctor_025,test,turn_doctor,day1_consultation09,143.802,149.935,1
pm_turn_day1_consultation09_patient_023,test,turn_patient,day1_consultation09,150.777,153.276,1
pm_turn_day1_consultation09_doctor_027,test,turn_doctor,day1_consultation09,153.035,155.732,1
pm_turn_day1_consultation09_patient_025,test,turn_patient,day1_consultation09,156.835,157.918,1
pm_turn_day1_consultation09_doctor_029,test,turn_doctor,day1_consultation09,162.893,166.732,1
pm_turn_day1_consultation09_patient_027,test,turn_patient,day1_consultation09,166.923,169.393,1
pm_turn_day1_consultation09_doctor_031,test,turn_doctor,day1_consultation09,168.103,174.19,1
pm_turn_day1_consultation09_patient_029,test,turn_patient,day1_consultation09,175.112,179.393,1
pm_turn_day1_consultation09_doctor_033,test,turn_doctor,day1_consultation09,176.178,182.017,1
pm_turn_day1_consultation09_patient_031,test,turn_patient,day1_consultation09,181.883,185.013,1
pm_turn_day1_consultation09_doctor_035,test,turn_doctor,day1_consultation09,184.75,195.258,1
pm_turn_day1_consultation09_patient_035,test,turn_patient,day1_consultation09,195.806,197.523,1
pm_turn_day1_consultation09_doctor_037,test,turn_doctor,day1_consultation09,197.464,200.138,1
pm_turn_day1_consultation09_patient_037,test,turn_patient,day1_consultation09,200.908,205.539,1
pm_turn_day1_consultation09_doctor_039,test,turn_doctor,day1_consultation09,205.953,211.514,1
pm_turn_day1_consultation09_patient_039,test,turn_patient,day1_consultation09,214.441,215.641,1
pm_turn_day1_consultation09_doctor_041,test,turn_doctor,day1_consultation09,215.81,223.198,1
pm_turn_day1_consultation09_patient_043,test,turn_patient,day1_consultation09,225.972,228.4,1
pm_turn_day1_consultation09_doctor_043,test,turn_doctor,day1_consultation09,228.562,233.01,1
pm_turn_day1_consultation09_doctor_045,test,turn_doctor,day1_consultation09,233.614,236.559,1
pm_turn_day1_consultation09_patient_045,test,turn_patient,day1_consultation09,237.259,239.188,1
pm_turn_day1_consultation09_doctor_047,test,turn_doctor,day1_consultation09,238.863,242.995,1
pm_turn_day1_consultation09_patient_047,test,turn_patient,day1_consultation09,243.638,245.466,1
pm_turn_day1_consultation09_doctor_049,test,turn_doctor,day1_consultation09,245.314,249.694,1
pm_turn_day1_consultation09_patient_049,test,turn_patient,day1_consultation09,250.514,251.714,1
pm_turn_day1_consultation09_doctor_051,test,turn_doctor,day1_consultation09,251.163,253.912,1
pm_turn_day1_consultation09_patient_051,test,turn_patient,day1_consultation09,254.295,258.05,1
pm_turn_day1_consultation09_doctor_053,test,turn_doctor,day1_consultation09,256.321,264.236,1
pm_turn_day1_consultation09_patient_053,test,turn_patient,day1_consultation09,260.602,261.802,1
pm_turn_day1_consultation09_doctor_054,test,turn_doctor,day1_consultation09,264.036,277.288,1
pm_turn_day1_consultation09_patient_055,test,turn_patient,day1_consultation09,264.514,265.714,1
pm_turn_day1_consultation09_patient_057,test,turn_patient,day1_consultation09,278.266,281.714,1
pm_turn_day1_consultation09_doctor_056,test,turn_doctor,day1_consultation09,281.186,285.799,1
pm_turn_day1_consultation09_patient_059,test,turn_patient,day1_consultation09,286.573,291.956,1
pm_turn_day1_consultation09_patient_060,test,turn_patient,day1_consultation09,291.756,297.524,1
pm_turn_day1_consultation09_doctor_058,test,turn_doctor,day1_consultation09,296.93,300.175,1
pm_turn_day1_consultation09_patient_062,test,turn_patient,day1_consultation09,300.879,311.86,1
pm_turn_day1_consultation09_doctor_060,test,turn_doctor,day1_consultation09,311.374,317.175,1
pm_turn_day1_consultation09_patient_064,test,turn_patient,day1_consultation09,318.154,321.554,1
pm_turn_day1_consultation09_doctor_062,test,turn_doctor,day1_consultation09,321.727,324.288,1
pm_turn_day1_consultation09_patient_066,test,turn_patient,day1_consultation09,325.624,330.138,1
pm_turn_day1_consultation09_doctor_064,test,turn_doctor,day1_consultation09,329.487,343.747,1
pm_turn_day1_consultation09_patient_068,test,turn_patient,day1_consultation09,334.544,335.542,1
pm_turn_day1_consultation09_patient_070,test,turn_patient,day1_consultation09,344.383,348.62,1
pm_turn_day1_consultation09_doctor_066,test,turn_doctor,day1_consultation09,348.141,353.138,1
pm_turn_day1_consultation09_patient_072,test,turn_patient,day1_consultation09,353.931,365.119,1
pm_turn_day1_consultation09_doctor_068,test,turn_doctor,day1_consultation09,364.359,366.002,1
pm_turn_day1_consultation09_patient_073,test,turn_patient,day1_consultation09,364.919,367.963,1
pm_turn_day1_consultation09_doctor_070,test,turn_doctor,day1_consultation09,367.419,371.078,1
pm_turn_day1_consultation09_patient_075,test,turn_patient,day1_consultation09,371.215,372.415,1
pm_turn_day1_consultation09_doctor_072,test,turn_doctor,day1_consultation09,372.269,373.957,1
pm_turn_day1_consultation09_patient_077,test,turn_patient,day1_consultation09,374.369,376.576,1
pm_turn_day1_consultation09_doctor_074,test,turn_doctor,day1_consultation09,376.239,377.837,1
pm_turn_day1_consultation09_patient_079,test,turn_patient,day1_consultation09,378.398,386.196,1
pm_turn_day1_consultation09_doctor_076,test,turn_doctor,day1_consultation09,385.013,389.04,1
pm_turn_day1_consultation09_patient_081,test,turn_patient,day1_consultation09,389.274,395.277,1
pm_turn_day1_consultation09_doctor_078,test,turn_doctor,day1_consultation09,393.795,402.777,1
pm_turn_day1_consultation09_patient_083,test,turn_patient,day1_consultation09,403.055,407.875,1
pm_turn_day1_consultation09_doctor_080,test,turn_doctor,day1_consultation09,407.043,416.271,1
pm_turn_day1_consultation09_patient_085,test,turn_patient,day1_consultation09,409.434,410.809,1
pm_turn_day1_consultation09_doctor_081,test,turn_doctor,day1_consultation09,416.071,426.904,1
pm_turn_day1_consultation09_doctor_082,test,turn_doctor,day1_consultation09,426.704,433.886,1
pm_turn_day1_consultation09_doctor_083,test,turn_doctor,day1_consultation09,433.686,444.779,1
pm_turn_day1_consultation09_patient_091,test,turn_patient,day1_consultation09,439.405,440.605,1
pm_turn_day1_consultation09_doctor_084,test,turn_doctor,day1_consultation09,444.579,454.559,1
pm_turn_day1_consultation09_patient_093,test,turn_patient,day1_consultation09,444.865,446.167,1
pm_turn_day1_consultation09_doctor_085,test,turn_doctor,day1_consultation09,454.359,463.252,1
pm_turn_day1_consultation09_patient_095,test,turn_patient,day1_consultation09,454.617,455.905,1
pm_turn_day1_consultation09_doctor_086,test,turn_doctor,day1_consultation09,463.052,468.13,1
pm_turn_day1_consultation09_doctor_087,test,turn_doctor,day1_consultation09,467.93,476.371,1
pm_turn_day1_consultation09_patient_099,test,turn_patient,day1_consultation09,477.04,484.766,1
pm_turn_day1_consultation09_doctor_089,test,turn_doctor,day1_consultation09,477.066,478.018,1
pm_turn_day1_consultation09_doctor_091,test,turn_doctor,day1_consultation09,482.697,493.209,1
pm_turn_day1_consultation09_doctor_092,test,turn_doctor,day1_consultation09,493.009,503.13,1
pm_turn_day1_consultation09_patient_101,test,turn_patient,day1_consultation09,493.216,494.591,1
pm_turn_day1_consultation09_patient_103,test,turn_patient,day1_consultation09,503.289,510.576,1
pm_turn_day1_consultation09_doctor_094,test,turn_doctor,day1_consultation09,509.69,525.147,1
pm_turn_day1_consultation09_patient_105,test,turn_patient,day1_consultation09,524.705,531.297,1
pm_turn_day1_consultation09_doctor_096,test,turn_doctor,day1_consultation09,525.632,527.198,1
pm_turn_day1_consultation09_doctor_098,test,turn_doctor,day1_consultation09,528.261,529.213,1
pm_turn_day1_consultation09_doctor_100,test,turn_doctor,day1_consultation09,530.434,532.243,1
pm_turn_day1_consultation09_patient_107,test,turn_patient,day1_consultation09,532.249,534.27,1
pm_turn_day1_consultation10_doctor_000,test,turn_doctor,day1_consultation10,0.0,5.286,1
pm_turn_day1_consultation10_patient_001,test,turn_patient,day1_consultation10,2.255,4.095,1
pm_turn_day1_consultation10_doctor_001,test,turn_doctor,day1_consultation10,5.086,11.031,1
pm_turn_day1_consultation10_patient_003,test,turn_patient,day1_consultation10,5.37,7.29,1
pm_turn_day1_consultation10_patient_005,test,turn_patient,day1_consultation10,11.89,16.155,1
pm_turn_day1_consultation10_doctor_003,test,turn_doctor,day1_consultation10,15.969,19.507,1
pm_turn_day1_consultation10_patient_007,test,turn_patient,day1_consultation10,20.195,28.255,1
pm_turn_day1_consultation10_patient_008,test,turn_patient,day1_consultation10,28.055,33.35,1
pm_turn_day1_consultation10_patient_009,test,turn_patient,day1_consultation10,33.15,40.02,1
pm_turn_day1_consultation10_patient_010,test,turn_patient,day1_consultation10,39.82,46.09,1
pm_turn_day1_consultation10_doctor_009,test,turn_doctor,day1_consultation10,45.521,57.88,1
pm_turn_day1_consultation10_patient_012,test,turn_patient,day1_consultation10,58.455,64.81,1
pm_turn_day1_consultation10_doctor_011,test,turn_doctor,day1_consultation10,62.984,66.901,1
pm_turn_day1_consultation10_patient_014,test,turn_patient,day1_consultation10,66.085,71.635,1
pm_turn_day1_consultation10_patient_015,test,turn_patient,day1_consultation10,71.435,77.005,1
pm_turn_day1_consultation10_doctor_015,test,turn_doctor,day1_consultation10,75.853,83.108,1
pm_turn_day1_consultation10_patient_017,test,turn_patient,day1_consultation10,83.381,88.906,1
pm_turn_day1_consultation10_patient_018,test,turn_patient,day1_consultation10,88.706,90.951,1
pm_turn_day1_consultation10_doctor_019,test,turn_doctor,day1_consultation10,91.542,101.674,1
pm_turn_day1_consultation10_patient_020,test,turn_patient,day1_consultation10,91.751,94.166,1
pm_turn_day1_consultation10_patient_022,test,turn_patient,day1_consultation10,99.221,104.221,1
pm_turn_day1_consultation10_doctor_021,test,turn_doctor,day1_consultation10,103.681,113.777,1
pm_turn_day1_consultation10_patient_024,test,turn_patient,day1_consultation10,114.611,122.231,1
pm_turn_day1_consultation10_doctor_023,test,turn_doctor,day1_consultation10,121.708,127.246,1
pm_turn_day1_consultation10_patient_026,test,turn_patient,day1_consultation10,128.876,138.851,1
pm_turn_day1_consultation10_doctor_025,test,turn_doctor,day1_consultation10,133.557,134.757,1
pm_turn_day1_consultation10_doctor_027,test,turn_doctor,day1_consultation10,138.026,143.612,1
pm_turn_day1_consultation10_patient_028,test,turn_patient,day1_consultation10,143.356,145.831,1
pm_turn_day1_consultation10_doctor_029,test,turn_doctor,day1_consultation10,144.66,151.357,1
pm_turn_day1_consultation10_patient_030,test,turn_patient,day1_consultation10,152.921,155.481,1
pm_turn_day1_consultation10_doctor_031,test,turn_doctor,day1_consultation10,155.157,158.571,1
pm_turn_day1_consultation10_patient_032,test,turn_patient,day1_consultation10,159.871,163.021,1
pm_turn_day1_consultation10_doctor_033,test,turn_doctor,day1_consultation10,162.626,166.571,1
pm_turn_day1_consultation10_patient_034,test,turn_patient,day1_consultation10,168.651,176.396,1
pm_turn_day1_consultation10_doctor_035,test,turn_doctor,day1_consultation10,174.171,179.406,1
pm_turn_day1_consultation10_patient_036,test,turn_patient,day1_consultation10,179.941,189.246,1
pm_turn_day1_consultation10_doctor_037,test,turn_doctor,day1_consultation10,185.481,186.681,1
pm_turn_day1_consultation10_patient_037,test,turn_patient,day1_consultation10,189.046,200.036,1
pm_turn_day1_consultation10_doctor_041,test,turn_doctor,day1_consultation10,199.668,205.613,1
pm_turn_day1_consultation10_patient_039,test,turn_patient,day1_consultation10,200.636,202.681,1
pm_turn_day1_consultation10_doctor_042,test,turn_doctor,day1_consultation10,205.413,218.606,1
pm_turn_day1_consultation10_patient_041,test,turn_patient,day1_consultation10,206.241,208.276,1
pm_turn_day1_consultation10_patient_043,test,turn_patient,day1_consultation10,218.146,225.376,1
pm_turn_day1_consultation10_doctor_044,test,turn_doctor,day1_consultation10,224.854,233.834,1
pm_turn_day1_consultation10_patient_045,test,turn_patient,day1_consultation10,234.352,239.872,1
pm_turn_day1_consultation10_doctor_046,test,turn_doctor,day1_consultation10,238.317,243.441,1
pm_turn_day1_consultation10_patient_047,test,turn_patient,day1_consultation10,244.037,247.857,1
pm_turn_day1_consultation10_doctor_048,test,turn_doctor,day1_consultation10,247.586,250.986,1
pm_turn_day1_consultation10_patient_049,test,turn_patient,day1_consultation10,251.162,252.812,1
pm_turn_day1_consultation10_doctor_050,test,turn_doctor,day1_consultation10,252.448,260.358,1
pm_turn_day1_consultation10_doctor_052,test,turn_doctor,day1_consultation10,261.282,262.841,1
pm_turn_day1_consultation10_patient_051,test,turn_patient,day1_consultation10,261.832,267.922,1
pm_turn_day1_consultation10_doctor_054,test,turn_doctor,day1_consultation10,267.034,268.772,1
pm_turn_day1_consultation10_patient_053,test,turn_patient,day1_consultation10,268.457,274.372,1
pm_turn_day1_consultation10_patient_054,test,turn_patient,day1_consultation10,274.172,281.547,1
pm_turn_day1_consultation10_doctor_056,test,turn_doctor,day1_consultation10,277.614,280.862,1
pm_turn_day1_consultation10_doctor_057,test,turn_doctor,day1_consultation10,280.662,292.379,1
pm_turn_day1_consultation10_patient_060,test,turn_patient,day1_consultation10,293.392,295.632,1
pm_turn_day1_consultation10_doctor_059,test,turn_doctor,day1_consultation10,295.51,302.469,1
pm_turn_day1_consultation10_doctor_060,test,turn_doctor,day1_consultation10,302.269,309.414,1
pm_turn_day1_consultation10_patient_062,test,turn_patient,day1_consultation10,310.582,316.767,1
pm_turn_day1_consultation10_patient_064,test,turn_patient,day1_consultation10,317.347,323.437,1
pm_turn_day1_consultation10_patient_065,test,turn_patient,day1_consultation10,323.237,329.867,1
pm_turn_day1_consultation10_doctor_064,test,turn_doctor,day1_consultation10,328.593,340.345,1
pm_turn_day1_consultation10_patient_067,test,turn_patient,day1_consultation10,336.647,337.627,1
pm_turn_day1_consultation10_patient_069,test,turn_patient,day1_consultation10,339.197,340.002,1
pm_turn_day1_consultation10_doctor_065,test,turn_doctor,day1_consultation10,340.145,350.525,1
pm_turn_day1_consultation10_patient_071,test,turn_patient,day1_consultation10,347.172,348.212,1
pm_turn_day1_consultation10_doctor_066,test,turn_doctor,day1_consultation10,350.325,358.732,1
pm_turn_day1_consultation10_patient_073,test,turn_patient,day1_consultation10,350.492,352.072,1
pm_turn_day1_consultation10_patient_075,test,turn_patient,day1_consultation10,359.447,360.922,1
pm_turn_day1_consultation10_doctor_068,test,turn_doctor,day1_consultation10,359.911,367.325,1
pm_turn_day1_consultation10_patient_077,test,turn_patient,day1_consultation10,367.917,377.957,1
pm_turn_day1_consultation10_doctor_070,test,turn_doctor,day1_consultation10,375.098,379.435,1
pm_turn_day1_consultation10_patient_079,test,turn_patient,day1_consultation10,378.697,381.147,1
pm_turn_day1_consultation10_doctor_072,test,turn_doctor,day1_consultation10,380.415,383.636,1
pm_turn_day1_consultation10_patient_081,test,turn_patient,day1_consultation10,383.942,385.482,1
pm_turn_day1_consultation10_doctor_074,test,turn_doctor,day1_consultation10,384.436,387.905,1
pm_turn_day1_consultation10_patient_083,test,turn_patient,day1_consultation10,388.902,396.918,1
pm_turn_day1_consultation10_doctor_076,test,turn_doctor,day1_consultation10,394.415,397.884,1
pm_turn_day1_consultation10_patient_084,test,turn_patient,day1_consultation10,396.718,403.178,1
pm_turn_day1_consultation10_doctor_078,test,turn_doctor,day1_consultation10,401.849,410.719,1
pm_turn_day1_consultation10_patient_086,test,turn_patient,day1_consultation10,411.863,413.568,1
pm_turn_day1_consultation10_doctor_080,test,turn_doctor,day1_consultation10,412.27,418.781,1
pm_turn_day1_consultation10_patient_088,test,turn_patient,day1_consultation10,419.888,430.283,1
pm_turn_day1_consultation10_patient_089,test,turn_patient,day1_consultation10,430.083,440.468,1
pm_turn_day1_consultation10_doctor_084,test,turn_doctor,day1_consultation10,436.319,438.457,1
pm_turn_day1_consultation10_doctor_086,test,turn_doctor,day1_consultation10,440.043,442.112,1
pm_turn_day1_consultation10_patient_091,test,turn_patient,day1_consultation10,442.843,445.093,1
pm_turn_day1_consultation10_doctor_088,test,turn_doctor,day1_consultation10,444.712,447.678,1
pm_turn_day1_consultation10_patient_093,test,turn_patient,day1_consultation10,448.303,455.828,1
pm_turn_day1_consultation10_doctor_090,test,turn_doctor,day1_consultation10,450.595,451.56,1
pm_turn_day1_consultation10_doctor_092,test,turn_doctor,day1_consultation10,453.995,461.402,1
pm_turn_day1_consultation10_patient_095,test,turn_patient,day1_consultation10,462.093,473.273,1
pm_turn_day1_consultation10_doctor_094,test,turn_doctor,day1_consultation10,469.278,472.554,1
pm_turn_day1_consultation10_doctor_096,test,turn_doctor,day1_consultation10,473.774,479.057,1
pm_turn_day1_consultation10_patient_097,test,turn_patient,day1_consultation10,478.353,484.828,1
pm_turn_day1_consultation10_doctor_098,test,turn_doctor,day1_consultation10,481.568,482.768,1
pm_turn_day1_consultation10_patient_098,test,turn_patient,day1_consultation10,484.628,494.873,1
pm_turn_day1_consultation10_doctor_102,test,turn_doctor,day1_consultation10,494.278,508.858,1
pm_turn_day1_consultation10_patient_100,test,turn_patient,day1_consultation10,499.073,500.063,1
pm_turn_day1_consultation10_doctor_103,test,turn_doctor,day1_consultation10,508.658,516.251,1
pm_turn_day1_consultation10_patient_102,test,turn_patient,day1_consultation10,515.448,517.328,1
pm_turn_day1_consultation10_doctor_104,test,turn_doctor,day1_consultation10,516.051,523.375,1
pm_turn_day1_consultation10_doctor_105,test,turn_doctor,day1_consultation10,523.175,537.403,1
pm_turn_day1_consultation10_doctor_106,test,turn_doctor,day1_consultation10,537.203,546.12,1
pm_turn_day1_consultation10_doctor_107,test,turn_doctor,day1_consultation10,545.92,553.934,1
pm_turn_day1_consultation10_patient_114,test,turn_patient,day1_consultation10,546.728,547.528,1
pm_turn_day1_consultation10_doctor_108,test,turn_doctor,day1_consultation10,553.734,559.665,1
pm_turn_day1_consultation10_patient_118,test,turn_patient,day1_consultation10,554.544,555.298,1
pm_turn_day1_consultation10_doctor_109,test,turn_doctor,day1_consultation10,559.465,568.389,1
pm_turn_day1_consultation10_patient_120,test,turn_patient,day1_consultation10,560.004,560.799,1
pm_turn_day1_consultation10_doctor_110,test,turn_doctor,day1_consultation10,568.189,574.638,1
pm_turn_day1_consultation10_patient_122,test,turn_patient,day1_consultation10,575.199,584.544,1
pm_turn_day1_consultation10_doctor_112,test,turn_doctor,day1_consultation10,582.514,600.245,1
pm_turn_day1_consultation10_patient_124,test,turn_patient,day1_consultation10,596.694,597.894,1
pm_turn_day1_consultation10_patient_126,test,turn_patient,day1_consultation10,600.929,602.999,1
pm_turn_day1_consultation10_doctor_114,test,turn_doctor,day1_consultation10,601.969,608.5,1
pm_turn_day1_consultation10_patient_128,test,turn_patient,day1_consultation10,609.204,612.529,1
pm_turn_day1_consultation10_doctor_116,test,turn_doctor,day1_consultation10,611.376,616.521,1
pm_turn_day1_consultation10_patient_130,test,turn_patient,day1_consultation10,613.734,616.779,1
pm_turn_day1_consultation11_doctor_001,test,turn_doctor,day1_consultation11,2.041,3.072,1
pm_turn_day1_consultation11_patient_001,test,turn_patient,day1_consultation11,3.121,3.918,1
pm_turn_day1_consultation11_doctor_003,test,turn_doctor,day1_consultation11,3.731,8.123,1
pm_turn_day1_consultation11_patient_003,test,turn_patient,day1_consultation11,4.822,5.943,1
pm_turn_day1_consultation11_patient_005,test,turn_patient,day1_consultation11,7.523,10.113,1
pm_turn_day1_consultation11_doctor_005,test,turn_doctor,day1_consultation11,9.917,12.41,1
pm_turn_day1_consultation11_patient_007,test,turn_patient,day1_consultation11,12.575,14.527,1
pm_turn_day1_consultation11_doctor_007,test,turn_doctor,day1_consultation11,14.51,19.671,1
pm_turn_day1_consultation11_patient_009,test,turn_patient,day1_consultation11,14.76,17.481,1
pm_turn_day1_consultation11_doctor_008,test,turn_doctor,day1_consultation11,19.471,23.931,1
pm_turn_day1_consultation11_patient_011,test,turn_patient,day1_consultation11,19.939,20.593,1
pm_turn_day1_consultation11_patient_013,test,turn_patient,day1_consultation11,25.112,32.248,1
pm_turn_day1_consultation11_doctor_010,test,turn_doctor,day1_consultation11,32.136,35.172,1
pm_turn_day1_consultation11_patient_015,test,turn_patient,day1_consultation11,35.523,47.099,1
pm_turn_day1_consultation11_patient_016,test,turn_patient,day1_consultation11,46.899,60.459,1
pm_turn_day1_consultation11_patient_018,test,turn_patient,day1_consultation11,60.577,67.331,1
pm_turn_day1_consultation11_patient_020,test,turn_patient,day1_consultation11,67.68,75.593,1
pm_turn_day1_consultation11_doctor_012,test,turn_doctor,day1_consultation11,75.495,80.972,1
pm_turn_day1_consultation11_patient_022,test,turn_patient,day1_consultation11,80.982,85.538,1
pm_turn_day1_consultation11_patient_024,test,turn_patient,day1_consultation11,85.873,92.687,1
pm_turn_day1_consultation11_doctor_014,test,turn_doctor,day1_consultation11,92.207,97.36,1
pm_turn_day1_consultation11_doctor_015,test,turn_doctor,day1_consultation11,97.16,101.042,1
pm_turn_day1_consultation11_patient_026,test,turn_patient,day1_consultation11,101.7,107.713,1
pm_turn_day1_consultation11_patient_027,test,turn_patient,day1_consultation11,107.513,112.052,1
pm_turn_day1_consultation11_doctor_017,test,turn_doctor,day1_consultation11,108.183,113.654,1
pm_turn_day1_consultation11_patient_029,test,turn_patient,day1_consultation11,113.674,117.283,1
pm_turn_day1_consultation11_patient_030,test,turn_patient,day1_consultation11,117.083,120.093,1
pm_turn_day1_consultation11_patient_031,test,turn_patient,day1_consultation11,119.893,125.378,1
pm_turn_day1_consultation11_doctor_019,test,turn_doctor,day1_consultation11,124.889,127.642,1
pm_turn_day1_consultation11_patient_035,test,turn_patient,day1_consultation11,130.012,137.907,1
pm_turn_day1_consultation11_doctor_021,test,turn_doctor,day1_consultation11,136.536,141.83,1
pm_turn_day1_consultation11_patient_037,test,turn_patient,day1_consultation11,141.081,144.54,1
pm_turn_day1_consultation11_patient_038,test,turn_patient,day1_consultation11,144.34,156.314,1
pm_turn_day1_consultation11_doctor_025,test,turn_doctor,day1_consultation11,156.024,159.042,1
pm_turn_day1_consultation11_patient_040,test,turn_patient,day1_consultation11,159.11,167.811,1
pm_turn_day1_consultation11_doctor_027,test,turn_doctor,day1_consultation11,166.718,171.589,1
pm_turn_day1_consultation11_patient_042,test,turn_patient,day1_consultation11,171.817,179.221,1
pm_turn_day1_consultation11_doctor_029,test,turn_doctor,day1_consultation11,178.718,182.907,1
pm_turn_day1_consultation11_patient_044,test,turn_patient,day1_consultation11,182.843,186.118,1
pm_turn_day1_consultation11_doctor_031,test,turn_doctor,day1_consultation11,184.96,192.207,1
pm_turn_day1_consultation11_patient_046,test,turn_patient,day1_consultation11,193.147,194.602,1
pm_turn_day1_consultation11_patient_052,test,turn_patient,day1_consultation11,199.843,200.671,1
pm_turn_day1_consultation11_patient_054,test,turn_patient,day1_consultation11,201.408,206.443,1
pm_turn_day1_consultation11_doctor_033,test,turn_doctor,day1_consultation11,204.742,214.618,1
pm_turn_day1_consultation11_patient_056,test,turn_patient,day1_consultation11,214.341,221.493,1
pm_turn_day1_consultation11_patient_057,test,turn_patient,day1_consultation11,221.293,230.663,1
pm_turn_day1_consultation11_doctor_035,test,turn_doctor,day1_consultation11,229.218,238.411,1
pm_turn_day1_consultation11_patient_059,test,turn_patient,day1_consultation11,231.562,232.191,1
pm_turn_day1_consultation11_patient_061,test,turn_patient,day1_consultation11,239.445,244.58,1
pm_turn_day1_consultation11_patient_062,test,turn_patient,day1_consultation11,244.38,260.317,1
pm_turn_day1_consultation11_doctor_037,test,turn_doctor,day1_consultation11,259.706,263.312,1
pm_turn_day1_consultation11_patient_063,test,turn_patient,day1_consultation11,260.117,265.613,1
pm_turn_day1_consultation11_doctor_039,test,turn_doctor,day1_consultation11,265.618,269.306,1
pm_turn_day1_consultation11_patient_065,test,turn_patient,day1_consultation11,269.529,272.191,1
pm_turn_day1_consultation11_doctor_041,test,turn_doctor,day1_consultation11,271.371,275.748,1
pm_turn_day1_consultation11_patient_067,test,turn_patient,day1_consultation11,275.494,277.19,1
pm_turn_day1_consultation11_doctor_043,test,turn_doctor,day1_consultation11,276.83,281.724,1
pm_turn_day1_consultation11_patient_069,test,turn_patient,day1_consultation11,281.831,300.979,1
pm_turn_day1_consultation11_doctor_045,test,turn_doctor,day1_consultation11,295.942,297.142,1
pm_turn_day1_consultation11_doctor_047,test,turn_doctor,day1_consultation11,300.589,305.418,1
pm_turn_day1_consultation11_patient_071,test,turn_patient,day1_consultation11,306.047,312.603,1
pm_turn_day1_consultation11_doctor_049,test,turn_doctor,day1_consultation11,312.206,326.8,1
pm_turn_day1_consultation11_patient_073,test,turn_patient,day1_consultation11,327.225,350.555,1
pm_turn_day1_consultation11_doctor_051,test,turn_doctor,day1_consultation11,350.065,352.141,1
pm_turn_day1_consultation11_patient_077,test,turn_patient,day1_consultation11,354.21,363.633,1
pm_turn_day1_consultation11_doctor_053,test,turn_doctor,day1_consultation11,363.324,371.494,1
pm_turn_day1_consultation11_patient_079,test,turn_patient,day1_consultation11,371.22,379.712,1
pm_turn_day1_consultation11_patient_080,test,turn_patient,day1_consultation11,379.512,381.485,1
pm_turn_day1_consultation11_doctor_055,test,turn_doctor,day1_consultation11,380.906,388.865,1
pm_turn_day1_consultation11_patient_082,test,turn_patient,day1_consultation11,388.859,397.177,1
pm_turn_day1_consultation11_patient_084,test,turn_patient,day1_consultation11,397.443,401.013,1
pm_turn_day1_consultation11_doctor_057,test,turn_doctor,day1_consultation11,400.365,407.612,1
pm_turn_day1_consultation11_patient_086,test,turn_patient,day1_consultation11,407.804,416.412,1
pm_turn_day1_consultation11_patient_087,test,turn_patient,day1_consultation11,416.212,425.879,1
pm_turn_day1_consultation11_patient_088,test,turn_patient,day1_consultation11,425.679,431.121,1
pm_turn_day1_consultation11_doctor_059,test,turn_doctor,day1_consultation11,426.565,427.359,1
pm_turn_day1_consultation11_doctor_061,test,turn_doctor,day1_consultation11,430.712,433.435,1
pm_turn_day1_consultation11_patient_090,test,turn_patient,day1_consultation11,434.541,436.348,1
pm_turn_day1_consultation11_patient_094,test,turn_patient,day1_consultation11,439.687,450.351,1
pm_turn_day1_consultation11_doctor_063,test,turn_doctor,day1_consultation11,449.782,452.8,1
pm_turn_day1_consultation11_patient_096,test,turn_patient,day1_consultation11,453.528,457.164,1
pm_turn_day1_consultation11_doctor_065,test,turn_doctor,day1_consultation11,456.829,463.488,1
pm_turn_day1_consultation11_patient_098,test,turn_patient,day1_consultation11,462.076,467.329,1
pm_turn_day1_consultation11_doctor_067,test,turn_doctor,day1_consultation11,466.453,471.306,1
pm_turn_day1_consultation11_patient_100,test,turn_patient,day1_consultation11,469.557,477.913,1
pm_turn_day1_consultation11_doctor_069,test,turn_doctor,day1_consultation11,477.565,480.618,1
pm_turn_day1_consultation11_patient_102,test,turn_patient,day1_consultation11,480.785,501.671,1
pm_turn_day1_consultation11_patient_103,test,turn_patient,day1_consultation11,501.471,517.546,1
pm_turn_day1_consultation11_doctor_073,test,turn_doctor,day1_consultation11,501.647,503.365,1
pm_turn_day1_consultation11_doctor_077,test,turn_doctor,day1_consultation11,517.023,526.865,1
pm_turn_day1_consultation11_patient_105,test,turn_patient,day1_consultation11,527.211,534.59,1
pm_turn_day1_consultation11_doctor_079,test,turn_doctor,day1_consultation11,534.412,538.653,1
pm_turn_day1_consultation11_patient_107,test,turn_patient,day1_consultation11,539.031,543.713,1
pm_turn_day1_consultation11_doctor_081,test,turn_doctor,day1_consultation11,539.994,542.017,1
pm_turn_day1_consultation11_doctor_083,test,turn_doctor,day1_consultation11,543.176,549.023,1
pm_turn_day1_consultation11_patient_111,test,turn_patient,day1_consultation11,549.17,551.044,1
pm_turn_day1_consultation11_patient_112,test,turn_patient,day1_consultation11,550.844,555.686,1
pm_turn_day1_consultation11_patient_113,test,turn_patient,day1_consultation11,555.486,568.645,1
pm_turn_day1_consultation11_patient_115,test,turn_patient,day1_consultation11,569.069,574.377,1
pm_turn_day1_consultation11_patient_116,test,turn_patient,day1_consultation11,574.177,588.67,1
pm_turn_day1_consultation11_patient_117,test,turn_patient,day1_consultation11,588.47,594.283,1
pm_turn_day1_consultation11_doctor_085,test,turn_doctor,day1_consultation11,590.581,596.293,1
pm_turn_day1_consultation11_patient_119,test,turn_patient,day1_consultation11,597.238,609.216,1
pm_turn_day1_consultation11_doctor_087,test,turn_doctor,day1_consultation11,609.445,620.048,1
pm_turn_day1_consultation11_patient_121,test,turn_patient,day1_consultation11,619.471,630.164,1
pm_turn_day1_consultation11_patient_122,test,turn_patient,day1_consultation11,629.964,637.909,1
pm_turn_day1_consultation11_patient_124,test,turn_patient,day1_consultation11,638.925,639.801,1
pm_turn_day1_consultation11_doctor_091,test,turn_doctor,day1_consultation11,639.454,640.996,1
pm_turn_day1_consultation11_patient_126,test,turn_patient,day1_consultation11,641.204,656.112,1
pm_turn_day1_consultation11_doctor_095,test,turn_doctor,day1_consultation11,650.076,651.176,1
pm_turn_day1_consultation11_patient_127,test,turn_patient,day1_consultation11,655.912,659.502,1
pm_turn_day1_consultation11_patient_128,test,turn_patient,day1_consultation11,659.302,674.418,1
pm_turn_day1_consultation11_doctor_101,test,turn_doctor,day1_consultation11,673.491,685.712,1
pm_turn_day1_consultation11_patient_130,test,turn_patient,day1_consultation11,686.146,687.035,1
pm_turn_day1_consultation11_doctor_103,test,turn_doctor,day1_consultation11,686.418,695.607,1
pm_turn_day1_consultation11_patient_132,test,turn_patient,day1_consultation11,689.977,690.606,1
pm_turn_day1_consultation11_doctor_105,test,turn_doctor,day1_consultation11,696.093,703.053,1
pm_turn_day1_consultation11_patient_134,test,turn_patient,day1_consultation11,697.99,698.697,1
pm_turn_day1_consultation11_patient_136,test,turn_patient,day1_consultation11,701.783,709.763,1
pm_turn_day1_consultation11_doctor_107,test,turn_doctor,day1_consultation11,705.297,706.466,1
pm_turn_day1_consultation11_doctor_109,test,turn_doctor,day1_consultation11,707.593,722.282,1
pm_turn_day1_consultation11_patient_138,test,turn_patient,day1_consultation11,721.081,724.411,1
pm_turn_day1_consultation11_doctor_111,test,turn_doctor,day1_consultation11,723.828,725.891,1
pm_turn_day1_consultation11_patient_140,test,turn_patient,day1_consultation11,725.889,726.658,1
pm_turn_day1_consultation11_doctor_113,test,turn_doctor,day1_consultation11,726.445,736.692,1
pm_turn_day1_consultation11_doctor_114,test,turn_doctor,day1_consultation11,736.492,745.499,1
pm_turn_day1_consultation11_patient_144,test,turn_patient,day1_consultation11,745.912,746.658,1
pm_turn_day1_consultation11_doctor_116,test,turn_doctor,day1_consultation11,746.298,748.635,1
pm_turn_day1_consultation11_patient_146,test,turn_patient,day1_consultation11,748.281,758.268,1
pm_turn_day1_consultation11_doctor_118,test,turn_doctor,day1_consultation11,756.459,767.229,1
pm_turn_day1_consultation11_doctor_119,test,turn_doctor,day1_consultation11,767.029,771.558,1
pm_turn_day1_consultation11_patient_148,test,turn_patient,day1_consultation11,771.541,777.358,1
pm_turn_day1_consultation11_doctor_121,test,turn_doctor,day1_consultation11,776.492,782.484,1
pm_turn_day1_consultation11_patient_150,test,turn_patient,day1_consultation11,783.261,784.086,1
pm_turn_day1_consultation11_doctor_123,test,turn_doctor,day1_consultation11,784.331,787.756,1
pm_turn_day1_consultation11_patient_152,test,turn_patient,day1_consultation11,788.132,790.393,1
pm_turn_day1_consultation11_doctor_125,test,turn_doctor,day1_consultation11,789.916,791.435,1
pm_turn_day1_consultation11_patient_154,test,turn_patient,day1_consultation11,793.041,793.931,1
pm_turn_day1_consultation11_doctor_127,test,turn_doctor,day1_consultation11,793.712,794.948,1
pm_turn_day1_consultation11_patient_156,test,turn_patient,day1_consultation11,794.988,798.949,1
pm_turn_day1_consultation11_doctor_129,test,turn_doctor,day1_consultation11,796.194,799.839,1
pm_turn_day1_consultation11_patient_158,test,turn_patient,day1_consultation11,800.262,801.632,1
pm_turn_day1_consultation12_doctor_000,test,turn_doctor,day1_consultation12,0.0,1.1,1
pm_turn_day1_consultation12_doctor_002,test,turn_doctor,day1_consultation12,2.373,3.31,1
pm_turn_day1_consultation12_patient_001,test,turn_patient,day1_consultation12,3.618,4.494,1
pm_turn_day1_consultation12_doctor_004,test,turn_doctor,day1_consultation12,4.755,11.17,1
pm_turn_day1_consultation12_patient_003,test,turn_patient,day1_consultation12,11.256,14.283,1
pm_turn_day1_consultation12_doctor_006,test,turn_doctor,day1_consultation12,14.647,15.385,1
pm_turn_day1_consultation12_patient_005,test,turn_patient,day1_consultation12,15.646,16.469,1
pm_turn_day1_consultation12_doctor_008,test,turn_doctor,day1_consultation12,16.324,17.068,1
pm_turn_day1_consultation12_patient_007,test,turn_patient,day1_consultation12,17.223,19.948,1
pm_turn_day1_consultation12_doctor_010,test,turn_doctor,day1_consultation12,20.099,21.869,1
pm_turn_day1_consultation12_doctor_012,test,turn_doctor,day1_consultation12,22.712,25.837,1
pm_turn_day1_consultation12_patient_011,test,turn_patient,day1_consultation12,25.89,34.289,1
pm_turn_day1_consultation12_doctor_014,test,turn_doctor,day1_consultation12,34.509,40.226,1
pm_turn_day1_consultation12_patient_013,test,turn_patient,day1_consultation12,40.114,50.078,1
pm_turn_day1_consultation12_doctor_016,test,turn_doctor,day1_consultation12,49.65,50.384,1
pm_turn_day1_consultation12_patient_014,test,turn_patient,day1_consultation12,49.878,54.513,1
pm_turn_day1_consultation12_patient_015,test,turn_patient,day1_consultation12,54.313,66.173,1
pm_turn_day1_consultation12_doctor_021,test,turn_doctor,day1_consultation12,66.447,73.365,1
pm_turn_day1_consultation12_patient_017,test,turn_patient,day1_consultation12,73.307,76.987,1
pm_turn_day1_consultation12_doctor_023,test,turn_doctor,day1_consultation12,76.938,85.181,1
pm_turn_day1_consultation12_patient_019,test,turn_patient,day1_consultation12,85.057,91.65,1
pm_turn_day1_consultation12_doctor_025,test,turn_doctor,day1_consultation12,86.142,87.229,1
pm_turn_day1_consultation12_doctor_027,test,turn_doctor,day1_consultation12,91.175,93.265,1
pm_turn_day1_consultation12_patient_021,test,turn_patient,day1_consultation12,93.599,95.694,1
pm_turn_day1_consultation12_doctor_029,test,turn_doctor,day1_consultation12,95.57,101.574,1
pm_turn_day1_consultation12_patient_023,test,turn_patient,day1_consultation12,101.939,113.198,1
pm_turn_day1_consultation12_doctor_033,test,turn_doctor,day1_consultation12,113.411,116.601,1
pm_turn_day1_consultation12_patient_025,test,turn_patient,day1_consultation12,116.807,133.761,1
pm_turn_day1_consultation12_doctor_035,test,turn_doctor,day1_consultation12,133.836,139.81,1
pm_turn_day1_consultation12_patient_027,test,turn_patient,day1_consultation12,140.516,151.799,1
pm_turn_day1_consultation12_doctor_037,test,turn_doctor,day1_consultation12,151.427,160.772,1
pm_turn_day1_consultation12_patient_029,test,turn_patient,day1_consultation12,160.349,161.945,1
pm_turn_day1_consultation12_doctor_040,test,turn_doctor,day1_consultation12,161.563,165.762,1
pm_turn_day1_consultation12_patient_031,test,turn_patient,day1_consultation12,166.557,181.766,1
pm_turn_day1_consultation12_doctor_042,test,turn_doctor,day1_consultation12,181.622,183.047,1
pm_turn_day1_consultation12_patient_033,test,turn_patient,day1_consultation12,182.193,184.258,1
pm_turn_day1_consultation12_doctor_044,test,turn_doctor,day1_consultation12,183.959,187.597,1
pm_turn_day1_consultation12_patient_035,test,turn_patient,day1_consultation12,187.953,190.758,1
pm_turn_day1_consultation12_doctor_046,test,turn_doctor,day1_consultation12,190.546,196.761,1
pm_turn_day1_consultation12_patient_037,test,turn_patient,day1_consultation12,197.745,206.043,1
pm_turn_day1_consultation12_patient_038,test,turn_patient,day1_consultation12,205.843,213.888,1
pm_turn_day1_consultation12_doctor_048,test,turn_doctor,day1_consultation12,213.701,217.931,1
pm_turn_day1_consultation12_patient_040,test,turn_patient,day1_consultation12,218.12,222.573,1
pm_turn_day1_consultation12_doctor_050,test,turn_doctor,day1_consultation12,221.61,227.416,1
pm_turn_day1_consultation12_patient_042,test,turn_patient,day1_consultation12,228.058,230.737,1
pm_turn_day1_consultation12_doctor_052,test,turn_doctor,day1_consultation12,229.927,237.381,1
pm_turn_day1_consultation12_patient_044,test,turn_patient,day1_consultation12,237.433,239.362,1
pm_turn_day1_consultation12_doctor_054,test,turn_doctor,day1_consultation12,239.579,243.026,1
pm_turn_day1_consultation12_patient_046,test,turn_patient,day1_consultation12,242.748,257.86,1
pm_turn_day1_consultation12_doctor_056,test,turn_doctor,day1_consultation12,256.38,258.639,1
pm_turn_day1_consultation12_patient_048,test,turn_patient,day1_consultation12,259.183,259.987,1
pm_turn_day1_consultation12_doctor_058,test,turn_doctor,day1_consultation12,259.821,266.666,1
pm_turn_day1_consultation12_patient_050,test,turn_patient,day1_consultation12,261.475,262.675,1
pm_turn_day1_consultation12_patient_052,test,turn_patient,day1_consultation12,267.204,268.926,1
pm_turn_day1_consultation12_doctor_060,test,turn_doctor,day1_consultation12,268.633,271.773,1
pm_turn_day1_consultation12_patient_054,test,turn_patient,day1_consultation12,271.87,274.367,1
pm_turn_day1_consultation12_doctor_062,test,turn_doctor,day1_consultation12,274.262,279.118,1
pm_turn_day1_consultation12_patient_056,test,turn_patient,day1_consultation12,279.433,291.967,1
pm_turn_day1_consultation12_doctor_064,test,turn_doctor,day1_consultation12,292.212,298.462,1
pm_turn_day1_consultation12_patient_058,test,turn_patient,day1_consultation12,297.35,304.41,1
pm_turn_day1_consultation12_doctor_066,test,turn_doctor,day1_consultation12,304.385,308.263,1
pm_turn_day1_consultation12_patient_060,test,turn_patient,day1_consultation12,307.975,309.946,1
pm_turn_day1_consultation12_doctor_068,test,turn_doctor,day1_consultation12,310.283,311.655,1
pm_turn_day1_consultation12_doctor_070,test,turn_doctor,day1_consultation12,312.726,321.916,1
pm_turn_day1_consultation12_patient_063,test,turn_patient,day1_consultation12,322.327,323.114,1
pm_turn_day1_consultation12_doctor_072,test,turn_doctor,day1_consultation12,323.037,324.561,1
pm_turn_day1_consultation12_patient_065,test,turn_patient,day1_consultation12,324.954,326.675,1
pm_turn_day1_consultation12_doctor_074,test,turn_doctor,day1_consultation12,326.472,329.547,1
pm_turn_day1_consultation12_patient_067,test,turn_patient,day1_consultation12,330.132,337.634,1
pm_turn_day1_consultation12_doctor_076,test,turn_doctor,day1_consultation12,336.558,339.091,1
pm_turn_day1_consultation12_patient_069,test,turn_patient,day1_consultation12,339.246,340.863,1
pm_turn_day1_consultation12_doctor_078,test,turn_doctor,day1_consultation12,340.649,343.048,1
pm_turn_day1_consultation12_doctor_080,test,turn_doctor,day1_consultation12,343.848,345.886,1
pm_turn_day1_consultation12_patient_071,test,turn_patient,day1_consultation12,346.955,355.208,1
pm_turn_day1_consultation12_doctor_082,test,turn_doctor,day1_consultation12,355.105,362.129,1
pm_turn_day1_consultation12_patient_073,test,turn_patient,day1_consultation12,362.767,369.321,1
pm_turn_day1_consultation12_doctor_084,test,turn_doctor,day1_consultation12,369.116,374.573,1
pm_turn_day1_consultation12_doctor_086,test,turn_doctor,day1_consultation12,375.417,392.602,1
pm_turn_day1_consultation12_patient_075,test,turn_patient,day1_consultation12,382.476,383.426,1
pm_turn_day1_consultation12_patient_077,test,turn_patient,day1_consultation12,393.205,394.405,1
pm_turn_day1_consultation12_doctor_088,test,turn_doctor,day1_consultation12,393.468,403.09,1
pm_turn_day1_consultation12_patient_079,test,turn_patient,day1_consultation12,403.351,404.342,1
pm_turn_day1_consultation12_doctor_090,test,turn_doctor,day1_consultation12,403.448,420.484,1
pm_turn_day1_consultation12_patient_081,test,turn_patient,day1_consultation12,411.726,413.572,1
pm_turn_day1_consultation12_doctor_091,test,turn_doctor,day1_consultation12,420.284,424.903,1
pm_turn_day1_consultation12_patient_085,test,turn_patient,day1_consultation12,420.726,421.447,1
pm_turn_day1_consultation12_doctor_092,test,turn_doctor,day1_consultation12,424.703,430.452,1
pm_turn_day1_consultation12_doctor_093,test,turn_doctor,day1_consultation12,430.252,436.78,1
pm_turn_day1_consultation12_patient_087,test,turn_patient,day1_consultation12,430.393,431.593,1
pm_turn_day1_consultation12_doctor_094,test,turn_doctor,day1_consultation12,436.58,443.376,1
pm_turn_day1_consultation12_doctor_095,test,turn_doctor,day1_consultation12,443.176,446.022,1
pm_turn_day1_consultation12_patient_089,test,turn_patient,day1_consultation12,446.434,449.97,1
pm_turn_day1_consultation12_doctor_097,test,turn_doctor,day1_consultation12,448.214,451.527,1
pm_turn_day1_consultation12_patient_091,test,turn_patient,day1_consultation12,451.476,463.91,1
pm_turn_day1_consultation12_doctor_101,test,turn_doctor,day1_consultation12,462.875,465.307,1
pm_turn_day1_consultation12_patient_093,test,turn_patient,day1_consultation12,465.768,468.114,1
pm_turn_day1_consultation12_doctor_103,test,turn_doctor,day1_consultation12,466.623,469.118,1
pm_turn_day1_consultation12_patient_095,test,turn_patient,day1_consultation12,469.226,470.426,1
pm_turn_day1_consultation13_doctor_000,test,turn_doctor,day1_consultation13,0.0,4.711,1
pm_turn_day1_consultation13_patient_001,test,turn_patient,day1_consultation13,2.617,6.911,1
pm_turn_day1_consultation13_doctor_002,test,turn_doctor,day1_consultation13,6.219,14.16,1
pm_turn_day1_consultation13_patient_003,test,turn_patient,day1_consultation13,14.353,21.326,1
pm_turn_day1_consultation13_doctor_006,test,turn_doctor,day1_consultation13,20.122,22.697,1
pm_turn_day1_consultation13_patient_004,test,turn_patient,day1_consultation13,21.126,32.024,1
pm_turn_day1_consultation13_doctor_008,test,turn_doctor,day1_consultation13,30.663,35.933,1
pm_turn_day1_consultation13_patient_006,test,turn_patient,day1_consultation13,35.39,39.213,1
pm_turn_day1_consultation13_doctor_010,test,turn_doctor,day1_consultation13,38.567,42.253,1
pm_turn_day1_consultation13_patient_008,test,turn_patient,day1_consultation13,42.63,54.147,1
pm_turn_day1_consultation13_doctor_012,test,turn_doctor,day1_consultation13,52.428,58.294,1
pm_turn_day1_consultation13_patient_010,test,turn_patient,day1_consultation13,58.814,69.38,1
pm_turn_day1_consultation13_doctor_014,test,turn_doctor,day1_consultation13,68.594,77.78,1
pm_turn_day1_consultation13_patient_012,test,turn_patient,day1_consultation13,78.647,81.597,1
pm_turn_day1_consultation13_doctor_016,test,turn_doctor,day1_consultation13,80.844,89.655,1
pm_turn_day1_consultation13_patient_014,test,turn_patient,day1_consultation13,90.881,104.548,1
pm_turn_day1_consultation13_patient_015,test,turn_patient,day1_consultation13,104.348,118.201,1
pm_turn_day1_consultation13_doctor_022,test,turn_doctor,day1_consultation13,117.228,120.294,1
pm_turn_day1_consultation13_patient_017,test,turn_patient,day1_consultation13,120.38,121.58,1
pm_turn_day1_consultation13_doctor_024,test,turn_doctor,day1_consultation13,121.467,124.454,1
pm_turn_day1_consultation13_patient_019,test,turn_patient,day1_consultation13,125.032,136.001,1
pm_turn_day1_consultation13_doctor_026,test,turn_doctor,day1_consultation13,135.691,136.461,1
pm_turn_day1_consultation13_patient_020,test,turn_patient,day1_consultation13,135.801,142.085,1
pm_turn_day1_consultation13_doctor_028,test,turn_doctor,day1_consultation13,141.678,145.475,1
pm_turn_day1_consultation13_doctor_030,test,turn_doctor,day1_consultation13,146.608,151.058,1
pm_turn_day1_consultation13_patient_024,test,turn_patient,day1_consultation13,151.938,163.99,1
pm_turn_day1_consultation13_doctor_032,test,turn_doctor,day1_consultation13,163.969,167.586,1
pm_turn_day1_consultation13_patient_026,test,turn_patient,day1_consultation13,166.98,170.717,1
pm_turn_day1_consultation13_doctor_034,test,turn_doctor,day1_consultation13,169.844,174.641,1
pm_turn_day1_consultation13_patient_028,test,turn_patient,day1_consultation13,175.843,183.591,1
pm_turn_day1_consultation13_doctor_036,test,turn_doctor,day1_consultation13,180.858,185.739,1
pm_turn_day1_consultation13_patient_030,test,turn_patient,day1_consultation13,186.412,192.885,1
pm_turn_day1_consultation13_doctor_038,test,turn_doctor,day1_consultation13,193.15,200.475,1
pm_turn_day1_consultation13_patient_032,test,turn_patient,day1_consultation13,195.117,196.317,1
pm_turn_day1_consultation13_patient_034,test,turn_patient,day1_consultation13,201.022,202.475,1
pm_turn_day1_consultation13_doctor_040,test,turn_doctor,day1_consultation13,202.969,208.044,1
pm_turn_day1_consultation13_patient_036,test,turn_patient,day1_consultation13,207.033,209.749,1
pm_turn_day1_consultation13_doctor_042,test,turn_doctor,day1_consultation13,209.427,212.808,1
pm_turn_day1_consultation13_patient_038,test,turn_patient,day1_consultation13,214.012,219.98,1
pm_turn_day1_consultation13_doctor_044,test,turn_doctor,day1_consultation13,219.83,229.308,1
pm_turn_day1_consultation13_patient_040,test,turn_patient,day1_consultation13,229.686,231.854,1
pm_turn_day1_consultation13_doctor_046,test,turn_doctor,day1_consultation13,232.108,236.989,1
pm_turn_day1_consultation13_patient_042,test,turn_patient,day1_consultation13,236.054,239.075,1
pm_turn_day1_consultation13_doctor_048,test,turn_doctor,day1_consultation13,238.525,241.683,1
pm_turn_day1_consultation13_patient_044,test,turn_patient,day1_consultation13,241.833,253.117,1
pm_turn_day1_consultation13_doctor_050,test,turn_doctor,day1_consultation13,250.525,256.016,1
pm_turn_day1_consultation13_patient_046,test,turn_patient,day1_consultation13,256.254,257.623,1
pm_turn_day1_consultation13_doctor_052,test,turn_doctor,day1_consultation13,257.872,260.114,1
pm_turn_day1_consultation13_patient_048,test,turn_patient,day1_consultation13,260.475,263.602,1
pm_turn_day1_consultation13_doctor_054,test,turn_doctor,day1_consultation13,262.844,267.1,1
pm_turn_day1_consultation13_patient_050,test,turn_patient,day1_consultation13,267.581,269.37,1
pm_turn_day1_consultation13_doctor_056,test,turn_doctor,day1_consultation13,268.705,271.28,1
pm_turn_day1_consultation13_patient_052,test,turn_patient,day1_consultation13,270.307,273.76,1
pm_turn_day1_consultation13_doctor_058,test,turn_doctor,day1_consultation13,273.427,275.488,1
pm_turn_day1_consultation13_patient_054,test,turn_patient,day1_consultation13,276.286,282.707,1
pm_turn_day1_consultation13_doctor_060,test,turn_doctor,day1_consultation13,282.719,290.627,1
pm_turn_day1_consultation13_patient_056,test,turn_patient,day1_consultation13,291.876,297.223,1
pm_turn_day1_consultation13_doctor_062,test,turn_doctor,day1_consultation13,294.177,295.308,1
pm_turn_day1_consultation13_doctor_064,test,turn_doctor,day1_consultation13,296.913,299.516,1
pm_turn_day1_consultation13_patient_058,test,turn_patient,day1_consultation13,299.77,302.339,1
pm_turn_day1_consultation13_doctor_066,test,turn_doctor,day1_consultation13,302.219,305.391,1
pm_turn_day1_consultation13_patient_060,test,turn_patient,day1_consultation13,305.97,307.17,1
pm_turn_day1_consultation13_doctor_068,test,turn_doctor,day1_consultation13,307.08,312.891,1
pm_turn_day1_consultation13_patient_062,test,turn_patient,day1_consultation13,312.202,326.613,1
pm_turn_day1_consultation13_doctor_070,test,turn_doctor,day1_consultation13,325.941,327.266,1
pm_turn_day1_consultation13_patient_063,test,turn_patient,day1_consultation13,326.413,329.192,1
pm_turn_day1_consultation13_doctor_072,test,turn_doctor,day1_consultation13,328.934,338.919,1
pm_turn_day1_consultation13_patient_065,test,turn_patient,day1_consultation13,339.465,344.686,1
pm_turn_day1_consultation13_doctor_074,test,turn_doctor,day1_consultation13,342.608,348.058,1
pm_turn_day1_consultation13_patient_067,test,turn_patient,day1_consultation13,348.486,360.971,1
pm_turn_day1_consultation13_doctor_076,test,turn_doctor,day1_consultation13,360.427,363.28,1
pm_turn_day1_consultation13_patient_069,test,turn_patient,day1_consultation13,363.35,364.918,1
pm_turn_day1_consultation13_doctor_078,test,turn_doctor,day1_consultation13,364.594,367.877,1
pm_turn_day1_consultation13_patient_071,test,turn_patient,day1_consultation13,368.518,375.845,1
pm_turn_day1_consultation13_doctor_080,test,turn_doctor,day1_consultation13,373.594,386.891,1
pm_turn_day1_consultation13_patient_075,test,turn_patient,day1_consultation13,388.013,394.939,1
pm_turn_day1_consultation13_doctor_082,test,turn_doctor,day1_consultation13,394.372,402.308,1
pm_turn_day1_consultation13_patient_077,test,turn_patient,day1_consultation13,403.024,409.066,1
pm_turn_day1_consultation13_doctor_084,test,turn_doctor,day1_consultation13,409.316,410.78,1
pm_turn_day1_consultation13_doctor_086,test,turn_doctor,day1_consultation13,411.58,412.28,1
pm_turn_day1_consultation13_doctor_088,test,turn_doctor,day1_consultation13,413.483,422.396,1
pm_turn_day1_consultation13_patient_080,test,turn_patient,day1_consultation13,425.297,437.687,1
pm_turn_day1_consultation13_patient_081,test,turn_patient,day1_consultation13,437.487,446.519,1
pm_turn_day1_consultation13_patient_082,test,turn_patient,day1_consultation13,446.319,456.235,1
pm_turn_day1_consultation13_doctor_096,test,turn_doctor,day1_consultation13,455.622,459.863,1
pm_turn_day1_consultation13_patient_084,test,turn_patient,day1_consultation13,460.803,469.772,1
pm_turn_day1_consultation13_doctor_098,test,turn_doctor,day1_consultation13,468.469,469.252,1
pm_turn_day1_consultation13_patient_085,test,turn_patient,day1_consultation13,469.572,476.245,1
pm_turn_day1_consultation13_doctor_100,test,turn_doctor,day1_consultation13,476.149,478.197,1
pm_turn_day1_consultation13_patient_087,test,turn_patient,day1_consultation13,479.119,482.645,1
pm_turn_day1_consultation13_doctor_102,test,turn_doctor,day1_consultation13,482.899,495.377,1
pm_turn_day1_consultation13_doctor_104,test,turn_doctor,day1_consultation13,495.955,505.237,1
pm_turn_day1_consultation13_doctor_105,test,turn_doctor,day1_consultation13,505.037,515.349,1
pm_turn_day1_consultation13_doctor_107,test,turn_doctor,day1_consultation13,516.03,529.46,1
pm_turn_day1_consultation13_patient_091,test,turn_patient,day1_consultation13,530.025,531.456,1
pm_turn_day1_consultation13_doctor_109,test,turn_doctor,day1_consultation13,530.26,540.849,1
pm_turn_day1_consultation13_doctor_111,test,turn_doctor,day1_consultation13,541.399,548.946,1
pm_turn_day1_consultation13_patient_095,test,turn_patient,day1_consultation13,549.572,556.898,1
pm_turn_day1_consultation13_doctor_113,test,turn_doctor,day1_consultation13,556.108,573.071,1
pm_turn_day1_consultation13_doctor_115,test,turn_doctor,day1_consultation13,573.427,580.405,1
pm_turn_day1_consultation13_doctor_116,test,turn_doctor,day1_consultation13,580.205,595.696,1
pm_turn_day1_consultation13_patient_099,test,turn_patient,day1_consultation13,595.678,598.004,1
pm_turn_day1_consultation13_doctor_118,test,turn_doctor,day1_consultation13,597.732,607.294,1
pm_turn_day1_consultation13_patient_101,test,turn_patient,day1_consultation13,607.141,608.567,1
pm_turn_day1_consultation13_doctor_120,test,turn_doctor,day1_consultation13,608.024,615.557,1
pm_turn_day1_consultation13_patient_103,test,turn_patient,day1_consultation13,615.836,616.629,1
pm_turn_day1_consultation13_doctor_122,test,turn_doctor,day1_consultation13,616.663,617.488,1
pm_turn_day1_consultation13_patient_105,test,turn_patient,day1_consultation13,618.359,619.124,1
pm_turn_day1_consultation13_doctor_124,test,turn_doctor,day1_consultation13,619.246,620.446,1
pm_turn_day1_consultation13_patient_107,test,turn_patient,day1_consultation13,620.57,622.438,1
pm_turn_day1_consultation13_doctor_126,test,turn_doctor,day1_consultation13,622.26,622.877,1
pm_turn_day1_consultation14_patient_001,test,turn_patient,day1_consultation14,1.286,2.21,1
pm_turn_day1_consultation14_doctor_001,test,turn_doctor,day1_consultation14,1.482,9.373,1
pm_turn_day1_consultation14_patient_003,test,turn_patient,day1_consultation14,9.525,13.327,1
pm_turn_day1_consultation14_doctor_003,test,turn_doctor,day1_consultation14,13.316,17.063,1
pm_turn_day1_consultation14_patient_005,test,turn_patient,day1_consultation14,17.245,26.113,1
pm_turn_day1_consultation14_doctor_005,test,turn_doctor,day1_consultation14,25.732,28.392,1
pm_turn_day1_consultation14_patient_007,test,turn_patient,day1_consultation14,28.706,34.859,1
pm_turn_day1_consultation14_doctor_007,test,turn_doctor,day1_consultation14,34.399,41.029,1
pm_turn_day1_consultation14_doctor_008,test,turn_doctor,day1_consultation14,40.829,45.29,1
pm_turn_day1_consultation14_patient_011,test,turn_patient,day1_consultation14,45.808,54.089,1
pm_turn_day1_consultation14_doctor_010,test,turn_doctor,day1_consultation14,53.792,64.325,1
pm_turn_day1_consultation14_doctor_011,test,turn_doctor,day1_consultation14,64.125,73.611,1
pm_turn_day1_consultation14_patient_013,test,turn_patient,day1_consultation14,74.135,86.453,1
pm_turn_day1_consultation14_doctor_015,test,turn_doctor,day1_consultation14,85.816,91.932,1
pm_turn_day1_consultation14_patient_015,test,turn_patient,day1_consultation14,91.759,100.056,1
pm_turn_day1_consultation14_doctor_017,test,turn_doctor,day1_consultation14,94.125,97.61,1
pm_turn_day1_consultation14_doctor_020,test,turn_doctor,day1_consultation14,99.698,109.596,1
pm_turn_day1_consultation14_patient_017,test,turn_patient,day1_consultation14,110.955,120.283,1
pm_turn_day1_consultation14_doctor_022,test,turn_doctor,day1_consultation14,118.892,123.057,1
pm_turn_day1_consultation14_patient_019,test,turn_patient,day1_consultation14,123.074,128.226,1
pm_turn_day1_consultation14_doctor_026,test,turn_doctor,day1_consultation14,128.176,129.559,1
pm_turn_day1_consultation14_patient_021,test,turn_patient,day1_consultation14,128.972,132.818,1
pm_turn_day1_consultation14_doctor_028,test,turn_doctor,day1_consultation14,132.473,134.215,1
pm_turn_day1_consultation14_patient_023,test,turn_patient,day1_consultation14,134.882,136.791,1
pm_turn_day1_consultation14_doctor_031,test,turn_doctor,day1_consultation14,136.567,142.543,1
pm_turn_day1_consultation14_patient_025,test,turn_patient,day1_consultation14,143.231,148.508,1
pm_turn_day1_consultation14_patient_026,test,turn_patient,day1_consultation14,148.308,155.943,1
pm_turn_day1_consultation14_doctor_035,test,turn_doctor,day1_consultation14,155.687,156.574,1
pm_turn_day1_consultation14_patient_027,test,turn_patient,day1_consultation14,155.743,170.664,1
pm_turn_day1_consultation14_doctor_041,test,turn_doctor,day1_consultation14,170.274,179.445,1
pm_turn_day1_consultation14_patient_029,test,turn_patient,day1_consultation14,179.67,185.705,1
pm_turn_day1_consultation14_doctor_043,test,turn_doctor,day1_consultation14,182.378,183.12,1
pm_turn_day1_consultation14_doctor_045,test,turn_doctor,day1_consultation14,185.414,186.812,1
pm_turn_day1_consultation14_patient_031,test,turn_patient,day1_consultation14,187.697,195.83,1
pm_turn_day1_consultation14_patient_032,test,turn_patient,day1_consultation14,195.63,207.14,1
pm_turn_day1_consultation14_doctor_051,test,turn_doctor,day1_consultation14,207.39,209.656,1
pm_turn_day1_consultation14_patient_034,test,turn_patient,day1_consultation14,209.525,219.199,1
pm_turn_day1_consultation14_doctor_056,test,turn_doctor,day1_consultation14,218.933,225.09,1
pm_turn_day1_consultation14_patient_036,test,turn_patient,day1_consultation14,225.474,226.759,1
pm_turn_day1_consultation14_doctor_059,test,turn_doctor,day1_consultation14,226.423,228.862,1
pm_turn_day1_consultation14_patient_038,test,turn_patient,day1_consultation14,228.931,231.726,1
pm_turn_day1_consultation14_doctor_062,test,turn_doctor,day1_consultation14,230.808,234.938,1
pm_turn_day1_consultation14_patient_040,test,turn_patient,day1_consultation14,234.914,241.253,1
pm_turn_day1_consultation14_doctor_064,test,turn_doctor,day1_consultation14,240.851,251.631,1
pm_turn_day1_consultation14_patient_042,test,turn_patient,day1_consultation14,251.669,259.426,1
pm_turn_day1_consultation14_doctor_066,test,turn_doctor,day1_consultation14,257.192,258.01,1
pm_turn_day1_consultation14_doctor_068,test,turn_doctor,day1_consultation14,259.035,260.123,1
pm_turn_day1_consultation14_patient_043,test,turn_patient,day1_consultation14,259.226,268.305,1
pm_turn_day1_consultation14_doctor_070,test,turn_doctor,day1_consultation14,263.675,264.737,1
pm_turn_day1_consultation14_doctor_072,test,turn_doctor,day1_consultation14,267.952,275.07,1
pm_turn_day1_consultation14_patient_045,test,turn_patient,day1_consultation14,272.154,278.592,1
pm_turn_day1_consultation14_doctor_074,test,turn_doctor,day1_consultation14,278.146,287.165,1
pm_turn_day1_consultation14_patient_047,test,turn_patient,day1_consultation14,280.605,282.445,1
pm_turn_day1_consultation14_patient_049,test,turn_patient,day1_consultation14,287.836,289.466,1
pm_turn_day1_consultation14_doctor_076,test,turn_doctor,day1_consultation14,288.805,291.94,1
pm_turn_day1_consultation14_patient_051,test,turn_patient,day1_consultation14,291.904,297.593,1
pm_turn_day1_consultation14_doctor_078,test,turn_doctor,day1_consultation14,294.385,295.912,1
pm_turn_day1_consultation14_doctor_080,test,turn_doctor,day1_consultation14,297.562,305.248,1
pm_turn_day1_consultation14_patient_053,test,turn_patient,day1_consultation14,304.573,311.956,1
pm_turn_day1_consultation14_doctor_082,test,turn_doctor,day1_consultation14,308.245,309.035,1
pm_turn_day1_consultation14_doctor_084,test,turn_doctor,day1_consultation14,311.132,314.903,1
pm_turn_day1_consultation14_patient_055,test,turn_patient,day1_consultation14,314.369,316.215,1
pm_turn_day1_consultation14_doctor_087,test,turn_doctor,day1_consultation14,316.059,320.435,1
pm_turn_day1_consultation14_patient_057,test,turn_patient,day1_consultation14,320.609,325.082,1
pm_turn_day1_consultation14_doctor_089,test,turn_doctor,day1_consultation14,324.489,331.949,1
pm_turn_day1_consultation14_patient_059,test,turn_patient,day1_consultation14,331.06,334.572,1
pm_turn_day1_consultation14_patient_060,test,turn_patient,day1_consultation14,334.372,344.515,1
pm_turn_day1_consultation14_doctor_093,test,turn_doctor,day1_consultation14,343.852,349.381,1
pm_turn_day1_consultation14_patient_062,test,turn_patient,day1_consultation14,349.504,351.754,1
pm_turn_day1_consultation14_doctor_095,test,turn_doctor,day1_consultation14,351.273,355.894,1
pm_turn_day1_consultation14_patient_064,test,turn_patient,day1_consultation14,355.447,366.626,1
pm_turn_day1_consultation14_doctor_097,test,turn_doctor,day1_consultation14,362.226,364.445,1
pm_turn_day1_consultation14_doctor_099,test,turn_doctor,day1_consultation14,366.244,371.851,1
pm_turn_day1_consultation14_patient_068,test,turn_patient,day1_consultation14,372.333,386.991,1
pm_turn_day1_consultation14_doctor_101,test,turn_doctor,day1_consultation14,378.264,379.464,1
pm_turn_day1_consultation14_doctor_105,test,turn_doctor,day1_consultation14,386.58,389.431,1
pm_turn_day1_consultation14_patient_070,test,turn_patient,day1_consultation14,390.222,393.393,1
pm_turn_day1_consultation14_doctor_107,test,turn_doctor,day1_consultation14,393.367,399.978,1
pm_turn_day1_consultation14_patient_072,test,turn_patient,day1_consultation14,395.664,397.888,1
pm_turn_day1_consultation14_patient_074,test,turn_patient,day1_consultation14,398.788,403.687,1
pm_turn_day1_consultation14_doctor_109,test,turn_doctor,day1_consultation14,402.03,405.109,1
pm_turn_day1_consultation14_patient_076,test,turn_patient,day1_consultation14,405.999,414.378,1
pm_turn_day1_consultation14_doctor_111,test,turn_doctor,day1_consultation14,411.882,412.758,1
pm_turn_day1_consultation14_doctor_113,test,turn_doctor,day1_consultation14,414.173,415.702,1
pm_turn_day1_consultation14_patient_077,test,turn_patient,day1_consultation14,414.178,419.417,1
pm_turn_day1_consultation14_doctor_115,test,turn_doctor,day1_consultation14,417.799,427.156,1
pm_turn_day1_consultation14_doctor_116,test,turn_doctor,day1_consultation14,426.956,429.925,1
pm_turn_day1_consultation14_patient_079,test,turn_patient,day1_consultation14,430.053,434.029,1
pm_turn_day1_consultation14_doctor_118,test,turn_doctor,day1_consultation14,434.32,438.007,1
pm_turn_day1_consultation14_patient_081,test,turn_patient,day1_consultation14,438.875,452.334,1
pm_turn_day1_consultation14_doctor_120,test,turn_doctor,day1_consultation14,452.163,454.09,1
pm_turn_day1_consultation14_patient_083,test,turn_patient,day1_consultation14,454.594,456.515,1
pm_turn_day1_consultation14_doctor_122,test,turn_doctor,day1_consultation14,456.014,458.999,1
pm_turn_day1_consultation14_patient_085,test,turn_patient,day1_consultation14,459.374,462.504,1
pm_turn_day1_consultation14_doctor_124,test,turn_doctor,day1_consultation14,462.758,471.959,1
pm_turn_day1_consultation14_doctor_127,test,turn_doctor,day1_consultation14,472.659,479.603,1
pm_turn_day1_consultation14_patient_087,test,turn_patient,day1_consultation14,479.306,482.865,1
pm_turn_day1_consultation14_doctor_129,test,turn_doctor,day1_consultation14,481.419,495.107,1
pm_turn_day1_consultation14_doctor_130,test,turn_doctor,day1_consultation14,494.907,499.503,1
pm_turn_day1_consultation14_patient_089,test,turn_patient,day1_consultation14,500.657,501.577,1
pm_turn_day1_consultation14_doctor_132,test,turn_doctor,day1_consultation14,501.254,515.768,1
pm_turn_day1_consultation14_patient_091,test,turn_patient,day1_consultation14,503.29,503.955,1
pm_turn_day1_consultation14_doctor_133,test,turn_doctor,day1_consultation14,515.568,521.33,1
pm_turn_day1_consultation14_doctor_134,test,turn_doctor,day1_consultation14,521.13,530.545,1
pm_turn_day1_consultation14_patient_093,test,turn_patient,day1_consultation14,530.473,535.842,1
pm_turn_day1_consultation14_doctor_136,test,turn_doctor,day1_consultation14,535.13,540.933,1
pm_turn_day1_consultation14_doctor_137,test,turn_doctor,day1_consultation14,540.733,545.818,1
pm_turn_day1_consultation14_doctor_138,test,turn_doctor,day1_consultation14,545.618,551.975,1
pm_turn_day1_consultation14_doctor_139,test,turn_doctor,day1_consultation14,551.775,563.752,1
pm_turn_day1_consultation14_patient_095,test,turn_patient,day1_consultation14,562.938,565.951,1
pm_turn_day1_consultation14_doctor_141,test,turn_doctor,day1_consultation14,565.543,580.529,1
pm_turn_day1_consultation14_doctor_142,test,turn_doctor,day1_consultation14,580.329,585.289,1
pm_turn_day1_consultation14_patient_097,test,turn_patient,day1_consultation14,586.006,588.736,1
pm_turn_day1_consultation14_doctor_144,test,turn_doctor,day1_consultation14,587.502,593.859,1
pm_turn_day1_consultation14_patient_099,test,turn_patient,day1_consultation14,593.73,596.073,1
pm_turn_day1_consultation14_doctor_146,test,turn_doctor,day1_consultation14,595.686,598.013,1
pm_turn_day1_consultation14_patient_101,test,turn_patient,day1_consultation14,598.151,600.456,1
pm_turn_day1_consultation14_doctor_148,test,turn_doctor,day1_consultation14,598.784,602.024,1
pm_turn_day1_consultation14_patient_103,test,turn_patient,day1_consultation14,601.696,603.306,1
pm_turn_day1_consultation15_doctor_001,recalibration,turn_doctor,day1_consultation15,2.698,3.823,1
pm_turn_day1_consultation15_patient_001,recalibration,turn_patient,day1_consultation15,4.028,4.89,1
pm_turn_day1_consultation15_doctor_003,recalibration,turn_doctor,day1_consultation15,4.846,6.062,1
pm_turn_day1_consultation15_patient_003,recalibration,turn_patient,day1_consultation15,6.317,7.159,1
pm_turn_day1_consultation15_doctor_005,recalibration,turn_doctor,day1_consultation15,7.125,12.155,1
pm_turn_day1_consultation15_patient_005,recalibration,turn_patient,day1_consultation15,12.471,18.839,1
pm_turn_day1_consultation15_doctor_007,recalibration,turn_doctor,day1_consultation15,18.478,21.953,1
pm_turn_day1_consultation15_patient_007,recalibration,turn_patient,day1_consultation15,22.577,31.417,1
pm_turn_day1_consultation15_doctor_009,recalibration,turn_doctor,day1_consultation15,31.166,33.926,1
pm_turn_day1_consultation15_patient_009,recalibration,turn_patient,day1_consultation15,34.392,39.149,1
pm_turn_day1_consultation15_doctor_011,recalibration,turn_doctor,day1_consultation15,38.763,47.642,1
pm_turn_day1_consultation15_patient_011,recalibration,turn_patient,day1_consultation15,41.196,42.396,1
pm_turn_day1_consultation15_patient_013,recalibration,turn_patient,day1_consultation15,48.227,61.057,1
pm_turn_day1_consultation15_doctor_013,recalibration,turn_doctor,day1_consultation15,60.57,62.899,1
pm_turn_day1_consultation15_patient_016,recalibration,turn_patient,day1_consultation15,62.171,64.634,1
pm_turn_day1_consultation15_doctor_015,recalibration,turn_doctor,day1_consultation15,64.249,71.853,1
pm_turn_day1_consultation15_patient_018,recalibration,turn_patient,day1_consultation15,72.197,80.984,1
pm_turn_day1_consultation15_doctor_017,recalibration,turn_doctor,day1_consultation15,80.68,87.963,1
pm_turn_day1_consultation15_patient_020,recalibration,turn_patient,day1_consultation15,87.846,91.727,1
pm_turn_day1_consultation15_doctor_019,recalibration,turn_doctor,day1_consultation15,89.79,96.688,1
pm_turn_day1_consultation15_patient_022,recalibration,turn_patient,day1_consultation15,96.64,101.005,1
pm_turn_day1_consultation15_doctor_021,recalibration,turn_doctor,day1_consultation15,101.671,104.11,1
pm_turn_day1_consultation15_patient_024,recalibration,turn_patient,day1_consultation15,104.619,110.212,1
pm_turn_day1_consultation15_doctor_023,recalibration,turn_doctor,day1_consultation15,108.066,112.844,1
pm_turn_day1_consultation15_patient_026,recalibration,turn_patient,day1_consultation15,112.609,119.511,1
pm_turn_day1_consultation15_doctor_025,recalibration,turn_doctor,day1_consultation15,119.103,125.651,1
pm_turn_day1_consultation15_doctor_026,recalibration,turn_doctor,day1_consultation15,125.451,133.642,1
pm_turn_day1_consultation15_patient_028,recalibration,turn_patient,day1_consultation15,133.234,134.468,1
pm_turn_day1_consultation15_doctor_027,recalibration,turn_doctor,day1_consultation15,133.442,136.789,1
pm_turn_day1_consultation15_doctor_028,recalibration,turn_doctor,day1_consultation15,136.589,146.119,1
pm_turn_day1_consultation15_patient_030,recalibration,turn_patient,day1_consultation15,146.497,152.513,1
pm_turn_day1_consultation15_patient_031,recalibration,turn_patient,day1_consultation15,152.313,164.288,1
pm_turn_day1_consultation15_doctor_032,recalibration,turn_doctor,day1_consultation15,156.13,158.596,1
pm_turn_day1_consultation15_doctor_034,recalibration,turn_doctor,day1_consultation15,162.745,164.22,1
pm_turn_day1_consultation15_patient_032,recalibration,turn_patient,day1_consultation15,164.088,170.388,1
pm_turn_day1_consultation15_doctor_036,recalibration,turn_doctor,day1_consultation15,170.305,174.933,1
pm_turn_day1_consultation15_doctor_037,recalibration,turn_doctor,day1_consultation15,174.733,181.651,1
pm_turn_day1_consultation15_patient_034,recalibration,turn_patient,day1_consultation15,181.652,185.429,1
pm_turn_day1_consultation15_doctor_039,recalibration,turn_doctor,day1_consultation15,183.427,187.853,1
pm_turn_day1_consultation15_patient_036,recalibration,turn_patient,day1_consultation15,187.889,194.389,1
pm_turn_day1_consultation15_doctor_041,recalibration,turn_doctor,day1_consultation15,190.956,192.447,1
pm_turn_day1_consultation15_doctor_043,recalibration,turn_doctor,day1_consultation15,194.325,196.513,1
pm_turn_day1_consultation15_patient_039,recalibration,turn_patient,day1_consultation15,195.418,197.586,1
pm_turn_day1_consultation15_doctor_045,recalibration,turn_doctor,day1_consultation15,197.321,207.101,1
pm_turn_day1_consultation15_patient_041,recalibration,turn_patient,day1_consultation15,207.301,208.831,1
pm_turn_day1_consultation15_doctor_047,recalibration,turn_doctor,day1_consultation15,208.761,210.925,1
pm_turn_day1_consultation15_patient_043,recalibration,turn_patient,day1_consultation15,210.879,212.079,1
pm_turn_day1_consultation15_doctor_049,recalibration,turn_doctor,day1_consultation15,212.073,213.954,1
pm_turn_day1_consultation15_patient_045,recalibration,turn_patient,day1_consultation15,214.167,215.367,1
pm_turn_day1_consultation15_doctor_051,recalibration,turn_doctor,day1_consultation15,215.206,218.145,1
pm_turn_day1_consultation15_patient_047,recalibration,turn_patient,day1_consultation15,218.528,219.728,1
pm_turn_day1_consultation15_doctor_054,recalibration,turn_doctor,day1_consultation15,219.395,224.647,1
pm_turn_day1_consultation15_patient_049,recalibration,turn_patient,day1_consultation15,224.436,226.512,1
pm_turn_day1_consultation15_doctor_057,recalibration,turn_doctor,day1_consultation15,226.346,236.046,1
pm_turn_day1_consultation15_patient_051,recalibration,turn_patient,day1_consultation15,236.694,238.44,1
pm_turn_day1_consultation15_doctor_059,recalibration,turn_doctor,day1_consultation15,238.679,240.839,1
pm_turn_day1_consultation15_patient_053,recalibration,turn_patient,day1_consultation15,241.054,242.254,1
pm_turn_day1_consultation15_doctor_061,recalibration,turn_doctor,day1_consultation15,242.727,244.83,1
pm_turn_day1_consultation15_patient_055,recalibration,turn_patient,day1_consultation15,245.426,247.677,1
pm_turn_day1_consultation15_doctor_063,recalibration,turn_doctor,day1_consultation15,247.541,249.257,1
pm_turn_day1_consultation15_patient_057,recalibration,turn_patient,day1_consultation15,250.147,251.347,1
pm_turn_day1_consultation15_doctor_065,recalibration,turn_doctor,day1_consultation15,250.7,253.689,1
pm_turn_day1_consultation15_patient_059,recalibration,turn_patient,day1_consultation15,253.467,256.203,1
pm_turn_day1_consultation15_doctor_067,recalibration,turn_doctor,day1_consultation15,255.966,258.74,1
pm_turn_day1_consultation15_doctor_069,recalibration,turn_doctor,day1_consultation15,260.289,266.138,1
pm_turn_day1_consultation15_patient_063,recalibration,turn_patient,day1_consultation15,266.116,267.316,1
pm_turn_day1_consultation15_doctor_071,recalibration,turn_doctor,day1_consultation15,267.746,272.34,1
pm_turn_day1_consultation15_patient_065,recalibration,turn_patient,day1_consultation15,272.735,274.646,1
pm_turn_day1_consultation15_doctor_073,recalibration,turn_doctor,day1_consultation15,274.516,279.001,1
pm_turn_day1_consultation15_patient_067,recalibration,turn_patient,day1_consultation15,275.89,276.966,1
pm_turn_day1_consultation15_patient_069,recalibration,turn_patient,day1_consultation15,279.673,281.791,1
pm_turn_day1_consultation15_doctor_075,recalibration,turn_doctor,day1_consultation15,281.626,284.569,1
pm_turn_day1_consultation15_patient_071,recalibration,turn_patient,day1_consultation15,285.282,288.214,1
pm_turn_day1_consultation15_doctor_077,recalibration,turn_doctor,day1_consultation15,287.516,291.368,1
pm_turn_day1_consultation15_doctor_078,recalibration,turn_doctor,day1_consultation15,291.168,298.845,1
pm_turn_day1_consultation15_patient_073,recalibration,turn_patient,day1_consultation15,294.952,295.977,1
pm_turn_day1_consultation15_doctor_079,recalibration,turn_doctor,day1_consultation15,298.645,307.56,1
pm_turn_day1_consultation15_patient_075,recalibration,turn_patient,day1_consultation15,299.158,300.358,1
pm_turn_day1_consultation15_patient_077,recalibration,turn_patient,day1_consultation15,307.467,315.585,1
pm_turn_day1_consultation15_doctor_081,recalibration,turn_doctor,day1_consultation15,309.049,310.79,1
pm_turn_day1_consultation15_doctor_083,recalibration,turn_doctor,day1_consultation15,314.25,317.131,1
pm_turn_day1_consultation15_doctor_086,recalibration,turn_doctor,day1_consultation15,318.172,324.762,1
pm_turn_day1_consultation15_patient_079,recalibration,turn_patient,day1_consultation15,325.354,332.41,1
pm_turn_day1_consultation15_doctor_088,recalibration,turn_doctor,day1_consultation15,332.2,338.419,1
pm_turn_day1_consultation15_patient_081,recalibration,turn_patient,day1_consultation15,338.53,344.142,1
pm_turn_day1_consultation15_doctor_090,recalibration,turn_doctor,day1_consultation15,343.783,348.279,1
pm_turn_day1_consultation15_patient_083,recalibration,turn_patient,day1_consultation15,348.54,349.74,1
pm_turn_day1_consultation15_doctor_092,recalibration,turn_doctor,day1_consultation15,349.668,351.838,1
pm_turn_day1_consultation15_patient_085,recalibration,turn_patient,day1_consultation15,353.953,355.249,1
pm_turn_day1_consultation15_doctor_094,recalibration,turn_doctor,day1_consultation15,355.226,356.312,1
pm_turn_day1_consultation15_patient_087,recalibration,turn_patient,day1_consultation15,356.409,358.373,1
pm_turn_day1_consultation15_doctor_096,recalibration,turn_doctor,day1_consultation15,357.976,363.946,1
pm_turn_day1_consultation15_doctor_097,recalibration,turn_doctor,day1_consultation15,363.746,370.084,1
pm_turn_day1_consultation15_patient_089,recalibration,turn_patient,day1_consultation15,369.883,372.72,1
pm_turn_day1_consultation15_doctor_099,recalibration,turn_doctor,day1_consultation15,373.159,374.631,1
pm_turn_day1_consultation15_patient_091,recalibration,turn_patient,day1_consultation15,374.437,376.514,1
pm_turn_day1_consultation15_doctor_102,recalibration,turn_doctor,day1_consultation15,376.141,381.212,1
pm_turn_day1_consultation15_patient_093,recalibration,turn_patient,day1_consultation15,379.922,387.06,1
pm_turn_day1_consultation15_doctor_104,recalibration,turn_doctor,day1_consultation15,383.076,389.111,1
pm_turn_day1_consultation15_doctor_106,recalibration,turn_doctor,day1_consultation15,390.499,408.848,1
pm_turn_day1_consultation15_doctor_107,recalibration,turn_doctor,day1_consultation15,408.648,420.534,1
pm_turn_day1_consultation15_patient_095,recalibration,turn_patient,day1_consultation15,408.737,409.937,1
pm_turn_day1_consultation15_doctor_108,recalibration,turn_doctor,day1_consultation15,420.334,429.036,1
pm_turn_day1_consultation15_patient_097,recalibration,turn_patient,day1_consultation15,420.448,421.324,1
pm_turn_day1_consultation15_doctor_111,recalibration,turn_doctor,day1_consultation15,429.609,440.391,1
pm_turn_day1_consultation15_doctor_114,recalibration,turn_doctor,day1_consultation15,441.621,451.591,1
pm_turn_day1_consultation15_patient_103,recalibration,turn_patient,day1_consultation15,451.686,452.494,1
pm_turn_day1_consultation15_doctor_117,recalibration,turn_doctor,day1_consultation15,452.655,453.78,1
pm_turn_day1_consultation15_patient_105,recalibration,turn_patient,day1_consultation15,453.871,455.7,1
pm_turn_day1_consultation15_doctor_119,recalibration,turn_doctor,day1_consultation15,455.481,457.108,1
pm_turn_day1_consultation15_patient_107,recalibration,turn_patient,day1_consultation15,457.871,461.546,1
pm_turn_day1_consultation15_doctor_121,recalibration,turn_doctor,day1_consultation15,460.783,465.828,1
pm_turn_day1_consultation15_patient_109,recalibration,turn_patient,day1_consultation15,465.758,472.133,1
pm_turn_day1_consultation15_doctor_123,recalibration,turn_doctor,day1_consultation15,466.814,467.617,1
pm_turn_day1_consultation15_doctor_125,recalibration,turn_doctor,day1_consultation15,471.114,482.857,1
pm_turn_day1_consultation15_doctor_127,recalibration,turn_doctor,day1_consultation15,484.77,485.458,1
pm_turn_day1_consultation15_doctor_129,recalibration,turn_doctor,day1_consultation15,486.282,487.878,1
pm_turn_day1_consultation15_patient_111,recalibration,turn_patient,day1_consultation15,487.841,489.546,1
pm_turn_day1_consultation15_doctor_131,recalibration,turn_doctor,day1_consultation15,488.851,490.121,1
pm_turn_day1_consultation15_patient_113,recalibration,turn_patient,day1_consultation15,490.284,491.03,1
pm_turn_day2_consultation01_doctor_001,test,turn_doctor,day2_consultation01,1.213,3.413,1
pm_turn_day2_consultation01_doctor_003,test,turn_doctor,day2_consultation01,4.775,7.4,1
pm_turn_day2_consultation01_doctor_005,test,turn_doctor,day2_consultation01,9.175,11.413,1
pm_turn_day2_consultation01_patient_005,test,turn_patient,day2_consultation01,11.415,12.824,1
pm_turn_day2_consultation01_doctor_007,test,turn_doctor,day2_consultation01,12.605,19.59,1
pm_turn_day2_consultation01_patient_007,test,turn_patient,day2_consultation01,19.279,25.421,1
pm_turn_day2_consultation01_doctor_009,test,turn_doctor,day2_consultation01,25.019,29.761,1
pm_turn_day2_consultation01_patient_009,test,turn_patient,day2_consultation01,29.738,30.892,1
pm_turn_day2_consultation01_doctor_011,test,turn_doctor,day2_consultation01,30.561,36.218,1
pm_turn_day2_consultation01_patient_011,test,turn_patient,day2_consultation01,36.179,41.373,1
pm_turn_day2_consultation01_doctor_013,test,turn_doctor,day2_consultation01,41.364,43.848,1
pm_turn_day2_consultation01_patient_013,test,turn_patient,day2_consultation01,43.825,45.402,1
pm_turn_day2_consultation01_doctor_015,test,turn_doctor,day2_consultation01,45.302,50.12,1
pm_turn_day2_consultation01_patient_015,test,turn_patient,day2_consultation01,50.487,56.893,1
pm_turn_day2_consultation01_doctor_017,test,turn_doctor,day2_consultation01,56.55,64.367,1
pm_turn_day2_consultation01_patient_017,test,turn_patient,day2_consultation01,65.001,74.513,1
pm_turn_day2_consultation01_doctor_019,test,turn_doctor,day2_consultation01,74.255,81.048,1
pm_turn_day2_consultation01_patient_019,test,turn_patient,day2_consultation01,80.9,82.271,1
pm_turn_day2_consultation01_doctor_021,test,turn_doctor,day2_consultation01,82.094,84.159,1
pm_turn_day2_consultation01_patient_021,test,turn_patient,day2_consultation01,84.263,85.463,1
pm_turn_day2_consultation01_doctor_023,test,turn_doctor,day2_consultation01,85.625,91.899,1
pm_turn_day2_consultation01_patient_023,test,turn_patient,day2_consultation01,90.263,90.928,1
pm_turn_day2_consultation01_doctor_024,test,turn_doctor,day2_consultation01,91.699,97.122,1
pm_turn_day2_consultation01_patient_025,test,turn_patient,day2_consultation01,91.924,92.906,1
pm_turn_day2_consultation01_patient_027,test,turn_patient,day2_consultation01,97.134,104.955,1
pm_turn_day2_consultation01_doctor_026,test,turn_doctor,day2_consultation01,104.688,110.666,1
pm_turn_day2_consultation01_patient_029,test,turn_patient,day2_consultation01,110.758,112.15,1
pm_turn_day2_consultation01_doctor_028,test,turn_doctor,day2_consultation01,112.17,119.074,1
pm_turn_day2_consultation01_patient_033,test,turn_patient,day2_consultation01,119.484,123.257,1
pm_turn_day2_consultation01_doctor_030,test,turn_doctor,day2_consultation01,123.245,127.235,1
pm_turn_day2_consultation01_doctor_032,test,turn_doctor,day2_consultation01,128.06,133.248,1
pm_turn_day2_consultation01_patient_037,test,turn_patient,day2_consultation01,133.243,134.91,1
pm_turn_day2_consultation01_doctor_034,test,turn_doctor,day2_consultation01,134.653,143.866,1
pm_turn_day2_consultation01_doctor_035,test,turn_doctor,day2_consultation01,143.666,152.731,1
pm_turn_day2_consultation01_patient_039,test,turn_patient,day2_consultation01,143.98,144.605,1
pm_turn_day2_consultation01_doctor_036,test,turn_doctor,day2_consultation01,152.531,160.706,1
pm_turn_day2_consultation01_doctor_037,test,turn_doctor,day2_consultation01,160.506,167.941,1
pm_turn_day2_consultation01_doctor_038,test,turn_doctor,day2_consultation01,167.741,176.053,1
pm_turn_day2_consultation01_doctor_039,test,turn_doctor,day2_consultation01,175.853,182.918,1
pm_turn_day2_consultation01_doctor_040,test,turn_doctor,day2_consultation01,182.718,191.013,1
pm_turn_day2_consultation01_doctor_041,test,turn_doctor,day2_consultation01,190.813,200.227,1
pm_turn_day2_consultation01_patient_041,test,turn_patient,day2_consultation01,194.101,194.715,1
pm_turn_day2_consultation01_patient_043,test,turn_patient,day2_consultation01,198.303,198.928,1
pm_turn_day2_consultation01_patient_045,test,turn_patient,day2_consultation01,200.879,211.645,1
pm_turn_day2_consultation01_doctor_045,test,turn_doctor,day2_consultation01,211.695,215.87,1
pm_turn_day2_consultation01_patient_049,test,turn_patient,day2_consultation01,216.152,216.756,1
pm_turn_day2_consultation01_doctor_047,test,turn_doctor,day2_consultation01,216.485,219.167,1
pm_turn_day2_consultation01_doctor_049,test,turn_doctor,day2_consultation01,220.028,228.809,1
pm_turn_day2_consultation01_doctor_050,test,turn_doctor,day2_consultation01,228.609,235.501,1
pm_turn_day2_consultation01_doctor_051,test,turn_doctor,day2_consultation01,235.301,240.452,1
pm_turn_day2_consultation01_patient_053,test,turn_patient,day2_consultation01,238.97,246.382,1
pm_turn_day2_consultation01_doctor_053,test,turn_doctor,day2_consultation01,244.869,250.662,1
pm_turn_day2_consultation01_patient_055,test,turn_patient,day2_consultation01,249.273,249.887,1
pm_turn_day2_consultation01_doctor_054,test,turn_doctor,day2_consultation01,250.462,256.786,1
pm_turn_day2_consultation01_patient_057,test,turn_patient,day2_consultation01,255.707,256.352,1
pm_turn_day2_consultation01_doctor_055,test,turn_doctor,day2_consultation01,256.586,264.917,1
pm_turn_day2_consultation01_doctor_056,test,turn_doctor,day2_consultation01,264.717,271.986,1
pm_turn_day2_consultation01_doctor_057,test,turn_doctor,day2_consultation01,271.786,279.636,1
pm_turn_day2_consultation01_patient_059,test,turn_patient,day2_consultation01,275.313,275.978,1
pm_turn_day2_consultation01_patient_061,test,turn_patient,day2_consultation01,279.374,280.038,1
pm_turn_day2_consultation01_doctor_058,test,turn_doctor,day2_consultation01,279.436,286.455,1
pm_turn_day2_consultation01_doctor_059,test,turn_doctor,day2_consultation01,286.255,294.843,1
pm_turn_day2_consultation01_doctor_060,test,turn_doctor,day2_consultation01,294.643,298.949,1
pm_turn_day2_consultation01_doctor_061,test,turn_doctor,day2_consultation01,298.749,304.777,1
pm_turn_day2_consultation01_patient_063,test,turn_patient,day2_consultation01,302.606,303.25,1
pm_turn_day2_consultation01_patient_065,test,turn_patient,day2_consultation01,304.707,305.816,1
pm_turn_day2_consultation01_doctor_063,test,turn_doctor,day2_consultation01,305.75,313.58,1
pm_turn_day2_consultation01_patient_067,test,turn_patient,day2_consultation01,313.626,314.705,1
pm_turn_day2_consultation01_doctor_065,test,turn_doctor,day2_consultation01,314.568,322.777,1
pm_turn_day2_consultation01_patient_069,test,turn_patient,day2_consultation01,322.939,323.604,1
pm_turn_day2_consultation01_doctor_067,test,turn_doctor,day2_consultation01,323.874,327.247,1
pm_turn_day2_consultation01_patient_071,test,turn_patient,day2_consultation01,325.384,327.113,1
pm_turn_day2_consultation02_doctor_001,test,turn_doctor,day2_consultation02,0.765,2.784,1
pm_turn_day2_consultation02_patient_001,test,turn_patient,day2_consultation02,2.689,4.241,1
pm_turn_day2_consultation02_doctor_003,test,turn_doctor,day2_consultation02,3.998,7.641,1
pm_turn_day2_consultation02_patient_003,test,turn_patient,day2_consultation02,7.509,8.941,1
pm_turn_day2_consultation02_doctor_005,test,turn_doctor,day2_consultation02,8.787,13.273,1
pm_turn_day2_consultation02_patient_005,test,turn_patient,day2_consultation02,13.517,22.115,1
pm_turn_day2_consultation02_doctor_007,test,turn_doctor,day2_consultation02,21.998,27.017,1
pm_turn_day2_consultation02_patient_007,test,turn_patient,day2_consultation02,26.946,28.796,1
pm_turn_day2_consultation02_doctor_009,test,turn_doctor,day2_consultation02,27.682,35.002,1
pm_turn_day2_consultation02_patient_009,test,turn_patient,day2_consultation02,35.147,45.923,1
pm_turn_day2_consultation02_patient_010,test,turn_patient,day2_consultation02,45.723,52.756,1
pm_turn_day2_consultation02_patient_011,test,turn_patient,day2_consultation02,52.556,64.338,1
pm_turn_day2_consultation02_doctor_011,test,turn_doctor,day2_consultation02,52.998,53.988,1
pm_turn_day2_consultation02_doctor_013,test,turn_doctor,day2_consultation02,63.141,66.145,1
pm_turn_day2_consultation02_patient_013,test,turn_patient,day2_consultation02,64.852,68.536,1
pm_turn_day2_consultation02_doctor_015,test,turn_doctor,day2_consultation02,68.066,71.348,1
pm_turn_day2_consultation02_patient_015,test,turn_patient,day2_consultation02,71.404,75.55,1
pm_turn_day2_consultation02_doctor_017,test,turn_doctor,day2_consultation02,75.013,79.785,1
pm_turn_day2_consultation02_patient_017,test,turn_patient,day2_consultation02,80.017,94.883,1
pm_turn_day2_consultation02_doctor_019,test,turn_doctor,day2_consultation02,92.773,99.92,1
pm_turn_day2_consultation02_patient_019,test,turn_patient,day2_consultation02,100.007,105.623,1
pm_turn_day2_consultation02_doctor_021,test,turn_doctor,day2_consultation02,103.69,108.243,1
pm_turn_day2_consultation02_patient_021,test,turn_patient,day2_consultation02,108.495,116.563,1
pm_turn_day2_consultation02_doctor_023,test,turn_doctor,day2_consultation02,117.231,128.176,1
pm_turn_day2_consultation02_patient_023,test,turn_patient,day2_consultation02,128.14,135.935,1
pm_turn_day2_consultation02_patient_024,test,turn_patient,day2_consultation02,135.735,142.663,1
pm_turn_day2_consultation02_doctor_025,test,turn_doctor,day2_consultation02,143.149,144.341,1
pm_turn_day2_consultation02_patient_026,test,turn_patient,day2_consultation02,143.621,145.261,1
pm_turn_day2_consultation02_doctor_027,test,turn_doctor,day2_consultation02,144.931,153.372,1
pm_turn_day2_consultation02_patient_028,test,turn_patient,day2_consultation02,153.544,156.247,1
pm_turn_day2_consultation02_doctor_029,test,turn_doctor,day2_consultation02,156.728,161.943,1
pm_turn_day2_consultation02_patient_030,test,turn_patient,day2_consultation02,160.958,164.193,1
pm_turn_day2_consultation02_doctor_031,test,turn_doctor,day2_consultation02,163.202,169.477,1
pm_turn_day2_consultation02_patient_032,test,turn_patient,day2_consultation02,169.616,171.144,1
pm_turn_day2_consultation02_doctor_033,test,turn_doctor,day2_consultation02,170.961,176.289,1
pm_turn_day2_consultation02_patient_036,test,turn_patient,day2_consultation02,178.852,191.189,1
pm_turn_day2_consultation02_doctor_035,test,turn_doctor,day2_consultation02,184.66,187.582,1
pm_turn_day2_consultation02_doctor_037,test,turn_doctor,day2_consultation02,188.826,193.063,1
pm_turn_day2_consultation02_patient_038,test,turn_patient,day2_consultation02,193.193,195.399,1
pm_turn_day2_consultation02_doctor_039,test,turn_doctor,day2_consultation02,194.021,194.845,1
pm_turn_day2_consultation02_doctor_041,test,turn_doctor,day2_consultation02,195.202,200.665,1
pm_turn_day2_consultation02_patient_040,test,turn_patient,day2_consultation02,200.661,201.885,1
pm_turn_day2_consultation02_doctor_043,test,turn_doctor,day2_consultation02,201.788,206.62,1
pm_turn_day2_consultation02_patient_042,test,turn_patient,day2_consultation02,205.525,217.392,1
pm_turn_day2_consultation02_doctor_045,test,turn_doctor,day2_consultation02,216.262,226.515,1
pm_turn_day2_consultation02_patient_044,test,turn_patient,day2_consultation02,226.236,227.653,1
pm_turn_day2_consultation02_doctor_047,test,turn_doctor,day2_consultation02,228.864,230.936,1
pm_turn_day2_consultation02_doctor_049,test,turn_doctor,day2_consultation02,232.841,239.909,1
pm_turn_day2_consultation02_doctor_050,test,turn_doctor,day2_consultation02,239.709,249.47,1
pm_turn_day2_consultation02_doctor_051,test,turn_doctor,day2_consultation02,249.27,254.44,1
pm_turn_day2_consultation02_patient_046,test,turn_patient,day2_consultation02,249.483,250.502,1
pm_turn_day2_consultation02_patient_048,test,turn_patient,day2_consultation02,255.236,257.045,1
pm_turn_day2_consultation02_doctor_053,test,turn_doctor,day2_consultation02,256.548,265.921,1
pm_turn_day2_consultation02_patient_050,test,turn_patient,day2_consultation02,266.86,276.712,1
pm_turn_day2_consultation02_doctor_055,test,turn_doctor,day2_consultation02,276.924,285.733,1
pm_turn_day2_consultation02_patient_052,test,turn_patient,day2_consultation02,286.237,291.016,1
pm_turn_day2_consultation02_doctor_057,test,turn_doctor,day2_consultation02,287.285,292.297,1
pm_turn_day2_consultation02_patient_054,test,turn_patient,day2_consultation02,292.613,293.784,1
pm_turn_day2_consultation02_doctor_059,test,turn_doctor,day2_consultation02,293.458,294.868,1
pm_turn_day2_consultation02_doctor_061,test,turn_doctor,day2_consultation02,295.999,301.658,1
pm_turn_day2_consultation02_doctor_062,test,turn_doctor,day2_consultation02,301.458,313.771,1
pm_turn_day2_consultation02_doctor_063,test,turn_doctor,day2_consultation02,313.571,321.357,1
pm_turn_day2_consultation02_patient_056,test,turn_patient,day2_consultation02,319.049,320.249,1
pm_turn_day2_consultation02_doctor_064,test,turn_doctor,day2_consultation02,321.157,329.77,1
pm_turn_day2_consultation02_patient_058,test,turn_patient,day2_consultation02,325.251,326.451,1
pm_turn_day2_consultation02_doctor_065,test,turn_doctor,day2_consultation02,329.57,341.227,1
pm_turn_day2_consultation02_doctor_066,test,turn_doctor,day2_consultation02,341.027,351.158,1
pm_turn_day2_consultation02_doctor_067,test,turn_doctor,day2_consultation02,350.958,356.921,1
pm_turn_day2_consultation02_patient_062,test,turn_patient,day2_consultation02,355.295,356.495,1
pm_turn_day2_consultation02_doctor_068,test,turn_doctor,day2_consultation02,356.721,364.223,1
pm_turn_day2_consultation02_patient_064,test,turn_patient,day2_consultation02,363.73,367.858,1
pm_turn_day2_consultation02_doctor_069,test,turn_doctor,day2_consultation02,364.023,374.331,1
pm_turn_day2_consultation02_doctor_070,test,turn_doctor,day2_consultation02,374.131,386.473,1
pm_turn_day2_consultation02_patient_066,test,turn_patient,day2_consultation02,374.353,375.698,1
pm_turn_day2_consultation02_doctor_071,test,turn_doctor,day2_consultation02,386.273,392.997,1
pm_turn_day2_consultation02_doctor_073,test,turn_doctor,day2_consultation02,393.797,402.786,1
pm_turn_day2_consultation02_doctor_075,test,turn_doctor,day2_consultation02,404.068,408.384,1
pm_turn_day2_consultation02_patient_070,test,turn_patient,day2_consultation02,404.334,405.278,1
pm_turn_day2_consultation02_doctor_076,test,turn_doctor,day2_consultation02,408.184,422.205,1
pm_turn_day2_consultation02_patient_072,test,turn_patient,day2_consultation02,421.789,423.134,1
pm_turn_day2_consultation02_doctor_077,test,turn_doctor,day2_consultation02,422.005,427.914,1
pm_turn_day2_consultation02_patient_074,test,turn_patient,day2_consultation02,427.369,436.221,1
pm_turn_day2_consultation02_doctor_079,test,turn_doctor,day2_consultation02,435.093,449.872,1
pm_turn_day2_consultation02_patient_076,test,turn_patient,day2_consultation02,438.064,439.264,1
pm_turn_day2_consultation02_patient_078,test,turn_patient,day2_consultation02,444.325,445.946,1
pm_turn_day2_consultation02_doctor_080,test,turn_doctor,day2_consultation02,449.672,461.971,1
pm_turn_day2_consultation02_patient_080,test,turn_patient,day2_consultation02,457.311,458.511,1
pm_turn_day2_consultation02_doctor_081,test,turn_doctor,day2_consultation02,461.771,465.433,1
pm_turn_day2_consultation02_patient_082,test,turn_patient,day2_consultation02,464.978,467.772,1
pm_turn_day2_consultation02_doctor_083,test,turn_doctor,day2_consultation02,467.331,470.381,1
pm_turn_day2_consultation02_patient_084,test,turn_patient,day2_consultation02,470.412,482.163,1
pm_turn_day2_consultation02_doctor_085,test,turn_doctor,day2_consultation02,478.121,480.366,1
pm_turn_day2_consultation02_doctor_087,test,turn_doctor,day2_consultation02,481.504,495.546,1
pm_turn_day2_consultation02_patient_086,test,turn_patient,day2_consultation02,485.224,486.089,1
pm_turn_day2_consultation02_patient_088,test,turn_patient,day2_consultation02,495.384,497.917,1
pm_turn_day2_consultation02_doctor_089,test,turn_doctor,day2_consultation02,496.196,499.415,1
pm_turn_day2_consultation02_doctor_090,test,turn_doctor,day2_consultation02,499.215,503.095,1
pm_turn_day2_consultation02_doctor_091,test,turn_doctor,day2_consultation02,502.895,517.028,1
pm_turn_day2_consultation02_patient_090,test,turn_patient,day2_consultation02,510.08,511.28,1
pm_turn_day2_consultation02_patient_092,test,turn_patient,day2_consultation02,516.847,524.149,1
pm_turn_day2_consultation02_doctor_093,test,turn_doctor,day2_consultation02,523.489,535.813,1
pm_turn_day2_consultation02_patient_096,test,turn_patient,day2_consultation02,534.602,537.671,1
pm_turn_day2_consultation02_doctor_095,test,turn_doctor,day2_consultation02,536.427,538.998,1
pm_turn_day2_consultation02_patient_098,test,turn_patient,day2_consultation02,538.712,539.506,1
pm_turn_day2_consultation03_patient_001,test,turn_patient,day2_consultation03,0.523,1.593,1
pm_turn_day2_consultation03_doctor_001,test,turn_doctor,day2_consultation03,1.339,3.075,1
pm_turn_day2_consultation03_patient_003,test,turn_patient,day2_consultation03,3.03,9.607,1
pm_turn_day2_consultation03_doctor_003,test,turn_doctor,day2_consultation03,3.519,7.859,1
pm_turn_day2_consultation03_doctor_005,test,turn_doctor,day2_consultation03,8.998,14.784,1
pm_turn_day2_consultation03_patient_005,test,turn_patient,day2_consultation03,14.687,22.676,1
pm_turn_day2_consultation03_doctor_007,test,turn_doctor,day2_consultation03,23.088,26.85,1
pm_turn_day2_consultation03_doctor_009,test,turn_doctor,day2_consultation03,27.243,31.094,1
pm_turn_day2_consultation03_patient_009,test,turn_patient,day2_consultation03,30.943,31.972,1
pm_turn_day2_consultation03_doctor_011,test,turn_doctor,day2_consultation03,31.562,35.122,1
pm_turn_day2_consultation03_patient_011,test,turn_patient,day2_consultation03,35.219,44.825,1
pm_turn_day2_consultation03_doctor_013,test,turn_doctor,day2_consultation03,44.81,48.957,1
pm_turn_day2_consultation03_patient_013,test,turn_patient,day2_consultation03,49.045,54.912,1
pm_turn_day2_consultation03_doctor_015,test,turn_doctor,day2_consultation03,54.81,59.107,1
pm_turn_day2_consultation03_patient_015,test,turn_patient,day2_consultation03,59.422,64.23,1
pm_turn_day2_consultation03_doctor_017,test,turn_doctor,day2_consultation03,64.486,72.476,1
pm_turn_day2_consultation03_patient_019,test,turn_patient,day2_consultation03,72.217,81.694,1
pm_turn_day2_consultation03_doctor_019,test,turn_doctor,day2_consultation03,81.103,88.661,1
pm_turn_day2_consultation03_patient_021,test,turn_patient,day2_consultation03,88.842,92.606,1
pm_turn_day2_consultation03_patient_023,test,turn_patient,day2_consultation03,93.455,97.716,1
pm_turn_day2_consultation03_doctor_025,test,turn_doctor,day2_consultation03,96.839,99.212,1
pm_turn_day2_consultation03_patient_025,test,turn_patient,day2_consultation03,98.825,100.85,1
pm_turn_day2_consultation03_doctor_027,test,turn_doctor,day2_consultation03,101.163,109.656,1
pm_turn_day2_consultation03_patient_027,test,turn_patient,day2_consultation03,109.419,111.607,1
pm_turn_day2_consultation03_doctor_029,test,turn_doctor,day2_consultation03,111.351,114.1,1
pm_turn_day2_consultation03_patient_029,test,turn_patient,day2_consultation03,114.306,115.23,1
pm_turn_day2_consultation03_doctor_031,test,turn_doctor,day2_consultation03,115.576,117.761,1
pm_turn_day2_consultation03_patient_031,test,turn_patient,day2_consultation03,118.089,119.134,1
pm_turn_day2_consultation03_doctor_033,test,turn_doctor,day2_consultation03,119.11,121.882,1
pm_turn_day2_consultation03_patient_033,test,turn_patient,day2_consultation03,122.267,123.752,1
pm_turn_day2_consultation03_doctor_035,test,turn_doctor,day2_consultation03,123.546,127.142,1
pm_turn_day2_consultation03_patient_035,test,turn_patient,day2_consultation03,127.668,137.332,1
pm_turn_day2_consultation03_doctor_037,test,turn_doctor,day2_consultation03,136.802,146.739,1
pm_turn_day2_consultation03_patient_037,test,turn_patient,day2_consultation03,146.827,149.172,1
pm_turn_day2_consultation03_doctor_039,test,turn_doctor,day2_consultation03,147.802,151.385,1
pm_turn_day2_consultation03_patient_039,test,turn_patient,day2_consultation03,151.819,154.71,1
pm_turn_day2_consultation03_doctor_041,test,turn_doctor,day2_consultation03,154.448,158.746,1
pm_turn_day2_consultation03_patient_041,test,turn_patient,day2_consultation03,159.045,160.549,1
pm_turn_day2_consultation03_doctor_043,test,turn_doctor,day2_consultation03,160.795,164.363,1
pm_turn_day2_consultation03_doctor_047,test,turn_doctor,day2_consultation03,166.781,170.009,1
pm_turn_day2_consultation03_patient_045,test,turn_patient,day2_consultation03,170.471,173.897,1
pm_turn_day2_consultation03_doctor_049,test,turn_doctor,day2_consultation03,171.952,181.092,1
pm_turn_day2_consultation03_patient_047,test,turn_patient,day2_consultation03,181.78,190.786,1
pm_turn_day2_consultation03_patient_048,test,turn_patient,day2_consultation03,190.586,199.23,1
pm_turn_day2_consultation03_patient_049,test,turn_patient,day2_consultation03,199.03,208.288,1
pm_turn_day2_consultation03_doctor_055,test,turn_doctor,day2_consultation03,206.982,212.415,1
pm_turn_day2_consultation03_patient_051,test,turn_patient,day2_consultation03,211.769,220.665,1
pm_turn_day2_consultation03_doctor_057,test,turn_doctor,day2_consultation03,220.162,224.009,1
pm_turn_day2_consultation03_patient_053,test,turn_patient,day2_consultation03,223.987,226.535,1
pm_turn_day2_consultation03_doctor_059,test,turn_doctor,day2_consultation03,226.26,229.302,1
pm_turn_day2_consultation03_patient_055,test,turn_patient,day2_consultation03,229.204,231.288,1
pm_turn_day2_consultation03_doctor_061,test,turn_doctor,day2_consultation03,230.2,234.077,1
pm_turn_day2_consultation03_patient_057,test,turn_patient,day2_consultation03,233.798,234.76,1
pm_turn_day2_consultation03_doctor_063,test,turn_doctor,day2_consultation03,234.598,237.979,1
pm_turn_day2_consultation03_patient_059,test,turn_patient,day2_consultation03,238.074,239.969,1
pm_turn_day2_consultation03_doctor_065,test,turn_doctor,day2_consultation03,239.974,248.144,1
pm_turn_day2_consultation03_patient_061,test,turn_patient,day2_consultation03,248.199,255.013,1
pm_turn_day2_consultation03_doctor_067,test,turn_doctor,day2_consultation03,251.967,253.272,1
pm_turn_day2_consultation03_doctor_069,test,turn_doctor,day2_consultation03,254.892,262.031,1
pm_turn_day2_consultation03_patient_063,test,turn_patient,day2_consultation03,262.088,274.848,1
pm_turn_day2_consultation03_patient_064,test,turn_patient,day2_consultation03,274.648,280.462,1
pm_turn_day2_consultation03_doctor_071,test,turn_doctor,day2_consultation03,280.937,290.938,1
pm_turn_day2_consultation03_patient_066,test,turn_patient,day2_consultation03,284.624,286.303,1
pm_turn_day2_consultation03_patient_068,test,turn_patient,day2_consultation03,291.479,294.926,1
pm_turn_day2_consultation03_doctor_073,test,turn_doctor,day2_consultation03,294.628,298.33,1
pm_turn_day2_consultation03_patient_070,test,turn_patient,day2_consultation03,298.103,299.694,1
pm_turn_day2_consultation03_doctor_075,test,turn_doctor,day2_consultation03,299.507,306.558,1
pm_turn_day2_consultation03_patient_072,test,turn_patient,day2_consultation03,306.856,322.057,1
pm_turn_day2_consultation03_doctor_079,test,turn_doctor,day2_consultation03,321.857,324.189,1
pm_turn_day2_consultation03_doctor_081,test,turn_doctor,day2_consultation03,325.342,328.362,1
pm_turn_day2_consultation03_patient_074,test,turn_patient,day2_consultation03,326.571,334.064,1
pm_turn_day2_consultation03_patient_075,test,turn_patient,day2_consultation03,333.864,341.237,1
pm_turn_day2_consultation03_patient_076,test,turn_patient,day2_consultation03,341.037,351.056,1
pm_turn_day2_consultation03_doctor_087,test,turn_doctor,day2_consultation03,348.681,357.386,1
pm_turn_day2_consultation03_doctor_088,test,turn_doctor,day2_consultation03,357.186,367.851,1
pm_turn_day2_consultation03_patient_080,test,turn_patient,day2_consultation03,363.204,364.332,1
pm_turn_day2_consultation03_doctor_089,test,turn_doctor,day2_consultation03,367.651,377.457,1
pm_turn_day2_consultation03_patient_082,test,turn_patient,day2_consultation03,372.175,372.795,1
pm_turn_day2_consultation03_patient_084,test,turn_patient,day2_consultation03,375.798,376.819,1
pm_turn_day2_consultation03_doctor_091,test,turn_doctor,day2_consultation03,378.117,387.978,1
pm_turn_day2_consultation03_patient_086,test,turn_patient,day2_consultation03,383.929,385.129,1
pm_turn_day2_consultation03_doctor_092,test,turn_doctor,day2_consultation03,387.778,402.243,1
pm_turn_day2_consultation03_patient_088,test,turn_patient,day2_consultation03,387.972,388.933,1
pm_turn_day2_consultation03_doctor_093,test,turn_doctor,day2_consultation03,402.043,411.406,1
pm_turn_day2_consultation03_patient_092,test,turn_patient,day2_consultation03,402.127,403.008,1
pm_turn_day2_consultation03_doctor_094,test,turn_doctor,day2_consultation03,411.206,423.926,1
pm_turn_day2_consultation03_patient_096,test,turn_patient,day2_consultation03,416.668,417.868,1
pm_turn_day2_consultation03_patient_098,test,turn_patient,day2_consultation03,423.465,424.665,1
pm_turn_day2_consultation03_doctor_095,test,turn_doctor,day2_consultation03,423.726,434.79,1
pm_turn_day2_consultation03_patient_100,test,turn_patient,day2_consultation03,429.189,430.48,1
pm_turn_day2_consultation03_patient_102,test,turn_patient,day2_consultation03,431.43,432.175,1
pm_turn_day2_consultation03_patient_104,test,turn_patient,day2_consultation03,434.204,435.802,1
pm_turn_day2_consultation03_doctor_097,test,turn_doctor,day2_consultation03,435.587,442.542,1
pm_turn_day2_consultation03_patient_106,test,turn_patient,day2_consultation03,442.421,445.244,1
pm_turn_day2_consultation03_doctor_099,test,turn_doctor,day2_consultation03,444.876,447.346,1
pm_turn_day2_consultation03_patient_108,test,turn_patient,day2_consultation03,447.305,448.505,1
pm_turn_day2_consultation03_doctor_101,test,turn_doctor,day2_consultation03,448.004,448.918,1
pm_turn_day2_consultation04_doctor_001,test,turn_doctor,day2_consultation04,0.999,2.623,1
pm_turn_day2_consultation04_patient_001,test,turn_patient,day2_consultation04,2.592,3.747,1
pm_turn_day2_consultation04_doctor_003,test,turn_doctor,day2_consultation04,3.807,7.259,1
pm_turn_day2_consultation04_patient_003,test,turn_patient,day2_consultation04,7.283,8.717,1
pm_turn_day2_consultation04_doctor_005,test,turn_doctor,day2_consultation04,8.701,12.736,1
pm_turn_day2_consultation04_patient_005,test,turn_patient,day2_consultation04,13.148,19.371,1
pm_turn_day2_consultation04_patient_007,test,turn_patient,day2_consultation04,20.204,23.697,1
pm_turn_day2_consultation04_doctor_007,test,turn_doctor,day2_consultation04,20.748,22.262,1
pm_turn_day2_consultation04_doctor_009,test,turn_doctor,day2_consultation04,22.652,27.478,1
pm_turn_day2_consultation04_patient_009,test,turn_patient,day2_consultation04,28.028,35.002,1
pm_turn_day2_consultation04_doctor_013,test,turn_doctor,day2_consultation04,34.006,39.014,1
pm_turn_day2_consultation04_patient_011,test,turn_patient,day2_consultation04,39.096,39.935,1
pm_turn_day2_consultation04_doctor_015,test,turn_doctor,day2_consultation04,39.88,45.047,1
pm_turn_day2_consultation04_patient_013,test,turn_patient,day2_consultation04,45.269,48.807,1
pm_turn_day2_consultation04_patient_015,test,turn_patient,day2_consultation04,49.607,56.491,1
pm_turn_day2_consultation04_doctor_017,test,turn_doctor,day2_consultation04,56.583,60.444,1
pm_turn_day2_consultation04_patient_017,test,turn_patient,day2_consultation04,61.239,63.371,1
pm_turn_day2_consultation04_doctor_019,test,turn_doctor,day2_consultation04,63.704,68.418,1
pm_turn_day2_consultation04_patient_019,test,turn_patient,day2_consultation04,69.284,78.416,1
pm_turn_day2_consultation04_doctor_025,test,turn_doctor,day2_consultation04,78.642,79.695,1
pm_turn_day2_consultation04_patient_021,test,turn_patient,day2_consultation04,78.938,80.649,1
pm_turn_day2_consultation04_doctor_027,test,turn_doctor,day2_consultation04,80.485,88.213,1
pm_turn_day2_consultation04_patient_023,test,turn_patient,day2_consultation04,88.893,97.156,1
pm_turn_day2_consultation04_doctor_031,test,turn_doctor,day2_consultation04,97.271,103.385,1
pm_turn_day2_consultation04_patient_027,test,turn_patient,day2_consultation04,103.043,111.01,1
pm_turn_day2_consultation04_doctor_033,test,turn_doctor,day2_consultation04,104.246,106.472,1
pm_turn_day2_consultation04_patient_028,test,turn_patient,day2_consultation04,110.81,116.068,1
pm_turn_day2_consultation04_patient_029,test,turn_patient,day2_consultation04,115.868,123.766,1
pm_turn_day2_consultation04_doctor_037,test,turn_doctor,day2_consultation04,122.615,130.71,1
pm_turn_day2_consultation04_patient_031,test,turn_patient,day2_consultation04,131.276,135.672,1
pm_turn_day2_consultation04_doctor_039,test,turn_doctor,day2_consultation04,135.39,146.362,1
pm_turn_day2_consultation04_patient_033,test,turn_patient,day2_consultation04,141.087,141.824,1
pm_turn_day2_consultation04_patient_035,test,turn_patient,day2_consultation04,146.9,152.138,1
pm_turn_day2_consultation04_doctor_041,test,turn_doctor,day2_consultation04,150.261,158.107,1
pm_turn_day2_consultation04_patient_037,test,turn_patient,day2_consultation04,158.509,159.672,1
pm_turn_day2_consultation04_doctor_043,test,turn_doctor,day2_consultation04,159.701,161.663,1
pm_turn_day2_consultation04_patient_039,test,turn_patient,day2_consultation04,162.141,165.484,1
pm_turn_day2_consultation04_doctor_045,test,turn_doctor,day2_consultation04,165.443,168.928,1
pm_turn_day2_consultation04_patient_041,test,turn_patient,day2_consultation04,169.344,170.544,1
pm_turn_day2_consultation04_doctor_047,test,turn_doctor,day2_consultation04,170.324,172.623,1
pm_turn_day2_consultation04_patient_043,test,turn_patient,day2_consultation04,172.667,173.717,1
pm_turn_day2_consultation04_doctor_049,test,turn_doctor,day2_consultation04,173.536,175.425,1
pm_turn_day2_consultation04_patient_045,test,turn_patient,day2_consultation04,175.607,176.589,1
pm_turn_day2_consultation04_doctor_051,test,turn_doctor,day2_consultation04,176.456,182.217,1
pm_turn_day2_consultation04_patient_049,test,turn_patient,day2_consultation04,182.307,186.965,1
pm_turn_day2_consultation04_doctor_053,test,turn_doctor,day2_consultation04,186.628,189.915,1
pm_turn_day2_consultation04_patient_051,test,turn_patient,day2_consultation04,190.577,193.213,1
pm_turn_day2_consultation04_doctor_055,test,turn_doctor,day2_consultation04,193.178,197.822,1
pm_turn_day2_consultation04_patient_053,test,turn_patient,day2_consultation04,197.961,198.898,1
pm_turn_day2_consultation04_doctor_057,test,turn_doctor,day2_consultation04,199.172,202.875,1
pm_turn_day2_consultation04_patient_055,test,turn_patient,day2_consultation04,203.036,203.965,1
pm_turn_day2_consultation04_doctor_059,test,turn_doctor,day2_consultation04,203.993,205.743,1
pm_turn_day2_consultation04_patient_057,test,turn_patient,day2_consultation04,206.261,207.055,1
pm_turn_day2_consultation04_doctor_061,test,turn_doctor,day2_consultation04,207.483,213.007,1
pm_turn_day2_consultation04_patient_059,test,turn_patient,day2_consultation04,213.352,214.582,1
pm_turn_day2_consultation04_doctor_063,test,turn_doctor,day2_consultation04,215.099,218.009,1
pm_turn_day2_consultation04_doctor_064,test,turn_doctor,day2_consultation04,217.809,225.413,1
pm_turn_day2_consultation04_doctor_065,test,turn_doctor,day2_consultation04,225.213,230.519,1
pm_turn_day2_consultation04_doctor_066,test,turn_doctor,day2_consultation04,230.319,236.848,1
pm_turn_day2_consultation04_doctor_068,test,turn_doctor,day2_consultation04,237.661,240.57,1
pm_turn_day2_consultation04_doctor_070,test,turn_doctor,day2_consultation04,240.969,247.91,1
pm_turn_day2_consultation04_patient_065,test,turn_patient,day2_consultation04,247.968,249.048,1
pm_turn_day2_consultation04_doctor_072,test,turn_doctor,day2_consultation04,248.74,250.832,1
pm_turn_day2_consultation04_patient_067,test,turn_patient,day2_consultation04,250.72,251.522,1
pm_turn_day2_consultation04_doctor_074,test,turn_doctor,day2_consultation04,251.455,258.153,1
pm_turn_day2_consultation04_doctor_076,test,turn_doctor,day2_consultation04,262.357,266.133,1
pm_turn_day2_consultation04_patient_069,test,turn_patient,day2_consultation04,266.465,267.341,1
pm_turn_day2_consultation04_doctor_078,test,turn_doctor,day2_consultation04,267.122,270.968,1
pm_turn_day2_consultation04_patient_071,test,turn_patient,day2_consultation04,271.374,273.77,1
pm_turn_day2_consultation04_patient_073,test,turn_patient,day2_consultation04,274.517,279.672,1
pm_turn_day2_consultation04_doctor_080,test,turn_doctor,day2_consultation04,280.913,289.715,1
pm_turn_day2_consultation04_doctor_081,test,turn_doctor,day2_consultation04,289.515,296.286,1
pm_turn_day2_consultation04_doctor_082,test,turn_doctor,day2_consultation04,296.086,300.984,1
pm_turn_day2_consultation04_doctor_084,test,turn_doctor,day2_consultation04,301.616,313.643,1
pm_turn_day2_consultation04_doctor_085,test,turn_doctor,day2_consultation04,313.443,318.421,1
pm_turn_day2_consultation04_doctor_086,test,turn_doctor,day2_consultation04,318.221,325.233,1
pm_turn_day2_consultation04_patient_079,test,turn_patient,day2_consultation04,323.927,326.364,1
pm_turn_day2_consultation04_doctor_088,test,turn_doctor,day2_consultation04,328.914,331.318,1
pm_turn_day2_consultation04_doctor_090,test,turn_doctor,day2_consultation04,331.455,335.99,1
pm_turn_day2_consultation04_doctor_092,test,turn_doctor,day2_consultation04,336.115,340.716,1
pm_turn_day2_consultation04_patient_083,test,turn_patient,day2_consultation04,340.811,341.597,1
pm_turn_day2_consultation04_doctor_094,test,turn_doctor,day2_consultation04,341.92,342.974,1
pm_turn_day2_consultation04_patient_085,test,turn_patient,day2_consultation04,342.206,345.537,1
pm_turn_day2_consultation04_doctor_096,test,turn_doctor,day2_consultation04,346.88,348.402,1
pm_turn_day2_consultation04_patient_087,test,turn_patient,day2_consultation04,348.563,350.921,1
pm_turn_day2_consultation04_doctor_100,test,turn_doctor,day2_consultation04,349.788,359.438,1
pm_turn_day2_consultation04_patient_089,test,turn_patient,day2_consultation04,359.525,362.131,1
pm_turn_day2_consultation04_doctor_104,test,turn_doctor,day2_consultation04,361.986,364.036,1
pm_turn_day2_consultation04_patient_091,test,turn_patient,day2_consultation04,363.916,364.868,1
pm_turn_day2_consultation04_doctor_106,test,turn_doctor,day2_consultation04,364.402,375.378,1
pm_turn_day2_consultation04_patient_093,test,turn_patient,day2_consultation04,376.127,378.545,1
pm_turn_day2_consultation04_doctor_108,test,turn_doctor,day2_consultation04,376.96,379.222,1
pm_turn_day2_consultation04_patient_095,test,turn_patient,day2_consultation04,379.54,380.439,1
pm_turn_day2_consultation04_doctor_110,test,turn_doctor,day2_consultation04,379.954,382.384,1
pm_turn_day2_consultation04_doctor_112,test,turn_doctor,day2_consultation04,383.202,388.008,1
pm_turn_day2_consultation04_patient_097,test,turn_patient,day2_consultation04,388.706,391.033,1
pm_turn_day2_consultation04_doctor_116,test,turn_doctor,day2_consultation04,390.688,399.218,1
pm_turn_day2_consultation04_doctor_118,test,turn_doctor,day2_consultation04,399.335,404.021,1
pm_turn_day2_consultation04_doctor_119,test,turn_doctor,day2_consultation04,403.821,408.383,1
pm_turn_day2_consultation04_doctor_121,test,turn_doctor,day2_consultation04,408.583,417.259,1
pm_turn_day2_consultation04_doctor_122,test,turn_doctor,day2_consultation04,417.059,422.124,1
pm_turn_day2_consultation04_doctor_123,test,turn_doctor,day2_consultation04,421.924,432.107,1
pm_turn_day2_consultation04_doctor_124,test,turn_doctor,day2_consultation04,431.907,441.988,1
pm_turn_day2_consultation04_patient_103,test,turn_patient,day2_consultation04,442.563,444.62,1
pm_turn_day2_consultation04_doctor_126,test,turn_doctor,day2_consultation04,443.662,448.339,1
pm_turn_day2_consultation04_patient_105,test,turn_patient,day2_consultation04,448.495,450.177,1
pm_turn_day2_consultation04_doctor_128,test,turn_doctor,day2_consultation04,449.708,451.875,1
pm_turn_day2_consultation04_patient_107,test,turn_patient,day2_consultation04,452.428,453.319,1
pm_turn_day2_consultation04_doctor_130,test,turn_doctor,day2_consultation04,453.238,460.103,1
pm_turn_day2_consultation04_doctor_131,test,turn_doctor,day2_consultation04,459.903,464.585,1
pm_turn_day2_consultation04_doctor_132,test,turn_doctor,day2_consultation04,464.385,469.822,1
pm_turn_day2_consultation04_doctor_133,test,turn_doctor,day2_consultation04,469.622,475.55,1
pm_turn_day2_consultation04_patient_109,test,turn_patient,day2_consultation04,475.285,476.199,1
pm_turn_day2_consultation04_doctor_135,test,turn_doctor,day2_consultation04,475.935,483.657,1
pm_turn_day2_consultation04_doctor_136,test,turn_doctor,day2_consultation04,483.457,493.16,1
pm_turn_day2_consultation04_doctor_137,test,turn_doctor,day2_consultation04,492.96,497.538,1
pm_turn_day2_consultation04_doctor_138,test,turn_doctor,day2_consultation04,497.338,500.61,1
pm_turn_day2_consultation04_patient_111,test,turn_patient,day2_consultation04,497.338,498.425,1
pm_turn_day2_consultation04_patient_113,test,turn_patient,day2_consultation04,500.435,502.883,1
pm_turn_day2_consultation04_doctor_140,test,turn_doctor,day2_consultation04,503.516,516.173,1
pm_turn_day2_consultation04_doctor_141,test,turn_doctor,day2_consultation04,515.973,522.375,1
pm_turn_day2_consultation04_doctor_142,test,turn_doctor,day2_consultation04,522.175,529.173,1
pm_turn_day2_consultation04_patient_115,test,turn_patient,day2_consultation04,529.308,530.38,1
pm_turn_day2_consultation04_doctor_144,test,turn_doctor,day2_consultation04,530.218,532.438,1
pm_turn_day2_consultation04_patient_117,test,turn_patient,day2_consultation04,532.488,538.628,1
pm_turn_day2_consultation04_doctor_146,test,turn_doctor,day2_consultation04,536.854,541.624,1
pm_turn_day2_consultation04_patient_119,test,turn_patient,day2_consultation04,541.541,542.741,1
pm_turn_day2_consultation04_doctor_148,test,turn_doctor,day2_consultation04,542.44,554.697,1
pm_turn_day2_consultation04_patient_121,test,turn_patient,day2_consultation04,554.857,556.207,1
pm_turn_day2_consultation04_doctor_150,test,turn_doctor,day2_consultation04,555.973,563.715,1
pm_turn_day2_consultation04_doctor_151,test,turn_doctor,day2_consultation04,563.515,571.683,1
pm_turn_day2_consultation04_patient_123,test,turn_patient,day2_consultation04,563.796,564.559,1
pm_turn_day2_consultation04_patient_125,test,turn_patient,day2_consultation04,571.714,573.508,1
pm_turn_day2_consultation04_doctor_153,test,turn_doctor,day2_consultation04,573.142,575.511,1
pm_turn_day2_consultation04_doctor_155,test,turn_doctor,day2_consultation04,576.122,576.936,1
pm_turn_day2_consultation05_doctor_001,test,turn_doctor,day2_consultation05,0.9,5.654,1
pm_turn_day2_consultation05_patient_001,test,turn_patient,day2_consultation05,5.489,7.182,1
pm_turn_day2_consultation05_doctor_003,test,turn_doctor,day2_consultation05,6.742,11.668,1
pm_turn_day2_consultation05_patient_003,test,turn_patient,day2_consultation05,11.334,15.374,1
pm_turn_day2_consultation05_doctor_005,test,turn_doctor,day2_consultation05,15.854,17.985,1
pm_turn_day2_consultation05_patient_005,test,turn_patient,day2_consultation05,18.212,19.684,1
pm_turn_day2_consultation05_doctor_007,test,turn_doctor,day2_consultation05,19.389,25.05,1
pm_turn_day2_consultation05_patient_007,test,turn_patient,day2_consultation05,25.01,29.193,1
pm_turn_day2_consultation05_doctor_009,test,turn_doctor,day2_consultation05,29.058,33.888,1
pm_turn_day2_consultation05_patient_009,test,turn_patient,day2_consultation05,33.793,34.513,1
pm_turn_day2_consultation05_doctor_011,test,turn_doctor,day2_consultation05,34.416,38.966,1
pm_turn_day2_consultation05_patient_011,test,turn_patient,day2_consultation05,39.807,41.516,1
pm_turn_day2_consultation05_doctor_013,test,turn_doctor,day2_consultation05,40.742,42.92,1
pm_turn_day2_consultation05_patient_013,test,turn_patient,day2_consultation05,43.128,49.066,1
pm_turn_day2_consultation05_patient_014,test,turn_patient,day2_consultation05,48.866,56.106,1
pm_turn_day2_consultation05_doctor_015,test,turn_doctor,day2_consultation05,49.023,49.967,1
pm_turn_day2_consultation05_doctor_017,test,turn_doctor,day2_consultation05,56.41,59.693,1
pm_turn_day2_consultation05_patient_016,test,turn_patient,day2_consultation05,61.16,67.319,1
pm_turn_day2_consultation05_patient_018,test,turn_patient,day2_consultation05,67.858,75.718,1
pm_turn_day2_consultation05_doctor_021,test,turn_doctor,day2_consultation05,76.583,84.07,1
pm_turn_day2_consultation05_patient_020,test,turn_patient,day2_consultation05,77.059,78.385,1
pm_turn_day2_consultation05_patient_022,test,turn_patient,day2_consultation05,84.27,85.291,1
pm_turn_day2_consultation05_doctor_023,test,turn_doctor,day2_consultation05,85.59,87.562,1
pm_turn_day2_consultation05_patient_024,test,turn_patient,day2_consultation05,87.31,88.829,1
pm_turn_day2_consultation05_doctor_025,test,turn_doctor,day2_consultation05,88.989,90.56,1
pm_turn_day2_consultation05_patient_026,test,turn_patient,day2_consultation05,89.774,91.552,1
pm_turn_day2_consultation05_doctor_027,test,turn_doctor,day2_consultation05,92.353,98.459,1
pm_turn_day2_consultation05_doctor_029,test,turn_doctor,day2_consultation05,100.698,101.812,1
pm_turn_day2_consultation05_doctor_031,test,turn_doctor,day2_consultation05,102.379,105.74,1
pm_turn_day2_consultation05_patient_028,test,turn_patient,day2_consultation05,105.359,106.674,1
pm_turn_day2_consultation05_doctor_033,test,turn_doctor,day2_consultation05,106.856,117.066,1
pm_turn_day2_consultation05_patient_030,test,turn_patient,day2_consultation05,117.489,127.003,1
pm_turn_day2_consultation05_doctor_035,test,turn_doctor,day2_consultation05,127.591,131.33,1
pm_turn_day2_consultation05_patient_032,test,turn_patient,day2_consultation05,131.756,136.693,1
pm_turn_day2_consultation05_patient_034,test,turn_patient,day2_consultation05,136.969,139.958,1
pm_turn_day2_consultation05_doctor_037,test,turn_doctor,day2_consultation05,140.871,144.676,1
pm_turn_day2_consultation05_patient_036,test,turn_patient,day2_consultation05,145.186,145.95,1
pm_turn_day2_consultation05_doctor_039,test,turn_doctor,day2_consultation05,145.984,149.398,1
pm_turn_day2_consultation05_patient_038,test,turn_patient,day2_consultation05,150.407,153.452,1
pm_turn_day2_consultation05_patient_040,test,turn_patient,day2_consultation05,153.995,158.112,1
pm_turn_day2_consultation05_doctor_041,test,turn_doctor,day2_consultation05,159.57,161.366,1
pm_turn_day2_consultation05_doctor_043,test,turn_doctor,day2_consultation05,161.84,164.025,1
pm_turn_day2_consultation05_doctor_045,test,turn_doctor,day2_consultation05,165.757,169.522,1
pm_turn_day2_consultation05_patient_042,test,turn_patient,day2_consultation05,169.532,170.354,1
pm_turn_day2_consultation05_doctor_047,test,turn_doctor,day2_consultation05,170.263,175.79,1
pm_turn_day2_consultation05_patient_044,test,turn_patient,day2_consultation05,176.367,181.455,1
pm_turn_day2_consultation05_doctor_049,test,turn_doctor,day2_consultation05,182.597,183.978,1
pm_turn_day2_consultation05_doctor_051,test,turn_doctor,day2_consultation05,184.349,185.181,1
pm_turn_day2_consultation05_doctor_053,test,turn_doctor,day2_consultation05,185.954,191.032,1
pm_turn_day2_consultation05_patient_046,test,turn_patient,day2_consultation05,191.741,195.77,1
pm_turn_day2_consultation05_doctor_055,test,turn_doctor,day2_consultation05,193.388,194.257,1
pm_turn_day2_consultation05_doctor_057,test,turn_doctor,day2_consultation05,195.973,202.943,1
pm_turn_day2_consultation05_patient_048,test,turn_patient,day2_consultation05,204.077,214.921,1
pm_turn_day2_consultation05_doctor_059,test,turn_doctor,day2_consultation05,215.99,222.322,1
pm_turn_day2_consultation05_patient_050,test,turn_patient,day2_consultation05,220.569,223.797,1
pm_turn_day2_consultation05_doctor_061,test,turn_doctor,day2_consultation05,223.876,225.021,1
pm_turn_day2_consultation05_doctor_063,test,turn_doctor,day2_consultation05,225.379,236.422,1
pm_turn_day2_consultation05_patient_052,test,turn_patient,day2_consultation05,236.632,241.276,1
pm_turn_day2_consultation05_patient_054,test,turn_patient,day2_consultation05,242.076,246.513,1
pm_turn_day2_consultation05_patient_056,test,turn_patient,day2_consultation05,246.804,249.539,1
pm_turn_day2_consultation05_doctor_065,test,turn_doctor,day2_consultation05,250.748,254.668,1
pm_turn_day2_consultation05_patient_058,test,turn_patient,day2_consultation05,254.501,256.249,1
pm_turn_day2_consultation05_doctor_067,test,turn_doctor,day2_consultation05,256.288,257.081,1
pm_turn_day2_consultation05_doctor_069,test,turn_doctor,day2_consultation05,257.537,260.121,1
pm_turn_day2_consultation05_patient_060,test,turn_patient,day2_consultation05,259.984,261.397,1
pm_turn_day2_consultation05_doctor_071,test,turn_doctor,day2_consultation05,261.243,263.882,1
pm_turn_day2_consultation05_patient_062,test,turn_patient,day2_consultation05,264.001,266.757,1
pm_turn_day2_consultation05_doctor_073,test,turn_doctor,day2_consultation05,267.424,273.085,1
pm_turn_day2_consultation05_patient_064,test,turn_patient,day2_consultation05,273.2,274.773,1
pm_turn_day2_consultation05_doctor_075,test,turn_doctor,day2_consultation05,275.201,278.437,1
pm_turn_day2_consultation05_patient_066,test,turn_patient,day2_consultation05,278.539,280.852,1
pm_turn_day2_consultation05_doctor_077,test,turn_doctor,day2_consultation05,280.978,288.993,1
pm_turn_day2_consultation05_patient_068,test,turn_patient,day2_consultation05,289.857,299.364,1
pm_turn_day2_consultation05_doctor_079,test,turn_doctor,day2_consultation05,299.693,300.952,1
pm_turn_day2_consultation05_doctor_081,test,turn_doctor,day2_consultation05,301.478,310.243,1
pm_turn_day2_consultation05_patient_070,test,turn_patient,day2_consultation05,310.44,317.716,1
pm_turn_day2_consultation05_doctor_083,test,turn_doctor,day2_consultation05,318.749,324.739,1
pm_turn_day2_consultation05_patient_072,test,turn_patient,day2_consultation05,322.766,323.566,1
pm_turn_day2_consultation05_patient_074,test,turn_patient,day2_consultation05,324.862,332.146,1
pm_turn_day2_consultation05_doctor_085,test,turn_doctor,day2_consultation05,331.798,335.819,1
pm_turn_day2_consultation05_patient_076,test,turn_patient,day2_consultation05,335.726,336.59,1
pm_turn_day2_consultation05_doctor_087,test,turn_doctor,day2_consultation05,336.604,338.458,1
pm_turn_day2_consultation05_patient_078,test,turn_patient,day2_consultation05,338.95,344.529,1
pm_turn_day2_consultation05_doctor_089,test,turn_doctor,day2_consultation05,345.72,348.61,1
pm_turn_day2_consultation05_patient_080,test,turn_patient,day2_consultation05,348.969,352.951,1
pm_turn_day2_consultation05_doctor_091,test,turn_doctor,day2_consultation05,353.955,358.049,1
pm_turn_day2_consultation05_patient_082,test,turn_patient,day2_consultation05,358.202,363.665,1
pm_turn_day2_consultation05_doctor_093,test,turn_doctor,day2_consultation05,364.145,372.365,1
pm_turn_day2_consultation05_patient_084,test,turn_patient,day2_consultation05,372.17,373.547,1
pm_turn_day2_consultation05_doctor_095,test,turn_doctor,day2_consultation05,373.467,385.197,1
pm_turn_day2_consultation05_patient_086,test,turn_patient,day2_consultation05,385.285,386.479,1
pm_turn_day2_consultation05_doctor_097,test,turn_doctor,day2_consultation05,386.426,387.795,1
pm_turn_day2_consultation05_patient_088,test,turn_patient,day2_consultation05,388.077,389.9,1
pm_turn_day2_consultation05_doctor_099,test,turn_doctor,day2_consultation05,390.089,392.123,1
pm_turn_day2_consultation05_patient_090,test,turn_patient,day2_consultation05,391.757,392.757,1
pm_turn_day2_consultation05_doctor_101,test,turn_doctor,day2_consultation05,392.832,395.448,1
pm_turn_day2_consultation05_patient_092,test,turn_patient,day2_consultation05,396.264,398.57,1
pm_turn_day2_consultation05_doctor_103,test,turn_doctor,day2_consultation05,398.618,405.081,1
pm_turn_day2_consultation05_patient_094,test,turn_patient,day2_consultation05,405.869,408.234,1
pm_turn_day2_consultation05_doctor_105,test,turn_doctor,day2_consultation05,408.273,412.768,1
pm_turn_day2_consultation05_patient_096,test,turn_patient,day2_consultation05,413.005,414.458,1
pm_turn_day2_consultation05_doctor_107,test,turn_doctor,day2_consultation05,414.589,419.905,1
pm_turn_day2_consultation05_patient_098,test,turn_patient,day2_consultation05,420.464,421.517,1
pm_turn_day2_consultation05_doctor_109,test,turn_doctor,day2_consultation05,422.043,430.653,1
pm_turn_day2_consultation05_patient_100,test,turn_patient,day2_consultation05,431.54,434.316,1
pm_turn_day2_consultation05_doctor_111,test,turn_doctor,day2_consultation05,434.633,446.869,1
pm_turn_day2_consultation05_patient_102,test,turn_patient,day2_consultation05,446.229,446.943,1
pm_turn_day2_consultation05_doctor_112,test,turn_doctor,day2_consultation05,446.669,452.762,1
pm_turn_day2_consultation05_doctor_113,test,turn_doctor,day2_consultation05,452.562,463.823,1
pm_turn_day2_consultation05_doctor_115,test,turn_doctor,day2_consultation05,464.299,468.329,1
pm_turn_day2_consultation05_patient_104,test,turn_patient,day2_consultation05,468.506,470.411,1
pm_turn_day2_consultation05_doctor_117,test,turn_doctor,day2_consultation05,470.179,475.836,1
pm_turn_day2_consultation05_doctor_118,test,turn_doctor,day2_consultation05,475.636,483.857,1
pm_turn_day2_consultation05_doctor_119,test,turn_doctor,day2_consultation05,483.657,493.571,1
pm_turn_day2_consultation05_doctor_120,test,turn_doctor,day2_consultation05,493.371,497.033,1
pm_turn_day2_consultation05_doctor_121,test,turn_doctor,day2_consultation05,496.833,511.884,1
pm_turn_day2_consultation05_doctor_122,test,turn_doctor,day2_consultation05,511.684,523.009,1
pm_turn_day2_consultation05_patient_106,test,turn_patient,day2_consultation05,519.447,520.426,1
pm_turn_day2_consultation05_doctor_123,test,turn_doctor,day2_consultation05,522.809,530.397,1
pm_turn_day2_consultation05_doctor_124,test,turn_doctor,day2_consultation05,530.197,537.087,1
pm_turn_day2_consultation05_doctor_125,test,turn_doctor,day2_consultation05,536.887,551.287,1
pm_turn_day2_consultation05_patient_108,test,turn_patient,day2_consultation05,550.85,551.543,1
pm_turn_day2_consultation05_doctor_126,test,turn_doctor,day2_consultation05,551.087,560.631,1
pm_turn_day2_consultation05_doctor_127,test,turn_doctor,day2_consultation05,560.431,568.249,1
pm_turn_day2_consultation05_doctor_128,test,turn_doctor,day2_consultation05,568.049,571.353,1
pm_turn_day2_consultation05_doctor_129,test,turn_doctor,day2_consultation05,571.153,578.57,1
pm_turn_day2_consultation05_doctor_130,test,turn_doctor,day2_consultation05,578.37,584.965,1
pm_turn_day2_consultation05_patient_110,test,turn_patient,day2_consultation05,578.603,579.375,1
pm_turn_day2_consultation05_doctor_131,test,turn_doctor,day2_consultation05,584.765,589.239,1
pm_turn_day2_consultation05_doctor_132,test,turn_doctor,day2_consultation05,589.039,598.587,1
pm_turn_day2_consultation05_doctor_133,test,turn_doctor,day2_consultation05,598.387,606.983,1
pm_turn_day2_consultation05_doctor_134,test,turn_doctor,day2_consultation05,606.783,617.476,1
pm_turn_day2_consultation05_doctor_136,test,turn_doctor,day2_consultation05,618.215,620.559,1
pm_turn_day2_consultation05_patient_116,test,turn_patient,day2_consultation05,620.753,622.795,1
pm_turn_day2_consultation05_doctor_138,test,turn_doctor,day2_consultation05,622.956,631.765,1
pm_turn_day2_consultation05_patient_118,test,turn_patient,day2_consultation05,631.727,632.834,1
pm_turn_day2_consultation05_doctor_140,test,turn_doctor,day2_consultation05,632.661,634.609,1
pm_turn_day2_consultation06_patient_001,test,turn_patient,day2_consultation06,0.936,1.682,1
pm_turn_day2_consultation06_doctor_002,test,turn_doctor,day2_consultation06,1.532,4.833,1
pm_turn_day2_consultation06_patient_003,test,turn_patient,day2_consultation06,4.995,7.3,1
pm_turn_day2_consultation06_doctor_004,test,turn_doctor,day2_consultation06,5.867,7.553,1
pm_turn_day2_consultation06_doctor_006,test,turn_doctor,day2_consultation06,8.147,14.933,1
pm_turn_day2_consultation06_patient_005,test,turn_patient,day2_consultation06,12.321,18.258,1
pm_turn_day2_consultation06_patient_006,test,turn_patient,day2_consultation06,18.058,24.254,1
pm_turn_day2_consultation06_doctor_008,test,turn_doctor,day2_consultation06,24.147,29.4,1
pm_turn_day2_consultation06_patient_008,test,turn_patient,day2_consultation06,29.471,31.077,1
pm_turn_day2_consultation06_doctor_010,test,turn_doctor,day2_consultation06,30.293,36.42,1
pm_turn_day2_consultation06_patient_010,test,turn_patient,day2_consultation06,35.562,44.666,1
pm_turn_day2_consultation06_patient_011,test,turn_patient,day2_consultation06,44.466,47.218,1
pm_turn_day2_consultation06_patient_012,test,turn_patient,day2_consultation06,47.018,56.545,1
pm_turn_day2_consultation06_patient_013,test,turn_patient,day2_consultation06,56.345,66.415,1
pm_turn_day2_consultation06_doctor_012,test,turn_doctor,day2_consultation06,66.447,70.813,1
pm_turn_day2_consultation06_patient_015,test,turn_patient,day2_consultation06,71.205,73.886,1
pm_turn_day2_consultation06_doctor_014,test,turn_doctor,day2_consultation06,74.724,84.373,1
pm_turn_day2_consultation06_patient_017,test,turn_patient,day2_consultation06,84.379,92.393,1
pm_turn_day2_consultation06_doctor_016,test,turn_doctor,day2_consultation06,90.76,91.391,1
pm_turn_day2_consultation06_doctor_018,test,turn_doctor,day2_consultation06,91.987,95.979,1
pm_turn_day2_consultation06_patient_019,test,turn_patient,day2_consultation06,96.089,96.778,1
pm_turn_day2_consultation06_doctor_021,test,turn_doctor,day2_consultation06,97.003,106.188,1
pm_turn_day2_consultation06_patient_021,test,turn_patient,day2_consultation06,101.026,101.718,1
pm_turn_day2_consultation06_doctor_022,test,turn_doctor,day2_consultation06,105.988,113.376,1
pm_turn_day2_consultation06_patient_023,test,turn_patient,day2_consultation06,106.28,106.973,1
pm_turn_day2_consultation06_patient_025,test,turn_patient,day2_consultation06,113.509,123.167,1
pm_turn_day2_consultation06_doctor_024,test,turn_doctor,day2_consultation06,120.173,122.147,1
pm_turn_day2_consultation06_doctor_026,test,turn_doctor,day2_consultation06,122.713,133.607,1
pm_turn_day2_consultation06_patient_027,test,turn_patient,day2_consultation06,133.795,136.416,1
pm_turn_day2_consultation06_doctor_030,test,turn_doctor,day2_consultation06,135.962,138.893,1
pm_turn_day2_consultation06_patient_029,test,turn_patient,day2_consultation06,139.484,141.363,1
pm_turn_day2_consultation06_doctor_032,test,turn_doctor,day2_consultation06,140.9,142.24,1
pm_turn_day2_consultation06_doctor_034,test,turn_doctor,day2_consultation06,142.853,150.787,1
pm_turn_day2_consultation06_patient_031,test,turn_patient,day2_consultation06,151.248,160.861,1
pm_turn_day2_consultation06_doctor_036,test,turn_doctor,day2_consultation06,157.2,158.973,1
pm_turn_day2_consultation06_doctor_038,test,turn_doctor,day2_consultation06,160.953,165.653,1
pm_turn_day2_consultation06_patient_033,test,turn_patient,day2_consultation06,165.863,167.488,1
pm_turn_day2_consultation06_doctor_040,test,turn_doctor,day2_consultation06,167.813,170.333,1
pm_turn_day2_consultation06_patient_035,test,turn_patient,day2_consultation06,170.76,175.173,1
pm_turn_day2_consultation06_doctor_042,test,turn_doctor,day2_consultation06,175.173,180.38,1
pm_turn_day2_consultation06_patient_039,test,turn_patient,day2_consultation06,180.699,189.138,1
pm_turn_day2_consultation06_doctor_048,test,turn_doctor,day2_consultation06,187.54,196.807,1
pm_turn_day2_consultation06_patient_043,test,turn_patient,day2_consultation06,200.08,208.513,1
pm_turn_day2_consultation06_doctor_050,test,turn_doctor,day2_consultation06,207.547,218.233,1
pm_turn_day2_consultation06_patient_047,test,turn_patient,day2_consultation06,218.289,221.458,1
pm_turn_day2_consultation06_doctor_054,test,turn_doctor,day2_consultation06,221.693,229.253,1
pm_turn_day2_consultation06_patient_049,test,turn_patient,day2_consultation06,229.688,234.678,1
pm_turn_day2_consultation06_doctor_056,test,turn_doctor,day2_consultation06,234.247,236.32,1
pm_turn_day2_consultation06_patient_051,test,turn_patient,day2_consultation06,235.132,239.768,1
pm_turn_day2_consultation06_doctor_058,test,turn_doctor,day2_consultation06,238.953,242.613,1
pm_turn_day2_consultation06_patient_053,test,turn_patient,day2_consultation06,242.811,244.841,1
pm_turn_day2_consultation06_doctor_060,test,turn_doctor,day2_consultation06,245.26,253.967,1
pm_turn_day2_consultation06_patient_055,test,turn_patient,day2_consultation06,252.611,259.129,1
pm_turn_day2_consultation06_doctor_066,test,turn_doctor,day2_consultation06,259.414,265.773,1
pm_turn_day2_consultation06_patient_057,test,turn_patient,day2_consultation06,266.187,270.97,1
pm_turn_day2_consultation06_doctor_070,test,turn_doctor,day2_consultation06,269.9,273.413,1
pm_turn_day2_consultation06_patient_059,test,turn_patient,day2_consultation06,273.417,274.07,1
pm_turn_day2_consultation06_doctor_072,test,turn_doctor,day2_consultation06,274.815,275.673,1
pm_turn_day2_consultation06_doctor_074,test,turn_doctor,day2_consultation06,277.013,281.653,1
pm_turn_day2_consultation06_patient_061,test,turn_patient,day2_consultation06,282.592,285.684,1
pm_turn_day2_consultation06_doctor_076,test,turn_doctor,day2_consultation06,285.98,288.813,1
pm_turn_day2_consultation06_patient_063,test,turn_patient,day2_consultation06,289.614,291.043,1
pm_turn_day2_consultation06_doctor_078,test,turn_doctor,day2_consultation06,291.953,292.487,1
pm_turn_day2_consultation06_patient_065,test,turn_patient,day2_consultation06,291.997,292.708,1
pm_turn_day2_consultation06_doctor_080,test,turn_doctor,day2_consultation06,293.567,301.243,1
pm_turn_day2_consultation06_doctor_081,test,turn_doctor,day2_consultation06,301.043,304.02,1
pm_turn_day2_consultation06_patient_067,test,turn_patient,day2_consultation06,304.31,305.186,1
pm_turn_day2_consultation06_doctor_083,test,turn_doctor,day2_consultation06,305.187,306.473,1
pm_turn_day2_consultation06_patient_069,test,turn_patient,day2_consultation06,307.101,311.898,1
pm_turn_day2_consultation06_doctor_085,test,turn_doctor,day2_consultation06,312.351,315.473,1
pm_turn_day2_consultation06_patient_071,test,turn_patient,day2_consultation06,315.608,316.63,1
pm_turn_day2_consultation06_doctor_087,test,turn_doctor,day2_consultation06,316.933,319.027,1
pm_turn_day2_consultation06_patient_073,test,turn_patient,day2_consultation06,319.481,321.7,1
pm_turn_day2_consultation06_doctor_089,test,turn_doctor,day2_consultation06,321.14,323.04,1
pm_turn_day2_consultation06_doctor_091,test,turn_doctor,day2_consultation06,323.79,328.497,1
pm_turn_day2_consultation06_doctor_092,test,turn_doctor,day2_consultation06,328.297,338.613,1
pm_turn_day2_consultation06_patient_075,test,turn_patient,day2_consultation06,328.596,329.281,1
pm_turn_day2_consultation06_patient_077,test,turn_patient,day2_consultation06,338.082,338.777,1
pm_turn_day2_consultation06_doctor_093,test,turn_doctor,day2_consultation06,338.413,351.784,1
pm_turn_day2_consultation06_doctor_095,test,turn_doctor,day2_consultation06,354.76,362.04,1
pm_turn_day2_consultation06_patient_081,test,turn_patient,day2_consultation06,359.911,360.533,1
pm_turn_day2_consultation06_patient_083,test,turn_patient,day2_consultation06,362.725,364.03,1
pm_turn_day2_consultation06_doctor_097,test,turn_doctor,day2_consultation06,363.993,367.743,1
pm_turn_day2_consultation06_doctor_099,test,turn_doctor,day2_consultation06,368.949,377.433,1
pm_turn_day2_consultation06_doctor_100,test,turn_doctor,day2_consultation06,377.233,384.337,1
pm_turn_day2_consultation06_doctor_101,test,turn_doctor,day2_consultation06,384.137,401.641,1
pm_turn_day2_consultation06_doctor_102,test,turn_doctor,day2_consultation06,401.441,412.951,1
pm_turn_day2_consultation06_patient_085,test,turn_patient,day2_consultation06,413.017,413.705,1
pm_turn_day2_consultation06_doctor_104,test,turn_doctor,day2_consultation06,413.284,418.307,1
pm_turn_day2_consultation06_doctor_106,test,turn_doctor,day2_consultation06,419.573,428.974,1
pm_turn_day2_consultation06_doctor_107,test,turn_doctor,day2_consultation06,428.774,432.034,1
pm_turn_day2_consultation06_doctor_108,test,turn_doctor,day2_consultation06,431.834,441.297,1
pm_turn_day2_consultation06_doctor_109,test,turn_doctor,day2_consultation06,441.097,452.801,1
pm_turn_day2_consultation06_doctor_110,test,turn_doctor,day2_consultation06,452.601,457.878,1
pm_turn_day2_consultation06_doctor_111,test,turn_doctor,day2_consultation06,457.678,464.106,1
pm_turn_day2_consultation06_patient_087,test,turn_patient,day2_consultation06,457.942,458.569,1
pm_turn_day2_consultation06_doctor_112,test,turn_doctor,day2_consultation06,463.906,472.952,1
pm_turn_day2_consultation06_doctor_113,test,turn_doctor,day2_consultation06,472.752,476.838,1
pm_turn_day2_consultation06_doctor_114,test,turn_doctor,day2_consultation06,476.638,485.663,1
pm_turn_day2_consultation06_patient_089,test,turn_patient,day2_consultation06,477.131,477.728,1
pm_turn_day2_consultation06_doctor_115,test,turn_doctor,day2_consultation06,485.463,493.38,1
pm_turn_day2_consultation06_doctor_116,test,turn_doctor,day2_consultation06,493.18,500.6,1
pm_turn_day2_consultation06_doctor_117,test,turn_doctor,day2_consultation06,500.4,503.702,1
pm_turn_day2_consultation06_doctor_118,test,turn_doctor,day2_consultation06,503.502,511.48,1
pm_turn_day2_consultation06_patient_091,test,turn_patient,day2_consultation06,506.866,507.544,1
pm_turn_day2_consultation06_doctor_120,test,turn_doctor,day2_consultation06,512.056,516.82,1
pm_turn_day2_consultation06_patient_093,test,turn_patient,day2_consultation06,512.21,513.045,1
pm_turn_day2_consultation06_patient_095,test,turn_patient,day2_consultation06,516.928,530.383,1
pm_turn_day2_consultation06_doctor_122,test,turn_doctor,day2_consultation06,528.013,538.08,1
pm_turn_day2_consultation06_doctor_123,test,turn_doctor,day2_consultation06,537.88,547.733,1
pm_turn_day2_consultation06_patient_099,test,turn_patient,day2_consultation06,538.571,539.376,1
pm_turn_day2_consultation06_doctor_124,test,turn_doctor,day2_consultation06,547.533,559.046,1
pm_turn_day2_consultation06_doctor_125,test,turn_doctor,day2_consultation06,558.846,563.278,1
pm_turn_day2_consultation06_patient_101,test,turn_patient,day2_consultation06,559.154,559.939,1
pm_turn_day2_consultation06_patient_103,test,turn_patient,day2_consultation06,563.688,564.515,1
pm_turn_day2_consultation06_doctor_127,test,turn_doctor,day2_consultation06,563.945,574.46,1
pm_turn_day2_consultation06_patient_105,test,turn_patient,day2_consultation06,566.942,567.714,1
pm_turn_day2_consultation06_patient_107,test,turn_patient,day2_consultation06,572.853,573.558,1
pm_turn_day2_consultation06_doctor_128,test,turn_doctor,day2_consultation06,574.26,577.156,1
pm_turn_day2_consultation06_doctor_129,test,turn_doctor,day2_consultation06,576.956,582.727,1
pm_turn_day2_consultation06_patient_109,test,turn_patient,day2_consultation06,583.295,585.588,1
pm_turn_day2_consultation06_doctor_131,test,turn_doctor,day2_consultation06,585.507,591.047,1
pm_turn_day2_consultation06_patient_113,test,turn_patient,day2_consultation06,591.224,593.14,1
pm_turn_day2_consultation06_doctor_133,test,turn_doctor,day2_consultation06,593.227,595.313,1
pm_turn_day2_consultation06_patient_115,test,turn_patient,day2_consultation06,595.73,597.15,1
pm_turn_day2_consultation06_doctor_135,test,turn_doctor,day2_consultation06,596.387,597.107,1
pm_turn_day2_consultation07_doctor_000,recalibration,turn_doctor,day2_consultation07,0.0,3.738,1
pm_turn_day2_consultation07_patient_001,recalibration,turn_patient,day2_consultation07,3.85,5.186,1
pm_turn_day2_consultation07_doctor_002,recalibration,turn_doctor,day2_consultation07,5.063,8.976,1
pm_turn_day2_consultation07_patient_003,recalibration,turn_patient,day2_consultation07,8.777,10.197,1
pm_turn_day2_consultation07_doctor_004,recalibration,turn_doctor,day2_consultation07,10.231,14.873,1
pm_turn_day2_consultation07_patient_005,recalibration,turn_patient,day2_consultation07,15.104,24.483,1
pm_turn_day2_consultation07_doctor_008,recalibration,turn_doctor,day2_consultation07,24.436,29.439,1
pm_turn_day2_consultation07_patient_007,recalibration,turn_patient,day2_consultation07,29.045,31.889,1
pm_turn_day2_consultation07_doctor_010,recalibration,turn_doctor,day2_consultation07,31.344,36.883,1
pm_turn_day2_consultation07_patient_009,recalibration,turn_patient,day2_consultation07,36.155,39.015,1
pm_turn_day2_consultation07_doctor_012,recalibration,turn_doctor,day2_consultation07,38.744,45.796,1
pm_turn_day2_consultation07_patient_011,recalibration,turn_patient,day2_consultation07,40.141,40.906,1
pm_turn_day2_consultation07_patient_013,recalibration,turn_patient,day2_consultation07,46.04,47.776,1
pm_turn_day2_consultation07_doctor_014,recalibration,turn_doctor,day2_consultation07,47.277,50.622,1
pm_turn_day2_consultation07_patient_015,recalibration,turn_patient,day2_consultation07,51.082,59.895,1
pm_turn_day2_consultation07_patient_016,recalibration,turn_patient,day2_consultation07,59.695,68.393,1
pm_turn_day2_consultation07_patient_017,recalibration,turn_patient,day2_consultation07,68.193,81.799,1
pm_turn_day2_consultation07_doctor_016,recalibration,turn_doctor,day2_consultation07,82.098,83.381,1
pm_turn_day2_consultation07_doctor_018,recalibration,turn_doctor,day2_consultation07,83.706,87.65,1
pm_turn_day2_consultation07_patient_019,recalibration,turn_patient,day2_consultation07,87.992,89.869,1
pm_turn_day2_consultation07_doctor_020,recalibration,turn_doctor,day2_consultation07,89.683,92.947,1
pm_turn_day2_consultation07_patient_021,recalibration,turn_patient,day2_consultation07,92.723,93.786,1
pm_turn_day2_consultation07_doctor_022,recalibration,turn_doctor,day2_consultation07,94.851,96.529,1
pm_turn_day2_consultation07_doctor_024,recalibration,turn_doctor,day2_consultation07,98.556,101.824,1
pm_turn_day2_consultation07_doctor_025,recalibration,turn_doctor,day2_consultation07,101.624,110.596,1
pm_turn_day2_consultation07_patient_023,recalibration,turn_patient,day2_consultation07,101.883,102.861,1
pm_turn_day2_consultation07_patient_025,recalibration,turn_patient,day2_consultation07,110.181,111.417,1
pm_turn_day2_consultation07_doctor_026,recalibration,turn_doctor,day2_consultation07,110.396,115.996,1
pm_turn_day2_consultation07_patient_027,recalibration,turn_patient,day2_consultation07,115.311,116.138,1
pm_turn_day2_consultation07_doctor_027,recalibration,turn_doctor,day2_consultation07,115.796,120.562,1
pm_turn_day2_consultation07_patient_029,recalibration,turn_patient,day2_consultation07,121.03,133.954,1
pm_turn_day2_consultation07_doctor_031,recalibration,turn_doctor,day2_consultation07,133.713,139.319,1
pm_turn_day2_consultation07_patient_031,recalibration,turn_patient,day2_consultation07,138.747,147.971,1
pm_turn_day2_consultation07_doctor_033,recalibration,turn_doctor,day2_consultation07,148.133,151.816,1
pm_turn_day2_consultation07_patient_033,recalibration,turn_patient,day2_consultation07,152.19,159.993,1
pm_turn_day2_consultation07_patient_035,recalibration,turn_patient,day2_consultation07,160.228,165.178,1
pm_turn_day2_consultation07_doctor_037,recalibration,turn_doctor,day2_consultation07,164.788,171.479,1
pm_turn_day2_consultation07_patient_037,recalibration,turn_patient,day2_consultation07,170.618,176.297,1
pm_turn_day2_consultation07_doctor_039,recalibration,turn_doctor,day2_consultation07,176.272,178.247,1
pm_turn_day2_consultation07_patient_039,recalibration,turn_patient,day2_consultation07,178.278,180.753,1
pm_turn_day2_consultation07_doctor_041,recalibration,turn_doctor,day2_consultation07,180.876,187.877,1
pm_turn_day2_consultation07_patient_041,recalibration,turn_patient,day2_consultation07,182.126,182.956,1
pm_turn_day2_consultation07_patient_043,recalibration,turn_patient,day2_consultation07,187.901,192.623,1
pm_turn_day2_consultation07_patient_044,recalibration,turn_patient,day2_consultation07,192.423,200.377,1
pm_turn_day2_consultation07_doctor_047,recalibration,turn_doctor,day2_consultation07,200.33,209.628,1
pm_turn_day2_consultation07_patient_046,recalibration,turn_patient,day2_consultation07,204.262,205.025,1
pm_turn_day2_consultation07_patient_048,recalibration,turn_patient,day2_consultation07,207.141,208.414,1
pm_turn_day2_consultation07_patient_050,recalibration,turn_patient,day2_consultation07,209.779,212.11,1
pm_turn_day2_consultation07_doctor_049,recalibration,turn_doctor,day2_consultation07,212.348,216.856,1
pm_turn_day2_consultation07_patient_052,recalibration,turn_patient,day2_consultation07,216.939,218.646,1
pm_turn_day2_consultation07_doctor_051,recalibration,turn_doctor,day2_consultation07,218.645,226.581,1
pm_turn_day2_consultation07_patient_054,recalibration,turn_patient,day2_consultation07,225.823,227.654,1
pm_turn_day2_consultation07_doctor_052,recalibration,turn_doctor,day2_consultation07,226.381,231.091,1
pm_turn_day2_consultation07_patient_056,recalibration,turn_patient,day2_consultation07,231.344,240.017,1
pm_turn_day2_consultation07_doctor_054,recalibration,turn_doctor,day2_consultation07,239.64,241.552,1
pm_turn_day2_consultation07_patient_058,recalibration,turn_patient,day2_consultation07,241.795,244.655,1
pm_turn_day2_consultation07_doctor_056,recalibration,turn_doctor,day2_consultation07,244.482,251.276,1
pm_turn_day2_consultation07_patient_060,recalibration,turn_patient,day2_consultation07,246.131,246.879,1
pm_turn_day2_consultation07_patient_062,recalibration,turn_patient,day2_consultation07,251.491,255.713,1
pm_turn_day2_consultation07_doctor_058,recalibration,turn_doctor,day2_consultation07,255.565,257.96,1
pm_turn_day2_consultation07_patient_064,recalibration,turn_patient,day2_consultation07,258.172,259.249,1
pm_turn_day2_consultation07_doctor_060,recalibration,turn_doctor,day2_consultation07,259.207,269.673,1
pm_turn_day2_consultation07_patient_066,recalibration,turn_patient,day2_consultation07,265.064,265.989,1
pm_turn_day2_consultation07_patient_068,recalibration,turn_patient,day2_consultation07,268.426,277.054,1
pm_turn_day2_consultation07_doctor_064,recalibration,turn_doctor,day2_consultation07,276.598,282.911,1
pm_turn_day2_consultation07_patient_070,recalibration,turn_patient,day2_consultation07,282.955,285.417,1
pm_turn_day2_consultation07_doctor_066,recalibration,turn_doctor,day2_consultation07,285.7,288.899,1
pm_turn_day2_consultation07_patient_072,recalibration,turn_patient,day2_consultation07,288.326,290.258,1
pm_turn_day2_consultation07_doctor_068,recalibration,turn_doctor,day2_consultation07,289.56,293.246,1
pm_turn_day2_consultation07_patient_074,recalibration,turn_patient,day2_consultation07,293.471,299.758,1
pm_turn_day2_consultation07_doctor_070,recalibration,turn_doctor,day2_consultation07,299.905,302.755,1
pm_turn_day2_consultation07_patient_076,recalibration,turn_patient,day2_consultation07,302.051,303.715,1
pm_turn_day2_consultation07_doctor_072,recalibration,turn_doctor,day2_consultation07,304.007,307.69,1
pm_turn_day2_consultation07_patient_078,recalibration,turn_patient,day2_consultation07,307.966,310.425,1
pm_turn_day2_consultation07_doctor_074,recalibration,turn_doctor,day2_consultation07,310.352,317.269,1
pm_turn_day2_consultation07_patient_080,recalibration,turn_patient,day2_consultation07,310.763,311.421,1
pm_turn_day2_consultation07_patient_082,recalibration,turn_patient,day2_consultation07,317.843,323.216,1
pm_turn_day2_consultation07_doctor_076,recalibration,turn_doctor,day2_consultation07,322.725,326.026,1
pm_turn_day2_consultation07_patient_084,recalibration,turn_patient,day2_consultation07,326.096,328.375,1
pm_turn_day2_consultation07_doctor_078,recalibration,turn_doctor,day2_consultation07,328.715,330.432,1
pm_turn_day2_consultation07_patient_086,recalibration,turn_patient,day2_consultation07,330.444,334.963,1
pm_turn_day2_consultation07_doctor_080,recalibration,turn_doctor,day2_consultation07,335.207,342.616,1
pm_turn_day2_consultation07_patient_088,recalibration,turn_patient,day2_consultation07,336.226,336.955,1
pm_turn_day2_consultation07_doctor_081,recalibration,turn_doctor,day2_consultation07,342.416,348.228,1
pm_turn_day2_consultation07_doctor_082,recalibration,turn_doctor,day2_consultation07,348.028,354.77,1
pm_turn_day2_consultation07_patient_090,recalibration,turn_patient,day2_consultation07,348.234,349.131,1
pm_turn_day2_consultation07_doctor_083,recalibration,turn_doctor,day2_consultation07,354.57,360.432,1
pm_turn_day2_consultation07_patient_092,recalibration,turn_patient,day2_consultation07,355.017,356.348,1
pm_turn_day2_consultation07_doctor_084,recalibration,turn_doctor,day2_consultation07,360.232,366.918,1
pm_turn_day2_consultation07_patient_094,recalibration,turn_patient,day2_consultation07,360.445,362.14,1
pm_turn_day2_consultation07_doctor_085,recalibration,turn_doctor,day2_consultation07,366.718,371.384,1
pm_turn_day2_consultation07_patient_096,recalibration,turn_patient,day2_consultation07,366.844,367.761,1
pm_turn_day2_consultation07_patient_098,recalibration,turn_patient,day2_consultation07,370.373,371.732,1
pm_turn_day2_consultation07_doctor_086,recalibration,turn_doctor,day2_consultation07,371.184,377.764,1
pm_turn_day2_consultation07_patient_100,recalibration,turn_patient,day2_consultation07,377.837,381.211,1
pm_turn_day2_consultation07_doctor_088,recalibration,turn_doctor,day2_consultation07,382.006,383.611,1
pm_turn_day2_consultation07_patient_102,recalibration,turn_patient,day2_consultation07,382.881,385.095,1
pm_turn_day2_consultation07_doctor_090,recalibration,turn_doctor,day2_consultation07,384.749,392.495,1
pm_turn_day2_consultation07_patient_106,recalibration,turn_patient,day2_consultation07,392.649,400.104,1
pm_turn_day2_consultation07_patient_107,recalibration,turn_patient,day2_consultation07,399.904,405.082,1
pm_turn_day2_consultation07_doctor_092,recalibration,turn_doctor,day2_consultation07,404.944,410.273,1
pm_turn_day2_consultation07_patient_109,recalibration,turn_patient,day2_consultation07,406.142,406.85,1
pm_turn_day2_consultation07_doctor_093,recalibration,turn_doctor,day2_consultation07,410.073,416.952,1
pm_turn_day2_consultation07_patient_111,recalibration,turn_patient,day2_consultation07,410.169,411.089,1
pm_turn_day2_consultation07_patient_113,recalibration,turn_patient,day2_consultation07,415.121,416.278,1
pm_turn_day2_consultation07_doctor_094,recalibration,turn_doctor,day2_consultation07,416.752,422.022,1
pm_turn_day2_consultation07_patient_115,recalibration,turn_patient,day2_consultation07,417.143,417.792,1
pm_turn_day2_consultation07_doctor_095,recalibration,turn_doctor,day2_consultation07,421.822,433.428,1
pm_turn_day2_consultation07_patient_117,recalibration,turn_patient,day2_consultation07,421.976,422.865,1
pm_turn_day2_consultation07_doctor_096,recalibration,turn_doctor,day2_consultation07,433.228,443.843,1
pm_turn_day2_consultation07_patient_119,recalibration,turn_patient,day2_consultation07,433.332,434.293,1
pm_turn_day2_consultation07_patient_121,recalibration,turn_patient,day2_consultation07,436.999,437.996,1
pm_turn_day2_consultation07_patient_123,recalibration,turn_patient,day2_consultation07,443.253,445.141,1
pm_turn_day2_consultation07_doctor_098,recalibration,turn_doctor,day2_consultation07,445.254,446.025,1
pm_turn_day2_consultation07_patient_125,recalibration,turn_patient,day2_consultation07,445.84,446.815,1
pm_turn_day2_consultation07_doctor_100,recalibration,turn_doctor,day2_consultation07,448.972,453.102,1
pm_turn_day2_consultation07_patient_128,recalibration,turn_patient,day2_consultation07,451.658,455.293,1
pm_turn_day2_consultation07_doctor_102,recalibration,turn_doctor,day2_consultation07,454.711,456.231,1
pm_turn_day2_consultation07_patient_130,recalibration,turn_patient,day2_consultation07,456.234,457.44,1
pm_turn_day2_consultation08_doctor_001,test,turn_doctor,day2_consultation08,2.355,4.017,1
pm_turn_day2_consultation08_patient_001,test,turn_patient,day2_consultation08,4.169,5.376,1
pm_turn_day2_consultation08_doctor_003,test,turn_doctor,day2_consultation08,5.062,8.421,1
pm_turn_day2_consultation08_patient_003,test,turn_patient,day2_consultation08,8.797,12.508,1
pm_turn_day2_consultation08_doctor_007,test,turn_doctor,day2_consultation08,12.412,19.194,1
pm_turn_day2_consultation08_patient_005,test,turn_patient,day2_consultation08,19.531,26.599,1
pm_turn_day2_consultation08_doctor_009,test,turn_doctor,day2_consultation08,26.558,30.741,1
pm_turn_day2_consultation08_patient_007,test,turn_patient,day2_consultation08,30.721,32.6,1
pm_turn_day2_consultation08_doctor_011,test,turn_doctor,day2_consultation08,32.106,34.421,1
pm_turn_day2_consultation08_patient_009,test,turn_patient,day2_consultation08,34.811,49.138,1
pm_turn_day2_consultation08_doctor_013,test,turn_doctor,day2_consultation08,49.39,56.1,1
pm_turn_day2_consultation08_patient_011,test,turn_patient,day2_consultation08,56.68,71.443,1
pm_turn_day2_consultation08_patient_013,test,turn_patient,day2_consultation08,71.656,80.001,1
pm_turn_day2_consultation08_doctor_017,test,turn_doctor,day2_consultation08,80.201,88.72,1
pm_turn_day2_consultation08_patient_015,test,turn_patient,day2_consultation08,88.803,92.743,1
pm_turn_day2_consultation08_doctor_019,test,turn_doctor,day2_consultation08,92.778,96.128,1
pm_turn_day2_consultation08_patient_017,test,turn_patient,day2_consultation08,96.721,107.389,1
pm_turn_day2_consultation08_doctor_021,test,turn_doctor,day2_consultation08,107.513,111.441,1
pm_turn_day2_consultation08_patient_019,test,turn_patient,day2_consultation08,111.762,118.069,1
pm_turn_day2_consultation08_doctor_023,test,turn_doctor,day2_consultation08,117.983,124.821,1
pm_turn_day2_consultation08_patient_021,test,turn_patient,day2_consultation08,124.672,129.464,1
pm_turn_day2_consultation08_doctor_025,test,turn_doctor,day2_consultation08,128.362,132.144,1
pm_turn_day2_consultation08_patient_023,test,turn_patient,day2_consultation08,132.716,136.668,1
pm_turn_day2_consultation08_patient_025,test,turn_patient,day2_consultation08,137.585,147.294,1
pm_turn_day2_consultation08_doctor_027,test,turn_doctor,day2_consultation08,146.948,149.758,1
pm_turn_day2_consultation08_patient_027,test,turn_patient,day2_consultation08,150.303,155.391,1
pm_turn_day2_consultation08_doctor_029,test,turn_doctor,day2_consultation08,155.303,164.098,1
pm_turn_day2_consultation08_patient_029,test,turn_patient,day2_consultation08,164.808,170.621,1
pm_turn_day2_consultation08_doctor_031,test,turn_doctor,day2_consultation08,170.376,173.164,1
pm_turn_day2_consultation08_patient_031,test,turn_patient,day2_consultation08,173.891,179.185,1
pm_turn_day2_consultation08_doctor_033,test,turn_doctor,day2_consultation08,176.831,177.838,1
pm_turn_day2_consultation08_doctor_035,test,turn_doctor,day2_consultation08,179.39,181.784,1
pm_turn_day2_consultation08_patient_033,test,turn_patient,day2_consultation08,184.096,194.432,1
pm_turn_day2_consultation08_doctor_037,test,turn_doctor,day2_consultation08,187.499,188.376,1
pm_turn_day2_consultation08_doctor_039,test,turn_doctor,day2_consultation08,194.074,198.338,1
pm_turn_day2_consultation08_patient_035,test,turn_patient,day2_consultation08,199.026,203.444,1
pm_turn_day2_consultation08_doctor_041,test,turn_doctor,day2_consultation08,204.083,206.976,1
pm_turn_day2_consultation08_patient_039,test,turn_patient,day2_consultation08,207.601,220.728,1
pm_turn_day2_consultation08_doctor_045,test,turn_doctor,day2_consultation08,220.492,224.437,1
pm_turn_day2_consultation08_patient_041,test,turn_patient,day2_consultation08,225.13,228.607,1
pm_turn_day2_consultation08_doctor_047,test,turn_doctor,day2_consultation08,228.421,231.663,1
pm_turn_day2_consultation08_patient_043,test,turn_patient,day2_consultation08,231.873,240.985,1
pm_turn_day2_consultation08_doctor_049,test,turn_doctor,day2_consultation08,240.815,242.164,1
pm_turn_day2_consultation08_patient_045,test,turn_patient,day2_consultation08,241.825,243.076,1
pm_turn_day2_consultation08_doctor_051,test,turn_doctor,day2_consultation08,243.333,249.498,1
pm_turn_day2_consultation08_patient_047,test,turn_patient,day2_consultation08,250.41,252.649,1
pm_turn_day2_consultation08_doctor_053,test,turn_doctor,day2_consultation08,252.596,255.415,1
pm_turn_day2_consultation08_patient_049,test,turn_patient,day2_consultation08,255.852,257.872,1
pm_turn_day2_consultation08_doctor_055,test,turn_doctor,day2_consultation08,257.614,260.236,1
pm_turn_day2_consultation08_patient_051,test,turn_patient,day2_consultation08,261.09,265.742,1
pm_turn_day2_consultation08_doctor_057,test,turn_doctor,day2_consultation08,265.528,268.451,1
pm_turn_day2_consultation08_patient_053,test,turn_patient,day2_consultation08,269.156,270.995,1
pm_turn_day2_consultation08_doctor_059,test,turn_doctor,day2_consultation08,271.297,272.395,1
pm_turn_day2_consultation08_patient_055,test,turn_patient,day2_consultation08,271.648,277.123,1
pm_turn_day2_consultation08_doctor_061,test,turn_doctor,day2_consultation08,277.966,278.889,1
pm_turn_day2_consultation08_doctor_063,test,turn_doctor,day2_consultation08,279.781,285.644,1
pm_turn_day2_consultation08_patient_057,test,turn_patient,day2_consultation08,286.102,287.696,1
pm_turn_day2_consultation08_doctor_065,test,turn_doctor,day2_consultation08,287.558,289.093,1
pm_turn_day2_consultation08_patient_059,test,turn_patient,day2_consultation08,290.612,293.647,1
pm_turn_day2_consultation08_doctor_067,test,turn_doctor,day2_consultation08,293.164,295.695,1
pm_turn_day2_consultation08_patient_061,test,turn_patient,day2_consultation08,295.782,297.526,1
pm_turn_day2_consultation08_doctor_069,test,turn_doctor,day2_consultation08,298.321,304.743,1
pm_turn_day2_consultation08_patient_063,test,turn_patient,day2_consultation08,305.852,309.771,1
pm_turn_day2_consultation08_doctor_071,test,turn_doctor,day2_consultation08,309.821,310.646,1
pm_turn_day2_consultation08_doctor_073,test,turn_doctor,day2_consultation08,311.311,318.741,1
pm_turn_day2_consultation08_patient_065,test,turn_patient,day2_consultation08,317.859,327.366,1
pm_turn_day2_consultation08_doctor_075,test,turn_doctor,day2_consultation08,327.821,335.298,1
pm_turn_day2_consultation08_patient_067,test,turn_patient,day2_consultation08,336.063,338.586,1
pm_turn_day2_consultation08_doctor_077,test,turn_doctor,day2_consultation08,337.777,344.152,1
pm_turn_day2_consultation08_patient_069,test,turn_patient,day2_consultation08,343.581,355.334,1
pm_turn_day2_consultation08_doctor_079,test,turn_doctor,day2_consultation08,354.993,361.906,1
pm_turn_day2_consultation08_patient_071,test,turn_patient,day2_consultation08,362.792,373.211,1
pm_turn_day2_consultation08_doctor_081,test,turn_doctor,day2_consultation08,372.98,376.707,1
pm_turn_day2_consultation08_patient_073,test,turn_patient,day2_consultation08,377.65,381.49,1
pm_turn_day2_consultation08_doctor_083,test,turn_doctor,day2_consultation08,381.705,384.802,1
pm_turn_day2_consultation08_patient_075,test,turn_patient,day2_consultation08,386.232,399.653,1
pm_turn_day2_consultation08_doctor_085,test,turn_doctor,day2_consultation08,399.806,403.663,1
pm_turn_day2_consultation08_patient_077,test,turn_patient,day2_consultation08,404.945,411.471,1
pm_turn_day2_consultation08_doctor_087,test,turn_doctor,day2_consultation08,412.317,416.481,1
pm_turn_day2_consultation08_patient_079,test,turn_patient,day2_consultation08,412.579,415.374,1
pm_turn_day2_consultation08_patient_081,test,turn_patient,day2_consultation08,417.598,420.832,1
pm_turn_day2_consultation08_doctor_089,test,turn_doctor,day2_consultation08,421.43,424.752,1
pm_turn_day2_consultation08_patient_083,test,turn_patient,day2_consultation08,426.265,428.777,1
pm_turn_day2_consultation08_doctor_091,test,turn_doctor,day2_consultation08,429.669,434.305,1
pm_turn_day2_consultation08_patient_085,test,turn_patient,day2_consultation08,435.158,438.423,1
pm_turn_day2_consultation08_doctor_093,test,turn_doctor,day2_consultation08,439.212,440.758,1
pm_turn_day2_consultation08_patient_087,test,turn_patient,day2_consultation08,441.116,442.791,1
pm_turn_day2_consultation08_doctor_095,test,turn_doctor,day2_consultation08,442.945,447.406,1
pm_turn_day2_consultation08_patient_089,test,turn_patient,day2_consultation08,449.152,451.058,1
pm_turn_day2_consultation08_doctor_097,test,turn_doctor,day2_consultation08,450.507,452.001,1
pm_turn_day2_consultation08_patient_091,test,turn_patient,day2_consultation08,453.111,455.504,1
pm_turn_day2_consultation08_doctor_099,test,turn_doctor,day2_consultation08,455.879,462.685,1
pm_turn_day2_consultation08_patient_093,test,turn_patient,day2_consultation08,462.803,464.309,1
pm_turn_day2_consultation08_doctor_101,test,turn_doctor,day2_consultation08,464.025,465.225,1
pm_turn_day2_consultation08_patient_095,test,turn_patient,day2_consultation08,466.193,473.363,1
pm_turn_day2_consultation08_doctor_103,test,turn_doctor,day2_consultation08,468.814,470.933,1
pm_turn_day2_consultation08_doctor_105,test,turn_doctor,day2_consultation08,472.916,478.072,1
pm_turn_day2_consultation08_patient_097,test,turn_patient,day2_consultation08,478.186,479.741,1
pm_turn_day2_consultation08_doctor_107,test,turn_doctor,day2_consultation08,479.383,482.495,1
pm_turn_day2_consultation08_patient_099,test,turn_patient,day2_consultation08,482.655,488.061,1
pm_turn_day2_consultation08_doctor_109,test,turn_doctor,day2_consultation08,486.075,490.49,1
pm_turn_day2_consultation08_patient_101,test,turn_patient,day2_consultation08,491.397,496.645,1
pm_turn_day2_consultation08_doctor_111,test,turn_doctor,day2_consultation08,496.641,500.579,1
pm_turn_day2_consultation08_doctor_113,test,turn_doctor,day2_consultation08,501.156,509.824,1
pm_turn_day2_consultation08_patient_103,test,turn_patient,day2_consultation08,506.049,507.111,1
pm_turn_day2_consultation08_doctor_114,test,turn_doctor,day2_consultation08,509.624,523.013,1
pm_turn_day2_consultation08_patient_105,test,turn_patient,day2_consultation08,510.623,511.628,1
pm_turn_day2_consultation08_doctor_115,test,turn_doctor,day2_consultation08,522.813,529.773,1
pm_turn_day2_consultation08_doctor_116,test,turn_doctor,day2_consultation08,529.573,536.638,1
pm_turn_day2_consultation08_doctor_117,test,turn_doctor,day2_consultation08,536.438,541.85,1
pm_turn_day2_consultation08_patient_107,test,turn_patient,day2_consultation08,536.758,537.939,1
pm_turn_day2_consultation08_doctor_118,test,turn_doctor,day2_consultation08,541.65,551.665,1
pm_turn_day2_consultation08_doctor_119,test,turn_doctor,day2_consultation08,551.465,554.116,1
pm_turn_day2_consultation08_doctor_120,test,turn_doctor,day2_consultation08,553.916,562.557,1
pm_turn_day2_consultation08_doctor_121,test,turn_doctor,day2_consultation08,562.357,573.233,1
pm_turn_day2_consultation08_patient_109,test,turn_patient,day2_consultation08,562.478,563.566,1
pm_turn_day2_consultation08_doctor_122,test,turn_doctor,day2_consultation08,573.033,580.719,1
pm_turn_day2_consultation08_doctor_123,test,turn_doctor,day2_consultation08,580.519,588.759,1
pm_turn_day2_consultation08_doctor_124,test,turn_doctor,day2_consultation08,588.559,592.477,1
pm_turn_day2_consultation08_doctor_125,test,turn_doctor,day2_consultation08,592.277,597.998,1
pm_turn_day2_consultation08_doctor_126,test,turn_doctor,day2_consultation08,597.798,605.788,1
pm_turn_day2_consultation08_patient_111,test,turn_patient,day2_consultation08,605.826,613.798,1
pm_turn_day2_consultation08_doctor_128,test,turn_doctor,day2_consultation08,606.939,607.849,1
pm_turn_day2_consultation08_doctor_130,test,turn_doctor,day2_consultation08,613.186,618.916,1
pm_turn_day2_consultation08_doctor_131,test,turn_doctor,day2_consultation08,618.716,626.211,1
pm_turn_day2_consultation08_patient_113,test,turn_patient,day2_consultation08,626.431,628.64,1
pm_turn_day2_consultation08_doctor_133,test,turn_doctor,day2_consultation08,628.258,630.851,1
pm_turn_day2_consultation08_patient_115,test,turn_patient,day2_consultation08,630.689,631.749,1
pm_turn_day2_consultation08_doctor_135,test,turn_doctor,day2_consultation08,631.42,632.165,1
pm_turn_day2_consultation09_doctor_001,recalibration,turn_doctor,day2_consultation09,1.473,6.006,1
pm_turn_day2_consultation09_patient_001,recalibration,turn_patient,day2_consultation09,4.171,8.055,1
pm_turn_day2_consultation09_doctor_003,recalibration,turn_doctor,day2_consultation09,6.729,7.536,1
pm_turn_day2_consultation09_doctor_005,recalibration,turn_doctor,day2_consultation09,8.285,11.724,1
pm_turn_day2_consultation09_patient_003,recalibration,turn_patient,day2_consultation09,12.148,13.348,1
pm_turn_day2_consultation09_doctor_007,recalibration,turn_doctor,day2_consultation09,12.977,17.579,1
pm_turn_day2_consultation09_patient_005,recalibration,turn_patient,day2_consultation09,18.065,22.032,1
pm_turn_day2_consultation09_doctor_009,recalibration,turn_doctor,day2_consultation09,22.84,24.117,1
pm_turn_day2_consultation09_patient_007,recalibration,turn_patient,day2_consultation09,23.276,26.438,1
pm_turn_day2_consultation09_patient_009,recalibration,turn_patient,day2_consultation09,27.359,30.1,1
pm_turn_day2_consultation09_doctor_011,recalibration,turn_doctor,day2_consultation09,30.498,35.519,1
pm_turn_day2_consultation09_patient_011,recalibration,turn_patient,day2_consultation09,35.298,36.431,1
pm_turn_day2_consultation09_doctor_013,recalibration,turn_doctor,day2_consultation09,36.319,38.946,1
pm_turn_day2_consultation09_patient_013,recalibration,turn_patient,day2_consultation09,39.268,46.935,1
pm_turn_day2_consultation09_patient_017,recalibration,turn_patient,day2_consultation09,51.877,52.874,1
pm_turn_day2_consultation09_doctor_015,recalibration,turn_doctor,day2_consultation09,52.362,55.126,1
pm_turn_day2_consultation09_patient_019,recalibration,turn_patient,day2_consultation09,53.464,63.07,1
pm_turn_day2_consultation09_doctor_019,recalibration,turn_doctor,day2_consultation09,64.746,67.844,1
pm_turn_day2_consultation09_patient_023,recalibration,turn_patient,day2_consultation09,70.727,76.483,1
pm_turn_day2_consultation09_doctor_021,recalibration,turn_doctor,day2_consultation09,76.43,81.066,1
pm_turn_day2_consultation09_patient_025,recalibration,turn_patient,day2_consultation09,82.013,83.032,1
pm_turn_day2_consultation09_doctor_023,recalibration,turn_doctor,day2_consultation09,84.045,85.861,1
pm_turn_day2_consultation09_doctor_025,recalibration,turn_doctor,day2_consultation09,86.447,89.502,1
pm_turn_day2_consultation09_patient_027,recalibration,turn_patient,day2_consultation09,89.622,94.04,1
pm_turn_day2_consultation09_doctor_027,recalibration,turn_doctor,day2_consultation09,94.302,101.032,1
pm_turn_day2_consultation09_patient_029,recalibration,turn_patient,day2_consultation09,101.028,104.378,1
pm_turn_day2_consultation09_doctor_029,recalibration,turn_doctor,day2_consultation09,105.097,110.143,1
pm_turn_day2_consultation09_patient_031,recalibration,turn_patient,day2_consultation09,110.404,111.829,1
pm_turn_day2_consultation09_doctor_031,recalibration,turn_doctor,day2_consultation09,112.644,115.775,1
pm_turn_day2_consultation09_patient_033,recalibration,turn_patient,day2_consultation09,116.667,125.589,1
pm_turn_day2_consultation09_doctor_033,recalibration,turn_doctor,day2_consultation09,125.635,131.288,1
pm_turn_day2_consultation09_patient_035,recalibration,turn_patient,day2_consultation09,131.9,138.491,1
pm_turn_day2_consultation09_doctor_035,recalibration,turn_doctor,day2_consultation09,140.054,145.263,1
pm_turn_day2_consultation09_patient_037,recalibration,turn_patient,day2_consultation09,145.238,155.348,1
pm_turn_day2_consultation09_doctor_037,recalibration,turn_doctor,day2_consultation09,156.028,157.827,1
pm_turn_day2_consultation09_doctor_039,recalibration,turn_doctor,day2_consultation09,158.627,170.861,1
pm_turn_day2_consultation09_patient_041,recalibration,turn_patient,day2_consultation09,174.96,178.589,1
pm_turn_day2_consultation09_patient_043,recalibration,turn_patient,day2_consultation09,180.253,193.318,1
pm_turn_day2_consultation09_doctor_041,recalibration,turn_doctor,day2_consultation09,193.977,198.57,1
pm_turn_day2_consultation09_patient_045,recalibration,turn_patient,day2_consultation09,199.644,202.882,1
pm_turn_day2_consultation09_doctor_043,recalibration,turn_doctor,day2_consultation09,202.883,208.288,1
pm_turn_day2_consultation09_patient_047,recalibration,turn_patient,day2_consultation09,208.629,219.566,1
pm_turn_day2_consultation09_doctor_045,recalibration,turn_doctor,day2_consultation09,219.704,223.793,1
pm_turn_day2_consultation09_patient_049,recalibration,turn_patient,day2_consultation09,222.99,224.07,1
pm_turn_day2_consultation09_doctor_047,recalibration,turn_doctor,day2_consultation09,225.524,227.434,1
pm_turn_day2_consultation09_patient_051,recalibration,turn_patient,day2_consultation09,226.426,229.092,1
pm_turn_day2_consultation09_doctor_049,recalibration,turn_doctor,day2_consultation09,229.721,237.493,1
pm_turn_day2_consultation09_patient_053,recalibration,turn_patient,day2_consultation09,237.682,239.679,1
pm_turn_day2_consultation09_doctor_051,recalibration,turn_doctor,day2_consultation09,238.396,245.716,1
pm_turn_day2_consultation09_patient_055,recalibration,turn_patient,day2_consultation09,246.088,251.363,1
pm_turn_day2_consultation09_doctor_053,recalibration,turn_doctor,day2_consultation09,250.558,267.818,1
pm_turn_day2_consultation09_patient_057,recalibration,turn_patient,day2_consultation09,257.073,257.942,1
pm_turn_day2_consultation09_patient_059,recalibration,turn_patient,day2_consultation09,267.606,269.874,1
pm_turn_day2_consultation09_doctor_055,recalibration,turn_doctor,day2_consultation09,268.823,276.1,1
pm_turn_day2_consultation09_patient_061,recalibration,turn_patient,day2_consultation09,275.982,276.957,1
pm_turn_day2_consultation09_doctor_057,recalibration,turn_doctor,day2_consultation09,276.9,279.528,1
pm_turn_day2_consultation09_patient_065,recalibration,turn_patient,day2_consultation09,282.779,287.964,1
pm_turn_day2_consultation09_doctor_059,recalibration,turn_doctor,day2_consultation09,288.516,292.579,1
pm_turn_day2_consultation09_patient_067,recalibration,turn_patient,day2_consultation09,293.246,300.806,1
pm_turn_day2_consultation09_doctor_061,recalibration,turn_doctor,day2_consultation09,301.157,306.22,1
pm_turn_day2_consultation09_patient_069,recalibration,turn_patient,day2_consultation09,306.396,310.536,1
pm_turn_day2_consultation09_doctor_063,recalibration,turn_doctor,day2_consultation09,310.755,311.827,1
pm_turn_day2_consultation09_doctor_065,recalibration,turn_doctor,day2_consultation09,313.439,315.904,1
pm_turn_day2_consultation09_patient_071,recalibration,turn_patient,day2_consultation09,316.652,320.528,1
pm_turn_day2_consultation09_patient_073,recalibration,turn_patient,day2_consultation09,321.328,324.34,1
pm_turn_day2_consultation09_doctor_067,recalibration,turn_doctor,day2_consultation09,324.789,326.853,1
pm_turn_day2_consultation09_patient_075,recalibration,turn_patient,day2_consultation09,327.403,328.453,1
pm_turn_day2_consultation09_doctor_069,recalibration,turn_doctor,day2_consultation09,328.422,331.827,1
pm_turn_day2_consultation09_patient_077,recalibration,turn_patient,day2_consultation09,332.456,333.656,1
pm_turn_day2_consultation09_doctor_071,recalibration,turn_doctor,day2_consultation09,334.114,336.143,1
pm_turn_day2_consultation09_patient_079,recalibration,turn_patient,day2_consultation09,336.494,337.934,1
pm_turn_day2_consultation09_doctor_073,recalibration,turn_doctor,day2_consultation09,339.046,341.306,1
pm_turn_day2_consultation09_patient_081,recalibration,turn_patient,day2_consultation09,343.163,351.385,1
pm_turn_day2_consultation09_doctor_075,recalibration,turn_doctor,day2_consultation09,351.969,354.562,1
pm_turn_day2_consultation09_patient_083,recalibration,turn_patient,day2_consultation09,355.193,358.626,1
pm_turn_day2_consultation09_doctor_077,recalibration,turn_doctor,day2_consultation09,355.2,355.998,1
pm_turn_day2_consultation09_doctor_079,recalibration,turn_doctor,day2_consultation09,359.379,360.382,1
pm_turn_day2_consultation09_doctor_081,recalibration,turn_doctor,day2_consultation09,361.576,363.126,1
pm_turn_day2_consultation09_doctor_083,recalibration,turn_doctor,day2_consultation09,364.268,367.391,1
pm_turn_day2_consultation09_patient_085,recalibration,turn_patient,day2_consultation09,367.539,375.603,1
pm_turn_day2_consultation09_doctor_085,recalibration,turn_doctor,day2_consultation09,375.319,394.391,1
pm_turn_day2_consultation09_doctor_086,recalibration,turn_doctor,day2_consultation09,394.191,404.331,1
pm_turn_day2_consultation09_patient_087,recalibration,turn_patient,day2_consultation09,395.614,396.558,1
pm_turn_day2_consultation09_patient_089,recalibration,turn_patient,day2_consultation09,404.396,407.032,1
pm_turn_day2_consultation09_doctor_088,recalibration,turn_doctor,day2_consultation09,407.234,419.477,1
pm_turn_day2_consultation09_patient_091,recalibration,turn_patient,day2_consultation09,418.343,419.28,1
pm_turn_day2_consultation09_doctor_089,recalibration,turn_doctor,day2_consultation09,419.277,423.947,1
pm_turn_day2_consultation09_patient_093,recalibration,turn_patient,day2_consultation09,424.343,426.378,1
pm_turn_day2_consultation09_doctor_091,recalibration,turn_doctor,day2_consultation09,426.234,428.536,1
pm_turn_day2_consultation09_patient_095,recalibration,turn_patient,day2_consultation09,428.659,429.618,1
pm_turn_day2_consultation09_doctor_093,recalibration,turn_doctor,day2_consultation09,429.336,430.28,1
pm_turn_day2_consultation10_doctor_001,test,turn_doctor,day2_consultation10,1.562,3.358,1
pm_turn_day2_consultation10_patient_001,test,turn_patient,day2_consultation10,3.576,4.776,1
pm_turn_day2_consultation10_doctor_003,test,turn_doctor,day2_consultation10,4.463,7.319,1
pm_turn_day2_consultation10_patient_003,test,turn_patient,day2_consultation10,7.36,9.481,1
pm_turn_day2_consultation10_doctor_005,test,turn_doctor,day2_consultation10,9.761,15.398,1
pm_turn_day2_consultation10_patient_005,test,turn_patient,day2_consultation10,16.065,25.395,1
pm_turn_day2_consultation10_doctor_007,test,turn_doctor,day2_consultation10,25.244,29.395,1
pm_turn_day2_consultation10_patient_007,test,turn_patient,day2_consultation10,29.36,30.56,1
pm_turn_day2_consultation10_doctor_009,test,turn_doctor,day2_consultation10,30.407,33.12,1
pm_turn_day2_consultation10_patient_009,test,turn_patient,day2_consultation10,33.144,42.402,1
pm_turn_day2_consultation10_doctor_011,test,turn_doctor,day2_consultation10,42.317,48.233,1
pm_turn_day2_consultation10_patient_011,test,turn_patient,day2_consultation10,48.439,51.682,1
pm_turn_day2_consultation10_doctor_013,test,turn_doctor,day2_consultation10,51.337,52.961,1
pm_turn_day2_consultation10_patient_013,test,turn_patient,day2_consultation10,53.111,57.15,1
pm_turn_day2_consultation10_doctor_015,test,turn_doctor,day2_consultation10,57.125,58.935,1
pm_turn_day2_consultation10_patient_015,test,turn_patient,day2_consultation10,59.13,62.128,1
pm_turn_day2_consultation10_doctor_017,test,turn_doctor,day2_consultation10,63.072,65.027,1
pm_turn_day2_consultation10_patient_017,test,turn_patient,day2_consultation10,65.13,66.416,1
pm_turn_day2_consultation10_doctor_019,test,turn_doctor,day2_consultation10,66.9,69.69,1
pm_turn_day2_consultation10_patient_019,test,turn_patient,day2_consultation10,69.561,75.812,1
pm_turn_day2_consultation10_doctor_021,test,turn_doctor,day2_consultation10,76.384,82.325,1
pm_turn_day2_consultation10_patient_021,test,turn_patient,day2_consultation10,82.137,96.042,1
pm_turn_day2_consultation10_doctor_023,test,turn_doctor,day2_consultation10,96.304,101.915,1
pm_turn_day2_consultation10_patient_023,test,turn_patient,day2_consultation10,101.993,103.193,1
pm_turn_day2_consultation10_doctor_025,test,turn_doctor,day2_consultation10,103.563,106.127,1
pm_turn_day2_consultation10_patient_025,test,turn_patient,day2_consultation10,106.439,107.389,1
pm_turn_day2_consultation10_doctor_027,test,turn_doctor,day2_consultation10,107.682,114.379,1
pm_turn_day2_consultation10_patient_027,test,turn_patient,day2_consultation10,113.691,120.919,1
pm_turn_day2_consultation10_doctor_029,test,turn_doctor,day2_consultation10,120.689,125.451,1
pm_turn_day2_consultation10_patient_029,test,turn_patient,day2_consultation10,125.388,134.56,1
pm_turn_day2_consultation10_doctor_031,test,turn_doctor,day2_consultation10,134.715,142.485,1
pm_turn_day2_consultation10_patient_031,test,turn_patient,day2_consultation10,142.137,144.042,1
pm_turn_day2_consultation10_doctor_033,test,turn_doctor,day2_consultation10,143.801,149.716,1
pm_turn_day2_consultation10_patient_033,test,turn_patient,day2_consultation10,149.834,154.887,1
pm_turn_day2_consultation10_patient_034,test,turn_patient,day2_consultation10,154.687,164.414,1
pm_turn_day2_consultation10_doctor_035,test,turn_doctor,day2_consultation10,164.252,169.438,1
pm_turn_day2_consultation10_patient_036,test,turn_patient,day2_consultation10,169.635,172.674,1
pm_turn_day2_consultation10_doctor_037,test,turn_doctor,day2_consultation10,174.331,177.107,1
pm_turn_day2_consultation10_patient_038,test,turn_patient,day2_consultation10,177.748,191.139,1
pm_turn_day2_consultation10_doctor_039,test,turn_doctor,day2_consultation10,190.901,196.895,1
pm_turn_day2_consultation10_patient_040,test,turn_patient,day2_consultation10,196.553,205.293,1
pm_turn_day2_consultation10_doctor_041,test,turn_doctor,day2_consultation10,205.695,208.525,1
pm_turn_day2_consultation10_patient_042,test,turn_patient,day2_consultation10,208.481,209.443,1
pm_turn_day2_consultation10_doctor_043,test,turn_doctor,day2_consultation10,210.027,216.604,1
pm_turn_day2_consultation10_patient_044,test,turn_patient,day2_consultation10,215.215,226.308,1
pm_turn_day2_consultation10_patient_045,test,turn_patient,day2_consultation10,226.108,231.437,1
pm_turn_day2_consultation10_doctor_047,test,turn_doctor,day2_consultation10,232.027,240.22,1
pm_turn_day2_consultation10_patient_047,test,turn_patient,day2_consultation10,240.22,241.104,1
pm_turn_day2_consultation10_doctor_049,test,turn_doctor,day2_consultation10,242.265,250.101,1
pm_turn_day2_consultation10_patient_049,test,turn_patient,day2_consultation10,249.901,262.933,1
pm_turn_day2_consultation10_doctor_051,test,turn_doctor,day2_consultation10,263.371,264.37,1
pm_turn_day2_consultation10_doctor_053,test,turn_doctor,day2_consultation10,264.98,271.238,1
pm_turn_day2_consultation10_patient_051,test,turn_patient,day2_consultation10,270.041,273.119,1
pm_turn_day2_consultation10_doctor_055,test,turn_doctor,day2_consultation10,273.698,282.728,1
pm_turn_day2_consultation10_patient_053,test,turn_patient,day2_consultation10,282.9,285.451,1
pm_turn_day2_consultation10_doctor_057,test,turn_doctor,day2_consultation10,285.698,287.238,1
pm_turn_day2_consultation10_patient_055,test,turn_patient,day2_consultation10,287.347,289.192,1
pm_turn_day2_consultation10_doctor_059,test,turn_doctor,day2_consultation10,289.777,292.336,1
pm_turn_day2_consultation10_patient_057,test,turn_patient,day2_consultation10,292.445,294.918,1
pm_turn_day2_consultation10_doctor_061,test,turn_doctor,day2_consultation10,294.522,297.931,1
pm_turn_day2_consultation10_patient_059,test,turn_patient,day2_consultation10,298.292,299.407,1
pm_turn_day2_consultation10_doctor_063,test,turn_doctor,day2_consultation10,299.855,302.454,1
pm_turn_day2_consultation10_patient_061,test,turn_patient,day2_consultation10,302.337,303.329,1
pm_turn_day2_consultation10_doctor_065,test,turn_doctor,day2_consultation10,303.659,306.14,1
pm_turn_day2_consultation10_patient_063,test,turn_patient,day2_consultation10,305.79,306.721,1
pm_turn_day2_consultation10_doctor_067,test,turn_doctor,day2_consultation10,307.763,311.931,1
pm_turn_day2_consultation10_patient_065,test,turn_patient,day2_consultation10,312.24,321.364,1
pm_turn_day2_consultation10_doctor_069,test,turn_doctor,day2_consultation10,321.306,325.447,1
pm_turn_day2_consultation10_patient_067,test,turn_patient,day2_consultation10,325.603,332.904,1
pm_turn_day2_consultation10_doctor_071,test,turn_doctor,day2_consultation10,333.083,335.46,1
pm_turn_day2_consultation10_patient_069,test,turn_patient,day2_consultation10,335.445,337.407,1
pm_turn_day2_consultation10_doctor_073,test,turn_doctor,day2_consultation10,337.188,341.251,1
pm_turn_day2_consultation10_patient_071,test,turn_patient,day2_consultation10,341.258,343.302,1
pm_turn_day2_consultation10_doctor_075,test,turn_doctor,day2_consultation10,343.554,345.983,1
pm_turn_day2_consultation10_patient_073,test,turn_patient,day2_consultation10,345.848,347.048,1
pm_turn_day2_consultation10_doctor_077,test,turn_doctor,day2_consultation10,347.371,350.401,1
pm_turn_day2_consultation10_patient_075,test,turn_patient,day2_consultation10,350.308,352.012,1
pm_turn_day2_consultation10_doctor_079,test,turn_doctor,day2_consultation10,352.391,356.702,1
pm_turn_day2_consultation10_patient_077,test,turn_patient,day2_consultation10,356.667,360.712,1
pm_turn_day2_consultation10_doctor_081,test,turn_doctor,day2_consultation10,361.057,361.923,1
pm_turn_day2_consultation10_doctor_083,test,turn_doctor,day2_consultation10,362.741,364.623,1
pm_turn_day2_consultation10_patient_079,test,turn_patient,day2_consultation10,364.754,371.569,1
pm_turn_day2_consultation10_doctor_085,test,turn_doctor,day2_consultation10,372.064,373.172,1
pm_turn_day2_consultation10_patient_081,test,turn_patient,day2_consultation10,372.344,374.155,1
pm_turn_day2_consultation10_doctor_087,test,turn_doctor,day2_consultation10,374.181,382.733,1
pm_turn_day2_consultation10_doctor_088,test,turn_doctor,day2_consultation10,382.533,388.192,1
pm_turn_day2_consultation10_patient_083,test,turn_patient,day2_consultation10,382.538,383.469,1
pm_turn_day2_consultation10_doctor_089,test,turn_doctor,day2_consultation10,387.992,397.785,1
pm_turn_day2_consultation10_patient_085,test,turn_patient,day2_consultation10,388.166,389.105,1
pm_turn_day2_consultation10_doctor_090,test,turn_doctor,day2_consultation10,397.585,400.969,1
pm_turn_day2_consultation10_doctor_091,test,turn_doctor,day2_consultation10,400.769,408.659,1
pm_turn_day2_consultation10_patient_087,test,turn_patient,day2_consultation10,401.221,402.241,1
pm_turn_day2_consultation10_doctor_092,test,turn_doctor,day2_consultation10,408.459,416.662,1
pm_turn_day2_consultation10_patient_089,test,turn_patient,day2_consultation10,408.61,409.61,1
pm_turn_day2_consultation10_doctor_093,test,turn_doctor,day2_consultation10,416.462,423.759,1
pm_turn_day2_consultation10_patient_091,test,turn_patient,day2_consultation10,421.876,423.076,1
pm_turn_day2_consultation10_doctor_094,test,turn_doctor,day2_consultation10,423.559,430.01,1
pm_turn_day2_consultation10_doctor_095,test,turn_doctor,day2_consultation10,429.81,439.274,1
pm_turn_day2_consultation10_patient_093,test,turn_patient,day2_consultation10,430.365,431.565,1
pm_turn_day2_consultation10_doctor_096,test,turn_doctor,day2_consultation10,439.074,452.673,1
pm_turn_day2_consultation10_patient_095,test,turn_patient,day2_consultation10,439.581,440.696,1
pm_turn_day2_consultation10_doctor_097,test,turn_doctor,day2_consultation10,452.473,460.912,1
pm_turn_day2_consultation10_patient_097,test,turn_patient,day2_consultation10,453.065,454.263,1
pm_turn_day2_consultation10_doctor_098,test,turn_doctor,day2_consultation10,460.712,468.668,1
pm_turn_day2_consultation10_patient_099,test,turn_patient,day2_consultation10,461.073,461.988,1
pm_turn_day2_consultation10_patient_101,test,turn_patient,day2_consultation10,466.43,467.322,1
pm_turn_day2_consultation10_doctor_099,test,turn_doctor,day2_consultation10,468.468,481.682,1
pm_turn_day2_consultation10_doctor_100,test,turn_doctor,day2_consultation10,481.482,489.273,1
pm_turn_day2_consultation10_patient_105,test,turn_patient,day2_consultation10,481.869,482.953,1
pm_turn_day2_consultation10_doctor_101,test,turn_doctor,day2_consultation10,489.073,503.156,1
pm_turn_day2_consultation10_patient_107,test,turn_patient,day2_consultation10,496.257,497.226,1
pm_turn_day2_consultation10_patient_109,test,turn_patient,day2_consultation10,503.552,504.59,1
pm_turn_day2_consultation10_doctor_103,test,turn_doctor,day2_consultation10,504.139,510.766,1
pm_turn_day2_consultation10_patient_111,test,turn_patient,day2_consultation10,510.012,512.449,1
pm_turn_day2_consultation10_doctor_105,test,turn_doctor,day2_consultation10,511.566,518.018,1
pm_turn_day2_consultation10_doctor_106,test,turn_doctor,day2_consultation10,517.818,530.151,1
pm_turn_day2_consultation10_doctor_107,test,turn_doctor,day2_consultation10,529.951,539.556,1
pm_turn_day2_consultation10_patient_113,test,turn_patient,day2_consultation10,539.336,543.543,1
pm_turn_day2_consultation10_doctor_109,test,turn_doctor,day2_consultation10,542.814,560.04,1
pm_turn_day2_consultation10_patient_115,test,turn_patient,day2_consultation10,559.925,563.039,1
pm_turn_day2_consultation10_doctor_111,test,turn_doctor,day2_consultation10,562.343,568.968,1
pm_turn_day2_consultation10_patient_117,test,turn_patient,day2_consultation10,568.789,573.117,1
pm_turn_day2_consultation10_doctor_113,test,turn_doctor,day2_consultation10,572.879,575.53,1
pm_turn_day2_consultation10_patient_119,test,turn_patient,day2_consultation10,574.502,575.219,1
pm_turn_day2_consultation10_patient_121,test,turn_patient,day2_consultation10,575.825,577.092,1
pm_turn_day2_consultation10_doctor_115,test,turn_doctor,day2_consultation10,576.892,578.092,1
pm_turn_day2_consultation10_patient_123,test,turn_patient,day2_consultation10,577.903,578.486,1
pm_turn_day3_consultation01_doctor_001,recalibration,turn_doctor,day3_consultation01,4.333,5.277,1
pm_turn_day3_consultation01_doctor_003,recalibration,turn_doctor,day3_consultation01,6.382,7.355,1
pm_turn_day3_consultation01_patient_001,recalibration,turn_patient,day3_consultation01,7.278,9.214,1
pm_turn_day3_consultation01_doctor_007,recalibration,turn_doctor,day3_consultation01,9.482,12.667,1
pm_turn_day3_consultation01_doctor_009,recalibration,turn_doctor,day3_consultation01,13.631,14.987,1
pm_turn_day3_consultation01_patient_005,recalibration,turn_patient,day3_consultation01,15.486,20.356,1
pm_turn_day3_consultation01_doctor_011,recalibration,turn_doctor,day3_consultation01,19.985,25.745,1
pm_turn_day3_consultation01_patient_007,recalibration,turn_patient,day3_consultation01,25.951,28.984,1
pm_turn_day3_consultation01_doctor_013,recalibration,turn_doctor,day3_consultation01,28.772,31.256,1
pm_turn_day3_consultation01_patient_009,recalibration,turn_patient,day3_consultation01,31.689,36.334,1
pm_turn_day3_consultation01_doctor_015,recalibration,turn_doctor,day3_consultation01,36.319,39.958,1
pm_turn_day3_consultation01_patient_011,recalibration,turn_patient,day3_consultation01,40.46,45.311,1
pm_turn_day3_consultation01_doctor_019,recalibration,turn_doctor,day3_consultation01,45.544,52.145,1
pm_turn_day3_consultation01_patient_013,recalibration,turn_patient,day3_consultation01,52.861,55.39,1
pm_turn_day3_consultation01_doctor_021,recalibration,turn_doctor,day3_consultation01,55.023,66.05,1
pm_turn_day3_consultation01_patient_015,recalibration,turn_patient,day3_consultation01,66.401,75.663,1
pm_turn_day3_consultation01_patient_016,recalibration,turn_patient,day3_consultation01,75.463,83.115,1
pm_turn_day3_consultation01_patient_017,recalibration,turn_patient,day3_consultation01,82.915,91.431,1
pm_turn_day3_consultation01_patient_018,recalibration,turn_patient,day3_consultation01,91.231,95.909,1
pm_turn_day3_consultation01_patient_019,recalibration,turn_patient,day3_consultation01,95.709,108.073,1
pm_turn_day3_consultation01_doctor_027,recalibration,turn_doctor,day3_consultation01,107.5,108.434,1
pm_turn_day3_consultation01_patient_020,recalibration,turn_patient,day3_consultation01,107.873,116.86,1
pm_turn_day3_consultation01_patient_021,recalibration,turn_patient,day3_consultation01,116.66,126.331,1
pm_turn_day3_consultation01_patient_022,recalibration,turn_patient,day3_consultation01,126.131,138.192,1
pm_turn_day3_consultation01_doctor_033,recalibration,turn_doctor,day3_consultation01,131.184,132.037,1
pm_turn_day3_consultation01_doctor_035,recalibration,turn_doctor,day3_consultation01,136.468,137.235,1
pm_turn_day3_consultation01_doctor_037,recalibration,turn_doctor,day3_consultation01,138.035,142.867,1
pm_turn_day3_consultation01_patient_024,recalibration,turn_patient,day3_consultation01,143.852,149.909,1
pm_turn_day3_consultation01_doctor_039,recalibration,turn_doctor,day3_consultation01,149.936,156.009,1
pm_turn_day3_consultation01_patient_026,recalibration,turn_patient,day3_consultation01,156.806,166.565,1
pm_turn_day3_consultation01_doctor_041,recalibration,turn_doctor,day3_consultation01,166.043,169.094,1
pm_turn_day3_consultation01_patient_028,recalibration,turn_patient,day3_consultation01,169.107,170.378,1
pm_turn_day3_consultation01_doctor_043,recalibration,turn_doctor,day3_consultation01,170.341,173.221,1
pm_turn_day3_consultation01_patient_030,recalibration,turn_patient,day3_consultation01,173.915,182.312,1
pm_turn_day3_consultation01_doctor_045,recalibration,turn_doctor,day3_consultation01,180.787,193.987,1
pm_turn_day3_consultation01_patient_032,recalibration,turn_patient,day3_consultation01,194.288,199.988,1
pm_turn_day3_consultation01_doctor_047,recalibration,turn_doctor,day3_consultation01,199.702,200.704,1
pm_turn_day3_consultation01_doctor_049,recalibration,turn_doctor,day3_consultation01,201.646,205.278,1
pm_turn_day3_consultation01_patient_034,recalibration,turn_patient,day3_consultation01,206.949,216.73,1
pm_turn_day3_consultation01_doctor_051,recalibration,turn_doctor,day3_consultation01,212.632,213.576,1
pm_turn_day3_consultation01_doctor_053,recalibration,turn_doctor,day3_consultation01,216.468,218.597,1
pm_turn_day3_consultation01_doctor_055,recalibration,turn_doctor,day3_consultation01,219.504,228.029,1
pm_turn_day3_consultation01_patient_036,recalibration,turn_patient,day3_consultation01,228.43,234.419,1
pm_turn_day3_consultation01_patient_038,recalibration,turn_patient,day3_consultation01,234.793,239.189,1
pm_turn_day3_consultation01_patient_040,recalibration,turn_patient,day3_consultation01,239.301,251.691,1
pm_turn_day3_consultation01_doctor_059,recalibration,turn_doctor,day3_consultation01,250.979,252.059,1
pm_turn_day3_consultation01_patient_041,recalibration,turn_patient,day3_consultation01,251.491,256.437,1
pm_turn_day3_consultation01_patient_043,recalibration,turn_patient,day3_consultation01,256.585,270.11,1
pm_turn_day3_consultation01_doctor_061,recalibration,turn_doctor,day3_consultation01,261.001,261.931,1
pm_turn_day3_consultation01_doctor_063,recalibration,turn_doctor,day3_consultation01,265.15,266.172,1
pm_turn_day3_consultation01_doctor_065,recalibration,turn_doctor,day3_consultation01,269.121,278.305,1
pm_turn_day3_consultation01_patient_045,recalibration,turn_patient,day3_consultation01,278.577,287.425,1
pm_turn_day3_consultation01_doctor_067,recalibration,turn_doctor,day3_consultation01,286.894,287.86,1
pm_turn_day3_consultation01_patient_047,recalibration,turn_patient,day3_consultation01,288.254,294.017,1
pm_turn_day3_consultation01_doctor_069,recalibration,turn_doctor,day3_consultation01,293.66,300.392,1
pm_turn_day3_consultation01_patient_049,recalibration,turn_patient,day3_consultation01,301.26,305.579,1
pm_turn_day3_consultation01_doctor_073,recalibration,turn_doctor,day3_consultation01,304.439,315.604,1
pm_turn_day3_consultation01_patient_051,recalibration,turn_patient,day3_consultation01,316.476,327.077,1
pm_turn_day3_consultation01_doctor_075,recalibration,turn_doctor,day3_consultation01,324.533,325.392,1
pm_turn_day3_consultation01_doctor_077,recalibration,turn_doctor,day3_consultation01,326.809,327.655,1
pm_turn_day3_consultation01_patient_052,recalibration,turn_patient,day3_consultation01,326.877,332.42,1
pm_turn_day3_consultation01_doctor_079,recalibration,turn_doctor,day3_consultation01,332.086,338.931,1
pm_turn_day3_consultation01_patient_054,recalibration,turn_patient,day3_consultation01,340.866,349.447,1
pm_turn_day3_consultation01_doctor_081,recalibration,turn_doctor,day3_consultation01,349.88,356.938,1
pm_turn_day3_consultation01_patient_056,recalibration,turn_patient,day3_consultation01,357.087,369.398,1
pm_turn_day3_consultation01_doctor_083,recalibration,turn_doctor,day3_consultation01,365.448,366.222,1
pm_turn_day3_consultation01_doctor_085,recalibration,turn_doctor,day3_consultation01,368.226,370.828,1
pm_turn_day3_consultation01_patient_058,recalibration,turn_patient,day3_consultation01,371.76,375.635,1
pm_turn_day3_consultation01_doctor_087,recalibration,turn_doctor,day3_consultation01,371.824,372.967,1
pm_turn_day3_consultation01_doctor_089,recalibration,turn_doctor,day3_consultation01,374.417,381.818,1
pm_turn_day3_consultation01_patient_060,recalibration,turn_patient,day3_consultation01,384.146,387.7,1
pm_turn_day3_consultation01_doctor_091,recalibration,turn_doctor,day3_consultation01,386.499,389.631,1
pm_turn_day3_consultation01_doctor_093,recalibration,turn_doctor,day3_consultation01,389.9,414.818,1
pm_turn_day3_consultation01_doctor_094,recalibration,turn_doctor,day3_consultation01,414.618,423.814,1
pm_turn_day3_consultation01_patient_066,recalibration,turn_patient,day3_consultation01,423.696,426.313,1
pm_turn_day3_consultation01_doctor_096,recalibration,turn_doctor,day3_consultation01,425.151,435.471,1
pm_turn_day3_consultation01_patient_068,recalibration,turn_patient,day3_consultation01,434.066,439.724,1
pm_turn_day3_consultation01_doctor_098,recalibration,turn_doctor,day3_consultation01,438.647,459.135,1
pm_turn_day3_consultation01_patient_070,recalibration,turn_patient,day3_consultation01,459.127,464.57,1
pm_turn_day3_consultation01_doctor_100,recalibration,turn_doctor,day3_consultation01,464.125,481.246,1
pm_turn_day3_consultation01_patient_071,recalibration,turn_patient,day3_consultation01,464.37,467.241,1
pm_turn_day3_consultation01_patient_073,recalibration,turn_patient,day3_consultation01,481.183,483.801,1
pm_turn_day3_consultation01_doctor_102,recalibration,turn_doctor,day3_consultation01,482.798,487.684,1
pm_turn_day3_consultation01_patient_075,recalibration,turn_patient,day3_consultation01,487.37,490.384,1
pm_turn_day3_consultation01_doctor_104,recalibration,turn_doctor,day3_consultation01,488.358,498.88,1
pm_turn_day3_consultation01_patient_077,recalibration,turn_patient,day3_consultation01,498.204,502.702,1
pm_turn_day3_consultation01_doctor_106,recalibration,turn_doctor,day3_consultation01,501.392,502.266,1
pm_turn_day3_consultation01_doctor_108,recalibration,turn_doctor,day3_consultation01,502.494,504.612,1
pm_turn_day3_consultation01_patient_079,recalibration,turn_patient,day3_consultation01,504.677,507.805,1
pm_turn_day3_consultation01_doctor_110,recalibration,turn_doctor,day3_consultation01,505.64,507.769,1
pm_turn_day3_consultation02_doctor_000,test,turn_doctor,day3_consultation02,0.0,4.545,1
pm_turn_day3_consultation02_patient_001,test,turn_patient,day3_consultation02,4.5,6.264,1
pm_turn_day3_consultation02_doctor_002,test,turn_doctor,day3_consultation02,5.287,11.055,1
pm_turn_day3_consultation02_patient_003,test,turn_patient,day3_consultation02,11.426,13.939,1
pm_turn_day3_consultation02_doctor_004,test,turn_doctor,day3_consultation02,14.045,18.767,1
pm_turn_day3_consultation02_patient_005,test,turn_patient,day3_consultation02,16.297,23.427,1
pm_turn_day3_consultation02_doctor_006,test,turn_doctor,day3_consultation02,23.219,25.375,1
pm_turn_day3_consultation02_patient_007,test,turn_patient,day3_consultation02,25.424,33.057,1
pm_turn_day3_consultation02_doctor_010,test,turn_doctor,day3_consultation02,32.625,38.955,1
pm_turn_day3_consultation02_patient_009,test,turn_patient,day3_consultation02,38.734,40.324,1
pm_turn_day3_consultation02_doctor_012,test,turn_doctor,day3_consultation02,39.846,45.347,1
pm_turn_day3_consultation02_patient_011,test,turn_patient,day3_consultation02,44.736,59.337,1
pm_turn_day3_consultation02_patient_012,test,turn_patient,day3_consultation02,59.137,63.277,1
pm_turn_day3_consultation02_doctor_016,test,turn_doctor,day3_consultation02,62.973,69.738,1
pm_turn_day3_consultation02_patient_014,test,turn_patient,day3_consultation02,69.611,78.311,1
pm_turn_day3_consultation02_doctor_018,test,turn_doctor,day3_consultation02,77.799,83.1,1
pm_turn_day3_consultation02_patient_016,test,turn_patient,day3_consultation02,83.092,88.969,1
pm_turn_day3_consultation02_doctor_020,test,turn_doctor,day3_consultation02,88.857,97.144,1
pm_turn_day3_consultation02_patient_018,test,turn_patient,day3_consultation02,92.49,93.385,1
pm_turn_day3_consultation02_patient_020,test,turn_patient,day3_consultation02,97.173,103.596,1
pm_turn_day3_consultation02_doctor_022,test,turn_doctor,day3_consultation02,103.263,110.912,1
pm_turn_day3_consultation02_patient_022,test,turn_patient,day3_consultation02,110.741,118.974,1
pm_turn_day3_consultation02_doctor_024,test,turn_doctor,day3_consultation02,118.524,124.622,1
pm_turn_day3_consultation02_patient_024,test,turn_patient,day3_consultation02,124.483,126.605,1
pm_turn_day3_consultation02_doctor_026,test,turn_doctor,day3_consultation02,126.654,129.941,1
pm_turn_day3_consultation02_patient_026,test,turn_patient,day3_consultation02,130.071,131.746,1
pm_turn_day3_consultation02_doctor_028,test,turn_doctor,day3_consultation02,132.06,134.75,1
pm_turn_day3_consultation02_patient_028,test,turn_patient,day3_consultation02,134.678,136.264,1
pm_turn_day3_consultation02_doctor_030,test,turn_doctor,day3_consultation02,135.806,140.256,1
pm_turn_day3_consultation02_patient_030,test,turn_patient,day3_consultation02,140.535,144.471,1
pm_turn_day3_consultation02_doctor_032,test,turn_doctor,day3_consultation02,144.263,153.391,1
pm_turn_day3_consultation02_patient_032,test,turn_patient,day3_consultation02,153.493,155.168,1
pm_turn_day3_consultation02_doctor_034,test,turn_doctor,day3_consultation02,154.509,158.506,1
pm_turn_day3_consultation02_patient_034,test,turn_patient,day3_consultation02,158.494,162.551,1
pm_turn_day3_consultation02_doctor_036,test,turn_doctor,day3_consultation02,161.857,167.84,1
pm_turn_day3_consultation02_patient_036,test,turn_patient,day3_consultation02,167.509,173.581,1
pm_turn_day3_consultation02_doctor_038,test,turn_doctor,day3_consultation02,170.712,171.912,1
pm_turn_day3_consultation02_doctor_040,test,turn_doctor,day3_consultation02,173.06,184.738,1
pm_turn_day3_consultation02_patient_038,test,turn_patient,day3_consultation02,184.347,188.155,1
pm_turn_day3_consultation02_doctor_042,test,turn_doctor,day3_consultation02,187.408,193.118,1
pm_turn_day3_consultation02_patient_040,test,turn_patient,day3_consultation02,192.774,201.889,1
pm_turn_day3_consultation02_patient_041,test,turn_patient,day3_consultation02,201.689,214.705,1
pm_turn_day3_consultation02_doctor_046,test,turn_doctor,day3_consultation02,214.539,220.942,1
pm_turn_day3_consultation02_patient_043,test,turn_patient,day3_consultation02,220.658,230.846,1
pm_turn_day3_consultation02_doctor_048,test,turn_doctor,day3_consultation02,229.785,243.365,1
pm_turn_day3_consultation02_patient_045,test,turn_patient,day3_consultation02,231.569,232.471,1
pm_turn_day3_consultation02_patient_047,test,turn_patient,day3_consultation02,243.223,244.575,1
pm_turn_day3_consultation02_doctor_050,test,turn_doctor,day3_consultation02,244.35,248.913,1
pm_turn_day3_consultation02_patient_049,test,turn_patient,day3_consultation02,248.83,250.701,1
pm_turn_day3_consultation02_doctor_052,test,turn_doctor,day3_consultation02,250.916,252.666,1
pm_turn_day3_consultation02_doctor_054,test,turn_doctor,day3_consultation02,253.901,263.84,1
pm_turn_day3_consultation02_doctor_055,test,turn_doctor,day3_consultation02,263.64,289.655,1
pm_turn_day3_consultation02_patient_051,test,turn_patient,day3_consultation02,263.897,264.78,1
pm_turn_day3_consultation02_doctor_056,test,turn_doctor,day3_consultation02,289.455,303.02,1
pm_turn_day3_consultation02_patient_053,test,turn_patient,day3_consultation02,289.584,290.509,1
pm_turn_day3_consultation02_patient_055,test,turn_patient,day3_consultation02,302.906,310.913,1
pm_turn_day3_consultation02_doctor_058,test,turn_doctor,day3_consultation02,310.307,313.29,1
pm_turn_day3_consultation02_patient_057,test,turn_patient,day3_consultation02,313.266,322.725,1
pm_turn_day3_consultation02_doctor_060,test,turn_doctor,day3_consultation02,320.003,324.812,1
pm_turn_day3_consultation02_patient_059,test,turn_patient,day3_consultation02,324.525,328.605,1
pm_turn_day3_consultation02_doctor_062,test,turn_doctor,day3_consultation02,329.336,337.841,1
pm_turn_day3_consultation02_patient_061,test,turn_patient,day3_consultation02,330.875,331.755,1
pm_turn_day3_consultation02_patient_063,test,turn_patient,day3_consultation02,337.694,339.348,1
pm_turn_day3_consultation02_doctor_064,test,turn_doctor,day3_consultation02,338.844,340.783,1
pm_turn_day3_consultation02_doctor_066,test,turn_doctor,day3_consultation02,342.382,362.986,1
pm_turn_day3_consultation02_patient_065,test,turn_patient,day3_consultation02,347.402,349.58,1
pm_turn_day3_consultation02_patient_067,test,turn_patient,day3_consultation02,362.747,363.865,1
pm_turn_day3_consultation02_doctor_067,test,turn_doctor,day3_consultation02,362.786,382.397,1
pm_turn_day3_consultation02_patient_069,test,turn_patient,day3_consultation02,372.253,373.3,1
pm_turn_day3_consultation02_patient_071,test,turn_patient,day3_consultation02,379.064,380.092,1
pm_turn_day3_consultation02_patient_073,test,turn_patient,day3_consultation02,382.296,385.157,1
pm_turn_day3_consultation02_doctor_069,test,turn_doctor,day3_consultation02,385.829,394.305,1
pm_turn_day3_consultation02_patient_075,test,turn_patient,day3_consultation02,393.988,395.034,1
pm_turn_day3_consultation02_doctor_070,test,turn_doctor,day3_consultation02,394.105,408.849,1
pm_turn_day3_consultation02_doctor_071,test,turn_doctor,day3_consultation02,408.649,436.203,1
pm_turn_day3_consultation02_patient_077,test,turn_patient,day3_consultation02,435.82,438.327,1
pm_turn_day3_consultation02_doctor_073,test,turn_doctor,day3_consultation02,437.828,441.683,1
pm_turn_day3_consultation02_patient_079,test,turn_patient,day3_consultation02,439.528,441.388,1
pm_turn_day3_consultation03_doctor_001,test,turn_doctor,day3_consultation03,1.987,3.187,1
pm_turn_day3_consultation03_doctor_003,test,turn_doctor,day3_consultation03,4.523,6.346,1
pm_turn_day3_consultation03_patient_001,test,turn_patient,day3_consultation03,6.06,8.218,1
pm_turn_day3_consultation03_doctor_005,test,turn_doctor,day3_consultation03,7.654,12.404,1
pm_turn_day3_consultation03_patient_003,test,turn_patient,day3_consultation03,12.054,16.164,1
pm_turn_day3_consultation03_doctor_007,test,turn_doctor,day3_consultation03,15.654,22.029,1
pm_turn_day3_consultation03_patient_007,test,turn_patient,day3_consultation03,21.821,23.878,1
pm_turn_day3_consultation03_doctor_009,test,turn_doctor,day3_consultation03,23.879,26.433,1
pm_turn_day3_consultation03_patient_009,test,turn_patient,day3_consultation03,26.538,32.927,1
pm_turn_day3_consultation03_doctor_011,test,turn_doctor,day3_consultation03,31.523,37.375,1
pm_turn_day3_consultation03_patient_011,test,turn_patient,day3_consultation03,37.35,42.525,1
pm_turn_day3_consultation03_doctor_013,test,turn_doctor,day3_consultation03,42.016,48.622,1
pm_turn_day3_consultation03_patient_013,test,turn_patient,day3_consultation03,48.116,50.494,1
pm_turn_day3_consultation03_doctor_015,test,turn_doctor,day3_consultation03,50.277,59.433,1
pm_turn_day3_consultation03_patient_015,test,turn_patient,day3_consultation03,59.234,61.153,1
pm_turn_day3_consultation03_patient_017,test,turn_patient,day3_consultation03,61.604,68.531,1
pm_turn_day3_consultation03_patient_018,test,turn_patient,day3_consultation03,68.331,75.295,1
pm_turn_day3_consultation03_patient_019,test,turn_patient,day3_consultation03,75.095,85.388,1
pm_turn_day3_consultation03_patient_020,test,turn_patient,day3_consultation03,85.188,94.275,1
pm_turn_day3_consultation03_doctor_019,test,turn_doctor,day3_consultation03,93.798,100.462,1
pm_turn_day3_consultation03_patient_024,test,turn_patient,day3_consultation03,101.797,110.606,1
pm_turn_day3_consultation03_doctor_021,test,turn_doctor,day3_consultation03,108.102,113.447,1
pm_turn_day3_consultation03_patient_028,test,turn_patient,day3_consultation03,115.995,120.133,1
pm_turn_day3_consultation03_doctor_023,test,turn_doctor,day3_consultation03,118.74,123.302,1
pm_turn_day3_consultation03_patient_030,test,turn_patient,day3_consultation03,122.989,131.748,1
pm_turn_day3_consultation03_patient_031,test,turn_patient,day3_consultation03,131.548,136.878,1
pm_turn_day3_consultation03_doctor_025,test,turn_doctor,day3_consultation03,135.624,140.389,1
pm_turn_day3_consultation03_patient_033,test,turn_patient,day3_consultation03,137.767,138.646,1
pm_turn_day3_consultation03_patient_035,test,turn_patient,day3_consultation03,140.315,146.085,1
pm_turn_day3_consultation03_patient_037,test,turn_patient,day3_consultation03,146.506,148.591,1
pm_turn_day3_consultation03_doctor_027,test,turn_doctor,day3_consultation03,148.262,156.288,1
pm_turn_day3_consultation03_patient_039,test,turn_patient,day3_consultation03,155.991,168.212,1
pm_turn_day3_consultation03_patient_040,test,turn_patient,day3_consultation03,168.012,171.713,1
pm_turn_day3_consultation03_doctor_029,test,turn_doctor,day3_consultation03,171.088,174.085,1
pm_turn_day3_consultation03_patient_042,test,turn_patient,day3_consultation03,174.799,179.951,1
pm_turn_day3_consultation03_patient_044,test,turn_patient,day3_consultation03,180.751,182.617,1
pm_turn_day3_consultation03_doctor_031,test,turn_doctor,day3_consultation03,182.319,190.447,1
pm_turn_day3_consultation03_patient_046,test,turn_patient,day3_consultation03,192.309,194.538,1
pm_turn_day3_consultation03_patient_048,test,turn_patient,day3_consultation03,194.956,199.907,1
pm_turn_day3_consultation03_doctor_033,test,turn_doctor,day3_consultation03,200.319,206.07,1
pm_turn_day3_consultation03_patient_052,test,turn_patient,day3_consultation03,207.315,209.757,1
pm_turn_day3_consultation03_doctor_035,test,turn_doctor,day3_consultation03,208.729,214.968,1
pm_turn_day3_consultation03_patient_054,test,turn_patient,day3_consultation03,214.438,217.322,1
pm_turn_day3_consultation03_doctor_037,test,turn_doctor,day3_consultation03,217.0,220.925,1
pm_turn_day3_consultation03_patient_056,test,turn_patient,day3_consultation03,220.449,226.72,1
pm_turn_day3_consultation03_doctor_039,test,turn_doctor,day3_consultation03,225.537,228.635,1
pm_turn_day3_consultation03_patient_060,test,turn_patient,day3_consultation03,230.954,232.488,1
pm_turn_day3_consultation03_doctor_041,test,turn_doctor,day3_consultation03,231.935,238.721,1
pm_turn_day3_consultation03_patient_062,test,turn_patient,day3_consultation03,238.543,243.605,1
pm_turn_day3_consultation03_doctor_043,test,turn_doctor,day3_consultation03,243.192,249.921,1
pm_turn_day3_consultation03_doctor_045,test,turn_doctor,day3_consultation03,250.649,261.335,1
pm_turn_day3_consultation03_patient_068,test,turn_patient,day3_consultation03,261.716,274.686,1
pm_turn_day3_consultation03_doctor_049,test,turn_doctor,day3_consultation03,274.164,278.235,1
pm_turn_day3_consultation03_patient_072,test,turn_patient,day3_consultation03,280.468,288.726,1
pm_turn_day3_consultation03_doctor_051,test,turn_doctor,day3_consultation03,282.364,283.564,1
pm_turn_day3_consultation03_doctor_053,test,turn_doctor,day3_consultation03,288.321,290.527,1
pm_turn_day3_consultation03_patient_076,test,turn_patient,day3_consultation03,292.207,293.541,1
pm_turn_day3_consultation03_doctor_055,test,turn_doctor,day3_consultation03,292.649,298.821,1
pm_turn_day3_consultation03_patient_078,test,turn_patient,day3_consultation03,298.739,303.358,1
pm_turn_day3_consultation03_doctor_057,test,turn_doctor,day3_consultation03,301.078,308.292,1
pm_turn_day3_consultation03_patient_082,test,turn_patient,day3_consultation03,308.012,310.325,1
pm_turn_day3_consultation03_doctor_059,test,turn_doctor,day3_consultation03,309.235,313.764,1
pm_turn_day3_consultation03_patient_084,test,turn_patient,day3_consultation03,315.571,326.598,1
pm_turn_day3_consultation03_doctor_063,test,turn_doctor,day3_consultation03,326.678,334.106,1
pm_turn_day3_consultation03_patient_086,test,turn_patient,day3_consultation03,327.039,327.978,1
pm_turn_day3_consultation03_patient_088,test,turn_patient,day3_consultation03,335.194,336.502,1
pm_turn_day3_consultation03_doctor_065,test,turn_doctor,day3_consultation03,336.578,341.906,1
pm_turn_day3_consultation03_patient_090,test,turn_patient,day3_consultation03,342.098,344.012,1
pm_turn_day3_consultation03_doctor_067,test,turn_doctor,day3_consultation03,343.635,353.835,1
pm_turn_day3_consultation03_patient_094,test,turn_patient,day3_consultation03,354.448,359.463,1
pm_turn_day3_consultation03_doctor_069,test,turn_doctor,day3_consultation03,359.406,360.735,1
pm_turn_day3_consultation03_patient_096,test,turn_patient,day3_consultation03,360.322,370.129,1
pm_turn_day3_consultation03_doctor_071,test,turn_doctor,day3_consultation03,369.008,372.412,1
pm_turn_day3_consultation03_patient_100,test,turn_patient,day3_consultation03,375.976,382.336,1
pm_turn_day3_consultation03_doctor_073,test,turn_doctor,day3_consultation03,381.878,391.349,1
pm_turn_day3_consultation03_patient_104,test,turn_patient,day3_consultation03,392.858,395.364,1
pm_turn_day3_consultation03_doctor_075,test,turn_doctor,day3_consultation03,395.049,403.253,1
pm_turn_day3_consultation03_patient_106,test,turn_patient,day3_consultation03,403.163,405.131,1
pm_turn_day3_consultation03_doctor_077,test,turn_doctor,day3_consultation03,404.075,408.699,1
pm_turn_day3_consultation03_patient_108,test,turn_patient,day3_consultation03,409.312,410.684,1
pm_turn_day3_consultation03_doctor_079,test,turn_doctor,day3_consultation03,409.735,417.821,1
pm_turn_day3_consultation03_patient_110,test,turn_patient,day3_consultation03,417.43,425.296,1
pm_turn_day3_consultation03_patient_112,test,turn_patient,day3_consultation03,426.096,436.182,1
pm_turn_day3_consultation03_doctor_081,test,turn_doctor,day3_consultation03,434.321,440.627,1
pm_turn_day3_consultation03_patient_114,test,turn_patient,day3_consultation03,440.398,442.895,1
pm_turn_day3_consultation03_doctor_083,test,turn_doctor,day3_consultation03,440.951,445.106,1
pm_turn_day3_consultation03_patient_116,test,turn_patient,day3_consultation03,445.814,450.341,1
pm_turn_day3_consultation03_doctor_085,test,turn_doctor,day3_consultation03,447.178,448.378,1
pm_turn_day3_consultation03_doctor_087,test,turn_doctor,day3_consultation03,450.221,452.521,1
pm_turn_day3_consultation03_patient_118,test,turn_patient,day3_consultation03,451.528,452.477,1
pm_turn_day3_consultation03_patient_120,test,turn_patient,day3_consultation03,452.95,454.859,1
pm_turn_day3_consultation03_doctor_089,test,turn_doctor,day3_consultation03,454.578,468.678,1
pm_turn_day3_consultation03_patient_122,test,turn_patient,day3_consultation03,468.395,473.969,1
pm_turn_day3_consultation03_doctor_091,test,turn_doctor,day3_consultation03,472.892,476.192,1
pm_turn_day3_consultation03_patient_124,test,turn_patient,day3_consultation03,475.835,478.6,1
pm_turn_day3_consultation03_doctor_093,test,turn_doctor,day3_consultation03,477.978,481.678,1
pm_turn_day3_consultation03_patient_126,test,turn_patient,day3_consultation03,480.614,484.439,1
pm_turn_day3_consultation03_patient_128,test,turn_patient,day3_consultation03,485.525,488.236,1
pm_turn_day3_consultation03_doctor_095,test,turn_doctor,day3_consultation03,487.692,492.406,1
pm_turn_day3_consultation03_patient_132,test,turn_patient,day3_consultation03,492.929,494.813,1
pm_turn_day3_consultation03_doctor_097,test,turn_doctor,day3_consultation03,494.764,496.478,1
pm_turn_day3_consultation03_patient_134,test,turn_patient,day3_consultation03,495.988,502.182,1
pm_turn_day3_consultation03_doctor_099,test,turn_doctor,day3_consultation03,501.664,508.178,1
pm_turn_day3_consultation03_patient_136,test,turn_patient,day3_consultation03,508.564,509.657,1
pm_turn_day3_consultation03_patient_138,test,turn_patient,day3_consultation03,510.683,514.008,1
pm_turn_day3_consultation03_doctor_101,test,turn_doctor,day3_consultation03,513.606,516.435,1
pm_turn_day3_consultation03_patient_140,test,turn_patient,day3_consultation03,516.951,519.502,1
pm_turn_day3_consultation03_doctor_103,test,turn_doctor,day3_consultation03,519.064,521.835,1
pm_turn_day3_consultation03_doctor_105,test,turn_doctor,day3_consultation03,522.635,547.192,1
pm_turn_day3_consultation03_patient_144,test,turn_patient,day3_consultation03,537.092,538.0,1
pm_turn_day3_consultation03_doctor_106,test,turn_doctor,day3_consultation03,546.992,574.464,1
pm_turn_day3_consultation03_patient_146,test,turn_patient,day3_consultation03,547.82,548.808,1
pm_turn_day3_consultation03_patient_148,test,turn_patient,day3_consultation03,561.026,562.343,1
pm_turn_day3_consultation03_patient_150,test,turn_patient,day3_consultation03,573.058,574.026,1
pm_turn_day3_consultation03_doctor_107,test,turn_doctor,day3_consultation03,574.264,587.792,1
pm_turn_day3_consultation03_patient_152,test,turn_patient,day3_consultation03,575.302,576.216,1
pm_turn_day3_consultation03_patient_154,test,turn_patient,day3_consultation03,587.207,588.029,1
pm_turn_day3_consultation03_doctor_108,test,turn_doctor,day3_consultation03,587.592,602.702,1
pm_turn_day3_consultation03_patient_156,test,turn_patient,day3_consultation03,588.66,589.328,1
pm_turn_day3_consultation03_doctor_109,test,turn_doctor,day3_consultation03,602.502,624.134,1
pm_turn_day3_consultation03_patient_158,test,turn_patient,day3_consultation03,622.1,634.341,1
pm_turn_day3_consultation03_doctor_111,test,turn_doctor,day3_consultation03,625.461,627.935,1
pm_turn_day3_consultation03_patient_159,test,turn_patient,day3_consultation03,634.141,644.244,1
pm_turn_day3_consultation03_doctor_115,test,turn_doctor,day3_consultation03,643.226,653.414,1
pm_turn_day3_consultation03_patient_161,test,turn_patient,day3_consultation03,646.371,647.304,1
pm_turn_day3_consultation03_patient_165,test,turn_patient,day3_consultation03,653.896,655.356,1
pm_turn_day3_consultation03_doctor_117,test,turn_doctor,day3_consultation03,654.378,677.649,1
pm_turn_day3_consultation03_patient_167,test,turn_patient,day3_consultation03,658.323,659.059,1
pm_turn_day3_consultation03_patient_171,test,turn_patient,day3_consultation03,671.738,673.188,1
pm_turn_day3_consultation03_patient_173,test,turn_patient,day3_consultation03,677.095,680.098,1
pm_turn_day3_consultation03_doctor_119,test,turn_doctor,day3_consultation03,680.148,689.466,1
pm_turn_day3_consultation03_patient_175,test,turn_patient,day3_consultation03,686.999,687.856,1
pm_turn_day3_consultation03_patient_177,test,turn_patient,day3_consultation03,689.267,690.693,1
pm_turn_day3_consultation03_doctor_121,test,turn_doctor,day3_consultation03,690.282,693.176,1
pm_turn_day3_consultation03_patient_179,test,turn_patient,day3_consultation03,693.022,694.395,1
pm_turn_day3_consultation03_doctor_123,test,turn_doctor,day3_consultation03,694.093,695.459,1
pm_turn_day3_consultation04_patient_001,test,turn_patient,day3_consultation04,1.951,2.897,1
pm_turn_day3_consultation04_doctor_001,test,turn_doctor,day3_consultation04,2.67,12.813,1
pm_turn_day3_consultation04_patient_003,test,turn_patient,day3_consultation04,6.074,7.875,1
pm_turn_day3_consultation04_patient_005,test,turn_patient,day3_consultation04,12.835,14.861,1
pm_turn_day3_consultation04_doctor_003,test,turn_doctor,day3_consultation04,12.991,17.625,1
pm_turn_day3_consultation04_patient_007,test,turn_patient,day3_consultation04,16.465,18.781,1
pm_turn_day3_consultation04_doctor_005,test,turn_doctor,day3_consultation04,18.782,20.787,1
pm_turn_day3_consultation04_patient_009,test,turn_patient,day3_consultation04,20.581,24.303,1
pm_turn_day3_consultation04_doctor_007,test,turn_doctor,day3_consultation04,24.11,30.129,1
pm_turn_day3_consultation04_patient_011,test,turn_patient,day3_consultation04,30.523,31.542,1
pm_turn_day3_consultation04_doctor_009,test,turn_doctor,day3_consultation04,31.303,39.521,1
pm_turn_day3_consultation04_patient_013,test,turn_patient,day3_consultation04,39.777,59.469,1
pm_turn_day3_consultation04_doctor_011,test,turn_doctor,day3_consultation04,59.197,61.668,1
pm_turn_day3_consultation04_patient_015,test,turn_patient,day3_consultation04,60.552,66.904,1
pm_turn_day3_consultation04_doctor_013,test,turn_doctor,day3_consultation04,66.923,74.244,1
pm_turn_day3_consultation04_patient_017,test,turn_patient,day3_consultation04,74.755,78.15,1
pm_turn_day3_consultation04_doctor_015,test,turn_doctor,day3_consultation04,77.755,84.35,1
pm_turn_day3_consultation04_patient_019,test,turn_patient,day3_consultation04,84.856,89.237,1
pm_turn_day3_consultation04_doctor_017,test,turn_doctor,day3_consultation04,89.094,93.373,1
pm_turn_day3_consultation04_patient_021,test,turn_patient,day3_consultation04,93.907,105.208,1
pm_turn_day3_consultation04_doctor_019,test,turn_doctor,day3_consultation04,101.522,102.377,1
pm_turn_day3_consultation04_doctor_021,test,turn_doctor,day3_consultation04,105.204,108.885,1
pm_turn_day3_consultation04_patient_023,test,turn_patient,day3_consultation04,109.842,112.527,1
pm_turn_day3_consultation04_doctor_023,test,turn_doctor,day3_consultation04,112.857,116.378,1
pm_turn_day3_consultation04_patient_025,test,turn_patient,day3_consultation04,117.813,119.013,1
pm_turn_day3_consultation04_doctor_025,test,turn_doctor,day3_consultation04,118.732,121.091,1
pm_turn_day3_consultation04_patient_027,test,turn_patient,day3_consultation04,121.653,131.085,1
pm_turn_day3_consultation04_doctor_027,test,turn_doctor,day3_consultation04,130.943,141.423,1
pm_turn_day3_consultation04_patient_029,test,turn_patient,day3_consultation04,141.508,145.831,1
pm_turn_day3_consultation04_doctor_029,test,turn_doctor,day3_consultation04,145.399,147.627,1
pm_turn_day3_consultation04_doctor_031,test,turn_doctor,day3_consultation04,148.28,156.992,1
pm_turn_day3_consultation04_patient_031,test,turn_patient,day3_consultation04,157.501,162.759,1
pm_turn_day3_consultation04_doctor_033,test,turn_doctor,day3_consultation04,162.46,165.825,1
pm_turn_day3_consultation04_patient_033,test,turn_patient,day3_consultation04,166.276,168.781,1
pm_turn_day3_consultation04_doctor_035,test,turn_doctor,day3_consultation04,167.462,168.289,1
pm_turn_day3_consultation04_doctor_037,test,turn_doctor,day3_consultation04,168.629,175.527,1
pm_turn_day3_consultation04_patient_035,test,turn_patient,day3_consultation04,177.226,179.302,1
pm_turn_day3_consultation04_doctor_039,test,turn_doctor,day3_consultation04,179.159,180.292,1
pm_turn_day3_consultation04_doctor_041,test,turn_doctor,day3_consultation04,180.706,184.055,1
pm_turn_day3_consultation04_patient_037,test,turn_patient,day3_consultation04,185.247,187.737,1
pm_turn_day3_consultation04_doctor_043,test,turn_doctor,day3_consultation04,187.789,192.361,1
pm_turn_day3_consultation04_patient_039,test,turn_patient,day3_consultation04,193.312,199.418,1
pm_turn_day3_consultation04_doctor_045,test,turn_doctor,day3_consultation04,199.093,204.128,1
pm_turn_day3_consultation04_patient_041,test,turn_patient,day3_consultation04,203.972,205.556,1
pm_turn_day3_consultation04_doctor_047,test,turn_doctor,day3_consultation04,205.144,211.745,1
pm_turn_day3_consultation04_patient_043,test,turn_patient,day3_consultation04,213.059,214.367,1
pm_turn_day3_consultation04_doctor_049,test,turn_doctor,day3_consultation04,214.51,218.627,1
pm_turn_day3_consultation04_patient_045,test,turn_patient,day3_consultation04,219.501,221.338,1
pm_turn_day3_consultation04_doctor_051,test,turn_doctor,day3_consultation04,220.813,222.963,1
pm_turn_day3_consultation04_doctor_053,test,turn_doctor,day3_consultation04,223.763,228.301,1
pm_turn_day3_consultation04_patient_047,test,turn_patient,day3_consultation04,228.812,231.998,1
pm_turn_day3_consultation04_doctor_055,test,turn_doctor,day3_consultation04,229.472,237.79,1
pm_turn_day3_consultation04_doctor_057,test,turn_doctor,day3_consultation04,238.655,240.095,1
pm_turn_day3_consultation04_patient_049,test,turn_patient,day3_consultation04,241.769,246.773,1
pm_turn_day3_consultation04_doctor_059,test,turn_doctor,day3_consultation04,246.342,252.804,1
pm_turn_day3_consultation04_doctor_061,test,turn_doctor,day3_consultation04,254.003,257.763,1
pm_turn_day3_consultation04_patient_053,test,turn_patient,day3_consultation04,258.175,263.592,1
pm_turn_day3_consultation04_doctor_063,test,turn_doctor,day3_consultation04,264.244,270.468,1
pm_turn_day3_consultation04_patient_055,test,turn_patient,day3_consultation04,268.595,269.432,1
pm_turn_day3_consultation04_doctor_064,test,turn_doctor,day3_consultation04,270.268,276.941,1
pm_turn_day3_consultation04_doctor_066,test,turn_doctor,day3_consultation04,278.608,281.311,1
pm_turn_day3_consultation04_patient_059,test,turn_patient,day3_consultation04,282.464,284.628,1
pm_turn_day3_consultation04_doctor_068,test,turn_doctor,day3_consultation04,284.618,286.561,1
pm_turn_day3_consultation04_patient_061,test,turn_patient,day3_consultation04,287.145,289.063,1
pm_turn_day3_consultation04_doctor_070,test,turn_doctor,day3_consultation04,288.806,292.804,1
pm_turn_day3_consultation04_patient_063,test,turn_patient,day3_consultation04,293.718,295.374,1
pm_turn_day3_consultation04_doctor_072,test,turn_doctor,day3_consultation04,295.6,298.618,1
pm_turn_day3_consultation04_doctor_074,test,turn_doctor,day3_consultation04,298.754,304.177,1
pm_turn_day3_consultation04_doctor_075,test,turn_doctor,day3_consultation04,303.977,313.815,1
pm_turn_day3_consultation04_doctor_076,test,turn_doctor,day3_consultation04,313.615,319.776,1
pm_turn_day3_consultation04_doctor_077,test,turn_doctor,day3_consultation04,319.576,325.049,1
pm_turn_day3_consultation04_doctor_078,test,turn_doctor,day3_consultation04,324.849,339.027,1
pm_turn_day3_consultation04_doctor_079,test,turn_doctor,day3_consultation04,338.827,343.312,1
pm_turn_day3_consultation04_patient_069,test,turn_patient,day3_consultation04,338.964,339.65,1
pm_turn_day3_consultation04_doctor_080,test,turn_doctor,day3_consultation04,343.112,351.166,1
pm_turn_day3_consultation04_doctor_081,test,turn_doctor,day3_consultation04,350.966,356.141,1
pm_turn_day3_consultation04_doctor_082,test,turn_doctor,day3_consultation04,355.941,368.931,1
pm_turn_day3_consultation04_patient_073,test,turn_patient,day3_consultation04,356.725,357.577,1
pm_turn_day3_consultation04_doctor_083,test,turn_doctor,day3_consultation04,368.731,375.775,1
pm_turn_day3_consultation04_doctor_084,test,turn_doctor,day3_consultation04,375.575,381.625,1
pm_turn_day3_consultation04_patient_075,test,turn_patient,day3_consultation04,376.863,377.541,1
pm_turn_day3_consultation04_doctor_085,test,turn_doctor,day3_consultation04,381.425,388.84,1
pm_turn_day3_consultation04_patient_077,test,turn_patient,day3_consultation04,382.544,383.244,1
pm_turn_day3_consultation04_doctor_086,test,turn_doctor,day3_consultation04,388.64,396.789,1
pm_turn_day3_consultation04_patient_079,test,turn_patient,day3_consultation04,397.015,397.903,1
pm_turn_day3_consultation04_doctor_088,test,turn_doctor,day3_consultation04,397.906,403.856,1
pm_turn_day3_consultation04_patient_081,test,turn_patient,day3_consultation04,402.471,404.562,1
pm_turn_day3_consultation04_doctor_090,test,turn_doctor,day3_consultation04,404.52,411.383,1
pm_turn_day3_consultation04_doctor_091,test,turn_doctor,day3_consultation04,411.183,425.658,1
pm_turn_day3_consultation04_doctor_092,test,turn_doctor,day3_consultation04,425.458,426.704,1
pm_turn_day3_consultation04_patient_083,test,turn_patient,day3_consultation04,426.312,431.207,1
pm_turn_day3_consultation04_doctor_094,test,turn_doctor,day3_consultation04,428.504,432.025,1
pm_turn_day3_consultation05_patient_001,test,turn_patient,day3_consultation05,1.175,2.216,1
pm_turn_day3_consultation05_doctor_001,test,turn_doctor,day3_consultation05,1.886,6.578,1
pm_turn_day3_consultation05_patient_003,test,turn_patient,day3_consultation05,6.726,11.904,1
pm_turn_day3_consultation05_doctor_003,test,turn_doctor,day3_consultation05,6.847,10.586,1
pm_turn_day3_consultation05_doctor_005,test,turn_doctor,day3_consultation05,11.421,24.667,1
pm_turn_day3_consultation05_patient_007,test,turn_patient,day3_consultation05,25.03,28.241,1
pm_turn_day3_consultation05_doctor_007,test,turn_doctor,day3_consultation05,26.713,29.413,1
pm_turn_day3_consultation05_patient_009,test,turn_patient,day3_consultation05,30.145,35.455,1
pm_turn_day3_consultation05_doctor_011,test,turn_doctor,day3_consultation05,35.496,38.577,1
pm_turn_day3_consultation05_patient_011,test,turn_patient,day3_consultation05,39.465,43.477,1
pm_turn_day3_consultation05_doctor_015,test,turn_doctor,day3_consultation05,43.287,49.491,1
pm_turn_day3_consultation05_patient_013,test,turn_patient,day3_consultation05,49.538,50.498,1
pm_turn_day3_consultation05_doctor_017,test,turn_doctor,day3_consultation05,49.977,57.197,1
pm_turn_day3_consultation05_patient_015,test,turn_patient,day3_consultation05,55.211,56.052,1
pm_turn_day3_consultation05_patient_017,test,turn_patient,day3_consultation05,57.097,65.846,1
pm_turn_day3_consultation05_patient_019,test,turn_patient,day3_consultation05,66.16,72.586,1
pm_turn_day3_consultation05_patient_021,test,turn_patient,day3_consultation05,72.932,77.303,1
pm_turn_day3_consultation05_doctor_023,test,turn_doctor,day3_consultation05,77.295,80.698,1
pm_turn_day3_consultation05_patient_023,test,turn_patient,day3_consultation05,81.32,89.686,1
pm_turn_day3_consultation05_patient_024,test,turn_patient,day3_consultation05,89.486,95.513,1
pm_turn_day3_consultation05_doctor_027,test,turn_doctor,day3_consultation05,95.354,102.342,1
pm_turn_day3_consultation05_patient_028,test,turn_patient,day3_consultation05,103.045,108.765,1
pm_turn_day3_consultation05_patient_030,test,turn_patient,day3_consultation05,109.122,115.79,1
pm_turn_day3_consultation05_doctor_029,test,turn_doctor,day3_consultation05,115.638,120.526,1
pm_turn_day3_consultation05_patient_034,test,turn_patient,day3_consultation05,120.385,121.259,1
pm_turn_day3_consultation05_doctor_031,test,turn_doctor,day3_consultation05,121.53,127.566,1
pm_turn_day3_consultation05_patient_036,test,turn_patient,day3_consultation05,127.892,130.81,1
pm_turn_day3_consultation05_doctor_033,test,turn_doctor,day3_consultation05,130.473,134.02,1
pm_turn_day3_consultation05_patient_038,test,turn_patient,day3_consultation05,134.515,135.353,1
pm_turn_day3_consultation05_doctor_035,test,turn_doctor,day3_consultation05,134.913,140.717,1
pm_turn_day3_consultation05_patient_041,test,turn_patient,day3_consultation05,141.074,142.224,1
pm_turn_day3_consultation05_doctor_037,test,turn_doctor,day3_consultation05,141.832,143.731,1
pm_turn_day3_consultation05_patient_043,test,turn_patient,day3_consultation05,143.722,147.773,1
pm_turn_day3_consultation05_doctor_039,test,turn_doctor,day3_consultation05,147.444,156.83,1
pm_turn_day3_consultation05_patient_045,test,turn_patient,day3_consultation05,156.726,158.317,1
pm_turn_day3_consultation05_doctor_041,test,turn_doctor,day3_consultation05,158.797,161.488,1
pm_turn_day3_consultation05_patient_047,test,turn_patient,day3_consultation05,161.834,164.128,1
pm_turn_day3_consultation05_doctor_043,test,turn_doctor,day3_consultation05,164.174,172.045,1
pm_turn_day3_consultation05_patient_049,test,turn_patient,day3_consultation05,171.979,175.561,1
pm_turn_day3_consultation05_doctor_045,test,turn_doctor,day3_consultation05,175.381,179.719,1
pm_turn_day3_consultation05_patient_051,test,turn_patient,day3_consultation05,175.9,177.65,1
pm_turn_day3_consultation05_patient_053,test,turn_patient,day3_consultation05,179.291,187.621,1
pm_turn_day3_consultation05_doctor_047,test,turn_doctor,day3_consultation05,187.853,190.928,1
pm_turn_day3_consultation05_patient_055,test,turn_patient,day3_consultation05,190.899,191.708,1
pm_turn_day3_consultation05_doctor_049,test,turn_doctor,day3_consultation05,191.33,201.713,1
pm_turn_day3_consultation05_patient_057,test,turn_patient,day3_consultation05,202.551,205.107,1
pm_turn_day3_consultation05_doctor_051,test,turn_doctor,day3_consultation05,204.912,212.54,1
pm_turn_day3_consultation05_patient_059,test,turn_patient,day3_consultation05,210.312,211.23,1
pm_turn_day3_consultation05_patient_061,test,turn_patient,day3_consultation05,212.609,216.78,1
pm_turn_day3_consultation05_doctor_053,test,turn_doctor,day3_consultation05,216.47,219.314,1
pm_turn_day3_consultation05_doctor_055,test,turn_doctor,day3_consultation05,219.685,223.157,1
pm_turn_day3_consultation05_patient_063,test,turn_patient,day3_consultation05,223.283,225.606,1
pm_turn_day3_consultation05_doctor_057,test,turn_doctor,day3_consultation05,225.421,226.997,1
pm_turn_day3_consultation05_doctor_059,test,turn_doctor,day3_consultation05,228.407,239.128,1
pm_turn_day3_consultation05_patient_065,test,turn_patient,day3_consultation05,239.03,244.809,1
pm_turn_day3_consultation05_doctor_061,test,turn_doctor,day3_consultation05,244.544,251.871,1
pm_turn_day3_consultation05_patient_067,test,turn_patient,day3_consultation05,251.993,252.903,1
pm_turn_day3_consultation05_doctor_063,test,turn_doctor,day3_consultation05,253.385,255.817,1
pm_turn_day3_consultation05_patient_069,test,turn_patient,day3_consultation05,256.066,257.019,1
pm_turn_day3_consultation05_doctor_067,test,turn_doctor,day3_consultation05,257.159,272.281,1
pm_turn_day3_consultation05_doctor_068,test,turn_doctor,day3_consultation05,272.081,283.253,1
pm_turn_day3_consultation05_doctor_069,test,turn_doctor,day3_consultation05,283.053,297.141,1
pm_turn_day3_consultation05_doctor_070,test,turn_doctor,day3_consultation05,296.941,305.671,1
pm_turn_day3_consultation05_doctor_071,test,turn_doctor,day3_consultation05,305.471,321.095,1
pm_turn_day3_consultation05_doctor_072,test,turn_doctor,day3_consultation05,320.895,329.054,1
pm_turn_day3_consultation05_doctor_074,test,turn_doctor,day3_consultation05,329.323,340.388,1
pm_turn_day3_consultation05_patient_071,test,turn_patient,day3_consultation05,329.587,330.447,1
pm_turn_day3_consultation05_doctor_075,test,turn_doctor,day3_consultation05,340.188,348.334,1
pm_turn_day3_consultation05_patient_073,test,turn_patient,day3_consultation05,348.449,349.287,1
pm_turn_day3_consultation05_doctor_077,test,turn_doctor,day3_consultation05,349.331,355.619,1
pm_turn_day3_consultation05_doctor_078,test,turn_doctor,day3_consultation05,355.419,364.01,1
pm_turn_day3_consultation05_patient_075,test,turn_patient,day3_consultation05,363.841,364.584,1
pm_turn_day3_consultation05_doctor_080,test,turn_doctor,day3_consultation05,364.249,375.07,1
pm_turn_day3_consultation05_doctor_081,test,turn_doctor,day3_consultation05,374.87,380.469,1
pm_turn_day3_consultation05_patient_077,test,turn_patient,day3_consultation05,380.681,382.537,1
pm_turn_day3_consultation05_doctor_083,test,turn_doctor,day3_consultation05,381.223,383.788,1
pm_turn_day3_consultation05_patient_079,test,turn_patient,day3_consultation05,383.906,389.859,1
pm_turn_day3_consultation05_doctor_085,test,turn_doctor,day3_consultation05,389.817,399.975,1
pm_turn_day3_consultation05_patient_083,test,turn_patient,day3_consultation05,399.775,403.055,1
pm_turn_day3_consultation05_doctor_087,test,turn_doctor,day3_consultation05,403.041,406.563,1
pm_turn_day3_consultation05_patient_085,test,turn_patient,day3_consultation05,406.355,408.28,1
pm_turn_day3_consultation05_doctor_089,test,turn_doctor,day3_consultation05,406.968,409.385,1
pm_turn_day3_consultation06_doctor_001,test,turn_doctor,day3_consultation06,1.32,5.158,1
pm_turn_day3_consultation06_patient_001,test,turn_patient,day3_consultation06,5.495,6.911,1
pm_turn_day3_consultation06_doctor_003,test,turn_doctor,day3_consultation06,7.057,8.17,1
pm_turn_day3_consultation06_doctor_005,test,turn_doctor,day3_consultation06,8.534,15.926,1
pm_turn_day3_consultation06_patient_003,test,turn_patient,day3_consultation06,8.893,10.972,1
pm_turn_day3_consultation06_patient_005,test,turn_patient,day3_consultation06,17.272,20.059,1
pm_turn_day3_consultation06_doctor_007,test,turn_doctor,day3_consultation06,20.192,21.946,1
pm_turn_day3_consultation06_patient_007,test,turn_patient,day3_consultation06,22.373,25.999,1
pm_turn_day3_consultation06_doctor_009,test,turn_doctor,day3_consultation06,26.127,28.861,1
pm_turn_day3_consultation06_patient_009,test,turn_patient,day3_consultation06,30.15,36.188,1
pm_turn_day3_consultation06_doctor_011,test,turn_doctor,day3_consultation06,36.091,41.987,1
pm_turn_day3_consultation06_patient_011,test,turn_patient,day3_consultation06,41.886,43.073,1
pm_turn_day3_consultation06_doctor_013,test,turn_doctor,day3_consultation06,42.368,49.591,1
pm_turn_day3_consultation06_patient_013,test,turn_patient,day3_consultation06,49.609,57.134,1
pm_turn_day3_consultation06_patient_014,test,turn_patient,day3_consultation06,56.934,62.573,1
pm_turn_day3_consultation06_doctor_017,test,turn_doctor,day3_consultation06,64.011,66.812,1
pm_turn_day3_consultation06_doctor_019,test,turn_doctor,day3_consultation06,67.838,73.913,1
pm_turn_day3_consultation06_patient_019,test,turn_patient,day3_consultation06,73.978,78.145,1
pm_turn_day3_consultation06_doctor_021,test,turn_doctor,day3_consultation06,78.151,80.295,1
pm_turn_day3_consultation06_patient_021,test,turn_patient,day3_consultation06,80.231,81.546,1
pm_turn_day3_consultation06_doctor_023,test,turn_doctor,day3_consultation06,81.312,83.305,1
pm_turn_day3_consultation06_patient_023,test,turn_patient,day3_consultation06,83.082,87.861,1
pm_turn_day3_consultation06_doctor_025,test,turn_doctor,day3_consultation06,88.148,92.0,1
pm_turn_day3_consultation06_patient_025,test,turn_patient,day3_consultation06,92.631,93.681,1
pm_turn_day3_consultation06_doctor_027,test,turn_doctor,day3_consultation06,93.367,99.58,1
pm_turn_day3_consultation06_patient_027,test,turn_patient,day3_consultation06,99.886,105.931,1
pm_turn_day3_consultation06_doctor_029,test,turn_doctor,day3_consultation06,105.921,115.942,1
pm_turn_day3_consultation06_patient_029,test,turn_patient,day3_consultation06,116.082,122.424,1
pm_turn_day3_consultation06_doctor_031,test,turn_doctor,day3_consultation06,122.471,126.885,1
pm_turn_day3_consultation06_doctor_033,test,turn_doctor,day3_consultation06,128.115,128.966,1
pm_turn_day3_consultation06_doctor_035,test,turn_doctor,day3_consultation06,129.602,130.869,1
pm_turn_day3_consultation06_doctor_037,test,turn_doctor,day3_consultation06,131.993,135.37,1
pm_turn_day3_consultation06_patient_033,test,turn_patient,day3_consultation06,135.514,139.207,1
pm_turn_day3_consultation06_doctor_039,test,turn_doctor,day3_consultation06,137.28,142.187,1
pm_turn_day3_consultation06_patient_035,test,turn_patient,day3_consultation06,142.683,144.755,1
pm_turn_day3_consultation06_doctor_041,test,turn_doctor,day3_consultation06,144.258,157.644,1
pm_turn_day3_consultation06_patient_037,test,turn_patient,day3_consultation06,158.588,165.174,1
pm_turn_day3_consultation06_doctor_043,test,turn_doctor,day3_consultation06,164.395,173.891,1
pm_turn_day3_consultation06_patient_039,test,turn_patient,day3_consultation06,174.413,177.174,1
pm_turn_day3_consultation06_doctor_045,test,turn_doctor,day3_consultation06,176.793,191.337,1
pm_turn_day3_consultation06_patient_043,test,turn_patient,day3_consultation06,191.298,193.815,1
pm_turn_day3_consultation06_doctor_047,test,turn_doctor,day3_consultation06,193.345,202.689,1
pm_turn_day3_consultation06_doctor_048,test,turn_doctor,day3_consultation06,202.489,211.915,1
pm_turn_day3_consultation06_doctor_049,test,turn_doctor,day3_consultation06,211.715,217.214,1
pm_turn_day3_consultation06_patient_045,test,turn_patient,day3_consultation06,211.872,212.886,1
pm_turn_day3_consultation06_patient_047,test,turn_patient,day3_consultation06,217.48,221.185,1
pm_turn_day3_consultation06_doctor_053,test,turn_doctor,day3_consultation06,221.132,223.545,1
pm_turn_day3_consultation06_patient_049,test,turn_patient,day3_consultation06,223.426,225.606,1
pm_turn_day3_consultation07_patient_001,test,turn_patient,day3_consultation07,1.059,2.443,1
pm_turn_day3_consultation07_doctor_001,test,turn_doctor,day3_consultation07,2.261,8.859,1
pm_turn_day3_consultation07_patient_003,test,turn_patient,day3_consultation07,6.668,7.72,1
pm_turn_day3_consultation07_patient_005,test,turn_patient,day3_consultation07,8.639,15.082,1
pm_turn_day3_consultation07_doctor_003,test,turn_doctor,day3_consultation07,13.321,14.145,1
pm_turn_day3_consultation07_doctor_005,test,turn_doctor,day3_consultation07,15.088,22.844,1
pm_turn_day3_consultation07_doctor_007,test,turn_doctor,day3_consultation07,25.045,27.123,1
pm_turn_day3_consultation07_patient_009,test,turn_patient,day3_consultation07,27.532,30.349,1
pm_turn_day3_consultation07_doctor_009,test,turn_doctor,day3_consultation07,30.298,32.664,1
pm_turn_day3_consultation07_patient_011,test,turn_patient,day3_consultation07,33.72,37.527,1
pm_turn_day3_consultation07_doctor_011,test,turn_doctor,day3_consultation07,38.141,44.912,1
pm_turn_day3_consultation07_patient_013,test,turn_patient,day3_consultation07,38.396,39.267,1
pm_turn_day3_consultation07_patient_015,test,turn_patient,day3_consultation07,45.282,46.058,1
pm_turn_day3_consultation07_doctor_013,test,turn_doctor,day3_consultation07,46.028,53.784,1
pm_turn_day3_consultation07_patient_017,test,turn_patient,day3_consultation07,53.754,60.954,1
pm_turn_day3_consultation07_doctor_015,test,turn_doctor,day3_consultation07,61.14,64.138,1
pm_turn_day3_consultation07_patient_019,test,turn_patient,day3_consultation07,64.624,72.722,1
pm_turn_day3_consultation07_doctor_017,test,turn_doctor,day3_consultation07,71.78,74.973,1
pm_turn_day3_consultation07_patient_021,test,turn_patient,day3_consultation07,74.106,76.997,1
pm_turn_day3_consultation07_doctor_019,test,turn_doctor,day3_consultation07,76.171,79.439,1
pm_turn_day3_consultation07_patient_023,test,turn_patient,day3_consultation07,79.392,81.388,1
pm_turn_day3_consultation07_doctor_021,test,turn_doctor,day3_consultation07,81.066,84.055,1
pm_turn_day3_consultation07_patient_025,test,turn_patient,day3_consultation07,84.458,88.018,1
pm_turn_day3_consultation07_doctor_023,test,turn_doctor,day3_consultation07,88.155,92.89,1
pm_turn_day3_consultation07_patient_027,test,turn_patient,day3_consultation07,93.33,97.541,1
pm_turn_day3_consultation07_doctor_025,test,turn_doctor,day3_consultation07,97.449,101.717,1
pm_turn_day3_consultation07_patient_029,test,turn_patient,day3_consultation07,101.972,106.878,1
pm_turn_day3_consultation07_doctor_027,test,turn_doctor,day3_consultation07,105.246,120.416,1
pm_turn_day3_consultation07_patient_033,test,turn_patient,day3_consultation07,120.631,122.226,1
pm_turn_day3_consultation07_doctor_029,test,turn_doctor,day3_consultation07,121.149,124.266,1
pm_turn_day3_consultation07_patient_035,test,turn_patient,day3_consultation07,123.453,125.778,1
pm_turn_day3_consultation07_doctor_031,test,turn_doctor,day3_consultation07,125.825,135.108,1
pm_turn_day3_consultation07_patient_037,test,turn_patient,day3_consultation07,134.638,139.149,1
pm_turn_day3_consultation07_doctor_033,test,turn_doctor,day3_consultation07,137.465,138.409,1
pm_turn_day3_consultation07_doctor_035,test,turn_doctor,day3_consultation07,138.931,149.026,1
pm_turn_day3_consultation07_patient_039,test,turn_patient,day3_consultation07,148.784,151.844,1
pm_turn_day3_consultation07_doctor_037,test,turn_doctor,day3_consultation07,151.577,160.605,1
pm_turn_day3_consultation07_patient_041,test,turn_patient,day3_consultation07,160.617,169.037,1
pm_turn_day3_consultation07_doctor_041,test,turn_doctor,day3_consultation07,168.826,174.1,1
pm_turn_day3_consultation07_patient_043,test,turn_patient,day3_consultation07,174.156,176.287,1
pm_turn_day3_consultation07_doctor_043,test,turn_doctor,day3_consultation07,175.683,177.575,1
pm_turn_day3_consultation07_patient_045,test,turn_patient,day3_consultation07,177.875,182.217,1
pm_turn_day3_consultation07_doctor_047,test,turn_doctor,day3_consultation07,180.57,186.635,1
pm_turn_day3_consultation07_patient_049,test,turn_patient,day3_consultation07,189.895,199.61,1
pm_turn_day3_consultation07_doctor_051,test,turn_doctor,day3_consultation07,197.314,199.334,1
pm_turn_day3_consultation07_patient_050,test,turn_patient,day3_consultation07,199.41,204.144,1
pm_turn_day3_consultation07_doctor_055,test,turn_doctor,day3_consultation07,202.675,205.597,1
pm_turn_day3_consultation07_patient_052,test,turn_patient,day3_consultation07,205.557,207.836,1
pm_turn_day3_consultation07_doctor_057,test,turn_doctor,day3_consultation07,207.016,211.319,1
pm_turn_day3_consultation07_patient_054,test,turn_patient,day3_consultation07,211.305,216.697,1
pm_turn_day3_consultation07_doctor_059,test,turn_doctor,day3_consultation07,213.315,215.567,1
pm_turn_day3_consultation07_doctor_061,test,turn_doctor,day3_consultation07,216.863,220.402,1
pm_turn_day3_consultation07_patient_056,test,turn_patient,day3_consultation07,220.863,221.672,1
pm_turn_day3_consultation07_doctor_063,test,turn_doctor,day3_consultation07,221.254,227.557,1
pm_turn_day3_consultation07_patient_058,test,turn_patient,day3_consultation07,224.029,224.832,1
pm_turn_day3_consultation07_doctor_065,test,turn_doctor,day3_consultation07,227.715,231.071,1
pm_turn_day3_consultation07_patient_060,test,turn_patient,day3_consultation07,231.337,232.389,1
pm_turn_day3_consultation07_patient_062,test,turn_patient,day3_consultation07,232.991,233.856,1
pm_turn_day3_consultation07_doctor_067,test,turn_doctor,day3_consultation07,233.45,236.177,1
pm_turn_day3_consultation07_doctor_069,test,turn_doctor,day3_consultation07,236.512,247.838,1
pm_turn_day3_consultation07_patient_064,test,turn_patient,day3_consultation07,245.37,250.533,1
pm_turn_day3_consultation07_doctor_071,test,turn_doctor,day3_consultation07,250.187,254.861,1
pm_turn_day3_consultation07_patient_066,test,turn_patient,day3_consultation07,256.042,257.71,1
pm_turn_day3_consultation07_doctor_073,test,turn_doctor,day3_consultation07,257.315,259.891,1
pm_turn_day3_consultation07_doctor_075,test,turn_doctor,day3_consultation07,260.668,267.55,1
pm_turn_day3_consultation07_doctor_076,test,turn_doctor,day3_consultation07,267.35,272.943,1
pm_turn_day3_consultation07_doctor_077,test,turn_doctor,day3_consultation07,272.743,284.861,1
pm_turn_day3_consultation07_patient_070,test,turn_patient,day3_consultation07,284.723,286.451,1
pm_turn_day3_consultation07_doctor_079,test,turn_doctor,day3_consultation07,286.014,292.538,1
pm_turn_day3_consultation07_patient_072,test,turn_patient,day3_consultation07,292.319,300.681,1
pm_turn_day3_consultation07_doctor_081,test,turn_doctor,day3_consultation07,300.315,304.524,1
pm_turn_day3_consultation07_patient_074,test,turn_patient,day3_consultation07,303.955,306.884,1
pm_turn_day3_consultation07_doctor_083,test,turn_doctor,day3_consultation07,305.108,308.583,1
pm_turn_day3_consultation07_patient_076,test,turn_patient,day3_consultation07,308.496,309.696,1
pm_turn_day3_consultation07_doctor_085,test,turn_doctor,day3_consultation07,309.488,319.004,1
pm_turn_day3_consultation07_patient_078,test,turn_patient,day3_consultation07,319.613,325.503,1
pm_turn_day3_consultation07_doctor_087,test,turn_doctor,day3_consultation07,324.375,329.38,1
pm_turn_day3_consultation07_patient_080,test,turn_patient,day3_consultation07,329.82,331.462,1
pm_turn_day3_consultation07_doctor_089,test,turn_doctor,day3_consultation07,331.097,334.583,1
pm_turn_day3_consultation07_patient_082,test,turn_patient,day3_consultation07,334.485,340.042,1
pm_turn_day3_consultation07_doctor_091,test,turn_doctor,day3_consultation07,335.466,336.199,1
pm_turn_day3_consultation07_doctor_093,test,turn_doctor,day3_consultation07,338.481,345.273,1
pm_turn_day3_consultation07_doctor_094,test,turn_doctor,day3_consultation07,345.073,354.509,1
pm_turn_day3_consultation07_doctor_095,test,turn_doctor,day3_consultation07,354.309,365.147,1
pm_turn_day3_consultation07_doctor_096,test,turn_doctor,day3_consultation07,364.947,378.124,1
pm_turn_day3_consultation07_doctor_097,test,turn_doctor,day3_consultation07,377.924,382.856,1
pm_turn_day3_consultation07_doctor_098,test,turn_doctor,day3_consultation07,382.656,391.567,1
pm_turn_day3_consultation07_doctor_099,test,turn_doctor,day3_consultation07,391.367,397.117,1
pm_turn_day3_consultation07_doctor_100,test,turn_doctor,day3_consultation07,396.917,411.132,1
pm_turn_day3_consultation07_patient_086,test,turn_patient,day3_consultation07,397.401,398.243,1
pm_turn_day3_consultation07_patient_088,test,turn_patient,day3_consultation07,411.443,413.453,1
pm_turn_day3_consultation07_doctor_102,test,turn_doctor,day3_consultation07,411.864,421.746,1
pm_turn_day3_consultation07_doctor_103,test,turn_doctor,day3_consultation07,421.546,428.478,1
pm_turn_day3_consultation07_patient_090,test,turn_patient,day3_consultation07,422.424,423.461,1
pm_turn_day3_consultation07_doctor_104,test,turn_doctor,day3_consultation07,428.278,436.081,1
pm_turn_day3_consultation07_doctor_105,test,turn_doctor,day3_consultation07,435.881,449.313,1
pm_turn_day3_consultation07_patient_094,test,turn_patient,day3_consultation07,450.451,453.002,1
pm_turn_day3_consultation07_doctor_107,test,turn_doctor,day3_consultation07,450.835,455.203,1
pm_turn_day3_consultation07_patient_096,test,turn_patient,day3_consultation07,455.168,455.984,1
pm_turn_day3_consultation07_doctor_109,test,turn_doctor,day3_consultation07,455.488,456.854,1
pm_turn_day3_consultation08_doctor_001,test,turn_doctor,day3_consultation08,2.267,3.27,1
pm_turn_day3_consultation08_patient_001,test,turn_patient,day3_consultation08,3.326,4.509,1
pm_turn_day3_consultation08_doctor_003,test,turn_doctor,day3_consultation08,4.047,8.896,1
pm_turn_day3_consultation08_patient_003,test,turn_patient,day3_consultation08,8.742,10.494,1
pm_turn_day3_consultation08_doctor_005,test,turn_doctor,day3_consultation08,9.267,15.384,1
pm_turn_day3_consultation08_patient_005,test,turn_patient,day3_consultation08,15.557,19.443,1
pm_turn_day3_consultation08_doctor_009,test,turn_doctor,day3_consultation08,19.085,21.114,1
pm_turn_day3_consultation08_patient_007,test,turn_patient,day3_consultation08,21.673,28.362,1
pm_turn_day3_consultation08_doctor_011,test,turn_doctor,day3_consultation08,28.403,31.739,1
pm_turn_day3_consultation08_patient_009,test,turn_patient,day3_consultation08,32.009,37.005,1
pm_turn_day3_consultation08_doctor_013,test,turn_doctor,day3_consultation08,36.975,43.175,1
pm_turn_day3_consultation08_patient_011,test,turn_patient,day3_consultation08,43.148,44.648,1
pm_turn_day3_consultation08_doctor_015,test,turn_doctor,day3_consultation08,44.424,50.032,1
pm_turn_day3_consultation08_patient_013,test,turn_patient,day3_consultation08,50.387,61.708,1
pm_turn_day3_consultation08_doctor_017,test,turn_doctor,day3_consultation08,60.253,64.515,1
pm_turn_day3_consultation08_patient_015,test,turn_patient,day3_consultation08,64.461,74.77,1
pm_turn_day3_consultation08_doctor_019,test,turn_doctor,day3_consultation08,67.07,67.889,1
pm_turn_day3_consultation08_doctor_021,test,turn_doctor,day3_consultation08,73.668,77.113,1
pm_turn_day3_consultation08_patient_017,test,turn_patient,day3_consultation08,77.523,90.536,1
pm_turn_day3_consultation08_doctor_025,test,turn_doctor,day3_consultation08,88.689,89.555,1
pm_turn_day3_consultation08_doctor_027,test,turn_doctor,day3_consultation08,89.856,91.647,1
pm_turn_day3_consultation08_doctor_029,test,turn_doctor,day3_consultation08,91.919,96.256,1
pm_turn_day3_consultation08_patient_019,test,turn_patient,day3_consultation08,92.191,93.223,1
pm_turn_day3_consultation08_patient_021,test,turn_patient,day3_consultation08,96.819,103.047,1
pm_turn_day3_consultation08_doctor_031,test,turn_doctor,day3_consultation08,100.838,101.664,1
pm_turn_day3_consultation08_doctor_033,test,turn_doctor,day3_consultation08,102.039,104.229,1
pm_turn_day3_consultation08_doctor_035,test,turn_doctor,day3_consultation08,105.126,108.889,1
pm_turn_day3_consultation08_patient_025,test,turn_patient,day3_consultation08,109.683,113.484,1
pm_turn_day3_consultation08_doctor_037,test,turn_doctor,day3_consultation08,113.081,116.821,1
pm_turn_day3_consultation08_patient_027,test,turn_patient,day3_consultation08,116.997,118.084,1
pm_turn_day3_consultation08_doctor_039,test,turn_doctor,day3_consultation08,117.899,123.732,1
pm_turn_day3_consultation08_patient_029,test,turn_patient,day3_consultation08,124.419,135.142,1
pm_turn_day3_consultation08_doctor_041,test,turn_doctor,day3_consultation08,133.77,141.922,1
pm_turn_day3_consultation08_patient_031,test,turn_patient,day3_consultation08,141.504,143.168,1
pm_turn_day3_consultation08_doctor_043,test,turn_doctor,day3_consultation08,143.008,146.195,1
pm_turn_day3_consultation08_patient_033,test,turn_patient,day3_consultation08,146.134,147.134,1
pm_turn_day3_consultation08_doctor_045,test,turn_doctor,day3_consultation08,146.679,161.324,1
pm_turn_day3_consultation08_patient_035,test,turn_patient,day3_consultation08,161.509,172.198,1
pm_turn_day3_consultation08_doctor_047,test,turn_doctor,day3_consultation08,171.831,173.909,1
pm_turn_day3_consultation08_patient_037,test,turn_patient,day3_consultation08,173.262,176.022,1
pm_turn_day3_consultation08_doctor_049,test,turn_doctor,day3_consultation08,175.678,180.324,1
pm_turn_day3_consultation08_patient_039,test,turn_patient,day3_consultation08,180.59,185.542,1
pm_turn_day3_consultation08_doctor_051,test,turn_doctor,day3_consultation08,185.1,187.466,1
pm_turn_day3_consultation08_doctor_053,test,turn_doctor,day3_consultation08,187.68,191.541,1
pm_turn_day3_consultation08_patient_041,test,turn_patient,day3_consultation08,192.278,193.276,1
pm_turn_day3_consultation08_doctor_055,test,turn_doctor,day3_consultation08,192.945,195.902,1
pm_turn_day3_consultation08_patient_043,test,turn_patient,day3_consultation08,196.082,200.389,1
pm_turn_day3_consultation08_doctor_057,test,turn_doctor,day3_consultation08,199.722,209.364,1
pm_turn_day3_consultation08_patient_045,test,turn_patient,day3_consultation08,210.297,213.104,1
pm_turn_day3_consultation08_doctor_059,test,turn_doctor,day3_consultation08,212.6,215.915,1
pm_turn_day3_consultation08_patient_047,test,turn_patient,day3_consultation08,215.627,219.948,1
pm_turn_day3_consultation08_doctor_061,test,turn_doctor,day3_consultation08,219.055,227.944,1
pm_turn_day3_consultation08_doctor_062,test,turn_doctor,day3_consultation08,227.744,234.269,1
pm_turn_day3_consultation08_patient_049,test,turn_patient,day3_consultation08,234.315,235.213,1
pm_turn_day3_consultation08_doctor_064,test,turn_doctor,day3_consultation08,234.894,235.84,1
pm_turn_day3_consultation08_doctor_066,test,turn_doctor,day3_consultation08,236.64,241.859,1
pm_turn_day3_consultation08_doctor_067,test,turn_doctor,day3_consultation08,241.659,252.804,1
pm_turn_day3_consultation08_doctor_069,test,turn_doctor,day3_consultation08,252.946,255.085,1
pm_turn_day3_consultation08_patient_053,test,turn_patient,day3_consultation08,253.09,256.169,1
pm_turn_day3_consultation08_doctor_071,test,turn_doctor,day3_consultation08,256.048,265.225,1
pm_turn_day3_consultation08_doctor_072,test,turn_doctor,day3_consultation08,265.025,272.917,1
pm_turn_day3_consultation08_doctor_073,test,turn_doctor,day3_consultation08,272.717,292.663,1
pm_turn_day3_consultation08_patient_055,test,turn_patient,day3_consultation08,283.208,284.064,1
pm_turn_day3_consultation08_doctor_074,test,turn_doctor,day3_consultation08,292.463,301.033,1
pm_turn_day3_consultation08_doctor_075,test,turn_doctor,day3_consultation08,300.833,313.799,1
pm_turn_day3_consultation08_patient_057,test,turn_patient,day3_consultation08,314.121,315.992,1
pm_turn_day3_consultation08_doctor_077,test,turn_doctor,day3_consultation08,315.381,317.833,1
pm_turn_day3_consultation08_patient_059,test,turn_patient,day3_consultation08,317.944,322.635,1
pm_turn_day3_consultation08_doctor_079,test,turn_doctor,day3_consultation08,322.089,335.792,1
pm_turn_day3_consultation08_patient_061,test,turn_patient,day3_consultation08,335.169,338.386,1
pm_turn_day3_consultation08_doctor_081,test,turn_doctor,day3_consultation08,337.095,344.46,1
pm_turn_day3_consultation08_patient_063,test,turn_patient,day3_consultation08,339.712,340.72,1
pm_turn_day3_consultation08_patient_065,test,turn_patient,day3_consultation08,341.829,343.554,1
pm_turn_day3_consultation09_patient_001,test,turn_patient,day3_consultation09,0.334,1.534,1
pm_turn_day3_consultation09_doctor_001,test,turn_doctor,day3_consultation09,1.247,17.24,1
pm_turn_day3_consultation09_patient_005,test,turn_patient,day3_consultation09,12.857,15.153,1
pm_turn_day3_consultation09_patient_007,test,turn_patient,day3_consultation09,17.308,21.954,1
pm_turn_day3_consultation09_doctor_003,test,turn_doctor,day3_consultation09,21.527,24.833,1
pm_turn_day3_consultation09_patient_009,test,turn_patient,day3_consultation09,24.549,28.604,1
pm_turn_day3_consultation09_doctor_005,test,turn_doctor,day3_consultation09,28.367,34.5,1
pm_turn_day3_consultation09_patient_011,test,turn_patient,day3_consultation09,34.403,35.627,1
pm_turn_day3_consultation09_doctor_007,test,turn_doctor,day3_consultation09,35.42,40.56,1
pm_turn_day3_consultation09_patient_013,test,turn_patient,day3_consultation09,40.487,42.964,1
pm_turn_day3_consultation09_patient_015,test,turn_patient,day3_consultation09,43.529,52.633,1
pm_turn_day3_consultation09_patient_016,test,turn_patient,day3_consultation09,52.433,67.208,1
pm_turn_day3_consultation09_doctor_009,test,turn_doctor,day3_consultation09,67.653,73.46,1
pm_turn_day3_consultation09_patient_018,test,turn_patient,day3_consultation09,70.339,72.015,1
pm_turn_day3_consultation09_patient_020,test,turn_patient,day3_consultation09,74.158,83.146,1
pm_turn_day3_consultation09_patient_022,test,turn_patient,day3_consultation09,84.368,93.677,1
pm_turn_day3_consultation09_patient_023,test,turn_patient,day3_consultation09,93.477,105.246,1
pm_turn_day3_consultation09_patient_024,test,turn_patient,day3_consultation09,105.046,117.775,1
pm_turn_day3_consultation09_doctor_017,test,turn_doctor,day3_consultation09,117.707,123.733,1
pm_turn_day3_consultation09_patient_026,test,turn_patient,day3_consultation09,124.52,126.72,1
pm_turn_day3_consultation09_patient_028,test,turn_patient,day3_consultation09,127.327,141.248,1
pm_turn_day3_consultation09_doctor_019,test,turn_doctor,day3_consultation09,131.267,132.153,1
pm_turn_day3_consultation09_patient_029,test,turn_patient,day3_consultation09,141.048,149.606,1
pm_turn_day3_consultation09_doctor_023,test,turn_doctor,day3_consultation09,149.147,150.053,1
pm_turn_day3_consultation09_patient_030,test,turn_patient,day3_consultation09,149.406,156.957,1
pm_turn_day3_consultation09_doctor_027,test,turn_doctor,day3_consultation09,156.96,157.867,1
pm_turn_day3_consultation09_patient_032,test,turn_patient,day3_consultation09,157.504,159.801,1
pm_turn_day3_consultation09_doctor_029,test,turn_doctor,day3_consultation09,159.3,171.313,1
pm_turn_day3_consultation09_patient_036,test,turn_patient,day3_consultation09,171.178,186.304,1
pm_turn_day3_consultation09_patient_037,test,turn_patient,day3_consultation09,186.104,195.748,1
pm_turn_day3_consultation09_doctor_031,test,turn_doctor,day3_consultation09,195.74,198.127,1
pm_turn_day3_consultation09_patient_039,test,turn_patient,day3_consultation09,198.47,202.453,1
pm_turn_day3_consultation09_doctor_033,test,turn_doctor,day3_consultation09,202.213,210.993,1
pm_turn_day3_consultation09_patient_041,test,turn_patient,day3_consultation09,210.589,214.56,1
pm_turn_day3_consultation09_doctor_035,test,turn_doctor,day3_consultation09,214.293,226.393,1
pm_turn_day3_consultation09_patient_043,test,turn_patient,day3_consultation09,224.744,225.806,1
pm_turn_day3_consultation09_patient_045,test,turn_patient,day3_consultation09,226.774,235.83,1
pm_turn_day3_consultation09_patient_046,test,turn_patient,day3_consultation09,235.63,246.279,1
pm_turn_day3_consultation09_doctor_041,test,turn_doctor,day3_consultation09,244.42,262.22,1
pm_turn_day3_consultation09_patient_048,test,turn_patient,day3_consultation09,248.88,249.845,1
pm_turn_day3_consultation09_patient_050,test,turn_patient,day3_consultation09,252.579,253.375,1
pm_turn_day3_consultation09_patient_052,test,turn_patient,day3_consultation09,260.825,267.422,1
pm_turn_day3_consultation09_doctor_043,test,turn_doctor,day3_consultation09,264.527,274.353,1
pm_turn_day3_consultation09_patient_054,test,turn_patient,day3_consultation09,270.8,272.572,1
pm_turn_day3_consultation09_patient_056,test,turn_patient,day3_consultation09,274.872,277.325,1
pm_turn_day3_consultation09_doctor_045,test,turn_doctor,day3_consultation09,276.673,290.687,1
pm_turn_day3_consultation09_patient_060,test,turn_patient,day3_consultation09,291.732,299.681,1
pm_turn_day3_consultation09_patient_061,test,turn_patient,day3_consultation09,299.481,306.984,1
pm_turn_day3_consultation09_patient_062,test,turn_patient,day3_consultation09,306.784,321.398,1
pm_turn_day3_consultation09_doctor_049,test,turn_doctor,day3_consultation09,314.053,314.82,1
pm_turn_day3_consultation09_patient_063,test,turn_patient,day3_consultation09,321.198,335.234,1
pm_turn_day3_consultation09_patient_064,test,turn_patient,day3_consultation09,335.034,342.922,1
pm_turn_day3_consultation09_doctor_053,test,turn_doctor,day3_consultation09,335.2,335.96,1
pm_turn_day3_consultation09_patient_065,test,turn_patient,day3_consultation09,342.722,348.72,1
pm_turn_day3_consultation09_patient_067,test,turn_patient,day3_consultation09,349.171,360.532,1
pm_turn_day3_consultation09_doctor_057,test,turn_doctor,day3_consultation09,356.967,357.787,1
pm_turn_day3_consultation09_doctor_059,test,turn_doctor,day3_consultation09,360.113,363.74,1
pm_turn_day3_consultation09_patient_069,test,turn_patient,day3_consultation09,364.416,369.586,1
pm_turn_day3_consultation09_patient_071,test,turn_patient,day3_consultation09,370.241,380.042,1
pm_turn_day3_consultation09_patient_072,test,turn_patient,day3_consultation09,379.842,390.282,1
pm_turn_day3_consultation09_doctor_063,test,turn_doctor,day3_consultation09,390.393,394.1,1
pm_turn_day3_consultation09_patient_074,test,turn_patient,day3_consultation09,394.407,395.306,1
pm_turn_day3_consultation09_doctor_065,test,turn_doctor,day3_consultation09,394.707,402.28,1
pm_turn_day3_consultation09_patient_076,test,turn_patient,day3_consultation09,402.719,403.962,1
pm_turn_day3_consultation09_doctor_067,test,turn_doctor,day3_consultation09,403.86,407.74,1
pm_turn_day3_consultation09_patient_078,test,turn_patient,day3_consultation09,408.165,411.051,1
pm_turn_day3_consultation09_doctor_069,test,turn_doctor,day3_consultation09,409.04,420.727,1
pm_turn_day3_consultation09_patient_080,test,turn_patient,day3_consultation09,416.688,418.195,1
pm_turn_day3_consultation09_patient_082,test,turn_patient,day3_consultation09,420.579,423.345,1
pm_turn_day3_consultation09_doctor_071,test,turn_doctor,day3_consultation09,423.06,431.647,1
pm_turn_day3_consultation09_patient_084,test,turn_patient,day3_consultation09,432.048,447.487,1
pm_turn_day3_consultation09_doctor_073,test,turn_doctor,day3_consultation09,447.733,454.22,1
pm_turn_day3_consultation09_patient_086,test,turn_patient,day3_consultation09,455.088,469.628,1
pm_turn_day3_consultation09_doctor_075,test,turn_doctor,day3_consultation09,469.427,470.187,1
pm_turn_day3_consultation09_patient_087,test,turn_patient,day3_consultation09,469.428,473.699,1
pm_turn_day3_consultation09_doctor_077,test,turn_doctor,day3_consultation09,473.44,474.273,1
pm_turn_day3_consultation09_doctor_079,test,turn_doctor,day3_consultation09,475.393,476.533,1
pm_turn_day3_consultation09_doctor_081,test,turn_doctor,day3_consultation09,477.553,484.12,1
pm_turn_day3_consultation09_patient_089,test,turn_patient,day3_consultation09,484.313,492.607,1
pm_turn_day3_consultation09_doctor_083,test,turn_doctor,day3_consultation09,492.273,493.107,1
pm_turn_day3_consultation09_patient_090,test,turn_patient,day3_consultation09,492.407,498.367,1
pm_turn_day3_consultation09_patient_091,test,turn_patient,day3_consultation09,498.167,505.882,1
pm_turn_day3_consultation09_patient_092,test,turn_patient,day3_consultation09,505.682,518.341,1
pm_turn_day3_consultation09_doctor_087,test,turn_doctor,day3_consultation09,517.98,523.173,1
pm_turn_day3_consultation09_doctor_089,test,turn_doctor,day3_consultation09,525.16,528.829,1
pm_turn_day3_consultation09_doctor_091,test,turn_doctor,day3_consultation09,529.941,546.14,1
pm_turn_day3_consultation09_doctor_092,test,turn_doctor,day3_consultation09,545.94,566.673,1
pm_turn_day3_consultation09_patient_100,test,turn_patient,day3_consultation09,546.09,547.013,1
pm_turn_day3_consultation09_patient_106,test,turn_patient,day3_consultation09,566.66,568.691,1
pm_turn_day3_consultation09_doctor_094,test,turn_doctor,day3_consultation09,568.42,588.787,1
pm_turn_day3_consultation09_patient_108,test,turn_patient,day3_consultation09,574.786,575.727,1
pm_turn_day3_consultation09_patient_110,test,turn_patient,day3_consultation09,587.863,591.117,1
pm_turn_day3_consultation09_doctor_096,test,turn_doctor,day3_consultation09,591.987,609.547,1
pm_turn_day3_consultation09_doctor_097,test,turn_doctor,day3_consultation09,609.347,623.593,1
pm_turn_day3_consultation09_patient_112,test,turn_patient,day3_consultation09,609.595,611.711,1
pm_turn_day3_consultation09_patient_114,test,turn_patient,day3_consultation09,617.811,619.361,1
pm_turn_day3_consultation09_patient_116,test,turn_patient,day3_consultation09,622.781,626.294,1
pm_turn_day3_consultation09_doctor_099,test,turn_doctor,day3_consultation09,625.667,637.76,1
pm_turn_day3_consultation09_patient_118,test,turn_patient,day3_consultation09,631.913,632.781,1
pm_turn_day3_consultation09_patient_120,test,turn_patient,day3_consultation09,638.063,640.696,1
pm_turn_day3_consultation09_doctor_101,test,turn_doctor,day3_consultation09,640.38,642.927,1
pm_turn_day3_consultation09_patient_122,test,turn_patient,day3_consultation09,643.315,649.755,1
pm_turn_day3_consultation09_doctor_103,test,turn_doctor,day3_consultation09,648.187,664.173,1
pm_turn_day3_consultation09_doctor_104,test,turn_doctor,day3_consultation09,663.973,685.707,1
pm_turn_day3_consultation09_patient_124,test,turn_patient,day3_consultation09,663.982,666.603,1
pm_turn_day3_consultation09_patient_126,test,turn_patient,day3_consultation09,686.009,687.823,1
pm_turn_day3_consultation09_doctor_106,test,turn_doctor,day3_consultation09,688.227,689.427,1
pm_turn_day3_consultation09_patient_128,test,turn_patient,day3_consultation09,688.527,691.805,1
pm_turn_day3_consultation09_doctor_108,test,turn_doctor,day3_consultation09,691.527,704.133,1
pm_turn_day3_consultation09_patient_130,test,turn_patient,day3_consultation09,703.321,706.761,1
pm_turn_day3_consultation09_doctor_110,test,turn_doctor,day3_consultation09,706.54,708.813,1
pm_turn_day3_consultation09_patient_132,test,turn_patient,day3_consultation09,707.561,708.532,1
pm_turn_day3_consultation09_patient_134,test,turn_patient,day3_consultation09,708.983,709.966,1
pm_turn_day3_consultation09_doctor_112,test,turn_doctor,day3_consultation09,709.62,711.04,1
pm_turn_day3_consultation10_patient_001,recalibration,turn_patient,day3_consultation10,1.921,2.838,1
pm_turn_day3_consultation10_doctor_001,recalibration,turn_doctor,day3_consultation10,2.636,6.715,1
pm_turn_day3_consultation10_patient_003,recalibration,turn_patient,day3_consultation10,7.198,8.71,1
pm_turn_day3_consultation10_doctor_003,recalibration,turn_doctor,day3_consultation10,7.859,14.593,1
pm_turn_day3_consultation10_patient_005,recalibration,turn_patient,day3_consultation10,15.22,16.909,1
pm_turn_day3_consultation10_doctor_005,recalibration,turn_doctor,day3_consultation10,16.63,18.546,1
pm_turn_day3_consultation10_patient_007,recalibration,turn_patient,day3_consultation10,19.298,22.25,1
pm_turn_day3_consultation10_doctor_007,recalibration,turn_doctor,day3_consultation10,22.069,25.35,1
pm_turn_day3_consultation10_patient_009,recalibration,turn_patient,day3_consultation10,26.064,32.08,1
pm_turn_day3_consultation10_doctor_009,recalibration,turn_doctor,day3_consultation10,32.427,38.979,1
pm_turn_day3_consultation10_patient_011,recalibration,turn_patient,day3_consultation10,39.235,40.152,1
pm_turn_day3_consultation10_doctor_011,recalibration,turn_doctor,day3_consultation10,40.015,48.627,1
pm_turn_day3_consultation10_patient_013,recalibration,turn_patient,day3_consultation10,49.101,64.834,1
pm_turn_day3_consultation10_doctor_013,recalibration,turn_doctor,day3_consultation10,53.515,54.425,1
pm_turn_day3_consultation10_patient_014,recalibration,turn_patient,day3_consultation10,64.634,81.246,1
pm_turn_day3_consultation10_doctor_021,recalibration,turn_doctor,day3_consultation10,80.272,84.817,1
pm_turn_day3_consultation10_patient_016,recalibration,turn_patient,day3_consultation10,85.21,100.333,1
pm_turn_day3_consultation10_doctor_027,recalibration,turn_doctor,day3_consultation10,99.752,102.594,1
pm_turn_day3_consultation10_patient_018,recalibration,turn_patient,day3_consultation10,102.878,106.17,1
pm_turn_day3_consultation10_doctor_029,recalibration,turn_doctor,day3_consultation10,104.454,107.445,1
pm_turn_day3_consultation10_patient_020,recalibration,turn_patient,day3_consultation10,108.048,111.34,1
pm_turn_day3_consultation10_doctor_031,recalibration,turn_doctor,day3_consultation10,110.995,116.54,1
pm_turn_day3_consultation10_patient_022,recalibration,turn_patient,day3_consultation10,117.722,120.83,1
pm_turn_day3_consultation10_doctor_033,recalibration,turn_doctor,day3_consultation10,120.637,128.08,1
pm_turn_day3_consultation10_patient_024,recalibration,turn_patient,day3_consultation10,128.758,130.909,1
pm_turn_day3_consultation10_doctor_035,recalibration,turn_doctor,day3_consultation10,131.563,139.506,1
pm_turn_day3_consultation10_patient_026,recalibration,turn_patient,day3_consultation10,140.929,144.91,1
pm_turn_day3_consultation10_doctor_037,recalibration,turn_doctor,day3_consultation10,143.326,148.337,1
pm_turn_day3_consultation10_patient_028,recalibration,turn_patient,day3_consultation10,149.632,152.917,1
pm_turn_day3_consultation10_doctor_039,recalibration,turn_doctor,day3_consultation10,152.502,154.283,1
pm_turn_day3_consultation10_patient_030,recalibration,turn_patient,day3_consultation10,155.391,156.591,1
pm_turn_day3_consultation10_doctor_041,recalibration,turn_doctor,day3_consultation10,156.245,158.607,1
pm_turn_day3_consultation10_patient_032,recalibration,turn_patient,day3_consultation10,159.114,160.123,1
pm_turn_day3_consultation10_doctor_043,recalibration,turn_doctor,day3_consultation10,159.711,164.053,1
pm_turn_day3_consultation10_patient_034,recalibration,turn_patient,day3_consultation10,165.306,169.904,1
pm_turn_day3_consultation10_patient_036,recalibration,turn_patient,day3_consultation10,170.704,174.528,1
pm_turn_day3_consultation10_doctor_047,recalibration,turn_doctor,day3_consultation10,174.698,178.364,1
pm_turn_day3_consultation10_patient_038,recalibration,turn_patient,day3_consultation10,179.272,181.365,1
pm_turn_day3_consultation10_patient_040,recalibration,turn_patient,day3_consultation10,182.314,192.458,1
pm_turn_day3_consultation10_doctor_049,recalibration,turn_doctor,day3_consultation10,185.157,185.999,1
pm_turn_day3_consultation10_doctor_051,recalibration,turn_doctor,day3_consultation10,191.286,196.195,1
pm_turn_day3_consultation10_patient_042,recalibration,turn_patient,day3_consultation10,196.79,197.99,1
pm_turn_day3_consultation10_doctor_053,recalibration,turn_doctor,day3_consultation10,198.117,200.459,1
pm_turn_day3_consultation10_patient_044,recalibration,turn_patient,day3_consultation10,199.925,201.494,1
pm_turn_day3_consultation10_doctor_055,recalibration,turn_doctor,day3_consultation10,202.022,207.425,1
pm_turn_day3_consultation10_patient_046,recalibration,turn_patient,day3_consultation10,208.564,209.735,1
pm_turn_day3_consultation10_doctor_057,recalibration,turn_doctor,day3_consultation10,209.468,212.797,1
pm_turn_day3_consultation10_patient_048,recalibration,turn_patient,day3_consultation10,214.309,216.104,1
pm_turn_day3_consultation10_doctor_059,recalibration,turn_doctor,day3_consultation10,215.968,224.533,1
pm_turn_day3_consultation10_patient_050,recalibration,turn_patient,day3_consultation10,225.416,227.141,1
pm_turn_day3_consultation10_patient_052,recalibration,turn_patient,day3_consultation10,229.068,230.864,1
pm_turn_day3_consultation10_patient_054,recalibration,turn_patient,day3_consultation10,231.664,234.893,1
pm_turn_day3_consultation10_doctor_063,recalibration,turn_doctor,day3_consultation10,234.921,239.479,1
pm_turn_day3_consultation10_patient_056,recalibration,turn_patient,day3_consultation10,240.189,244.39,1
pm_turn_day3_consultation10_doctor_065,recalibration,turn_doctor,day3_consultation10,244.462,245.405,1
pm_turn_day3_consultation10_patient_058,recalibration,turn_patient,day3_consultation10,245.523,251.716,1
pm_turn_day3_consultation10_doctor_067,recalibration,turn_doctor,day3_consultation10,246.739,247.871,1
pm_turn_day3_consultation10_doctor_069,recalibration,turn_doctor,day3_consultation10,251.333,257.594,1
pm_turn_day3_consultation10_patient_060,recalibration,turn_patient,day3_consultation10,258.105,259.823,1
pm_turn_day3_consultation10_doctor_071,recalibration,turn_doctor,day3_consultation10,260.32,266.662,1
pm_turn_day3_consultation10_patient_062,recalibration,turn_patient,day3_consultation10,267.134,268.135,1
pm_turn_day3_consultation10_doctor_073,recalibration,turn_doctor,day3_consultation10,268.327,269.479,1
pm_turn_day3_consultation10_patient_064,recalibration,turn_patient,day3_consultation10,270.141,271.214,1
pm_turn_day3_consultation10_doctor_075,recalibration,turn_doctor,day3_consultation10,271.915,272.689,1
pm_turn_day3_consultation10_patient_066,recalibration,turn_patient,day3_consultation10,273.106,274.306,1
pm_turn_day3_consultation10_doctor_077,recalibration,turn_doctor,day3_consultation10,275.225,277.054,1
pm_turn_day3_consultation10_patient_068,recalibration,turn_patient,day3_consultation10,277.751,278.625,1
pm_turn_day3_consultation10_doctor_079,recalibration,turn_doctor,day3_consultation10,279.746,284.973,1
pm_turn_day3_consultation10_patient_070,recalibration,turn_patient,day3_consultation10,285.837,286.86,1
pm_turn_day3_consultation10_doctor_081,recalibration,turn_doctor,day3_consultation10,287.313,292.202,1
pm_turn_day3_consultation10_doctor_083,recalibration,turn_doctor,day3_consultation10,293.665,298.834,1
pm_turn_day3_consultation10_doctor_085,recalibration,turn_doctor,day3_consultation10,299.263,301.302,1
pm_turn_day3_consultation10_doctor_087,recalibration,turn_doctor,day3_consultation10,302.18,308.615,1
pm_turn_day3_consultation10_patient_072,recalibration,turn_patient,day3_consultation10,302.214,303.045,1
pm_turn_day3_consultation10_patient_074,recalibration,turn_patient,day3_consultation10,309.647,312.96,1
pm_turn_day3_consultation10_doctor_089,recalibration,turn_doctor,day3_consultation10,312.577,335.385,1
pm_turn_day3_consultation10_doctor_090,recalibration,turn_doctor,day3_consultation10,335.185,345.512,1
pm_turn_day3_consultation10_doctor_092,recalibration,turn_doctor,day3_consultation10,346.104,360.899,1
pm_turn_day3_consultation10_patient_078,recalibration,turn_patient,day3_consultation10,357.331,360.077,1
pm_turn_day3_consultation10_patient_080,recalibration,turn_patient,day3_consultation10,361.005,366.474,1
pm_turn_day3_consultation10_doctor_094,recalibration,turn_doctor,day3_consultation10,366.199,392.435,1
pm_turn_day3_consultation10_doctor_096,recalibration,turn_doctor,day3_consultation10,392.979,406.23,1
pm_turn_day3_consultation10_patient_084,recalibration,turn_patient,day3_consultation10,405.475,409.328,1
pm_turn_day3_consultation10_doctor_098,recalibration,turn_doctor,day3_consultation10,409.01,418.534,1
pm_turn_day3_consultation10_patient_086,recalibration,turn_patient,day3_consultation10,415.98,427.294,1
pm_turn_day3_consultation10_doctor_100,recalibration,turn_doctor,day3_consultation10,426.802,447.426,1
pm_turn_day3_consultation10_doctor_101,recalibration,turn_doctor,day3_consultation10,447.226,454.014,1
pm_turn_day3_consultation10_patient_088,recalibration,turn_patient,day3_consultation10,454.152,455.324,1
pm_turn_day3_consultation10_doctor_103,recalibration,turn_doctor,day3_consultation10,455.091,471.136,1
pm_turn_day3_consultation10_doctor_105,recalibration,turn_doctor,day3_consultation10,471.936,472.675,1
pm_turn_day3_consultation10_patient_090,recalibration,turn_patient,day3_consultation10,472.111,472.999,1
pm_turn_day3_consultation10_doctor_107,recalibration,turn_doctor,day3_consultation10,473.019,491.433,1
pm_turn_day3_consultation10_patient_092,recalibration,turn_patient,day3_consultation10,492.282,493.376,1
pm_turn_day3_consultation10_doctor_109,recalibration,turn_doctor,day3_consultation10,493.105,512.129,1
pm_turn_day3_consultation10_patient_094,recalibration,turn_patient,day3_consultation10,514.401,515.392,1
pm_turn_day3_consultation10_doctor_111,recalibration,turn_doctor,day3_consultation10,515.24,517.629,1
pm_turn_day3_consultation10_patient_096,recalibration,turn_patient,day3_consultation10,519.038,520.349,1
pm_turn_day3_consultation10_doctor_113,recalibration,turn_doctor,day3_consultation10,520.24,533.345,1
pm_turn_day3_consultation10_patient_098,recalibration,turn_patient,day3_consultation10,534.108,535.109,1
pm_turn_day3_consultation10_doctor_115,recalibration,turn_doctor,day3_consultation10,534.97,551.846,1
pm_turn_day3_consultation10_patient_100,recalibration,turn_patient,day3_consultation10,552.711,555.351,1
pm_turn_day3_consultation10_doctor_117,recalibration,turn_doctor,day3_consultation10,552.828,554.402,1
pm_turn_day3_consultation10_doctor_119,recalibration,turn_doctor,day3_consultation10,555.091,557.413,1
pm_turn_day3_consultation10_patient_102,recalibration,turn_patient,day3_consultation10,557.834,558.763,1
pm_turn_day3_consultation10_doctor_121,recalibration,turn_doctor,day3_consultation10,558.423,559.561,1
pm_turn_day4_consultation01_doctor_002,test,turn_doctor,day4_consultation01,4.708,5.794,1
pm_turn_day4_consultation01_patient_001,test,turn_patient,day4_consultation01,5.78,7.143,1
pm_turn_day4_consultation01_doctor_004,test,turn_doctor,day4_consultation01,7.196,9.013,1
pm_turn_day4_consultation01_doctor_006,test,turn_doctor,day4_consultation01,15.123,17.189,1
pm_turn_day4_consultation01_doctor_008,test,turn_doctor,day4_consultation01,17.737,21.637,1
pm_turn_day4_consultation01_doctor_010,test,turn_doctor,day4_consultation01,22.118,25.05,1
pm_turn_day4_consultation01_patient_007,test,turn_patient,day4_consultation01,25.332,26.544,1
pm_turn_day4_consultation01_doctor_012,test,turn_doctor,day4_consultation01,26.593,29.972,1
pm_turn_day4_consultation01_patient_009,test,turn_patient,day4_consultation01,30.055,37.665,1
pm_turn_day4_consultation01_doctor_014,test,turn_doctor,day4_consultation01,37.927,40.684,1
pm_turn_day4_consultation01_patient_011,test,turn_patient,day4_consultation01,40.649,45.233,1
pm_turn_day4_consultation01_doctor_016,test,turn_doctor,day4_consultation01,41.951,42.959,1
pm_turn_day4_consultation01_doctor_018,test,turn_doctor,day4_consultation01,45.052,51.09,1
pm_turn_day4_consultation01_patient_013,test,turn_patient,day4_consultation01,50.161,55.393,1
pm_turn_day4_consultation01_doctor_022,test,turn_doctor,day4_consultation01,55.117,60.502,1
pm_turn_day4_consultation01_patient_015,test,turn_patient,day4_consultation01,61.379,65.458,1
pm_turn_day4_consultation01_patient_017,test,turn_patient,day4_consultation01,65.636,71.24,1
pm_turn_day4_consultation01_patient_019,test,turn_patient,day4_consultation01,71.569,76.704,1
pm_turn_day4_consultation01_patient_021,test,turn_patient,day4_consultation01,76.889,82.553,1
pm_turn_day4_consultation01_patient_023,test,turn_patient,day4_consultation01,82.672,86.013,1
pm_turn_day4_consultation01_patient_025,test,turn_patient,day4_consultation01,87.552,94.648,1
pm_turn_day4_consultation01_doctor_024,test,turn_doctor,day4_consultation01,93.567,94.75,1
pm_turn_day4_consultation01_patient_027,test,turn_patient,day4_consultation01,95.896,96.868,1
pm_turn_day4_consultation01_patient_029,test,turn_patient,day4_consultation01,99.124,99.778,1
pm_turn_day4_consultation01_doctor_026,test,turn_doctor,day4_consultation01,99.448,104.485,1
pm_turn_day4_consultation01_patient_031,test,turn_patient,day4_consultation01,104.418,106.21,1
pm_turn_day4_consultation01_doctor_028,test,turn_doctor,day4_consultation01,105.956,109.856,1
pm_turn_day4_consultation01_patient_033,test,turn_patient,day4_consultation01,111.661,116.425,1
pm_turn_day4_consultation01_doctor_030,test,turn_doctor,day4_consultation01,116.015,117.347,1
pm_turn_day4_consultation01_patient_035,test,turn_patient,day4_consultation01,116.644,120.63,1
pm_turn_day4_consultation01_patient_037,test,turn_patient,day4_consultation01,121.265,124.129,1
pm_turn_day4_consultation01_doctor_032,test,turn_doctor,day4_consultation01,124.296,126.046,1
pm_turn_day4_consultation01_patient_039,test,turn_patient,day4_consultation01,126.405,128.042,1
pm_turn_day4_consultation01_doctor_034,test,turn_doctor,day4_consultation01,129.062,133.794,1
pm_turn_day4_consultation01_patient_041,test,turn_patient,day4_consultation01,133.099,133.73,1
pm_turn_day4_consultation01_patient_043,test,turn_patient,day4_consultation01,134.728,138.897,1
pm_turn_day4_consultation01_patient_045,test,turn_patient,day4_consultation01,140.103,143.557,1
pm_turn_day4_consultation01_doctor_036,test,turn_doctor,day4_consultation01,143.425,144.601,1
pm_turn_day4_consultation01_patient_047,test,turn_patient,day4_consultation01,143.995,146.061,1
pm_turn_day4_consultation01_doctor_038,test,turn_doctor,day4_consultation01,146.126,148.763,1
pm_turn_day4_consultation01_patient_049,test,turn_patient,day4_consultation01,149.144,152.45,1
pm_turn_day4_consultation01_doctor_040,test,turn_doctor,day4_consultation01,152.167,157.361,1
pm_turn_day4_consultation01_patient_051,test,turn_patient,day4_consultation01,157.629,158.62,1
pm_turn_day4_consultation01_doctor_042,test,turn_doctor,day4_consultation01,159.322,163.983,1
pm_turn_day4_consultation01_patient_053,test,turn_patient,day4_consultation01,167.105,173.233,1
pm_turn_day4_consultation01_doctor_044,test,turn_doctor,day4_consultation01,173.524,178.76,1
pm_turn_day4_consultation01_patient_057,test,turn_patient,day4_consultation01,182.986,184.896,1
pm_turn_day4_consultation01_doctor_046,test,turn_doctor,day4_consultation01,184.948,187.226,1
pm_turn_day4_consultation01_doctor_048,test,turn_doctor,day4_consultation01,190.517,201.254,1
pm_turn_day4_consultation01_doctor_050,test,turn_doctor,day4_consultation01,201.629,205.847,1
pm_turn_day4_consultation01_patient_063,test,turn_patient,day4_consultation01,201.634,202.282,1
pm_turn_day4_consultation01_patient_065,test,turn_patient,day4_consultation01,206.161,207.876,1
pm_turn_day4_consultation01_doctor_052,test,turn_doctor,day4_consultation01,208.144,213.571,1
pm_turn_day4_consultation01_patient_067,test,turn_patient,day4_consultation01,216.73,224.669,1
pm_turn_day4_consultation01_doctor_054,test,turn_doctor,day4_consultation01,226.519,228.868,1
pm_turn_day4_consultation01_patient_069,test,turn_patient,day4_consultation01,231.631,246.088,1
pm_turn_day4_consultation01_doctor_056,test,turn_doctor,day4_consultation01,246.265,252.231,1
pm_turn_day4_consultation01_patient_071,test,turn_patient,day4_consultation01,255.081,262.126,1
pm_turn_day4_consultation01_doctor_058,test,turn_doctor,day4_consultation01,262.724,268.792,1
pm_turn_day4_consultation01_patient_073,test,turn_patient,day4_consultation01,268.579,269.787,1
pm_turn_day4_consultation01_doctor_060,test,turn_doctor,day4_consultation01,269.179,276.54,1
pm_turn_day4_consultation01_patient_075,test,turn_patient,day4_consultation01,276.738,277.68,1
pm_turn_day4_consultation01_doctor_062,test,turn_doctor,day4_consultation01,277.172,284.204,1
pm_turn_day4_consultation01_doctor_064,test,turn_doctor,day4_consultation01,284.968,291.916,1
pm_turn_day4_consultation01_patient_077,test,turn_patient,day4_consultation01,285.2,286.852,1
pm_turn_day4_consultation01_patient_079,test,turn_patient,day4_consultation01,292.016,292.854,1
pm_turn_day4_consultation01_doctor_066,test,turn_doctor,day4_consultation01,292.476,300.083,1
pm_turn_day4_consultation01_patient_081,test,turn_patient,day4_consultation01,297.108,297.956,1
pm_turn_day4_consultation01_patient_083,test,turn_patient,day4_consultation01,300.716,303.639,1
pm_turn_day4_consultation01_doctor_068,test,turn_doctor,day4_consultation01,303.966,314.746,1
pm_turn_day4_consultation01_patient_085,test,turn_patient,day4_consultation01,313.925,316.396,1
pm_turn_day4_consultation01_doctor_070,test,turn_doctor,day4_consultation01,315.216,319.266,1
pm_turn_day4_consultation01_doctor_072,test,turn_doctor,day4_consultation01,320.982,327.433,1
pm_turn_day4_consultation01_patient_087,test,turn_patient,day4_consultation01,331.295,336.977,1
pm_turn_day4_consultation01_patient_089,test,turn_patient,day4_consultation01,337.192,340.492,1
pm_turn_day4_consultation01_doctor_074,test,turn_doctor,day4_consultation01,339.95,342.431,1
pm_turn_day4_consultation01_patient_091,test,turn_patient,day4_consultation01,342.343,343.455,1
pm_turn_day4_consultation01_doctor_076,test,turn_doctor,day4_consultation01,344.585,347.407,1
pm_turn_day4_consultation01_patient_093,test,turn_patient,day4_consultation01,347.833,349.752,1
pm_turn_day4_consultation01_doctor_078,test,turn_doctor,day4_consultation01,350.244,356.588,1
pm_turn_day4_consultation01_patient_095,test,turn_patient,day4_consultation01,354.476,355.29,1
pm_turn_day4_consultation01_patient_097,test,turn_patient,day4_consultation01,356.743,357.895,1
pm_turn_day4_consultation01_doctor_080,test,turn_doctor,day4_consultation01,357.41,360.975,1
pm_turn_day4_consultation01_patient_099,test,turn_patient,day4_consultation01,361.615,363.544,1
pm_turn_day4_consultation01_doctor_082,test,turn_doctor,day4_consultation01,363.325,365.95,1
pm_turn_day4_consultation01_patient_101,test,turn_patient,day4_consultation01,366.534,371.424,1
pm_turn_day4_consultation01_doctor_084,test,turn_doctor,day4_consultation01,371.917,375.746,1
pm_turn_day4_consultation01_patient_103,test,turn_patient,day4_consultation01,376.172,377.421,1
pm_turn_day4_consultation01_doctor_086,test,turn_doctor,day4_consultation01,378.138,381.865,1
pm_turn_day4_consultation01_patient_105,test,turn_patient,day4_consultation01,384.773,385.826,1
pm_turn_day4_consultation01_doctor_088,test,turn_doctor,day4_consultation01,386.503,387.386,1
pm_turn_day4_consultation01_doctor_090,test,turn_doctor,day4_consultation01,387.82,390.607,1
pm_turn_day4_consultation01_patient_107,test,turn_patient,day4_consultation01,391.092,392.951,1
pm_turn_day4_consultation01_doctor_092,test,turn_doctor,day4_consultation01,394.221,398.217,1
pm_turn_day4_consultation01_patient_111,test,turn_patient,day4_consultation01,400.355,415.623,1
pm_turn_day4_consultation01_doctor_096,test,turn_doctor,day4_consultation01,417.378,419.993,1
pm_turn_day4_consultation01_patient_113,test,turn_patient,day4_consultation01,419.925,421.141,1
pm_turn_day4_consultation01_doctor_098,test,turn_doctor,day4_consultation01,420.5,429.98,1
pm_turn_day4_consultation01_patient_115,test,turn_patient,day4_consultation01,428.227,429.028,1
pm_turn_day4_consultation01_patient_117,test,turn_patient,day4_consultation01,430.28,431.578,1
pm_turn_day4_consultation01_doctor_100,test,turn_doctor,day4_consultation01,431.607,439.296,1
pm_turn_day4_consultation01_patient_119,test,turn_patient,day4_consultation01,434.63,435.493,1
pm_turn_day4_consultation01_doctor_101,test,turn_doctor,day4_consultation01,439.096,441.805,1
pm_turn_day4_consultation01_patient_121,test,turn_patient,day4_consultation01,439.475,440.234,1
pm_turn_day4_consultation01_patient_123,test,turn_patient,day4_consultation01,442.276,443.059,1
pm_turn_day4_consultation01_doctor_103,test,turn_doctor,day4_consultation01,442.276,445.811,1
pm_turn_day4_consultation01_patient_125,test,turn_patient,day4_consultation01,446.158,447.039,1
pm_turn_day4_consultation01_doctor_105,test,turn_doctor,day4_consultation01,446.779,450.655,1
pm_turn_day4_consultation01_patient_127,test,turn_patient,day4_consultation01,450.621,451.417,1
pm_turn_day4_consultation01_doctor_107,test,turn_doctor,day4_consultation01,450.97,456.415,1
pm_turn_day4_consultation01_patient_129,test,turn_patient,day4_consultation01,453.77,454.479,1
pm_turn_day4_consultation01_patient_131,test,turn_patient,day4_consultation01,456.445,457.234,1
pm_turn_day4_consultation01_doctor_109,test,turn_doctor,day4_consultation01,456.868,466.605,1
pm_turn_day4_consultation01_patient_133,test,turn_patient,day4_consultation01,466.65,467.341,1
pm_turn_day4_consultation01_doctor_111,test,turn_doctor,day4_consultation01,467.028,472.761,1
pm_turn_day4_consultation01_patient_135,test,turn_patient,day4_consultation01,474.395,475.744,1
pm_turn_day4_consultation01_patient_137,test,turn_patient,day4_consultation01,476.667,479.066,1
pm_turn_day4_consultation01_doctor_115,test,turn_doctor,day4_consultation01,479.812,489.903,1
pm_turn_day4_consultation01_patient_139,test,turn_patient,day4_consultation01,489.849,490.908,1
pm_turn_day4_consultation01_doctor_117,test,turn_doctor,day4_consultation01,491.122,496.315,1
pm_turn_day4_consultation01_patient_141,test,turn_patient,day4_consultation01,494.173,494.956,1
pm_turn_day4_consultation01_patient_143,test,turn_patient,day4_consultation01,497.182,498.989,1
pm_turn_day4_consultation01_doctor_119,test,turn_doctor,day4_consultation01,498.468,500.698,1
pm_turn_day4_consultation01_patient_145,test,turn_patient,day4_consultation01,500.282,504.095,1
pm_turn_day4_consultation01_doctor_121,test,turn_doctor,day4_consultation01,504.6,506.237,1
pm_turn_day4_consultation01_patient_147,test,turn_patient,day4_consultation01,506.141,507.982,1
pm_turn_day4_consultation01_doctor_123,test,turn_doctor,day4_consultation01,507.037,508.548,1
pm_turn_day4_consultation01_patient_149,test,turn_patient,day4_consultation01,508.102,509.125,1
pm_turn_day4_consultation01_patient_151,test,turn_patient,day4_consultation01,509.842,510.536,1
pm_turn_day4_consultation02_doctor_000,recalibration,turn_doctor,day4_consultation02,0.0,2.265,1
pm_turn_day4_consultation02_patient_001,recalibration,turn_patient,day4_consultation02,2.091,2.94,1
pm_turn_day4_consultation02_doctor_002,recalibration,turn_doctor,day4_consultation02,3.728,4.783,1
pm_turn_day4_consultation02_doctor_004,recalibration,turn_doctor,day4_consultation02,5.583,7.388,1
pm_turn_day4_consultation02_patient_003,recalibration,turn_patient,day4_consultation02,6.652,8.819,1
pm_turn_day4_consultation02_doctor_006,recalibration,turn_doctor,day4_consultation02,8.426,15.912,1
pm_turn_day4_consultation02_patient_005,recalibration,turn_patient,day4_consultation02,16.593,20.689,1
pm_turn_day4_consultation02_doctor_008,recalibration,turn_doctor,day4_consultation02,20.472,21.42,1
pm_turn_day4_consultation02_patient_007,recalibration,turn_patient,day4_consultation02,21.749,24.324,1
pm_turn_day4_consultation02_patient_009,recalibration,turn_patient,day4_consultation02,25.094,29.058,1
pm_turn_day4_consultation02_patient_010,recalibration,turn_patient,day4_consultation02,28.858,34.003,1
pm_turn_day4_consultation02_doctor_010,recalibration,turn_doctor,day4_consultation02,31.339,32.364,1
pm_turn_day4_consultation02_doctor_012,recalibration,turn_doctor,day4_consultation02,33.749,37.507,1
pm_turn_day4_consultation02_patient_012,recalibration,turn_patient,day4_consultation02,37.274,38.145,1
pm_turn_day4_consultation02_doctor_014,recalibration,turn_doctor,day4_consultation02,38.009,39.891,1
pm_turn_day4_consultation02_patient_014,recalibration,turn_patient,day4_consultation02,40.815,41.87,1
pm_turn_day4_consultation02_doctor_016,recalibration,turn_doctor,day4_consultation02,41.668,47.557,1
pm_turn_day4_consultation02_patient_016,recalibration,turn_patient,day4_consultation02,49.311,55.336,1
pm_turn_day4_consultation02_patient_017,recalibration,turn_patient,day4_consultation02,55.136,62.543,1
pm_turn_day4_consultation02_patient_019,recalibration,turn_patient,day4_consultation02,62.893,69.882,1
pm_turn_day4_consultation02_doctor_018,recalibration,turn_doctor,day4_consultation02,70.055,71.124,1
pm_turn_day4_consultation02_patient_021,recalibration,turn_patient,day4_consultation02,70.873,78.732,1
pm_turn_day4_consultation02_doctor_020,recalibration,turn_doctor,day4_consultation02,78.392,79.431,1
pm_turn_day4_consultation02_patient_023,recalibration,turn_patient,day4_consultation02,79.098,83.227,1
pm_turn_day4_consultation02_doctor_022,recalibration,turn_doctor,day4_consultation02,83.24,84.22,1
pm_turn_day4_consultation02_doctor_024,recalibration,turn_doctor,day4_consultation02,84.429,88.533,1
pm_turn_day4_consultation02_patient_025,recalibration,turn_patient,day4_consultation02,88.136,93.417,1
pm_turn_day4_consultation02_doctor_026,recalibration,turn_doctor,day4_consultation02,93.558,98.797,1
pm_turn_day4_consultation02_patient_027,recalibration,turn_patient,day4_consultation02,97.489,100.07,1
pm_turn_day4_consultation02_doctor_028,recalibration,turn_doctor,day4_consultation02,99.669,107.087,1
pm_turn_day4_consultation02_patient_033,recalibration,turn_patient,day4_consultation02,108.121,112.505,1
pm_turn_day4_consultation02_doctor_030,recalibration,turn_doctor,day4_consultation02,113.561,115.035,1
pm_turn_day4_consultation02_patient_035,recalibration,turn_patient,day4_consultation02,115.918,118.059,1
pm_turn_day4_consultation02_doctor_032,recalibration,turn_doctor,day4_consultation02,117.782,123.344,1
pm_turn_day4_consultation02_patient_037,recalibration,turn_patient,day4_consultation02,124.829,129.912,1
pm_turn_day4_consultation02_doctor_034,recalibration,turn_doctor,day4_consultation02,128.035,132.501,1
pm_turn_day4_consultation02_doctor_036,recalibration,turn_doctor,day4_consultation02,133.984,135.585,1
pm_turn_day4_consultation02_patient_043,recalibration,turn_patient,day4_consultation02,135.626,140.208,1
pm_turn_day4_consultation02_doctor_038,recalibration,turn_doctor,day4_consultation02,141.586,146.479,1
pm_turn_day4_consultation02_patient_045,recalibration,turn_patient,day4_consultation02,145.035,145.868,1
pm_turn_day4_consultation02_patient_047,recalibration,turn_patient,day4_consultation02,149.939,157.073,1
pm_turn_day4_consultation02_doctor_040,recalibration,turn_doctor,day4_consultation02,155.894,156.985,1
pm_turn_day4_consultation02_patient_049,recalibration,turn_patient,day4_consultation02,158.617,160.529,1
pm_turn_day4_consultation02_patient_051,recalibration,turn_patient,day4_consultation02,161.728,168.196,1
pm_turn_day4_consultation02_doctor_042,recalibration,turn_doctor,day4_consultation02,168.119,169.209,1
pm_turn_day4_consultation02_patient_053,recalibration,turn_patient,day4_consultation02,168.999,169.772,1
pm_turn_day4_consultation02_doctor_044,recalibration,turn_doctor,day4_consultation02,169.462,173.527,1
pm_turn_day4_consultation02_patient_055,recalibration,turn_patient,day4_consultation02,175.159,176.4,1
pm_turn_day4_consultation02_patient_057,recalibration,turn_patient,day4_consultation02,177.161,180.901,1
pm_turn_day4_consultation02_doctor_048,recalibration,turn_doctor,day4_consultation02,180.523,181.334,1
pm_turn_day4_consultation02_patient_059,recalibration,turn_patient,day4_consultation02,181.583,182.334,1
pm_turn_day4_consultation02_doctor_050,recalibration,turn_doctor,day4_consultation02,183.078,184.212,1
pm_turn_day4_consultation02_patient_061,recalibration,turn_patient,day4_consultation02,183.453,187.029,1
pm_turn_day4_consultation02_doctor_052,recalibration,turn_doctor,day4_consultation02,186.766,189.799,1
pm_turn_day4_consultation02_patient_063,recalibration,turn_patient,day4_consultation02,189.829,190.928,1
pm_turn_day4_consultation02_doctor_054,recalibration,turn_doctor,day4_consultation02,191.431,194.739,1
pm_turn_day4_consultation02_patient_065,recalibration,turn_patient,day4_consultation02,195.039,195.957,1
pm_turn_day4_consultation02_doctor_056,recalibration,turn_doctor,day4_consultation02,195.937,199.197,1
pm_turn_day4_consultation02_patient_067,recalibration,turn_patient,day4_consultation02,201.111,205.102,1
pm_turn_day4_consultation02_doctor_058,recalibration,turn_doctor,day4_consultation02,204.872,211.144,1
pm_turn_day4_consultation02_patient_069,recalibration,turn_patient,day4_consultation02,210.818,214.617,1
pm_turn_day4_consultation02_doctor_060,recalibration,turn_doctor,day4_consultation02,214.591,215.791,1
pm_turn_day4_consultation02_patient_071,recalibration,turn_patient,day4_consultation02,214.998,216.483,1
pm_turn_day4_consultation02_doctor_062,recalibration,turn_doctor,day4_consultation02,216.879,220.77,1
pm_turn_day4_consultation02_patient_075,recalibration,turn_patient,day4_consultation02,226.399,229.546,1
pm_turn_day4_consultation02_doctor_064,recalibration,turn_doctor,day4_consultation02,229.421,232.628,1
pm_turn_day4_consultation02_patient_077,recalibration,turn_patient,day4_consultation02,234.748,237.112,1
pm_turn_day4_consultation02_doctor_066,recalibration,turn_doctor,day4_consultation02,236.8,237.587,1
pm_turn_day4_consultation02_doctor_068,recalibration,turn_doctor,day4_consultation02,238.111,248.808,1
pm_turn_day4_consultation02_patient_083,recalibration,turn_patient,day4_consultation02,248.919,251.485,1
pm_turn_day4_consultation02_doctor_070,recalibration,turn_doctor,day4_consultation02,251.49,253.206,1
pm_turn_day4_consultation02_patient_085,recalibration,turn_patient,day4_consultation02,255.241,257.883,1
pm_turn_day4_consultation02_doctor_072,recalibration,turn_doctor,day4_consultation02,258.636,259.593,1
pm_turn_day4_consultation02_doctor_074,recalibration,turn_doctor,day4_consultation02,260.165,266.253,1
pm_turn_day4_consultation02_patient_087,recalibration,turn_patient,day4_consultation02,266.195,267.021,1
pm_turn_day4_consultation02_doctor_076,recalibration,turn_doctor,day4_consultation02,266.808,268.314,1
pm_turn_day4_consultation02_patient_089,recalibration,turn_patient,day4_consultation02,269.498,270.369,1
pm_turn_day4_consultation02_doctor_078,recalibration,turn_doctor,day4_consultation02,270.441,272.523,1
pm_turn_day4_consultation02_patient_091,recalibration,turn_patient,day4_consultation02,273.809,274.841,1
pm_turn_day4_consultation02_doctor_080,recalibration,turn_doctor,day4_consultation02,275.783,279.508,1
pm_turn_day4_consultation02_patient_093,recalibration,turn_patient,day4_consultation02,279.331,280.979,1
pm_turn_day4_consultation02_doctor_082,recalibration,turn_doctor,day4_consultation02,280.615,284.754,1
pm_turn_day4_consultation02_patient_095,recalibration,turn_patient,day4_consultation02,285.742,288.395,1
pm_turn_day4_consultation02_doctor_084,recalibration,turn_doctor,day4_consultation02,288.921,292.151,1
pm_turn_day4_consultation02_patient_097,recalibration,turn_patient,day4_consultation02,292.502,293.366,1
pm_turn_day4_consultation02_doctor_086,recalibration,turn_doctor,day4_consultation02,294.696,300.338,1
pm_turn_day4_consultation02_patient_099,recalibration,turn_patient,day4_consultation02,300.612,301.493,1
pm_turn_day4_consultation02_doctor_088,recalibration,turn_doctor,day4_consultation02,301.354,304.655,1
pm_turn_day4_consultation02_patient_101,recalibration,turn_patient,day4_consultation02,304.992,305.787,1
pm_turn_day4_consultation02_doctor_090,recalibration,turn_doctor,day4_consultation02,306.312,308.711,1
pm_turn_day4_consultation02_patient_103,recalibration,turn_patient,day4_consultation02,308.865,309.63,1
pm_turn_day4_consultation02_doctor_092,recalibration,turn_doctor,day4_consultation02,311.147,313.372,1
pm_turn_day4_consultation02_patient_105,recalibration,turn_patient,day4_consultation02,314.73,316.77,1
pm_turn_day4_consultation02_doctor_094,recalibration,turn_doctor,day4_consultation02,318.638,321.691,1
pm_turn_day4_consultation02_patient_107,recalibration,turn_patient,day4_consultation02,322.583,323.333,1
pm_turn_day4_consultation02_doctor_096,recalibration,turn_doctor,day4_consultation02,323.648,324.626,1
pm_turn_day4_consultation02_doctor_098,recalibration,turn_doctor,day4_consultation02,325.556,331.242,1
pm_turn_day4_consultation02_doctor_100,recalibration,turn_doctor,day4_consultation02,331.605,332.943,1
pm_turn_day4_consultation02_patient_111,recalibration,turn_patient,day4_consultation02,334.444,335.799,1
pm_turn_day4_consultation02_patient_113,recalibration,turn_patient,day4_consultation02,336.747,342.846,1
pm_turn_day4_consultation02_doctor_102,recalibration,turn_doctor,day4_consultation02,341.031,341.957,1
pm_turn_day4_consultation02_patient_115,recalibration,turn_patient,day4_consultation02,343.664,346.883,1
pm_turn_day4_consultation02_doctor_104,recalibration,turn_doctor,day4_consultation02,346.653,350.339,1
pm_turn_day4_consultation02_patient_117,recalibration,turn_patient,day4_consultation02,350.12,353.2,1
pm_turn_day4_consultation02_doctor_106,recalibration,turn_doctor,day4_consultation02,352.146,357.173,1
pm_turn_day4_consultation02_patient_119,recalibration,turn_patient,day4_consultation02,358.327,359.122,1
pm_turn_day4_consultation02_doctor_108,recalibration,turn_doctor,day4_consultation02,359.043,359.948,1
pm_turn_day4_consultation02_doctor_110,recalibration,turn_doctor,day4_consultation02,360.312,365.073,1
pm_turn_day4_consultation02_patient_121,recalibration,turn_patient,day4_consultation02,365.733,366.566,1
pm_turn_day4_consultation02_doctor_112,recalibration,turn_doctor,day4_consultation02,366.419,368.559,1
pm_turn_day4_consultation02_patient_123,recalibration,turn_patient,day4_consultation02,370.098,375.877,1
pm_turn_day4_consultation02_patient_125,recalibration,turn_patient,day4_consultation02,377.421,382.356,1
pm_turn_day4_consultation02_doctor_114,recalibration,turn_doctor,day4_consultation02,382.201,385.549,1
pm_turn_day4_consultation02_patient_127,recalibration,turn_patient,day4_consultation02,387.246,390.508,1
pm_turn_day4_consultation02_doctor_116,recalibration,turn_doctor,day4_consultation02,391.929,397.59,1
pm_turn_day4_consultation02_patient_129,recalibration,turn_patient,day4_consultation02,398.116,400.788,1
pm_turn_day4_consultation02_doctor_118,recalibration,turn_doctor,day4_consultation02,402.241,405.18,1
pm_turn_day4_consultation02_patient_131,recalibration,turn_patient,day4_consultation02,405.309,406.334,1
pm_turn_day4_consultation02_doctor_120,recalibration,turn_doctor,day4_consultation02,407.438,410.173,1
pm_turn_day4_consultation02_patient_133,recalibration,turn_patient,day4_consultation02,410.582,411.522,1
pm_turn_day4_consultation02_doctor_122,recalibration,turn_doctor,day4_consultation02,411.283,414.051,1
pm_turn_day4_consultation02_patient_135,recalibration,turn_patient,day4_consultation02,414.464,415.237,1
pm_turn_day4_consultation02_doctor_124,recalibration,turn_doctor,day4_consultation02,415.242,416.814,1
pm_turn_day4_consultation02_patient_137,recalibration,turn_patient,day4_consultation02,418.022,420.884,1
pm_turn_day4_consultation02_doctor_126,recalibration,turn_doctor,day4_consultation02,420.693,422.727,1
pm_turn_day4_consultation02_patient_139,recalibration,turn_patient,day4_consultation02,422.71,423.559,1
pm_turn_day4_consultation02_doctor_128,recalibration,turn_doctor,day4_consultation02,424.851,431.404,1
pm_turn_day4_consultation02_patient_141,recalibration,turn_patient,day4_consultation02,433.405,434.253,1
pm_turn_day4_consultation02_doctor_130,recalibration,turn_doctor,day4_consultation02,435.513,438.986,1
pm_turn_day4_consultation02_patient_143,recalibration,turn_patient,day4_consultation02,437.123,439.67,1
pm_turn_day4_consultation02_doctor_132,recalibration,turn_doctor,day4_consultation02,440.276,443.476,1
pm_turn_day4_consultation02_doctor_134,recalibration,turn_doctor,day4_consultation02,445.997,453.392,1
pm_turn_day4_consultation02_patient_147,recalibration,turn_patient,day4_consultation02,453.18,454.097,1
pm_turn_day4_consultation02_doctor_136,recalibration,turn_doctor,day4_consultation02,454.221,460.073,1
pm_turn_day4_consultation02_patient_149,recalibration,turn_patient,day4_consultation02,459.887,460.659,1
pm_turn_day4_consultation02_doctor_138,recalibration,turn_doctor,day4_consultation02,460.132,465.3,1
pm_turn_day4_consultation02_patient_151,recalibration,turn_patient,day4_consultation02,465.25,465.925,1
pm_turn_day4_consultation02_doctor_140,recalibration,turn_doctor,day4_consultation02,465.515,468.612,1
pm_turn_day4_consultation02_patient_153,recalibration,turn_patient,day4_consultation02,468.264,469.105,1
pm_turn_day4_consultation02_doctor_141,recalibration,turn_doctor,day4_consultation02,468.412,472.114,1
pm_turn_day4_consultation02_patient_155,recalibration,turn_patient,day4_consultation02,472.015,472.81,1
pm_turn_day4_consultation02_doctor_143,recalibration,turn_doctor,day4_consultation02,472.829,475.27,1
pm_turn_day4_consultation02_patient_157,recalibration,turn_patient,day4_consultation02,475.458,477.765,1
pm_turn_day4_consultation02_doctor_145,recalibration,turn_doctor,day4_consultation02,477.247,481.267,1
pm_turn_day4_consultation02_patient_159,recalibration,turn_patient,day4_consultation02,481.467,483.09,1
pm_turn_day4_consultation02_doctor_147,recalibration,turn_doctor,day4_consultation02,482.001,490.344,1
pm_turn_day4_consultation02_patient_161,recalibration,turn_patient,day4_consultation02,487.103,487.885,1
pm_turn_day4_consultation02_patient_163,recalibration,turn_patient,day4_consultation02,488.454,489.212,1
pm_turn_day4_consultation02_patient_165,recalibration,turn_patient,day4_consultation02,490.417,491.145,1
pm_turn_day4_consultation02_doctor_149,recalibration,turn_doctor,day4_consultation02,491.021,495.278,1
pm_turn_day4_consultation02_patient_167,recalibration,turn_patient,day4_consultation02,495.347,496.26,1
pm_turn_day4_consultation02_doctor_151,recalibration,turn_doctor,day4_consultation02,496.369,499.21,1
pm_turn_day4_consultation02_patient_169,recalibration,turn_patient,day4_consultation02,497.204,497.928,1
pm_turn_day4_consultation02_patient_171,recalibration,turn_patient,day4_consultation02,499.021,500.809,1
pm_turn_day4_consultation02_doctor_153,recalibration,turn_doctor,day4_consultation02,500.52,501.756,1
pm_turn_day4_consultation02_patient_173,recalibration,turn_patient,day4_consultation02,501.607,502.855,1
pm_turn_day4_consultation03_doctor_001,recalibration,turn_doctor,day4_consultation03,1.433,2.242,1
pm_turn_day4_consultation03_patient_001,recalibration,turn_patient,day4_consultation03,1.436,2.375,1
pm_turn_day4_consultation03_doctor_003,recalibration,turn_doctor,day4_consultation03,6.396,7.808,1
pm_turn_day4_consultation03_patient_003,recalibration,turn_patient,day4_consultation03,7.509,8.796,1
pm_turn_day4_consultation03_doctor_005,recalibration,turn_doctor,day4_consultation03,8.764,14.55,1
pm_turn_day4_consultation03_patient_005,recalibration,turn_patient,day4_consultation03,14.221,15.346,1
pm_turn_day4_consultation03_doctor_006,recalibration,turn_doctor,day4_consultation03,14.35,17.198,1
pm_turn_day4_consultation03_patient_007,recalibration,turn_patient,day4_consultation03,16.966,25.543,1
pm_turn_day4_consultation03_patient_009,recalibration,turn_patient,day4_consultation03,26.094,26.941,1
pm_turn_day4_consultation03_doctor_010,recalibration,turn_doctor,day4_consultation03,27.345,32.247,1
pm_turn_day4_consultation03_patient_011,recalibration,turn_patient,day4_consultation03,28.521,29.268,1
pm_turn_day4_consultation03_patient_015,recalibration,turn_patient,day4_consultation03,32.481,33.277,1
pm_turn_day4_consultation03_doctor_012,recalibration,turn_doctor,day4_consultation03,33.578,39.965,1
pm_turn_day4_consultation03_patient_017,recalibration,turn_patient,day4_consultation03,39.16,40.908,1
pm_turn_day4_consultation03_doctor_014,recalibration,turn_doctor,day4_consultation03,41.701,44.105,1
pm_turn_day4_consultation03_patient_019,recalibration,turn_patient,day4_consultation03,44.345,51.257,1
pm_turn_day4_consultation03_doctor_016,recalibration,turn_doctor,day4_consultation03,53.147,55.445,1
pm_turn_day4_consultation03_patient_021,recalibration,turn_patient,day4_consultation03,55.359,56.237,1
pm_turn_day4_consultation03_doctor_018,recalibration,turn_doctor,day4_consultation03,57.009,60.241,1
pm_turn_day4_consultation03_patient_023,recalibration,turn_patient,day4_consultation03,60.694,62.433,1
pm_turn_day4_consultation03_doctor_020,recalibration,turn_doctor,day4_consultation03,64.392,68.17,1
pm_turn_day4_consultation03_patient_025,recalibration,turn_patient,day4_consultation03,68.688,72.206,1
pm_turn_day4_consultation03_doctor_022,recalibration,turn_doctor,day4_consultation03,71.957,72.947,1
pm_turn_day4_consultation03_patient_029,recalibration,turn_patient,day4_consultation03,77.645,83.129,1
pm_turn_day4_consultation03_doctor_024,recalibration,turn_doctor,day4_consultation03,83.369,86.388,1
pm_turn_day4_consultation03_patient_031,recalibration,turn_patient,day4_consultation03,86.44,87.603,1
pm_turn_day4_consultation03_doctor_026,recalibration,turn_doctor,day4_consultation03,87.61,89.682,1
pm_turn_day4_consultation03_patient_033,recalibration,turn_patient,day4_consultation03,89.891,90.968,1
pm_turn_day4_consultation03_doctor_028,recalibration,turn_doctor,day4_consultation03,91.756,93.443,1
pm_turn_day4_consultation03_patient_035,recalibration,turn_patient,day4_consultation03,93.839,95.266,1
pm_turn_day4_consultation03_doctor_030,recalibration,turn_doctor,day4_consultation03,94.961,98.485,1
pm_turn_day4_consultation03_patient_037,recalibration,turn_patient,day4_consultation03,98.707,100.462,1
pm_turn_day4_consultation03_doctor_032,recalibration,turn_doctor,day4_consultation03,100.111,105.371,1
pm_turn_day4_consultation03_patient_039,recalibration,turn_patient,day4_consultation03,103.666,104.609,1
pm_turn_day4_consultation03_doctor_034,recalibration,turn_doctor,day4_consultation03,105.655,108.942,1
pm_turn_day4_consultation03_patient_043,recalibration,turn_patient,day4_consultation03,109.078,109.856,1
pm_turn_day4_consultation03_doctor_036,recalibration,turn_doctor,day4_consultation03,109.583,111.74,1
pm_turn_day4_consultation03_patient_045,recalibration,turn_patient,day4_consultation03,112.003,113.071,1
pm_turn_day4_consultation03_doctor_038,recalibration,turn_doctor,day4_consultation03,112.924,116.136,1
pm_turn_day4_consultation03_patient_047,recalibration,turn_patient,day4_consultation03,116.409,118.069,1
pm_turn_day4_consultation03_doctor_040,recalibration,turn_doctor,day4_consultation03,118.415,122.935,1
pm_turn_day4_consultation03_patient_049,recalibration,turn_patient,day4_consultation03,123.218,127.984,1
pm_turn_day4_consultation03_patient_051,recalibration,turn_patient,day4_consultation03,129.082,130.622,1
pm_turn_day4_consultation03_doctor_042,recalibration,turn_doctor,day4_consultation03,131.851,136.164,1
pm_turn_day4_consultation03_patient_055,recalibration,turn_patient,day4_consultation03,139.079,145.752,1
pm_turn_day4_consultation03_doctor_044,recalibration,turn_doctor,day4_consultation03,145.309,148.297,1
pm_turn_day4_consultation03_patient_057,recalibration,turn_patient,day4_consultation03,148.117,149.201,1
pm_turn_day4_consultation03_doctor_046,recalibration,turn_doctor,day4_consultation03,150.67,154.356,1
pm_turn_day4_consultation03_patient_059,recalibration,turn_patient,day4_consultation03,155.32,157.129,1
pm_turn_day4_consultation03_doctor_048,recalibration,turn_doctor,day4_consultation03,156.973,159.778,1
pm_turn_day4_consultation03_patient_061,recalibration,turn_patient,day4_consultation03,161.929,169.071,1
pm_turn_day4_consultation03_doctor_050,recalibration,turn_doctor,day4_consultation03,168.389,169.238,1
pm_turn_day4_consultation03_doctor_052,recalibration,turn_doctor,day4_consultation03,169.95,173.589,1
pm_turn_day4_consultation03_patient_063,recalibration,turn_patient,day4_consultation03,174.094,176.361,1
pm_turn_day4_consultation03_doctor_054,recalibration,turn_doctor,day4_consultation03,179.238,182.196,1
pm_turn_day4_consultation03_patient_065,recalibration,turn_patient,day4_consultation03,182.212,186.429,1
pm_turn_day4_consultation03_doctor_056,recalibration,turn_doctor,day4_consultation03,187.508,189.677,1
pm_turn_day4_consultation03_patient_067,recalibration,turn_patient,day4_consultation03,189.808,195.589,1
pm_turn_day4_consultation03_doctor_058,recalibration,turn_doctor,day4_consultation03,195.446,201.999,1
pm_turn_day4_consultation03_patient_069,recalibration,turn_patient,day4_consultation03,199.371,200.199,1
pm_turn_day4_consultation03_patient_071,recalibration,turn_patient,day4_consultation03,202.4,204.969,1
pm_turn_day4_consultation03_doctor_060,recalibration,turn_doctor,day4_consultation03,205.539,207.15,1
pm_turn_day4_consultation03_patient_073,recalibration,turn_patient,day4_consultation03,205.863,209.172,1
pm_turn_day4_consultation03_doctor_062,recalibration,turn_doctor,day4_consultation03,208.733,209.638,1
pm_turn_day4_consultation03_doctor_064,recalibration,turn_doctor,day4_consultation03,210.207,212.392,1
pm_turn_day4_consultation03_patient_077,recalibration,turn_patient,day4_consultation03,214.564,217.357,1
pm_turn_day4_consultation03_doctor_068,recalibration,turn_doctor,day4_consultation03,218.298,223.034,1
pm_turn_day4_consultation03_patient_079,recalibration,turn_patient,day4_consultation03,223.132,224.462,1
pm_turn_day4_consultation03_doctor_070,recalibration,turn_doctor,day4_consultation03,224.356,227.791,1
pm_turn_day4_consultation03_patient_081,recalibration,turn_patient,day4_consultation03,228.639,230.129,1
pm_turn_day4_consultation03_doctor_072,recalibration,turn_doctor,day4_consultation03,229.623,240.432,1
pm_turn_day4_consultation03_patient_083,recalibration,turn_patient,day4_consultation03,238.636,239.514,1
pm_turn_day4_consultation03_patient_085,recalibration,turn_patient,day4_consultation03,241.334,242.253,1
pm_turn_day4_consultation03_doctor_074,recalibration,turn_doctor,day4_consultation03,242.181,250.535,1
pm_turn_day4_consultation03_patient_089,recalibration,turn_patient,day4_consultation03,250.329,251.232,1
pm_turn_day4_consultation03_doctor_076,recalibration,turn_doctor,day4_consultation03,250.853,254.65,1
pm_turn_day4_consultation03_doctor_078,recalibration,turn_doctor,day4_consultation03,263.722,266.216,1
pm_turn_day4_consultation03_patient_091,recalibration,turn_patient,day4_consultation03,266.734,271.056,1
pm_turn_day4_consultation03_doctor_080,recalibration,turn_doctor,day4_consultation03,270.909,271.906,1
pm_turn_day4_consultation03_doctor_082,recalibration,turn_doctor,day4_consultation03,273.5,281.013,1
pm_turn_day4_consultation03_patient_095,recalibration,turn_patient,day4_consultation03,280.827,282.027,1
pm_turn_day4_consultation03_doctor_084,recalibration,turn_doctor,day4_consultation03,281.983,288.501,1
pm_turn_day4_consultation03_doctor_085,recalibration,turn_doctor,day4_consultation03,288.301,293.755,1
pm_turn_day4_consultation03_patient_097,recalibration,turn_patient,day4_consultation03,293.614,294.723,1
pm_turn_day4_consultation03_doctor_087,recalibration,turn_doctor,day4_consultation03,294.425,302.757,1
pm_turn_day4_consultation03_doctor_089,recalibration,turn_doctor,day4_consultation03,303.219,304.971,1
pm_turn_day4_consultation03_patient_101,recalibration,turn_patient,day4_consultation03,304.986,311.392,1
pm_turn_day4_consultation03_doctor_091,recalibration,turn_doctor,day4_consultation03,311.346,317.731,1
pm_turn_day4_consultation03_patient_103,recalibration,turn_patient,day4_consultation03,317.574,318.526,1
pm_turn_day4_consultation03_doctor_093,recalibration,turn_doctor,day4_consultation03,318.508,323.531,1
pm_turn_day4_consultation03_patient_105,recalibration,turn_patient,day4_consultation03,323.537,324.984,1
pm_turn_day4_consultation03_doctor_095,recalibration,turn_doctor,day4_consultation03,324.682,326.854,1
pm_turn_day4_consultation03_patient_107,recalibration,turn_patient,day4_consultation03,326.762,328.688,1
pm_turn_day4_consultation03_doctor_097,recalibration,turn_doctor,day4_consultation03,328.585,329.543,1
pm_turn_day4_consultation03_doctor_099,recalibration,turn_doctor,day4_consultation03,330.734,333.692,1
pm_turn_day4_consultation03_doctor_101,recalibration,turn_doctor,day4_consultation03,334.269,338.11,1
pm_turn_day4_consultation03_doctor_103,recalibration,turn_doctor,day4_consultation03,338.467,345.198,1
pm_turn_day4_consultation03_patient_111,recalibration,turn_patient,day4_consultation03,345.228,346.172,1
pm_turn_day4_consultation03_doctor_105,recalibration,turn_doctor,day4_consultation03,345.566,350.924,1
pm_turn_day4_consultation03_patient_113,recalibration,turn_patient,day4_consultation03,350.98,351.94,1
pm_turn_day4_consultation03_doctor_107,recalibration,turn_doctor,day4_consultation03,351.513,356.304,1
pm_turn_day4_consultation03_patient_115,recalibration,turn_patient,day4_consultation03,356.367,358.781,1
pm_turn_day4_consultation03_doctor_109,recalibration,turn_doctor,day4_consultation03,357.146,358.73,1
pm_turn_day4_consultation03_patient_117,recalibration,turn_patient,day4_consultation03,359.721,364.755,1
pm_turn_day4_consultation03_patient_119,recalibration,turn_patient,day4_consultation03,365.816,368.925,1
pm_turn_day4_consultation03_doctor_111,recalibration,turn_doctor,day4_consultation03,368.967,373.421,1
pm_turn_day4_consultation03_patient_121,recalibration,turn_patient,day4_consultation03,373.268,377.491,1
pm_turn_day4_consultation03_doctor_113,recalibration,turn_doctor,day4_consultation03,377.091,378.731,1
pm_turn_day4_consultation03_patient_123,recalibration,turn_patient,day4_consultation03,378.448,380.207,1
pm_turn_day4_consultation04_doctor_001,test,turn_doctor,day4_consultation04,2.841,3.856,1
pm_turn_day4_consultation04_patient_001,test,turn_patient,day4_consultation04,5.346,6.33,1
pm_turn_day4_consultation04_doctor_003,test,turn_doctor,day4_consultation04,6.064,7.316,1
pm_turn_day4_consultation04_patient_003,test,turn_patient,day4_consultation04,8.119,13.827,1
pm_turn_day4_consultation04_doctor_005,test,turn_doctor,day4_consultation04,13.763,15.781,1
pm_turn_day4_consultation04_patient_005,test,turn_patient,day4_consultation04,15.076,18.57,1
pm_turn_day4_consultation04_doctor_007,test,turn_doctor,day4_consultation04,16.108,19.18,1
pm_turn_day4_consultation04_doctor_009,test,turn_doctor,day4_consultation04,20.03,22.584,1
pm_turn_day4_consultation04_patient_007,test,turn_patient,day4_consultation04,23.14,24.626,1
pm_turn_day4_consultation04_patient_009,test,turn_patient,day4_consultation04,24.771,28.514,1
pm_turn_day4_consultation04_patient_011,test,turn_patient,day4_consultation04,28.951,30.901,1
pm_turn_day4_consultation04_doctor_011,test,turn_doctor,day4_consultation04,30.569,34.482,1
pm_turn_day4_consultation04_patient_013,test,turn_patient,day4_consultation04,35.472,38.403,1
pm_turn_day4_consultation04_doctor_013,test,turn_doctor,day4_consultation04,36.331,41.181,1
pm_turn_day4_consultation04_doctor_015,test,turn_doctor,day4_consultation04,41.745,44.484,1
pm_turn_day4_consultation04_patient_017,test,turn_patient,day4_consultation04,44.888,48.858,1
pm_turn_day4_consultation04_patient_018,test,turn_patient,day4_consultation04,48.658,65.301,1
pm_turn_day4_consultation04_patient_020,test,turn_patient,day4_consultation04,66.53,70.36,1
pm_turn_day4_consultation04_patient_021,test,turn_patient,day4_consultation04,70.16,72.676,1
pm_turn_day4_consultation04_doctor_017,test,turn_doctor,day4_consultation04,73.576,78.447,1
pm_turn_day4_consultation04_patient_023,test,turn_patient,day4_consultation04,79.235,80.791,1
pm_turn_day4_consultation04_doctor_019,test,turn_doctor,day4_consultation04,80.526,83.318,1
pm_turn_day4_consultation04_patient_025,test,turn_patient,day4_consultation04,85.379,90.072,1
pm_turn_day4_consultation04_doctor_021,test,turn_doctor,day4_consultation04,91.18,94.376,1
pm_turn_day4_consultation04_patient_027,test,turn_patient,day4_consultation04,96.321,100.112,1
pm_turn_day4_consultation04_doctor_023,test,turn_doctor,day4_consultation04,99.813,100.748,1
pm_turn_day4_consultation04_doctor_025,test,turn_doctor,day4_consultation04,101.255,103.419,1
pm_turn_day4_consultation04_patient_029,test,turn_patient,day4_consultation04,105.733,108.283,1
pm_turn_day4_consultation04_doctor_027,test,turn_doctor,day4_consultation04,108.741,117.506,1
pm_turn_day4_consultation04_patient_031,test,turn_patient,day4_consultation04,117.934,123.011,1
pm_turn_day4_consultation04_doctor_029,test,turn_doctor,day4_consultation04,122.856,123.814,1
pm_turn_day4_consultation04_patient_033,test,turn_patient,day4_consultation04,123.986,134.337,1
pm_turn_day4_consultation04_doctor_031,test,turn_doctor,day4_consultation04,134.094,134.901,1
pm_turn_day4_consultation04_patient_034,test,turn_patient,day4_consultation04,134.137,136.836,1
pm_turn_day4_consultation04_doctor_033,test,turn_doctor,day4_consultation04,136.907,141.952,1
pm_turn_day4_consultation04_patient_038,test,turn_patient,day4_consultation04,146.771,149.502,1
pm_turn_day4_consultation04_doctor_035,test,turn_doctor,day4_consultation04,149.094,153.771,1
pm_turn_day4_consultation04_patient_040,test,turn_patient,day4_consultation04,154.896,157.916,1
pm_turn_day4_consultation04_doctor_037,test,turn_doctor,day4_consultation04,157.549,161.692,1
pm_turn_day4_consultation04_patient_042,test,turn_patient,day4_consultation04,162.6,166.936,1
pm_turn_day4_consultation04_doctor_039,test,turn_doctor,day4_consultation04,167.089,171.852,1
pm_turn_day4_consultation04_patient_046,test,turn_patient,day4_consultation04,174.11,178.922,1
pm_turn_day4_consultation04_patient_047,test,turn_patient,day4_consultation04,178.722,183.466,1
pm_turn_day4_consultation04_doctor_041,test,turn_doctor,day4_consultation04,184.304,187.471,1
pm_turn_day4_consultation04_patient_051,test,turn_patient,day4_consultation04,190.763,191.918,1
pm_turn_day4_consultation04_doctor_043,test,turn_doctor,day4_consultation04,191.865,192.747,1
pm_turn_day4_consultation04_doctor_045,test,turn_doctor,day4_consultation04,192.855,196.542,1
pm_turn_day4_consultation04_patient_053,test,turn_patient,day4_consultation04,198.154,212.202,1
pm_turn_day4_consultation04_doctor_047,test,turn_doctor,day4_consultation04,212.354,214.751,1
pm_turn_day4_consultation04_patient_055,test,turn_patient,day4_consultation04,215.725,220.352,1
pm_turn_day4_consultation04_doctor_049,test,turn_doctor,day4_consultation04,220.923,221.815,1
pm_turn_day4_consultation04_doctor_051,test,turn_doctor,day4_consultation04,222.944,225.579,1
pm_turn_day4_consultation04_patient_059,test,turn_patient,day4_consultation04,226.683,227.718,1
pm_turn_day4_consultation04_doctor_053,test,turn_doctor,day4_consultation04,227.405,228.32,1
pm_turn_day4_consultation04_doctor_055,test,turn_doctor,day4_consultation04,229.218,232.319,1
pm_turn_day4_consultation04_patient_061,test,turn_patient,day4_consultation04,234.171,236.597,1
pm_turn_day4_consultation04_doctor_057,test,turn_doctor,day4_consultation04,239.297,243.392,1
pm_turn_day4_consultation04_patient_063,test,turn_patient,day4_consultation04,245.39,246.895,1
pm_turn_day4_consultation04_doctor_059,test,turn_doctor,day4_consultation04,246.542,249.939,1
pm_turn_day4_consultation04_patient_065,test,turn_patient,day4_consultation04,251.942,256.051,1
pm_turn_day4_consultation04_doctor_061,test,turn_doctor,day4_consultation04,255.65,256.951,1
pm_turn_day4_consultation04_doctor_063,test,turn_doctor,day4_consultation04,257.41,261.786,1
pm_turn_day4_consultation04_doctor_065,test,turn_doctor,day4_consultation04,262.485,265.614,1
pm_turn_day4_consultation04_doctor_067,test,turn_doctor,day4_consultation04,266.721,268.384,1
pm_turn_day4_consultation04_doctor_069,test,turn_doctor,day4_consultation04,269.65,273.463,1
pm_turn_day4_consultation04_patient_067,test,turn_patient,day4_consultation04,274.354,276.625,1
pm_turn_day4_consultation04_doctor_073,test,turn_doctor,day4_consultation04,278.029,280.787,1
pm_turn_day4_consultation04_doctor_075,test,turn_doctor,day4_consultation04,281.649,284.653,1
pm_turn_day4_consultation04_doctor_077,test,turn_doctor,day4_consultation04,285.42,288.851,1
pm_turn_day4_consultation04_doctor_079,test,turn_doctor,day4_consultation04,290.117,295.571,1
pm_turn_day4_consultation04_patient_069,test,turn_patient,day4_consultation04,290.598,291.754,1
pm_turn_day4_consultation04_doctor_081,test,turn_doctor,day4_consultation04,297.327,299.132,1
pm_turn_day4_consultation04_patient_071,test,turn_patient,day4_consultation04,297.82,299.487,1
pm_turn_day4_consultation04_doctor_083,test,turn_doctor,day4_consultation04,299.546,305.415,1
pm_turn_day4_consultation04_patient_073,test,turn_patient,day4_consultation04,307.531,308.492,1
pm_turn_day4_consultation04_doctor_085,test,turn_doctor,day4_consultation04,307.988,311.039,1
pm_turn_day4_consultation04_patient_075,test,turn_patient,day4_consultation04,311.892,313.342,1
pm_turn_day4_consultation04_doctor_087,test,turn_doctor,day4_consultation04,312.585,323.183,1
pm_turn_day4_consultation04_patient_077,test,turn_patient,day4_consultation04,324.224,327.873,1
pm_turn_day4_consultation04_doctor_089,test,turn_doctor,day4_consultation04,326.837,331.897,1
pm_turn_day4_consultation04_patient_079,test,turn_patient,day4_consultation04,332.691,335.577,1
pm_turn_day4_consultation04_doctor_091,test,turn_doctor,day4_consultation04,335.212,338.169,1
pm_turn_day4_consultation04_patient_081,test,turn_patient,day4_consultation04,338.972,339.778,1
pm_turn_day4_consultation04_doctor_093,test,turn_doctor,day4_consultation04,340.14,343.256,1
pm_turn_day4_consultation04_patient_083,test,turn_patient,day4_consultation04,345.052,348.139,1
pm_turn_day4_consultation04_patient_085,test,turn_patient,day4_consultation04,349.022,354.012,1
pm_turn_day4_consultation04_doctor_095,test,turn_doctor,day4_consultation04,354.118,360.745,1
pm_turn_day4_consultation04_patient_087,test,turn_patient,day4_consultation04,361.573,363.774,1
pm_turn_day4_consultation04_doctor_097,test,turn_doctor,day4_consultation04,362.752,372.063,1
pm_turn_day4_consultation04_patient_089,test,turn_patient,day4_consultation04,374.137,376.005,1
pm_turn_day4_consultation04_doctor_099,test,turn_doctor,day4_consultation04,375.895,377.486,1
pm_turn_day4_consultation04_patient_091,test,turn_patient,day4_consultation04,378.645,380.455,1
pm_turn_day4_consultation04_doctor_101,test,turn_doctor,day4_consultation04,380.234,385.264,1
pm_turn_day4_consultation04_patient_093,test,turn_patient,day4_consultation04,386.964,388.97,1
pm_turn_day4_consultation04_doctor_103,test,turn_doctor,day4_consultation04,387.556,388.435,1
pm_turn_day4_consultation04_doctor_105,test,turn_doctor,day4_consultation04,389.549,390.866,1
pm_turn_day4_consultation04_patient_095,test,turn_patient,day4_consultation04,391.158,393.3,1
pm_turn_day4_consultation05_patient_000,test,turn_patient,day4_consultation05,0.0,1.1,1
pm_turn_day4_consultation05_doctor_001,test,turn_doctor,day4_consultation05,1.455,2.607,1
pm_turn_day4_consultation05_patient_002,test,turn_patient,day4_consultation05,2.426,3.961,1
pm_turn_day4_consultation05_doctor_003,test,turn_doctor,day4_consultation05,3.631,5.021,1
pm_turn_day4_consultation05_patient_004,test,turn_patient,day4_consultation05,4.951,6.545,1
pm_turn_day4_consultation05_doctor_005,test,turn_doctor,day4_consultation05,6.331,10.575,1
pm_turn_day4_consultation05_doctor_007,test,turn_doctor,day4_consultation05,11.548,15.726,1
pm_turn_day4_consultation05_patient_006,test,turn_patient,day4_consultation05,11.738,13.833,1
pm_turn_day4_consultation05_patient_008,test,turn_patient,day4_consultation05,15.488,26.646,1
pm_turn_day4_consultation05_doctor_009,test,turn_doctor,day4_consultation05,18.644,19.708,1
pm_turn_day4_consultation05_doctor_011,test,turn_doctor,day4_consultation05,26.248,31.368,1
pm_turn_day4_consultation05_patient_010,test,turn_patient,day4_consultation05,31.126,38.039,1
pm_turn_day4_consultation05_doctor_013,test,turn_doctor,day4_consultation05,37.54,40.27,1
pm_turn_day4_consultation05_patient_012,test,turn_patient,day4_consultation05,40.182,41.473,1
pm_turn_day4_consultation05_doctor_015,test,turn_doctor,day4_consultation05,41.495,49.794,1
pm_turn_day4_consultation05_patient_014,test,turn_patient,day4_consultation05,50.017,70.954,1
pm_turn_day4_consultation05_doctor_017,test,turn_doctor,day4_consultation05,58.526,59.726,1
pm_turn_day4_consultation05_patient_016,test,turn_patient,day4_consultation05,71.728,78.545,1
pm_turn_day4_consultation05_patient_018,test,turn_patient,day4_consultation05,79.345,88.735,1
pm_turn_day4_consultation05_doctor_019,test,turn_doctor,day4_consultation05,88.57,92.827,1
pm_turn_day4_consultation05_doctor_021,test,turn_doctor,day4_consultation05,93.152,95.028,1
pm_turn_day4_consultation05_patient_020,test,turn_patient,day4_consultation05,95.389,105.891,1
pm_turn_day4_consultation05_doctor_023,test,turn_doctor,day4_consultation05,105.663,106.897,1
pm_turn_day4_consultation05_patient_021,test,turn_patient,day4_consultation05,105.691,122.589,1
pm_turn_day4_consultation05_doctor_025,test,turn_doctor,day4_consultation05,116.455,117.655,1
pm_turn_day4_consultation05_doctor_027,test,turn_doctor,day4_consultation05,120.325,121.525,1
pm_turn_day4_consultation05_doctor_029,test,turn_doctor,day4_consultation05,122.792,125.64,1
pm_turn_day4_consultation05_patient_023,test,turn_patient,day4_consultation05,126.645,139.222,1
pm_turn_day4_consultation05_doctor_031,test,turn_doctor,day4_consultation05,133.875,134.819,1
pm_turn_day4_consultation05_doctor_033,test,turn_doctor,day4_consultation05,138.858,140.13,1
pm_turn_day4_consultation05_patient_025,test,turn_patient,day4_consultation05,140.513,143.436,1
pm_turn_day4_consultation05_patient_027,test,turn_patient,day4_consultation05,144.301,147.313,1
pm_turn_day4_consultation05_doctor_035,test,turn_doctor,day4_consultation05,147.433,155.54,1
pm_turn_day4_consultation05_patient_031,test,turn_patient,day4_consultation05,153.2,154.4,1
pm_turn_day4_consultation05_patient_033,test,turn_patient,day4_consultation05,155.871,158.721,1
pm_turn_day4_consultation05_doctor_037,test,turn_doctor,day4_consultation05,157.875,161.882,1
pm_turn_day4_consultation05_patient_035,test,turn_patient,day4_consultation05,161.877,177.611,1
pm_turn_day4_consultation05_doctor_039,test,turn_doctor,day4_consultation05,173.405,174.533,1
pm_turn_day4_consultation05_doctor_041,test,turn_doctor,day4_consultation05,177.24,180.253,1
pm_turn_day4_consultation05_patient_037,test,turn_patient,day4_consultation05,180.995,193.77,1
pm_turn_day4_consultation05_doctor_043,test,turn_doctor,day4_consultation05,192.556,193.914,1
pm_turn_day4_consultation05_patient_038,test,turn_patient,day4_consultation05,193.57,199.888,1
pm_turn_day4_consultation05_doctor_045,test,turn_doctor,day4_consultation05,198.599,200.835,1
pm_turn_day4_consultation05_patient_040,test,turn_patient,day4_consultation05,201.163,203.385,1
pm_turn_day4_consultation05_doctor_047,test,turn_doctor,day4_consultation05,202.383,205.209,1
pm_turn_day4_consultation05_patient_042,test,turn_patient,day4_consultation05,205.512,215.082,1
pm_turn_day4_consultation05_doctor_049,test,turn_doctor,day4_consultation05,215.117,218.303,1
pm_turn_day4_consultation05_patient_044,test,turn_patient,day4_consultation05,218.886,222.436,1
pm_turn_day4_consultation05_doctor_051,test,turn_doctor,day4_consultation05,222.225,229.181,1
pm_turn_day4_consultation05_patient_046,test,turn_patient,day4_consultation05,227.981,247.268,1
pm_turn_day4_consultation05_doctor_055,test,turn_doctor,day4_consultation05,239.52,240.52,1
pm_turn_day4_consultation05_doctor_057,test,turn_doctor,day4_consultation05,245.434,248.49,1
pm_turn_day4_consultation05_patient_048,test,turn_patient,day4_consultation05,248.375,261.663,1
pm_turn_day4_consultation05_doctor_059,test,turn_doctor,day4_consultation05,261.171,266.49,1
pm_turn_day4_consultation05_patient_050,test,turn_patient,day4_consultation05,266.287,275.152,1
pm_turn_day4_consultation05_doctor_061,test,turn_doctor,day4_consultation05,276.226,279.771,1
pm_turn_day4_consultation05_patient_052,test,turn_patient,day4_consultation05,281.09,290.787,1
pm_turn_day4_consultation05_doctor_063,test,turn_doctor,day4_consultation05,290.686,292.663,1
pm_turn_day4_consultation05_patient_054,test,turn_patient,day4_consultation05,291.587,292.865,1
pm_turn_day4_consultation05_patient_056,test,turn_patient,day4_consultation05,294.104,300.203,1
pm_turn_day4_consultation05_doctor_067,test,turn_doctor,day4_consultation05,299.823,303.066,1
pm_turn_day4_consultation05_patient_058,test,turn_patient,day4_consultation05,303.412,318.188,1
pm_turn_day4_consultation05_doctor_069,test,turn_doctor,day4_consultation05,317.967,320.534,1
pm_turn_day4_consultation05_patient_060,test,turn_patient,day4_consultation05,321.631,338.305,1
pm_turn_day4_consultation05_doctor_073,test,turn_doctor,day4_consultation05,337.866,347.155,1
pm_turn_day4_consultation05_patient_062,test,turn_patient,day4_consultation05,339.601,340.801,1
pm_turn_day4_consultation05_patient_064,test,turn_patient,day4_consultation05,346.974,364.863,1
pm_turn_day4_consultation05_doctor_075,test,turn_doctor,day4_consultation05,355.348,356.698,1
pm_turn_day4_consultation05_doctor_077,test,turn_doctor,day4_consultation05,363.795,365.357,1
pm_turn_day4_consultation05_patient_065,test,turn_patient,day4_consultation05,364.663,371.013,1
pm_turn_day4_consultation05_doctor_079,test,turn_doctor,day4_consultation05,368.64,370.031,1
pm_turn_day4_consultation05_doctor_081,test,turn_doctor,day4_consultation05,371.32,390.247,1
pm_turn_day4_consultation05_patient_069,test,turn_patient,day4_consultation05,381.025,382.225,1
pm_turn_day4_consultation05_patient_071,test,turn_patient,day4_consultation05,390.82,405.583,1
pm_turn_day4_consultation05_doctor_083,test,turn_doctor,day4_consultation05,396.773,397.973,1
pm_turn_day4_consultation05_doctor_085,test,turn_doctor,day4_consultation05,405.047,410.06,1
pm_turn_day4_consultation05_patient_073,test,turn_patient,day4_consultation05,408.602,413.107,1
pm_turn_day4_consultation05_doctor_087,test,turn_doctor,day4_consultation05,412.788,418.319,1
pm_turn_day4_consultation05_patient_075,test,turn_patient,day4_consultation05,418.459,433.364,1
pm_turn_day4_consultation05_doctor_089,test,turn_doctor,day4_consultation05,431.862,436.506,1
pm_turn_day4_consultation05_patient_077,test,turn_patient,day4_consultation05,436.821,438.838,1
pm_turn_day4_consultation05_doctor_091,test,turn_doctor,day4_consultation05,438.603,439.785,1
pm_turn_day4_consultation05_doctor_093,test,turn_doctor,day4_consultation05,444.429,447.11,1
pm_turn_day4_consultation05_patient_079,test,turn_patient,day4_consultation05,447.711,448.911,1
pm_turn_day4_consultation05_doctor_095,test,turn_doctor,day4_consultation05,449.493,461.436,1
pm_turn_day4_consultation05_patient_081,test,turn_patient,day4_consultation05,455.959,457.232,1
pm_turn_day4_consultation05_patient_083,test,turn_patient,day4_consultation05,461.478,463.174,1
pm_turn_day4_consultation05_doctor_097,test,turn_doctor,day4_consultation05,462.572,482.535,1
pm_turn_day4_consultation05_patient_087,test,turn_patient,day4_consultation05,480.47,481.67,1
pm_turn_day4_consultation05_patient_089,test,turn_patient,day4_consultation05,483.828,485.028,1
pm_turn_day4_consultation05_doctor_099,test,turn_doctor,day4_consultation05,483.867,489.226,1
pm_turn_day4_consultation05_patient_091,test,turn_patient,day4_consultation05,490.354,494.108,1
pm_turn_day4_consultation05_doctor_101,test,turn_doctor,day4_consultation05,491.464,493.341,1
pm_turn_day4_consultation05_doctor_103,test,turn_doctor,day4_consultation05,494.228,499.111,1
pm_turn_day4_consultation05_patient_093,test,turn_patient,day4_consultation05,500.003,518.999,1
pm_turn_day4_consultation05_doctor_105,test,turn_doctor,day4_consultation05,500.745,502.262,1
pm_turn_day4_consultation05_doctor_107,test,turn_doctor,day4_consultation05,502.918,504.262,1
pm_turn_day4_consultation05_doctor_109,test,turn_doctor,day4_consultation05,519.479,532.161,1
pm_turn_day4_consultation05_patient_097,test,turn_patient,day4_consultation05,529.974,531.174,1
pm_turn_day4_consultation05_patient_099,test,turn_patient,day4_consultation05,532.135,541.466,1
pm_turn_day4_consultation05_doctor_111,test,turn_doctor,day4_consultation05,539.321,543.931,1
pm_turn_day4_consultation05_patient_101,test,turn_patient,day4_consultation05,543.624,556.371,1
pm_turn_day4_consultation05_doctor_113,test,turn_doctor,day4_consultation05,553.738,554.938,1
pm_turn_day4_consultation05_doctor_115,test,turn_doctor,day4_consultation05,556.099,571.428,1
pm_turn_day4_consultation05_patient_103,test,turn_patient,day4_consultation05,566.076,567.276,1
pm_turn_day4_consultation05_patient_105,test,turn_patient,day4_consultation05,571.883,581.51,1
pm_turn_day4_consultation05_doctor_117,test,turn_doctor,day4_consultation05,572.803,574.419,1
pm_turn_day4_consultation05_doctor_119,test,turn_doctor,day4_consultation05,576.483,577.96,1
pm_turn_day4_consultation05_doctor_121,test,turn_doctor,day4_consultation05,579.626,581.169,1
pm_turn_day4_consultation06_doctor_002,test,turn_doctor,day4_consultation06,1.025,1.732,1
pm_turn_day4_consultation06_doctor_004,test,turn_doctor,day4_consultation06,3.354,4.341,1
pm_turn_day4_consultation06_patient_001,test,turn_patient,day4_consultation06,7.847,8.876,1
pm_turn_day4_consultation06_doctor_006,test,turn_doctor,day4_consultation06,8.817,17.543,1
pm_turn_day4_consultation06_patient_003,test,turn_patient,day4_consultation06,18.229,20.218,1
pm_turn_day4_consultation06_patient_005,test,turn_patient,day4_consultation06,21.091,21.861,1
pm_turn_day4_consultation06_doctor_010,test,turn_doctor,day4_consultation06,22.247,23.367,1
pm_turn_day4_consultation06_patient_007,test,turn_patient,day4_consultation06,24.594,25.489,1
pm_turn_day4_consultation06_doctor_012,test,turn_doctor,day4_consultation06,24.668,26.877,1
pm_turn_day4_consultation06_patient_009,test,turn_patient,day4_consultation06,27.301,33.475,1
pm_turn_day4_consultation06_doctor_016,test,turn_doctor,day4_consultation06,33.568,35.126,1
pm_turn_day4_consultation06_patient_011,test,turn_patient,day4_consultation06,36.342,44.731,1
pm_turn_day4_consultation06_patient_012,test,turn_patient,day4_consultation06,44.531,62.739,1
pm_turn_day4_consultation06_doctor_018,test,turn_doctor,day4_consultation06,63.972,69.508,1
pm_turn_day4_consultation06_patient_014,test,turn_patient,day4_consultation06,69.656,71.086,1
pm_turn_day4_consultation06_doctor_020,test,turn_doctor,day4_consultation06,71.119,79.41,1
pm_turn_day4_consultation06_patient_016,test,turn_patient,day4_consultation06,79.628,82.744,1
pm_turn_day4_consultation06_doctor_022,test,turn_doctor,day4_consultation06,83.693,90.061,1
pm_turn_day4_consultation06_patient_018,test,turn_patient,day4_consultation06,90.811,102.136,1
pm_turn_day4_consultation06_doctor_024,test,turn_doctor,day4_consultation06,101.873,103.374,1
pm_turn_day4_consultation06_patient_020,test,turn_patient,day4_consultation06,102.702,107.035,1
pm_turn_day4_consultation06_doctor_026,test,turn_doctor,day4_consultation06,108.31,111.41,1
pm_turn_day4_consultation06_patient_022,test,turn_patient,day4_consultation06,113.636,114.605,1
pm_turn_day4_consultation06_doctor_028,test,turn_doctor,day4_consultation06,114.115,117.565,1
pm_turn_day4_consultation06_patient_024,test,turn_patient,day4_consultation06,118.614,121.754,1
pm_turn_day4_consultation06_doctor_030,test,turn_doctor,day4_consultation06,121.993,124.087,1
pm_turn_day4_consultation06_patient_026,test,turn_patient,day4_consultation06,122.643,128.022,1
pm_turn_day4_consultation06_doctor_032,test,turn_doctor,day4_consultation06,127.964,135.304,1
pm_turn_day4_consultation06_patient_028,test,turn_patient,day4_consultation06,136.437,140.862,1
pm_turn_day4_consultation06_doctor_034,test,turn_doctor,day4_consultation06,140.813,143.875,1
pm_turn_day4_consultation06_patient_030,test,turn_patient,day4_consultation06,144.459,151.703,1
pm_turn_day4_consultation06_doctor_036,test,turn_doctor,day4_consultation06,151.456,152.37,1
pm_turn_day4_consultation06_patient_032,test,turn_patient,day4_consultation06,152.004,155.35,1
pm_turn_day4_consultation06_doctor_038,test,turn_doctor,day4_consultation06,155.198,159.303,1
pm_turn_day4_consultation06_patient_034,test,turn_patient,day4_consultation06,159.883,165.543,1
pm_turn_day4_consultation06_doctor_040,test,turn_doctor,day4_consultation06,165.519,172.2,1
pm_turn_day4_consultation06_patient_036,test,turn_patient,day4_consultation06,172.666,181.591,1
pm_turn_day4_consultation06_doctor_042,test,turn_doctor,day4_consultation06,181.413,185.864,1
pm_turn_day4_consultation06_patient_038,test,turn_patient,day4_consultation06,187.299,194.232,1
pm_turn_day4_consultation06_patient_039,test,turn_patient,day4_consultation06,194.032,203.25,1
pm_turn_day4_consultation06_patient_040,test,turn_patient,day4_consultation06,203.05,207.921,1
pm_turn_day4_consultation06_doctor_044,test,turn_doctor,day4_consultation06,207.721,214.133,1
pm_turn_day4_consultation06_patient_042,test,turn_patient,day4_consultation06,214.797,218.772,1
pm_turn_day4_consultation06_patient_043,test,turn_patient,day4_consultation06,218.572,230.07,1
pm_turn_day4_consultation06_doctor_046,test,turn_doctor,day4_consultation06,229.854,230.76,1
pm_turn_day4_consultation06_patient_044,test,turn_patient,day4_consultation06,229.87,233.631,1
pm_turn_day4_consultation06_doctor_048,test,turn_doctor,day4_consultation06,233.298,239.082,1
pm_turn_day4_consultation06_patient_046,test,turn_patient,day4_consultation06,240.235,241.277,1
pm_turn_day4_consultation06_doctor_050,test,turn_doctor,day4_consultation06,241.076,247.831,1
pm_turn_day4_consultation06_patient_048,test,turn_patient,day4_consultation06,245.293,246.185,1
pm_turn_day4_consultation06_patient_050,test,turn_patient,day4_consultation06,248.09,257.732,1
pm_turn_day4_consultation06_patient_051,test,turn_patient,day4_consultation06,257.532,261.484,1
pm_turn_day4_consultation06_patient_052,test,turn_patient,day4_consultation06,261.284,264.886,1
pm_turn_day4_consultation06_doctor_052,test,turn_doctor,day4_consultation06,264.583,266.743,1
pm_turn_day4_consultation06_patient_054,test,turn_patient,day4_consultation06,269.059,273.665,1
pm_turn_day4_consultation06_doctor_054,test,turn_doctor,day4_consultation06,274.843,282.761,1
pm_turn_day4_consultation06_patient_056,test,turn_patient,day4_consultation06,276.695,278.087,1
pm_turn_day4_consultation06_patient_058,test,turn_patient,day4_consultation06,282.812,284.204,1
pm_turn_day4_consultation06_doctor_056,test,turn_doctor,day4_consultation06,284.111,285.323,1
pm_turn_day4_consultation06_patient_060,test,turn_patient,day4_consultation06,284.476,287.278,1
pm_turn_day4_consultation06_doctor_058,test,turn_doctor,day4_consultation06,287.132,292.625,1
pm_turn_day4_consultation06_patient_062,test,turn_patient,day4_consultation06,292.884,295.535,1
pm_turn_day4_consultation06_doctor_060,test,turn_doctor,day4_consultation06,295.339,298.334,1
pm_turn_day4_consultation06_patient_064,test,turn_patient,day4_consultation06,299.053,301.017,1
pm_turn_day4_consultation06_doctor_062,test,turn_doctor,day4_consultation06,301.295,303.73,1
pm_turn_day4_consultation06_patient_066,test,turn_patient,day4_consultation06,304.177,306.151,1
pm_turn_day4_consultation06_patient_068,test,turn_patient,day4_consultation06,306.281,307.958,1
pm_turn_day4_consultation06_doctor_064,test,turn_doctor,day4_consultation06,307.851,310.272,1
pm_turn_day4_consultation06_patient_070,test,turn_patient,day4_consultation06,311.045,313.22,1
pm_turn_day4_consultation06_doctor_066,test,turn_doctor,day4_consultation06,314.889,319.539,1
pm_turn_day4_consultation06_doctor_067,test,turn_doctor,day4_consultation06,319.339,326.18,1
pm_turn_day4_consultation06_patient_072,test,turn_patient,day4_consultation06,327.049,342.496,1
pm_turn_day4_consultation06_patient_073,test,turn_patient,day4_consultation06,342.296,349.704,1
pm_turn_day4_consultation06_doctor_069,test,turn_doctor,day4_consultation06,349.256,359.057,1
pm_turn_day4_consultation06_patient_075,test,turn_patient,day4_consultation06,360.021,362.337,1
pm_turn_day4_consultation06_doctor_071,test,turn_doctor,day4_consultation06,361.995,369.259,1
pm_turn_day4_consultation06_patient_077,test,turn_patient,day4_consultation06,369.227,371.029,1
pm_turn_day4_consultation06_doctor_073,test,turn_doctor,day4_consultation06,371.078,372.074,1
pm_turn_day4_consultation06_patient_079,test,turn_patient,day4_consultation06,372.286,375.732,1
pm_turn_day4_consultation06_doctor_075,test,turn_doctor,day4_consultation06,375.314,384.959,1
pm_turn_day4_consultation06_doctor_076,test,turn_doctor,day4_consultation06,384.759,387.915,1
pm_turn_day4_consultation06_patient_081,test,turn_patient,day4_consultation06,384.965,385.892,1
pm_turn_day4_consultation06_patient_083,test,turn_patient,day4_consultation06,388.022,388.892,1
pm_turn_day4_consultation06_doctor_078,test,turn_doctor,day4_consultation06,388.461,391.335,1
pm_turn_day4_consultation06_patient_085,test,turn_patient,day4_consultation06,389.362,390.418,1
pm_turn_day4_consultation06_patient_087,test,turn_patient,day4_consultation06,392.112,393.175,1
pm_turn_day4_consultation06_doctor_080,test,turn_doctor,day4_consultation06,392.75,395.89,1
pm_turn_day4_consultation06_patient_089,test,turn_patient,day4_consultation06,396.147,405.557,1
pm_turn_day4_consultation06_doctor_082,test,turn_doctor,day4_consultation06,402.457,405.263,1
pm_turn_day4_consultation06_doctor_084,test,turn_doctor,day4_consultation06,406.681,414.344,1
pm_turn_day4_consultation06_doctor_085,test,turn_doctor,day4_consultation06,414.144,421.558,1
pm_turn_day4_consultation06_patient_091,test,turn_patient,day4_consultation06,415.023,416.089,1
pm_turn_day4_consultation06_doctor_086,test,turn_doctor,day4_consultation06,421.358,426.43,1
pm_turn_day4_consultation06_patient_093,test,turn_patient,day4_consultation06,424.593,425.62,1
pm_turn_day4_consultation06_doctor_087,test,turn_doctor,day4_consultation06,426.23,432.775,1
pm_turn_day4_consultation06_patient_095,test,turn_patient,day4_consultation06,426.528,427.232,1
pm_turn_day4_consultation06_patient_097,test,turn_patient,day4_consultation06,432.899,436.064,1
pm_turn_day4_consultation06_doctor_089,test,turn_doctor,day4_consultation06,435.877,437.012,1
pm_turn_day4_consultation06_patient_099,test,turn_patient,day4_consultation06,436.29,441.011,1
pm_turn_day4_consultation06_patient_100,test,turn_patient,day4_consultation06,440.811,452.884,1
pm_turn_day4_consultation06_doctor_091,test,turn_doctor,day4_consultation06,451.725,462.253,1
pm_turn_day4_consultation06_doctor_092,test,turn_doctor,day4_consultation06,462.053,466.631,1
pm_turn_day4_consultation06_doctor_093,test,turn_doctor,day4_consultation06,466.431,474.71,1
pm_turn_day4_consultation06_doctor_094,test,turn_doctor,day4_consultation06,474.51,482.683,1
pm_turn_day4_consultation06_doctor_095,test,turn_doctor,day4_consultation06,482.483,495.068,1
pm_turn_day4_consultation06_doctor_096,test,turn_doctor,day4_consultation06,494.868,502.555,1
pm_turn_day4_consultation06_patient_104,test,turn_patient,day4_consultation06,495.12,496.71,1
pm_turn_day4_consultation06_doctor_097,test,turn_doctor,day4_consultation06,502.355,510.817,1
pm_turn_day4_consultation06_patient_108,test,turn_patient,day4_consultation06,507.251,508.012,1
pm_turn_day4_consultation06_patient_110,test,turn_patient,day4_consultation06,511.191,520.133,1
pm_turn_day4_consultation06_doctor_099,test,turn_doctor,day4_consultation06,519.867,528.397,1
pm_turn_day4_consultation06_doctor_100,test,turn_doctor,day4_consultation06,528.197,538.77,1
pm_turn_day4_consultation06_patient_112,test,turn_patient,day4_consultation06,538.002,541.097,1
pm_turn_day4_consultation06_doctor_104,test,turn_doctor,day4_consultation06,541.283,549.969,1
pm_turn_day4_consultation06_doctor_105,test,turn_doctor,day4_consultation06,549.769,555.341,1
pm_turn_day4_consultation06_patient_114,test,turn_patient,day4_consultation06,555.504,556.578,1
pm_turn_day4_consultation06_doctor_107,test,turn_doctor,day4_consultation06,556.098,564.488,1
pm_turn_day4_consultation06_doctor_108,test,turn_doctor,day4_consultation06,564.288,569.601,1
pm_turn_day4_consultation06_patient_116,test,turn_patient,day4_consultation06,564.529,565.275,1
pm_turn_day4_consultation06_patient_118,test,turn_patient,day4_consultation06,569.85,571.39,1
pm_turn_day4_consultation06_doctor_110,test,turn_doctor,day4_consultation06,570.354,574.285,1
pm_turn_day4_consultation06_patient_120,test,turn_patient,day4_consultation06,574.428,575.52,1
pm_turn_day4_consultation06_doctor_112,test,turn_doctor,day4_consultation06,575.375,585.037,1
pm_turn_day4_consultation06_patient_122,test,turn_patient,day4_consultation06,585.083,588.826,1
pm_turn_day4_consultation06_doctor_114,test,turn_doctor,day4_consultation06,586.581,587.292,1
pm_turn_day4_consultation06_doctor_116,test,turn_doctor,day4_consultation06,588.474,590.482,1
pm_turn_day4_consultation06_patient_124,test,turn_patient,day4_consultation06,590.404,593.763,1
pm_turn_day4_consultation06_doctor_118,test,turn_doctor,day4_consultation06,593.389,598.533,1
pm_turn_day4_consultation06_patient_126,test,turn_patient,day4_consultation06,599.2,601.602,1
pm_turn_day4_consultation06_doctor_120,test,turn_doctor,day4_consultation06,601.218,602.417,1
pm_turn_day4_consultation06_patient_130,test,turn_patient,day4_consultation06,603.927,605.073,1
pm_turn_day4_consultation07_doctor_001,test,turn_doctor,day4_consultation07,2.243,4.714,1
pm_turn_day4_consultation07_patient_001,test,turn_patient,day4_consultation07,5.023,6.993,1
pm_turn_day4_consultation07_doctor_003,test,turn_doctor,day4_consultation07,6.657,15.514,1
pm_turn_day4_consultation07_patient_003,test,turn_patient,day4_consultation07,15.615,17.16,1
pm_turn_day4_consultation07_doctor_005,test,turn_doctor,day4_consultation07,17.018,18.838,1
pm_turn_day4_consultation07_patient_007,test,turn_patient,day4_consultation07,22.012,27.109,1
pm_turn_day4_consultation07_doctor_007,test,turn_doctor,day4_consultation07,26.831,28.172,1
pm_turn_day4_consultation07_doctor_009,test,turn_doctor,day4_consultation07,28.647,37.813,1
pm_turn_day4_consultation07_patient_011,test,turn_patient,day4_consultation07,34.73,36.17,1
pm_turn_day4_consultation07_patient_013,test,turn_patient,day4_consultation07,38.216,39.645,1
pm_turn_day4_consultation07_doctor_011,test,turn_doctor,day4_consultation07,39.373,41.527,1
pm_turn_day4_consultation07_patient_015,test,turn_patient,day4_consultation07,42.341,53.731,1
pm_turn_day4_consultation07_doctor_013,test,turn_doctor,day4_consultation07,53.865,58.861,1
pm_turn_day4_consultation07_doctor_015,test,turn_doctor,day4_consultation07,59.269,61.543,1
pm_turn_day4_consultation07_patient_017,test,turn_patient,day4_consultation07,59.609,60.468,1
pm_turn_day4_consultation07_patient_019,test,turn_patient,day4_consultation07,62.814,67.277,1
pm_turn_day4_consultation07_doctor_017,test,turn_doctor,day4_consultation07,67.343,71.545,1
pm_turn_day4_consultation07_patient_021,test,turn_patient,day4_consultation07,71.976,73.632,1
pm_turn_day4_consultation07_doctor_019,test,turn_doctor,day4_consultation07,73.627,80.374,1
pm_turn_day4_consultation07_doctor_020,test,turn_doctor,day4_consultation07,80.174,93.49,1
pm_turn_day4_consultation07_patient_023,test,turn_patient,day4_consultation07,86.23,87.053,1
pm_turn_day4_consultation07_patient_025,test,turn_patient,day4_consultation07,93.466,95.15,1
pm_turn_day4_consultation07_patient_027,test,turn_patient,day4_consultation07,95.377,109.798,1
pm_turn_day4_consultation07_patient_028,test,turn_patient,day4_consultation07,109.598,111.539,1
pm_turn_day4_consultation07_doctor_022,test,turn_doctor,day4_consultation07,111.968,125.4,1
pm_turn_day4_consultation07_patient_030,test,turn_patient,day4_consultation07,119.939,120.684,1
pm_turn_day4_consultation07_patient_032,test,turn_patient,day4_consultation07,125.627,136.673,1
pm_turn_day4_consultation07_patient_033,test,turn_patient,day4_consultation07,136.473,141.795,1
pm_turn_day4_consultation07_doctor_024,test,turn_doctor,day4_consultation07,141.836,154.425,1
pm_turn_day4_consultation07_patient_035,test,turn_patient,day4_consultation07,152.31,153.026,1
pm_turn_day4_consultation07_doctor_025,test,turn_doctor,day4_consultation07,154.225,166.685,1
pm_turn_day4_consultation07_patient_037,test,turn_patient,day4_consultation07,160.949,161.666,1
pm_turn_day4_consultation07_patient_039,test,turn_patient,day4_consultation07,167.258,171.445,1
pm_turn_day4_consultation07_doctor_027,test,turn_doctor,day4_consultation07,171.103,178.173,1
pm_turn_day4_consultation07_patient_041,test,turn_patient,day4_consultation07,179.226,181.453,1
pm_turn_day4_consultation07_doctor_029,test,turn_doctor,day4_consultation07,181.486,185.429,1
pm_turn_day4_consultation07_patient_043,test,turn_patient,day4_consultation07,185.749,186.59,1
pm_turn_day4_consultation07_doctor_031,test,turn_doctor,day4_consultation07,186.645,192.3,1
pm_turn_day4_consultation07_patient_045,test,turn_patient,day4_consultation07,193.498,200.684,1
pm_turn_day4_consultation07_patient_047,test,turn_patient,day4_consultation07,200.988,208.587,1
pm_turn_day4_consultation07_doctor_033,test,turn_doctor,day4_consultation07,208.732,213.433,1
pm_turn_day4_consultation07_patient_049,test,turn_patient,day4_consultation07,214.15,216.443,1
pm_turn_day4_consultation07_doctor_035,test,turn_doctor,day4_consultation07,215.967,221.406,1
pm_turn_day4_consultation07_doctor_036,test,turn_doctor,day4_consultation07,221.206,233.582,1
pm_turn_day4_consultation07_patient_051,test,turn_patient,day4_consultation07,234.03,240.976,1
pm_turn_day4_consultation07_patient_053,test,turn_patient,day4_consultation07,241.473,246.797,1
pm_turn_day4_consultation07_doctor_038,test,turn_doctor,day4_consultation07,246.772,249.144,1
pm_turn_day4_consultation07_doctor_039,test,turn_doctor,day4_consultation07,248.944,257.107,1
pm_turn_day4_consultation07_patient_055,test,turn_patient,day4_consultation07,257.766,261.065,1
pm_turn_day4_consultation07_doctor_041,test,turn_doctor,day4_consultation07,260.906,263.925,1
pm_turn_day4_consultation07_patient_057,test,turn_patient,day4_consultation07,264.179,264.913,1
pm_turn_day4_consultation07_doctor_043,test,turn_doctor,day4_consultation07,264.913,272.657,1
pm_turn_day4_consultation07_doctor_045,test,turn_doctor,day4_consultation07,272.899,278.171,1
pm_turn_day4_consultation07_patient_061,test,turn_patient,day4_consultation07,278.224,280.744,1
pm_turn_day4_consultation07_doctor_047,test,turn_doctor,day4_consultation07,281.01,283.545,1
pm_turn_day4_consultation07_patient_063,test,turn_patient,day4_consultation07,283.883,284.555,1
pm_turn_day4_consultation07_doctor_049,test,turn_doctor,day4_consultation07,285.08,289.203,1
pm_turn_day4_consultation07_patient_065,test,turn_patient,day4_consultation07,289.239,296.294,1
pm_turn_day4_consultation07_doctor_051,test,turn_doctor,day4_consultation07,296.414,308.539,1
pm_turn_day4_consultation07_doctor_052,test,turn_doctor,day4_consultation07,308.339,314.924,1
pm_turn_day4_consultation07_doctor_053,test,turn_doctor,day4_consultation07,314.724,319.743,1
pm_turn_day4_consultation07_patient_067,test,turn_patient,day4_consultation07,320.134,322.296,1
pm_turn_day4_consultation07_doctor_055,test,turn_doctor,day4_consultation07,322.357,325.129,1
pm_turn_day4_consultation07_patient_069,test,turn_patient,day4_consultation07,325.86,328.652,1
pm_turn_day4_consultation07_doctor_057,test,turn_doctor,day4_consultation07,328.689,333.913,1
pm_turn_day4_consultation07_doctor_059,test,turn_doctor,day4_consultation07,334.254,343.948,1
pm_turn_day4_consultation07_patient_071,test,turn_patient,day4_consultation07,344.175,347.538,1
pm_turn_day4_consultation07_doctor_061,test,turn_doctor,day4_consultation07,347.257,349.6,1
pm_turn_day4_consultation07_doctor_063,test,turn_doctor,day4_consultation07,350.12,355.486,1
pm_turn_day4_consultation07_patient_073,test,turn_patient,day4_consultation07,355.825,362.582,1
pm_turn_day4_consultation07_doctor_065,test,turn_doctor,day4_consultation07,361.946,367.918,1
pm_turn_day4_consultation07_patient_075,test,turn_patient,day4_consultation07,369.612,377.518,1
pm_turn_day4_consultation07_patient_077,test,turn_patient,day4_consultation07,377.716,382.503,1
pm_turn_day4_consultation07_doctor_067,test,turn_doctor,day4_consultation07,382.987,389.093,1
pm_turn_day4_consultation07_doctor_068,test,turn_doctor,day4_consultation07,388.893,396.681,1
pm_turn_day4_consultation07_doctor_069,test,turn_doctor,day4_consultation07,396.481,401.721,1
pm_turn_day4_consultation07_patient_079,test,turn_patient,day4_consultation07,402.296,410.625,1
pm_turn_day4_consultation07_doctor_071,test,turn_doctor,day4_consultation07,410.409,414.915,1
pm_turn_day4_consultation07_patient_083,test,turn_patient,day4_consultation07,414.865,421.396,1
pm_turn_day4_consultation07_doctor_075,test,turn_doctor,day4_consultation07,421.286,429.227,1
pm_turn_day4_consultation07_patient_085,test,turn_patient,day4_consultation07,429.392,436.818,1
pm_turn_day4_consultation07_patient_086,test,turn_patient,day4_consultation07,436.618,448.385,1
pm_turn_day4_consultation07_doctor_077,test,turn_doctor,day4_consultation07,448.546,449.591,1
pm_turn_day4_consultation07_doctor_079,test,turn_doctor,day4_consultation07,449.921,454.135,1
pm_turn_day4_consultation07_doctor_080,test,turn_doctor,day4_consultation07,453.935,466.4,1
pm_turn_day4_consultation07_patient_088,test,turn_patient,day4_consultation07,466.258,476.486,1
pm_turn_day4_consultation07_doctor_082,test,turn_doctor,day4_consultation07,476.981,479.601,1
pm_turn_day4_consultation07_patient_090,test,turn_patient,day4_consultation07,479.811,480.686,1
pm_turn_day4_consultation07_doctor_084,test,turn_doctor,day4_consultation07,480.327,485.55,1
pm_turn_day4_consultation07_patient_092,test,turn_patient,day4_consultation07,482.5,483.35,1
pm_turn_day4_consultation07_patient_094,test,turn_patient,day4_consultation07,485.055,486.432,1
pm_turn_day4_consultation07_doctor_086,test,turn_doctor,day4_consultation07,486.473,491.235,1
pm_turn_day4_consultation07_patient_096,test,turn_patient,day4_consultation07,492.104,493.245,1
pm_turn_day4_consultation07_doctor_088,test,turn_doctor,day4_consultation07,492.184,494.883,1
pm_turn_day4_consultation07_doctor_089,test,turn_doctor,day4_consultation07,494.683,508.483,1
pm_turn_day4_consultation07_patient_098,test,turn_patient,day4_consultation07,507.783,509.295,1
pm_turn_day4_consultation07_doctor_091,test,turn_doctor,day4_consultation07,508.917,516.223,1
pm_turn_day4_consultation07_patient_104,test,turn_patient,day4_consultation07,518.39,519.235,1
pm_turn_day4_consultation07_doctor_093,test,turn_doctor,day4_consultation07,519.121,521.265,1
pm_turn_day4_consultation07_doctor_094,test,turn_doctor,day4_consultation07,521.065,532.705,1
pm_turn_day4_consultation07_doctor_095,test,turn_doctor,day4_consultation07,532.505,543.759,1
pm_turn_day4_consultation07_doctor_096,test,turn_doctor,day4_consultation07,543.559,557.739,1
pm_turn_day4_consultation07_doctor_097,test,turn_doctor,day4_consultation07,557.539,576.402,1
pm_turn_day4_consultation07_doctor_098,test,turn_doctor,day4_consultation07,576.202,583.327,1
pm_turn_day4_consultation07_doctor_099,test,turn_doctor,day4_consultation07,583.127,588.543,1
pm_turn_day4_consultation07_patient_108,test,turn_patient,day4_consultation07,588.715,590.801,1
pm_turn_day4_consultation07_doctor_101,test,turn_doctor,day4_consultation07,590.038,596.48,1
pm_turn_day4_consultation07_doctor_102,test,turn_doctor,day4_consultation07,596.28,604.743,1
pm_turn_day4_consultation07_patient_110,test,turn_patient,day4_consultation07,603.982,604.713,1
pm_turn_day4_consultation07_doctor_104,test,turn_doctor,day4_consultation07,605.543,610.606,1
pm_turn_day4_consultation07_doctor_105,test,turn_doctor,day4_consultation07,610.406,620.729,1
pm_turn_day4_consultation07_patient_114,test,turn_patient,day4_consultation07,621.739,622.709,1
pm_turn_day4_consultation07_doctor_107,test,turn_doctor,day4_consultation07,621.872,624.165,1
pm_turn_day4_consultation07_patient_116,test,turn_patient,day4_consultation07,624.953,625.591,1
pm_turn_day4_consultation08_doctor_002,test,turn_doctor,day4_consultation08,3.065,4.142,1
pm_turn_day4_consultation08_patient_001,test,turn_patient,day4_consultation08,5.65,6.515,1
pm_turn_day4_consultation08_doctor_004,test,turn_doctor,day4_consultation08,6.763,14.469,1
pm_turn_day4_consultation08_patient_003,test,turn_patient,day4_consultation08,14.441,17.476,1
pm_turn_day4_consultation08_doctor_006,test,turn_doctor,day4_consultation08,15.59,17.818,1
pm_turn_day4_consultation08_doctor_008,test,turn_doctor,day4_consultation08,19.376,21.723,1
pm_turn_day4_consultation08_patient_005,test,turn_patient,day4_consultation08,21.938,23.423,1
pm_turn_day4_consultation08_doctor_010,test,turn_doctor,day4_consultation08,23.143,25.664,1
pm_turn_day4_consultation08_patient_007,test,turn_patient,day4_consultation08,24.795,25.664,1
pm_turn_day4_consultation08_doctor_012,test,turn_doctor,day4_consultation08,25.727,29.676,1
pm_turn_day4_consultation08_patient_009,test,turn_patient,day4_consultation08,30.283,34.589,1
pm_turn_day4_consultation08_doctor_016,test,turn_doctor,day4_consultation08,35.819,42.871,1
pm_turn_day4_consultation08_patient_011,test,turn_patient,day4_consultation08,42.945,44.8,1
pm_turn_day4_consultation08_doctor_018,test,turn_doctor,day4_consultation08,44.761,47.466,1
pm_turn_day4_consultation08_patient_013,test,turn_patient,day4_consultation08,47.328,48.273,1
pm_turn_day4_consultation08_doctor_020,test,turn_doctor,day4_consultation08,48.266,51.807,1
pm_turn_day4_consultation08_patient_015,test,turn_patient,day4_consultation08,52.095,57.513,1
pm_turn_day4_consultation08_patient_017,test,turn_patient,day4_consultation08,58.554,66.754,1
pm_turn_day4_consultation08_patient_019,test,turn_patient,day4_consultation08,67.313,68.558,1
pm_turn_day4_consultation08_patient_021,test,turn_patient,day4_consultation08,69.268,75.419,1
pm_turn_day4_consultation08_doctor_022,test,turn_doctor,day4_consultation08,77.955,81.103,1
pm_turn_day4_consultation08_patient_023,test,turn_patient,day4_consultation08,81.08,81.979,1
pm_turn_day4_consultation08_doctor_024,test,turn_doctor,day4_consultation08,81.629,83.072,1
pm_turn_day4_consultation08_patient_025,test,turn_patient,day4_consultation08,84.881,94.109,1
pm_turn_day4_consultation08_doctor_026,test,turn_doctor,day4_consultation08,95.131,97.63,1
pm_turn_day4_consultation08_doctor_027,test,turn_doctor,day4_consultation08,97.43,104.208,1
pm_turn_day4_consultation08_doctor_028,test,turn_doctor,day4_consultation08,104.008,112.645,1
pm_turn_day4_consultation08_patient_027,test,turn_patient,day4_consultation08,109.981,122.063,1
pm_turn_day4_consultation08_patient_028,test,turn_patient,day4_consultation08,121.863,129.242,1
pm_turn_day4_consultation08_doctor_030,test,turn_doctor,day4_consultation08,129.132,131.651,1
pm_turn_day4_consultation08_patient_030,test,turn_patient,day4_consultation08,131.817,132.582,1
pm_turn_day4_consultation08_doctor_033,test,turn_doctor,day4_consultation08,133.84,141.319,1
pm_turn_day4_consultation08_patient_032,test,turn_patient,day4_consultation08,142.651,145.175,1
pm_turn_day4_consultation08_doctor_035,test,turn_doctor,day4_consultation08,147.562,148.585,1
pm_turn_day4_consultation08_doctor_037,test,turn_doctor,day4_consultation08,149.315,151.772,1
pm_turn_day4_consultation08_doctor_039,test,turn_doctor,day4_consultation08,153.885,161.137,1
pm_turn_day4_consultation08_patient_034,test,turn_patient,day4_consultation08,161.709,171.96,1
pm_turn_day4_consultation08_patient_035,test,turn_patient,day4_consultation08,171.76,180.962,1
pm_turn_day4_consultation08_patient_036,test,turn_patient,day4_consultation08,180.762,189.475,1
pm_turn_day4_consultation08_patient_038,test,turn_patient,day4_consultation08,190.388,192.25,1
pm_turn_day4_consultation08_doctor_043,test,turn_doctor,day4_consultation08,191.935,205.075,1
pm_turn_day4_consultation08_doctor_044,test,turn_doctor,day4_consultation08,204.875,208.467,1
pm_turn_day4_consultation08_patient_040,test,turn_patient,day4_consultation08,208.996,209.777,1
pm_turn_day4_consultation08_doctor_046,test,turn_doctor,day4_consultation08,209.766,222.179,1
pm_turn_day4_consultation08_patient_042,test,turn_patient,day4_consultation08,222.478,235.52,1
pm_turn_day4_consultation08_doctor_048,test,turn_doctor,day4_consultation08,234.681,237.281,1
pm_turn_day4_consultation08_patient_044,test,turn_patient,day4_consultation08,238.26,239.174,1
pm_turn_day4_consultation08_doctor_050,test,turn_doctor,day4_consultation08,238.29,244.8,1
pm_turn_day4_consultation08_doctor_052,test,turn_doctor,day4_consultation08,246.051,249.827,1
pm_turn_day4_consultation08_patient_048,test,turn_patient,day4_consultation08,248.839,254.159,1
pm_turn_day4_consultation08_patient_050,test,turn_patient,day4_consultation08,255.26,261.26,1
pm_turn_day4_consultation08_patient_051,test,turn_patient,day4_consultation08,261.06,267.904,1
pm_turn_day4_consultation08_doctor_054,test,turn_doctor,day4_consultation08,269.829,273.654,1
pm_turn_day4_consultation08_doctor_055,test,turn_doctor,day4_consultation08,273.454,277.511,1
pm_turn_day4_consultation08_patient_055,test,turn_patient,day4_consultation08,280.576,286.377,1
pm_turn_day4_consultation08_patient_056,test,turn_patient,day4_consultation08,286.177,295.956,1
pm_turn_day4_consultation08_doctor_057,test,turn_doctor,day4_consultation08,293.851,294.954,1
pm_turn_day4_consultation08_doctor_059,test,turn_doctor,day4_consultation08,297.394,305.613,1
pm_turn_day4_consultation08_doctor_060,test,turn_doctor,day4_consultation08,305.413,310.187,1
pm_turn_day4_consultation08_doctor_061,test,turn_doctor,day4_consultation08,309.987,315.964,1
pm_turn_day4_consultation08_doctor_062,test,turn_doctor,day4_consultation08,315.764,323.355,1
pm_turn_day4_consultation08_patient_058,test,turn_patient,day4_consultation08,315.876,316.768,1
pm_turn_day4_consultation08_patient_060,test,turn_patient,day4_consultation08,322.448,326.129,1
pm_turn_day4_consultation08_doctor_064,test,turn_doctor,day4_consultation08,326.119,339.461,1
pm_turn_day4_consultation08_patient_062,test,turn_patient,day4_consultation08,335.928,336.979,1
pm_turn_day4_consultation08_patient_064,test,turn_patient,day4_consultation08,339.997,341.76,1
pm_turn_day4_consultation08_doctor_066,test,turn_doctor,day4_consultation08,341.956,344.44,1
pm_turn_day4_consultation08_patient_068,test,turn_patient,day4_consultation08,348.13,354.061,1
pm_turn_day4_consultation08_doctor_068,test,turn_doctor,day4_consultation08,350.118,351.242,1
pm_turn_day4_consultation08_doctor_070,test,turn_doctor,day4_consultation08,353.759,358.101,1
pm_turn_day4_consultation08_patient_070,test,turn_patient,day4_consultation08,357.748,359.685,1
pm_turn_day4_consultation08_doctor_072,test,turn_doctor,day4_consultation08,359.675,361.491,1
pm_turn_day4_consultation08_doctor_073,test,turn_doctor,day4_consultation08,361.291,363.635,1
pm_turn_day4_consultation08_doctor_075,test,turn_doctor,day4_consultation08,364.054,375.27,1
pm_turn_day4_consultation08_patient_072,test,turn_patient,day4_consultation08,367.011,367.859,1
pm_turn_day4_consultation08_patient_074,test,turn_patient,day4_consultation08,375.26,376.046,1
pm_turn_day4_consultation08_doctor_077,test,turn_doctor,day4_consultation08,375.807,382.616,1
pm_turn_day4_consultation08_patient_076,test,turn_patient,day4_consultation08,382.327,386.504,1
pm_turn_day4_consultation08_patient_077,test,turn_patient,day4_consultation08,386.304,393.972,1
pm_turn_day4_consultation08_doctor_081,test,turn_doctor,day4_consultation08,394.351,395.355,1
pm_turn_day4_consultation08_doctor_083,test,turn_doctor,day4_consultation08,398.445,399.147,1
pm_turn_day4_consultation08_doctor_085,test,turn_doctor,day4_consultation08,400.056,402.329,1
pm_turn_day4_consultation08_doctor_086,test,turn_doctor,day4_consultation08,402.129,405.978,1
pm_turn_day4_consultation08_patient_081,test,turn_patient,day4_consultation08,405.763,406.715,1
pm_turn_day4_consultation08_doctor_087,test,turn_doctor,day4_consultation08,405.778,415.502,1
pm_turn_day4_consultation08_doctor_088,test,turn_doctor,day4_consultation08,415.302,423.743,1
pm_turn_day4_consultation08_patient_083,test,turn_patient,day4_consultation08,422.884,431.384,1
pm_turn_day4_consultation08_doctor_090,test,turn_doctor,day4_consultation08,430.978,432.173,1
pm_turn_day4_consultation08_patient_085,test,turn_patient,day4_consultation08,432.763,434.377,1
pm_turn_day4_consultation08_doctor_092,test,turn_doctor,day4_consultation08,434.59,436.265,1
pm_turn_day4_consultation08_patient_087,test,turn_patient,day4_consultation08,437.538,438.452,1
pm_turn_day4_consultation08_doctor_094,test,turn_doctor,day4_consultation08,438.794,442.158,1
pm_turn_day4_consultation08_patient_091,test,turn_patient,day4_consultation08,442.559,444.459,1
pm_turn_day4_consultation08_doctor_096,test,turn_doctor,day4_consultation08,443.197,447.37,1
pm_turn_day4_consultation08_patient_093,test,turn_patient,day4_consultation08,447.678,448.815,1
pm_turn_day4_consultation08_doctor_098,test,turn_doctor,day4_consultation08,448.759,451.835,1
pm_turn_day4_consultation08_patient_095,test,turn_patient,day4_consultation08,452.267,454.249,1
pm_turn_day4_consultation08_patient_097,test,turn_patient,day4_consultation08,455.162,465.219,1
pm_turn_day4_consultation08_doctor_100,test,turn_doctor,day4_consultation08,455.773,456.645,1
pm_turn_day4_consultation08_patient_098,test,turn_patient,day4_consultation08,465.019,475.91,1
pm_turn_day4_consultation08_doctor_102,test,turn_doctor,day4_consultation08,476.309,477.906,1
pm_turn_day4_consultation08_doctor_104,test,turn_doctor,day4_consultation08,478.365,480.842,1
pm_turn_day4_consultation08_doctor_106,test,turn_doctor,day4_consultation08,482.268,485.596,1
pm_turn_day4_consultation08_patient_100,test,turn_patient,day4_consultation08,487.966,491.783,1
pm_turn_day4_consultation08_patient_102,test,turn_patient,day4_consultation08,493.184,495.813,1
pm_turn_day4_consultation08_doctor_110,test,turn_doctor,day4_consultation08,495.59,499.047,1
pm_turn_day4_consultation08_patient_104,test,turn_patient,day4_consultation08,501.228,502.369,1
pm_turn_day4_consultation08_doctor_112,test,turn_doctor,day4_consultation08,502.309,505.589,1
pm_turn_day4_consultation08_patient_108,test,turn_patient,day4_consultation08,510.62,511.662,1
pm_turn_day4_consultation08_doctor_114,test,turn_doctor,day4_consultation08,511.731,515.736,1
pm_turn_day4_consultation08_patient_110,test,turn_patient,day4_consultation08,515.341,519.234,1
pm_turn_day4_consultation08_doctor_116,test,turn_doctor,day4_consultation08,517.422,518.213,1
pm_turn_day4_consultation08_doctor_118,test,turn_doctor,day4_consultation08,518.831,533.454,1
pm_turn_day4_consultation08_patient_112,test,turn_patient,day4_consultation08,533.59,534.504,1
pm_turn_day4_consultation08_doctor_120,test,turn_doctor,day4_consultation08,534.592,538.778,1
pm_turn_day4_consultation08_patient_114,test,turn_patient,day4_consultation08,537.53,539.88,1
pm_turn_day4_consultation08_doctor_122,test,turn_doctor,day4_consultation08,539.775,543.744,1
pm_turn_day4_consultation08_patient_116,test,turn_patient,day4_consultation08,543.831,547.151,1
pm_turn_day4_consultation08_doctor_126,test,turn_doctor,day4_consultation08,553.248,554.294,1
pm_turn_day4_consultation08_doctor_128,test,turn_doctor,day4_consultation08,554.511,562.017,1
pm_turn_day4_consultation08_doctor_130,test,turn_doctor,day4_consultation08,562.958,563.787,1
pm_turn_day4_consultation08_patient_118,test,turn_patient,day4_consultation08,562.966,564.647,1
pm_turn_day4_consultation08_doctor_132,test,turn_doctor,day4_consultation08,564.277,578.399,1
pm_turn_day4_consultation08_patient_120,test,turn_patient,day4_consultation08,577.657,578.617,1
pm_turn_day4_consultation08_doctor_134,test,turn_doctor,day4_consultation08,578.54,579.302,1
pm_turn_day4_consultation08_patient_122,test,turn_patient,day4_consultation08,579.492,581.512,1
pm_turn_day4_consultation08_doctor_136,test,turn_doctor,day4_consultation08,581.043,587.287,1
pm_turn_day4_consultation08_patient_124,test,turn_patient,day4_consultation08,587.943,599.76,1
pm_turn_day4_consultation08_patient_126,test,turn_patient,day4_consultation08,600.326,606.895,1
pm_turn_day4_consultation08_doctor_138,test,turn_doctor,day4_consultation08,606.859,611.064,1
pm_turn_day4_consultation08_patient_128,test,turn_patient,day4_consultation08,610.83,611.79,1
pm_turn_day4_consultation08_doctor_140,test,turn_doctor,day4_consultation08,611.396,614.816,1
pm_turn_day4_consultation08_doctor_142,test,turn_doctor,day4_consultation08,615.28,623.746,1
pm_turn_day4_consultation08_doctor_144,test,turn_doctor,day4_consultation08,624.243,632.877,1
pm_turn_day4_consultation08_patient_132,test,turn_patient,day4_consultation08,633.964,637.37,1
pm_turn_day4_consultation08_doctor_146,test,turn_doctor,day4_consultation08,637.393,639.094,1
pm_turn_day4_consultation08_doctor_148,test,turn_doctor,day4_consultation08,639.546,645.618,1
pm_turn_day4_consultation08_doctor_149,test,turn_doctor,day4_consultation08,645.418,656.024,1
pm_turn_day4_consultation08_doctor_150,test,turn_doctor,day4_consultation08,655.824,668.688,1
pm_turn_day4_consultation08_doctor_151,test,turn_doctor,day4_consultation08,668.488,678.06,1
pm_turn_day4_consultation08_patient_134,test,turn_patient,day4_consultation08,670.01,671.249,1
pm_turn_day4_consultation08_patient_136,test,turn_patient,day4_consultation08,678.452,679.812,1
pm_turn_day4_consultation08_doctor_153,test,turn_doctor,day4_consultation08,679.655,680.961,1
pm_turn_day4_consultation08_patient_138,test,turn_patient,day4_consultation08,680.852,683.16,1
pm_turn_day4_consultation08_doctor_155,test,turn_doctor,day4_consultation08,683.204,684.194,1
pm_turn_day4_consultation08_patient_140,test,turn_patient,day4_consultation08,683.299,687.023,1
pm_turn_day4_consultation08_doctor_157,test,turn_doctor,day4_consultation08,686.106,692.574,1
pm_turn_day4_consultation08_doctor_158,test,turn_doctor,day4_consultation08,692.374,697.171,1
pm_turn_day4_consultation08_doctor_159,test,turn_doctor,day4_consultation08,696.971,705.37,1
pm_turn_day4_consultation08_patient_142,test,turn_patient,day4_consultation08,704.913,706.707,1
pm_turn_day4_consultation08_doctor_160,test,turn_doctor,day4_consultation08,705.17,715.074,1
pm_turn_day4_consultation08_patient_144,test,turn_patient,day4_consultation08,715.086,717.361,1
pm_turn_day4_consultation08_doctor_162,test,turn_doctor,day4_consultation08,716.444,718.384,1
pm_turn_day4_consultation09_patient_000,test,turn_patient,day4_consultation09,0.0,0.637,1
pm_turn_day4_consultation09_doctor_001,test,turn_doctor,day4_consultation09,0.998,10.065,1
pm_turn_day4_consultation09_patient_002,test,turn_patient,day4_consultation09,2.538,3.415,1
pm_turn_day4_consultation09_doctor_002,test,turn_doctor,day4_consultation09,9.865,13.075,1
pm_turn_day4_consultation09_patient_004,test,turn_patient,day4_consultation09,10.122,12.744,1
pm_turn_day4_consultation09_doctor_003,test,turn_doctor,day4_consultation09,12.875,17.401,1
pm_turn_day4_consultation09_patient_006,test,turn_patient,day4_consultation09,15.712,16.873,1
pm_turn_day4_consultation09_patient_008,test,turn_patient,day4_consultation09,17.335,18.785,1
pm_turn_day4_consultation09_doctor_005,test,turn_doctor,day4_consultation09,18.614,25.408,1
pm_turn_day4_consultation09_patient_010,test,turn_patient,day4_consultation09,25.598,26.771,1
pm_turn_day4_consultation09_doctor_007,test,turn_doctor,day4_consultation09,26.416,29.506,1
pm_turn_day4_consultation09_patient_012,test,turn_patient,day4_consultation09,30.021,33.926,1
pm_turn_day4_consultation09_doctor_009,test,turn_doctor,day4_consultation09,34.998,38.333,1
pm_turn_day4_consultation09_patient_014,test,turn_patient,day4_consultation09,38.524,39.813,1
pm_turn_day4_consultation09_patient_016,test,turn_patient,day4_consultation09,40.347,41.677,1
pm_turn_day4_consultation09_doctor_011,test,turn_doctor,day4_consultation09,42.738,52.1,1
pm_turn_day4_consultation09_doctor_012,test,turn_doctor,day4_consultation09,51.9,59.175,1
pm_turn_day4_consultation09_patient_018,test,turn_patient,day4_consultation09,52.54,53.691,1
pm_turn_day4_consultation09_patient_020,test,turn_patient,day4_consultation09,60.602,66.169,1
pm_turn_day4_consultation09_doctor_014,test,turn_doctor,day4_consultation09,66.314,68.732,1
pm_turn_day4_consultation09_patient_022,test,turn_patient,day4_consultation09,69.659,74.644,1
pm_turn_day4_consultation09_doctor_016,test,turn_doctor,day4_consultation09,74.367,79.559,1
pm_turn_day4_consultation09_patient_024,test,turn_patient,day4_consultation09,76.179,76.865,1
pm_turn_day4_consultation09_patient_026,test,turn_patient,day4_consultation09,79.437,87.273,1
pm_turn_day4_consultation09_doctor_018,test,turn_doctor,day4_consultation09,87.088,91.04,1
pm_turn_day4_consultation09_patient_028,test,turn_patient,day4_consultation09,90.918,96.503,1
pm_turn_day4_consultation09_doctor_020,test,turn_doctor,day4_consultation09,95.494,102.928,1
pm_turn_day4_consultation09_patient_030,test,turn_patient,day4_consultation09,102.759,104.819,1
pm_turn_day4_consultation09_doctor_022,test,turn_doctor,day4_consultation09,105.013,107.552,1
pm_turn_day4_consultation09_doctor_024,test,turn_doctor,day4_consultation09,109.953,111.732,1
pm_turn_day4_consultation09_patient_032,test,turn_patient,day4_consultation09,112.142,113.168,1
pm_turn_day4_consultation09_doctor_026,test,turn_doctor,day4_consultation09,114.875,119.525,1
pm_turn_day4_consultation09_patient_034,test,turn_patient,day4_consultation09,119.747,123.556,1
pm_turn_day4_consultation09_patient_036,test,turn_patient,day4_consultation09,123.818,130.007,1
pm_turn_day4_consultation09_doctor_028,test,turn_doctor,day4_consultation09,128.427,130.868,1
pm_turn_day4_consultation09_doctor_030,test,turn_doctor,day4_consultation09,132.164,135.988,1
pm_turn_day4_consultation09_patient_038,test,turn_patient,day4_consultation09,136.721,143.154,1
pm_turn_day4_consultation09_doctor_032,test,turn_doctor,day4_consultation09,143.254,144.424,1
pm_turn_day4_consultation09_patient_040,test,turn_patient,day4_consultation09,144.286,148.966,1
pm_turn_day4_consultation09_doctor_034,test,turn_doctor,day4_consultation09,148.931,151.764,1
pm_turn_day4_consultation09_patient_042,test,turn_patient,day4_consultation09,150.949,152.342,1
pm_turn_day4_consultation09_doctor_036,test,turn_doctor,day4_consultation09,152.395,159.827,1
pm_turn_day4_consultation09_patient_044,test,turn_patient,day4_consultation09,159.578,169.47,1
pm_turn_day4_consultation09_doctor_038,test,turn_doctor,day4_consultation09,168.104,169.898,1
pm_turn_day4_consultation09_patient_046,test,turn_patient,day4_consultation09,170.866,175.159,1
pm_turn_day4_consultation09_doctor_040,test,turn_doctor,day4_consultation09,174.69,176.304,1
pm_turn_day4_consultation09_patient_048,test,turn_patient,day4_consultation09,175.665,177.839,1
pm_turn_day4_consultation09_doctor_042,test,turn_doctor,day4_consultation09,176.991,183.123,1
pm_turn_day4_consultation09_patient_050,test,turn_patient,day4_consultation09,183.283,185.611,1
pm_turn_day4_consultation09_doctor_044,test,turn_doctor,day4_consultation09,185.435,192.063,1
pm_turn_day4_consultation09_patient_052,test,turn_patient,day4_consultation09,192.116,198.829,1
pm_turn_day4_consultation09_doctor_046,test,turn_doctor,day4_consultation09,198.683,205.259,1
pm_turn_day4_consultation09_patient_054,test,turn_patient,day4_consultation09,205.104,212.797,1
pm_turn_day4_consultation09_patient_055,test,turn_patient,day4_consultation09,212.597,216.329,1
pm_turn_day4_consultation09_doctor_048,test,turn_doctor,day4_consultation09,216.254,221.176,1
pm_turn_day4_consultation09_doctor_050,test,turn_doctor,day4_consultation09,222.277,232.567,1
pm_turn_day4_consultation09_patient_059,test,turn_patient,day4_consultation09,234.125,241.329,1
pm_turn_day4_consultation09_patient_061,test,turn_patient,day4_consultation09,242.021,250.853,1
pm_turn_day4_consultation09_doctor_052,test,turn_doctor,day4_consultation09,251.119,254.351,1
pm_turn_day4_consultation09_doctor_053,test,turn_doctor,day4_consultation09,254.151,267.74,1
pm_turn_day4_consultation09_patient_063,test,turn_patient,day4_consultation09,268.718,274.464,1
pm_turn_day4_consultation09_doctor_055,test,turn_doctor,day4_consultation09,272.969,273.989,1
pm_turn_day4_consultation09_doctor_057,test,turn_doctor,day4_consultation09,275.127,282.284,1
pm_turn_day4_consultation09_patient_065,test,turn_patient,day4_consultation09,281.777,284.9,1
pm_turn_day4_consultation09_patient_067,test,turn_patient,day4_consultation09,285.664,289.168,1
pm_turn_day4_consultation09_doctor_059,test,turn_doctor,day4_consultation09,288.999,302.169,1
pm_turn_day4_consultation09_patient_069,test,turn_patient,day4_consultation09,302.338,313.86,1
pm_turn_day4_consultation09_doctor_061,test,turn_doctor,day4_consultation09,308.518,309.387,1
pm_turn_day4_consultation09_doctor_063,test,turn_doctor,day4_consultation09,313.563,319.545,1
pm_turn_day4_consultation09_patient_071,test,turn_patient,day4_consultation09,319.539,323.085,1
pm_turn_day4_consultation09_doctor_065,test,turn_doctor,day4_consultation09,323.031,334.945,1
pm_turn_day4_consultation09_patient_073,test,turn_patient,day4_consultation09,334.714,335.96,1
pm_turn_day4_consultation09_doctor_067,test,turn_doctor,day4_consultation09,335.669,341.628,1
pm_turn_day4_consultation09_patient_075,test,turn_patient,day4_consultation09,341.781,345.907,1
pm_turn_day4_consultation09_doctor_069,test,turn_doctor,day4_consultation09,345.578,351.004,1
pm_turn_day4_consultation09_patient_077,test,turn_patient,day4_consultation09,350.995,353.873,1
pm_turn_day4_consultation09_patient_079,test,turn_patient,day4_consultation09,354.781,356.095,1
pm_turn_day4_consultation09_doctor_071,test,turn_doctor,day4_consultation09,356.277,360.439,1
pm_turn_day4_consultation09_doctor_073,test,turn_doctor,day4_consultation09,363.105,369.936,1
pm_turn_day4_consultation09_patient_081,test,turn_patient,day4_consultation09,369.365,370.726,1
pm_turn_day4_consultation09_doctor_074,test,turn_doctor,day4_consultation09,369.736,381.515,1
pm_turn_day4_consultation09_patient_083,test,turn_patient,day4_consultation09,381.861,386.583,1
pm_turn_day4_consultation09_patient_084,test,turn_patient,day4_consultation09,386.383,392.565,1
pm_turn_day4_consultation09_doctor_076,test,turn_doctor,day4_consultation09,392.458,396.881,1
pm_turn_day4_consultation09_patient_086,test,turn_patient,day4_consultation09,396.472,398.021,1
pm_turn_day4_consultation09_doctor_078,test,turn_doctor,day4_consultation09,397.736,410.5,1
pm_turn_day4_consultation09_patient_088,test,turn_patient,day4_consultation09,409.855,417.484,1
pm_turn_day4_consultation09_doctor_080,test,turn_doctor,day4_consultation09,417.285,430.726,1
pm_turn_day4_consultation09_doctor_081,test,turn_doctor,day4_consultation09,430.526,443.574,1
pm_turn_day4_consultation09_doctor_082,test,turn_doctor,day4_consultation09,443.374,449.238,1
pm_turn_day4_consultation09_patient_092,test,turn_patient,day4_consultation09,448.828,449.639,1
pm_turn_day4_consultation09_doctor_083,test,turn_doctor,day4_consultation09,449.038,459.768,1
pm_turn_day4_consultation09_doctor_084,test,turn_doctor,day4_consultation09,459.568,468.599,1
pm_turn_day4_consultation09_patient_094,test,turn_patient,day4_consultation09,468.868,472.337,1
pm_turn_day4_consultation09_doctor_086,test,turn_doctor,day4_consultation09,471.181,474.147,1
pm_turn_day4_consultation09_patient_096,test,turn_patient,day4_consultation09,474.613,479.189,1
pm_turn_day4_consultation09_doctor_088,test,turn_doctor,day4_consultation09,477.504,486.493,1
pm_turn_day4_consultation09_doctor_089,test,turn_doctor,day4_consultation09,486.293,500.728,1
pm_turn_day4_consultation09_doctor_090,test,turn_doctor,day4_consultation09,500.528,523.608,1
pm_turn_day4_consultation09_patient_098,test,turn_patient,day4_consultation09,500.835,501.713,1
pm_turn_day4_consultation09_patient_100,test,turn_patient,day4_consultation09,522.466,523.337,1
pm_turn_day4_consultation09_doctor_091,test,turn_doctor,day4_consultation09,523.408,529.125,1
pm_turn_day4_consultation09_doctor_092,test,turn_doctor,day4_consultation09,528.925,538.399,1
pm_turn_day4_consultation09_patient_102,test,turn_patient,day4_consultation09,536.412,537.109,1
pm_turn_day4_consultation09_doctor_093,test,turn_doctor,day4_consultation09,538.199,549.674,1
pm_turn_day4_consultation09_patient_104,test,turn_patient,day4_consultation09,549.748,555.626,1
pm_turn_day4_consultation09_doctor_095,test,turn_doctor,day4_consultation09,555.662,557.133,1
pm_turn_day4_consultation09_patient_106,test,turn_patient,day4_consultation09,558.211,560.277,1
pm_turn_day4_consultation09_doctor_097,test,turn_doctor,day4_consultation09,560.076,574.712,1
pm_turn_day4_consultation09_patient_108,test,turn_patient,day4_consultation09,575.493,576.351,1
pm_turn_day4_consultation09_doctor_099,test,turn_doctor,day4_consultation09,576.143,578.787,1
pm_turn_day4_consultation09_doctor_101,test,turn_doctor,day4_consultation09,579.978,584.96,1
pm_turn_day4_consultation09_patient_110,test,turn_patient,day4_consultation09,584.728,586.7,1
pm_turn_day4_consultation09_doctor_103,test,turn_doctor,day4_consultation09,586.918,604.238,1
pm_turn_day4_consultation09_patient_112,test,turn_patient,day4_consultation09,601.5,604.223,1
pm_turn_day4_consultation09_patient_114,test,turn_patient,day4_consultation09,605.406,607.66,1
pm_turn_day4_consultation09_doctor_105,test,turn_doctor,day4_consultation09,606.106,618.596,1
pm_turn_day4_consultation09_doctor_106,test,turn_doctor,day4_consultation09,618.396,622.667,1
pm_turn_day4_consultation09_patient_116,test,turn_patient,day4_consultation09,622.742,624.015,1
pm_turn_day4_consultation09_doctor_108,test,turn_doctor,day4_consultation09,624.219,625.96,1
pm_turn_day4_consultation09_patient_118,test,turn_patient,day4_consultation09,625.688,627.076,1
pm_turn_day4_consultation09_doctor_110,test,turn_doctor,day4_consultation09,627.088,627.863,1
pm_turn_day4_consultation10_patient_001,test,turn_patient,day4_consultation10,2.799,3.852,1
pm_turn_day4_consultation10_doctor_001,test,turn_doctor,day4_consultation10,3.289,6.425,1
pm_turn_day4_consultation10_patient_003,test,turn_patient,day4_consultation10,5.336,7.761,1
pm_turn_day4_consultation10_doctor_003,test,turn_doctor,day4_consultation10,7.538,13.376,1
pm_turn_day4_consultation10_patient_005,test,turn_patient,day4_consultation10,15.171,20.364,1
pm_turn_day4_consultation10_patient_007,test,turn_patient,day4_consultation10,21.239,24.297,1
pm_turn_day4_consultation10_doctor_005,test,turn_doctor,day4_consultation10,24.601,32.234,1
pm_turn_day4_consultation10_patient_009,test,turn_patient,day4_consultation10,32.57,36.581,1
pm_turn_day4_consultation10_doctor_007,test,turn_doctor,day4_consultation10,35.702,38.581,1
pm_turn_day4_consultation10_patient_011,test,turn_patient,day4_consultation10,39.594,47.216,1
pm_turn_day4_consultation10_patient_012,test,turn_patient,day4_consultation10,47.016,54.911,1
pm_turn_day4_consultation10_doctor_009,test,turn_doctor,day4_consultation10,55.213,65.554,1
pm_turn_day4_consultation10_patient_014,test,turn_patient,day4_consultation10,65.605,75.866,1
pm_turn_day4_consultation10_doctor_011,test,turn_doctor,day4_consultation10,68.972,70.172,1
pm_turn_day4_consultation10_doctor_013,test,turn_doctor,day4_consultation10,75.953,86.703,1
pm_turn_day4_consultation10_patient_016,test,turn_patient,day4_consultation10,87.248,94.456,1
pm_turn_day4_consultation10_doctor_015,test,turn_doctor,day4_consultation10,94.167,102.739,1
pm_turn_day4_consultation10_patient_018,test,turn_patient,day4_consultation10,104.459,114.148,1
pm_turn_day4_consultation10_doctor_017,test,turn_doctor,day4_consultation10,105.384,106.662,1
pm_turn_day4_consultation10_patient_021,test,turn_patient,day4_consultation10,117.409,128.854,1
pm_turn_day4_consultation10_patient_023,test,turn_patient,day4_consultation10,129.813,132.157,1
pm_turn_day4_consultation10_doctor_019,test,turn_doctor,day4_consultation10,132.236,137.928,1
pm_turn_day4_consultation10_doctor_021,test,turn_doctor,day4_consultation10,138.644,145.242,1
pm_turn_day4_consultation10_patient_025,test,turn_patient,day4_consultation10,145.804,153.143,1
pm_turn_day4_consultation10_doctor_023,test,turn_doctor,day4_consultation10,153.104,160.565,1
pm_turn_day4_consultation10_patient_027,test,turn_patient,day4_consultation10,160.72,168.559,1
pm_turn_day4_consultation10_doctor_025,test,turn_doctor,day4_consultation10,168.167,172.226,1
pm_turn_day4_consultation10_patient_029,test,turn_patient,day4_consultation10,173.022,175.552,1
pm_turn_day4_consultation10_doctor_027,test,turn_doctor,day4_consultation10,175.22,176.674,1
pm_turn_day4_consultation10_patient_031,test,turn_patient,day4_consultation10,177.722,181.878,1
pm_turn_day4_consultation10_doctor_029,test,turn_doctor,day4_consultation10,181.836,188.446,1
pm_turn_day4_consultation10_patient_033,test,turn_patient,day4_consultation10,189.825,194.135,1
pm_turn_day4_consultation10_doctor_031,test,turn_doctor,day4_consultation10,193.203,199.717,1
pm_turn_day4_consultation10_patient_035,test,turn_patient,day4_consultation10,200.139,205.95,1
pm_turn_day4_consultation10_patient_036,test,turn_patient,day4_consultation10,205.75,216.437,1
pm_turn_day4_consultation10_doctor_033,test,turn_doctor,day4_consultation10,216.355,217.331,1
pm_turn_day4_consultation10_doctor_035,test,turn_doctor,day4_consultation10,218.175,228.371,1
pm_turn_day4_consultation10_doctor_037,test,turn_doctor,day4_consultation10,229.108,233.859,1
pm_turn_day4_consultation10_patient_038,test,turn_patient,day4_consultation10,234.703,237.203,1
pm_turn_day4_consultation10_patient_040,test,turn_patient,day4_consultation10,238.304,248.131,1
pm_turn_day4_consultation10_patient_042,test,turn_patient,day4_consultation10,249.597,258.335,1
pm_turn_day4_consultation10_doctor_039,test,turn_doctor,day4_consultation10,259.329,263.939,1
pm_turn_day4_consultation10_patient_044,test,turn_patient,day4_consultation10,264.218,270.164,1
pm_turn_day4_consultation10_patient_046,test,turn_patient,day4_consultation10,270.94,271.624,1
pm_turn_day4_consultation10_doctor_041,test,turn_doctor,day4_consultation10,273.474,283.552,1
pm_turn_day4_consultation10_patient_050,test,turn_patient,day4_consultation10,286.054,288.354,1
pm_turn_day4_consultation10_patient_052,test,turn_patient,day4_consultation10,288.837,293.141,1
pm_turn_day4_consultation10_doctor_045,test,turn_doctor,day4_consultation10,292.006,295.187,1
pm_turn_day4_consultation10_patient_054,test,turn_patient,day4_consultation10,295.649,297.318,1
pm_turn_day4_consultation10_doctor_047,test,turn_doctor,day4_consultation10,297.642,300.687,1
pm_turn_day4_consultation10_patient_056,test,turn_patient,day4_consultation10,299.876,304.194,1
pm_turn_day4_consultation10_patient_058,test,turn_patient,day4_consultation10,304.751,315.688,1
pm_turn_day4_consultation10_doctor_049,test,turn_doctor,day4_consultation10,318.144,322.94,1
pm_turn_day4_consultation10_patient_062,test,turn_patient,day4_consultation10,324.059,330.167,1
pm_turn_day4_consultation10_doctor_051,test,turn_doctor,day4_consultation10,331.488,334.649,1
pm_turn_day4_consultation10_patient_064,test,turn_patient,day4_consultation10,335.541,341.35,1
pm_turn_day4_consultation10_doctor_053,test,turn_doctor,day4_consultation10,341.726,345.583,1
pm_turn_day4_consultation10_doctor_055,test,turn_doctor,day4_consultation10,346.677,353.455,1
pm_turn_day4_consultation10_patient_066,test,turn_patient,day4_consultation10,352.515,355.677,1
pm_turn_day4_consultation10_doctor_059,test,turn_doctor,day4_consultation10,361.076,362.331,1
pm_turn_day4_consultation10_doctor_061,test,turn_doctor,day4_consultation10,365.064,371.724,1
pm_turn_day4_consultation10_patient_068,test,turn_patient,day4_consultation10,370.59,371.406,1
pm_turn_day4_consultation10_patient_070,test,turn_patient,day4_consultation10,372.538,373.326,1
pm_turn_day4_consultation10_doctor_065,test,turn_doctor,day4_consultation10,382.229,391.769,1
pm_turn_day4_consultation10_patient_072,test,turn_patient,day4_consultation10,393.022,394.602,1
pm_turn_day4_consultation10_doctor_067,test,turn_doctor,day4_consultation10,396.102,404.251,1
pm_turn_day4_consultation10_patient_074,test,turn_patient,day4_consultation10,405.172,412.43,1
pm_turn_day4_consultation10_patient_076,test,turn_patient,day4_consultation10,412.724,414.205,1
pm_turn_day4_consultation10_doctor_069,test,turn_doctor,day4_consultation10,414.294,425.954,1
pm_turn_day4_consultation10_doctor_070,test,turn_doctor,day4_consultation10,425.754,430.047,1
pm_turn_day4_consultation10_patient_078,test,turn_patient,day4_consultation10,431.121,438.512,1
pm_turn_day4_consultation10_doctor_072,test,turn_doctor,day4_consultation10,434.755,435.663,1
pm_turn_day4_consultation10_doctor_074,test,turn_doctor,day4_consultation10,438.15,440.678,1
pm_turn_day4_consultation10_patient_080,test,turn_patient,day4_consultation10,440.264,441.233,1
pm_turn_day4_consultation10_doctor_076,test,turn_doctor,day4_consultation10,441.453,443.013,1
pm_turn_day4_consultation10_doctor_078,test,turn_doctor,day4_consultation10,443.53,456.334,1
pm_turn_day4_consultation10_patient_082,test,turn_patient,day4_consultation10,456.976,462.097,1
pm_turn_day4_consultation10_patient_083,test,turn_patient,day4_consultation10,461.897,464.483,1
pm_turn_day4_consultation10_patient_085,test,turn_patient,day4_consultation10,465.023,468.893,1
pm_turn_day4_consultation10_doctor_080,test,turn_doctor,day4_consultation10,469.173,472.535,1
pm_turn_day4_consultation10_patient_087,test,turn_patient,day4_consultation10,473.482,474.755,1
pm_turn_day4_consultation10_doctor_082,test,turn_doctor,day4_consultation10,475.061,486.785,1
pm_turn_day4_consultation10_doctor_084,test,turn_doctor,day4_consultation10,487.767,488.722,1
pm_turn_day4_consultation10_patient_091,test,turn_patient,day4_consultation10,488.073,490.575,1
pm_turn_day4_consultation10_doctor_086,test,turn_doctor,day4_consultation10,490.541,496.59,1
pm_turn_day4_consultation10_patient_093,test,turn_patient,day4_consultation10,497.134,498.756,1
pm_turn_day4_consultation10_doctor_088,test,turn_doctor,day4_consultation10,498.611,502.002,1
pm_turn_day4_consultation10_patient_095,test,turn_patient,day4_consultation10,503.149,504.453,1
pm_turn_day4_consultation10_doctor_090,test,turn_doctor,day4_consultation10,506.443,510.371,1
pm_turn_day4_consultation10_patient_097,test,turn_patient,day4_consultation10,512.389,517.991,1
pm_turn_day4_consultation10_doctor_092,test,turn_doctor,day4_consultation10,517.663,522.722,1
pm_turn_day4_consultation10_patient_099,test,turn_patient,day4_consultation10,518.666,519.688,1
pm_turn_day4_consultation10_patient_101,test,turn_patient,day4_consultation10,523.705,524.583,1
pm_turn_day4_consultation10_doctor_094,test,turn_doctor,day4_consultation10,524.785,529.254,1
pm_turn_day4_consultation10_patient_103,test,turn_patient,day4_consultation10,529.455,530.781,1
pm_turn_day4_consultation10_doctor_096,test,turn_doctor,day4_consultation10,530.515,537.821,1
pm_turn_day4_consultation10_patient_107,test,turn_patient,day4_consultation10,540.956,542.135,1
pm_turn_day4_consultation10_patient_109,test,turn_patient,day4_consultation10,542.547,549.136,1
pm_turn_day4_consultation10_doctor_098,test,turn_doctor,day4_consultation10,549.209,550.175,1
pm_turn_day4_consultation10_doctor_102,test,turn_doctor,day4_consultation10,556.303,565.607,1
pm_turn_day4_consultation10_patient_111,test,turn_patient,day4_consultation10,566.279,571.749,1
pm_turn_day4_consultation10_patient_113,test,turn_patient,day4_consultation10,572.739,578.1,1
pm_turn_day4_consultation10_patient_115,test,turn_patient,day4_consultation10,578.736,584.798,1
pm_turn_day4_consultation10_doctor_106,test,turn_doctor,day4_consultation10,580.501,582.36,1
pm_turn_day4_consultation10_doctor_108,test,turn_doctor,day4_consultation10,585.575,586.622,1
pm_turn_day4_consultation10_patient_117,test,turn_patient,day4_consultation10,585.636,587.889,1
pm_turn_day4_consultation10_doctor_110,test,turn_doctor,day4_consultation10,587.422,592.895,1
pm_turn_day4_consultation10_patient_119,test,turn_patient,day4_consultation10,594.335,596.43,1
pm_turn_day4_consultation10_doctor_112,test,turn_doctor,day4_consultation10,595.64,607.039,1
pm_turn_day4_consultation10_patient_121,test,turn_patient,day4_consultation10,607.503,611.571,1
pm_turn_day4_consultation10_doctor_114,test,turn_doctor,day4_consultation10,610.646,613.212,1
pm_turn_day4_consultation10_patient_123,test,turn_patient,day4_consultation10,612.605,614.167,1
pm_turn_day4_consultation10_doctor_116,test,turn_doctor,day4_consultation10,614.271,622.157,1
pm_turn_day4_consultation10_patient_125,test,turn_patient,day4_consultation10,622.5,625.925,1
pm_turn_day4_consultation10_doctor_118,test,turn_doctor,day4_consultation10,625.373,627.328,1
pm_turn_day4_consultation10_doctor_119,test,turn_doctor,day4_consultation10,627.128,631.6,1
pm_turn_day4_consultation10_doctor_121,test,turn_doctor,day4_consultation10,632.327,644.488,1
pm_turn_day4_consultation10_doctor_122,test,turn_doctor,day4_consultation10,644.288,649.647,1
pm_turn_day4_consultation10_doctor_123,test,turn_doctor,day4_consultation10,649.447,657.408,1
pm_turn_day4_consultation10_doctor_124,test,turn_doctor,day4_consultation10,657.208,670.142,1
pm_turn_day4_consultation10_doctor_126,test,turn_doctor,day4_consultation10,670.624,673.111,1
pm_turn_day4_consultation10_patient_129,test,turn_patient,day4_consultation10,674.204,675.441,1
pm_turn_day4_consultation10_doctor_128,test,turn_doctor,day4_consultation10,675.554,676.476,1
pm_turn_day4_consultation10_patient_131,test,turn_patient,day4_consultation10,675.723,677.266,1
pm_turn_day4_consultation10_doctor_130,test,turn_doctor,day4_consultation10,676.97,686.421,1
pm_turn_day4_consultation10_patient_135,test,turn_patient,day4_consultation10,687.476,689.99,1
pm_turn_day4_consultation10_doctor_132,test,turn_doctor,day4_consultation10,689.691,697.96,1
pm_turn_day4_consultation10_doctor_133,test,turn_doctor,day4_consultation10,697.76,706.342,1
pm_turn_day4_consultation10_doctor_134,test,turn_doctor,day4_consultation10,706.142,717.543,1
pm_turn_day4_consultation10_doctor_135,test,turn_doctor,day4_consultation10,717.343,730.457,1
pm_turn_day4_consultation10_doctor_137,test,turn_doctor,day4_consultation10,730.807,732.04,1
pm_turn_day4_consultation10_patient_139,test,turn_patient,day4_consultation10,731.989,734.364,1
pm_turn_day4_consultation10_doctor_139,test,turn_doctor,day4_consultation10,734.159,735.28,1
pm_turn_day4_consultation10_doctor_141,test,turn_doctor,day4_consultation10,735.87,737.551,1
pm_turn_day4_consultation10_doctor_143,test,turn_doctor,day4_consultation10,738.351,739.91,1
pm_turn_day4_consultation10_patient_143,test,turn_patient,day4_consultation10,738.926,741.882,1
pm_turn_day4_consultation10_doctor_145,test,turn_doctor,day4_consultation10,740.552,742.615,1
pm_turn_day5_consultation01_doctor_001,test,turn_doctor,day5_consultation01,0.532,5.025,1
pm_turn_day5_consultation01_doctor_002,test,turn_doctor,day5_consultation01,4.825,14.401,1
pm_turn_day5_consultation01_patient_003,test,turn_patient,day5_consultation01,14.464,23.032,1
pm_turn_day5_consultation01_doctor_006,test,turn_doctor,day5_consultation01,23.441,25.882,1
pm_turn_day5_consultation01_patient_005,test,turn_patient,day5_consultation01,26.404,30.273,1
pm_turn_day5_consultation01_doctor_010,test,turn_doctor,day5_consultation01,30.058,34.641,1
pm_turn_day5_consultation01_patient_007,test,turn_patient,day5_consultation01,34.494,35.694,1
pm_turn_day5_consultation01_doctor_012,test,turn_doctor,day5_consultation01,35.712,37.491,1
pm_turn_day5_consultation01_patient_009,test,turn_patient,day5_consultation01,37.336,41.438,1
pm_turn_day5_consultation01_doctor_014,test,turn_doctor,day5_consultation01,41.276,46.762,1
pm_turn_day5_consultation01_patient_011,test,turn_patient,day5_consultation01,46.82,56.719,1
pm_turn_day5_consultation01_doctor_016,test,turn_doctor,day5_consultation01,56.073,59.092,1
pm_turn_day5_consultation01_patient_013,test,turn_patient,day5_consultation01,59.155,61.107,1
pm_turn_day5_consultation01_doctor_018,test,turn_doctor,day5_consultation01,61.178,63.393,1
pm_turn_day5_consultation01_patient_015,test,turn_patient,day5_consultation01,63.527,75.376,1
pm_turn_day5_consultation01_doctor_020,test,turn_doctor,day5_consultation01,73.05,78.746,1
pm_turn_day5_consultation01_patient_017,test,turn_patient,day5_consultation01,78.779,84.936,1
pm_turn_day5_consultation01_doctor_022,test,turn_doctor,day5_consultation01,84.419,90.927,1
pm_turn_day5_consultation01_patient_019,test,turn_patient,day5_consultation01,90.808,92.917,1
pm_turn_day5_consultation01_doctor_024,test,turn_doctor,day5_consultation01,92.712,95.942,1
pm_turn_day5_consultation01_patient_021,test,turn_patient,day5_consultation01,96.319,97.491,1
pm_turn_day5_consultation01_doctor_026,test,turn_doctor,day5_consultation01,97.238,100.16,1
pm_turn_day5_consultation01_patient_023,test,turn_patient,day5_consultation01,100.2,103.044,1
pm_turn_day5_consultation01_doctor_028,test,turn_doctor,day5_consultation01,102.757,105.19,1
pm_turn_day5_consultation01_patient_025,test,turn_patient,day5_consultation01,105.2,107.345,1
pm_turn_day5_consultation01_doctor_030,test,turn_doctor,day5_consultation01,107.02,111.227,1
pm_turn_day5_consultation01_patient_027,test,turn_patient,day5_consultation01,111.045,115.319,1
pm_turn_day5_consultation01_doctor_032,test,turn_doctor,day5_consultation01,115.027,121.212,1
pm_turn_day5_consultation01_patient_029,test,turn_patient,day5_consultation01,121.879,126.907,1
pm_turn_day5_consultation01_doctor_036,test,turn_doctor,day5_consultation01,126.802,137.671,1
pm_turn_day5_consultation01_patient_031,test,turn_patient,day5_consultation01,137.527,142.27,1
pm_turn_day5_consultation01_doctor_038,test,turn_doctor,day5_consultation01,142.005,145.678,1
pm_turn_day5_consultation01_patient_033,test,turn_patient,day5_consultation01,145.548,150.853,1
pm_turn_day5_consultation01_doctor_040,test,turn_doctor,day5_consultation01,150.869,153.942,1
pm_turn_day5_consultation01_patient_035,test,turn_patient,day5_consultation01,154.183,156.284,1
pm_turn_day5_consultation01_doctor_042,test,turn_doctor,day5_consultation01,155.922,159.566,1
pm_turn_day5_consultation01_patient_037,test,turn_patient,day5_consultation01,159.327,164.303,1
pm_turn_day5_consultation01_doctor_044,test,turn_doctor,day5_consultation01,164.095,168.972,1
pm_turn_day5_consultation01_patient_039,test,turn_patient,day5_consultation01,169.072,170.618,1
pm_turn_day5_consultation01_doctor_046,test,turn_doctor,day5_consultation01,170.486,175.37,1
pm_turn_day5_consultation01_patient_043,test,turn_patient,day5_consultation01,175.058,187.028,1
pm_turn_day5_consultation01_doctor_048,test,turn_doctor,day5_consultation01,186.411,193.159,1
pm_turn_day5_consultation01_patient_045,test,turn_patient,day5_consultation01,193.164,198.331,1
pm_turn_day5_consultation01_doctor_052,test,turn_doctor,day5_consultation01,198.144,201.077,1
pm_turn_day5_consultation01_patient_047,test,turn_patient,day5_consultation01,201.125,204.22,1
pm_turn_day5_consultation01_doctor_054,test,turn_doctor,day5_consultation01,204.538,214.618,1
pm_turn_day5_consultation01_patient_049,test,turn_patient,day5_consultation01,214.734,217.189,1
pm_turn_day5_consultation01_doctor_056,test,turn_doctor,day5_consultation01,217.02,219.077,1
pm_turn_day5_consultation01_patient_051,test,turn_patient,day5_consultation01,219.2,221.28,1
pm_turn_day5_consultation01_doctor_058,test,turn_doctor,day5_consultation01,221.907,224.159,1
pm_turn_day5_consultation01_patient_053,test,turn_patient,day5_consultation01,224.095,226.415,1
pm_turn_day5_consultation01_doctor_060,test,turn_doctor,day5_consultation01,225.531,227.528,1
pm_turn_day5_consultation01_patient_055,test,turn_patient,day5_consultation01,227.666,229.746,1
pm_turn_day5_consultation01_doctor_062,test,turn_doctor,day5_consultation01,229.561,231.806,1
pm_turn_day5_consultation01_patient_057,test,turn_patient,day5_consultation01,231.831,236.242,1
pm_turn_day5_consultation01_doctor_064,test,turn_doctor,day5_consultation01,235.989,240.498,1
pm_turn_day5_consultation01_patient_059,test,turn_patient,day5_consultation01,240.598,247.979,1
pm_turn_day5_consultation01_doctor_066,test,turn_doctor,day5_consultation01,245.749,246.648,1
pm_turn_day5_consultation01_doctor_068,test,turn_doctor,day5_consultation01,247.846,250.986,1
pm_turn_day5_consultation01_patient_061,test,turn_patient,day5_consultation01,251.004,252.963,1
pm_turn_day5_consultation01_doctor_070,test,turn_doctor,day5_consultation01,252.884,257.701,1
pm_turn_day5_consultation01_patient_063,test,turn_patient,day5_consultation01,257.282,260.069,1
pm_turn_day5_consultation01_doctor_072,test,turn_doctor,day5_consultation01,259.574,262.118,1
pm_turn_day5_consultation01_patient_065,test,turn_patient,day5_consultation01,262.019,264.18,1
pm_turn_day5_consultation01_doctor_074,test,turn_doctor,day5_consultation01,263.794,270.768,1
pm_turn_day5_consultation01_patient_067,test,turn_patient,day5_consultation01,270.938,274.353,1
pm_turn_day5_consultation01_doctor_076,test,turn_doctor,day5_consultation01,273.719,276.633,1
pm_turn_day5_consultation01_patient_069,test,turn_patient,day5_consultation01,276.584,281.661,1
pm_turn_day5_consultation01_doctor_078,test,turn_doctor,day5_consultation01,281.704,283.174,1
pm_turn_day5_consultation01_patient_071,test,turn_patient,day5_consultation01,283.425,284.347,1
pm_turn_day5_consultation01_doctor_080,test,turn_doctor,day5_consultation01,284.158,286.558,1
pm_turn_day5_consultation01_patient_073,test,turn_patient,day5_consultation01,286.523,287.452,1
pm_turn_day5_consultation01_doctor_082,test,turn_doctor,day5_consultation01,287.576,293.452,1
pm_turn_day5_consultation01_patient_075,test,turn_patient,day5_consultation01,293.764,294.7,1
pm_turn_day5_consultation01_doctor_084,test,turn_doctor,day5_consultation01,294.264,296.978,1
pm_turn_day5_consultation01_patient_077,test,turn_patient,day5_consultation01,296.809,301.129,1
pm_turn_day5_consultation01_doctor_086,test,turn_doctor,day5_consultation01,300.289,303.366,1
pm_turn_day5_consultation01_patient_079,test,turn_patient,day5_consultation01,303.5,305.527,1
pm_turn_day5_consultation01_doctor_088,test,turn_doctor,day5_consultation01,305.51,313.136,1
pm_turn_day5_consultation01_patient_081,test,turn_patient,day5_consultation01,312.876,316.708,1
pm_turn_day5_consultation01_doctor_090,test,turn_doctor,day5_consultation01,316.944,324.154,1
pm_turn_day5_consultation01_patient_083,test,turn_patient,day5_consultation01,324.651,325.618,1
pm_turn_day5_consultation01_doctor_092,test,turn_doctor,day5_consultation01,325.663,334.268,1
pm_turn_day5_consultation01_patient_085,test,turn_patient,day5_consultation01,334.884,335.836,1
pm_turn_day5_consultation01_doctor_094,test,turn_doctor,day5_consultation01,335.604,339.37,1
pm_turn_day5_consultation01_patient_087,test,turn_patient,day5_consultation01,339.087,340.535,1
pm_turn_day5_consultation01_doctor_096,test,turn_doctor,day5_consultation01,340.022,348.316,1
pm_turn_day5_consultation01_doctor_097,test,turn_doctor,day5_consultation01,348.116,354.9,1
pm_turn_day5_consultation01_patient_089,test,turn_patient,day5_consultation01,355.214,360.587,1
pm_turn_day5_consultation01_doctor_101,test,turn_doctor,day5_consultation01,359.432,369.211,1
pm_turn_day5_consultation01_doctor_102,test,turn_doctor,day5_consultation01,369.011,385.211,1
pm_turn_day5_consultation01_doctor_103,test,turn_doctor,day5_consultation01,385.011,399.555,1
pm_turn_day5_consultation01_doctor_104,test,turn_doctor,day5_consultation01,399.355,407.459,1
pm_turn_day5_consultation01_patient_091,test,turn_patient,day5_consultation01,407.913,410.001,1
pm_turn_day5_consultation01_doctor_106,test,turn_doctor,day5_consultation01,409.523,415.252,1
pm_turn_day5_consultation01_doctor_107,test,turn_doctor,day5_consultation01,415.052,421.703,1
pm_turn_day5_consultation01_patient_093,test,turn_patient,day5_consultation01,415.68,417.226,1
pm_turn_day5_consultation01_patient_095,test,turn_patient,day5_consultation01,421.801,422.602,1
pm_turn_day5_consultation01_doctor_109,test,turn_doctor,day5_consultation01,422.921,430.669,1
pm_turn_day5_consultation01_patient_097,test,turn_patient,day5_consultation01,431.71,437.783,1
pm_turn_day5_consultation01_doctor_111,test,turn_doctor,day5_consultation01,437.9,441.076,1
pm_turn_day5_consultation01_patient_099,test,turn_patient,day5_consultation01,441.101,442.858,1
pm_turn_day5_consultation01_doctor_113,test,turn_doctor,day5_consultation01,443.229,449.029,1
pm_turn_day5_consultation01_patient_101,test,turn_patient,day5_consultation01,449.417,451.181,1
pm_turn_day5_consultation01_doctor_115,test,turn_doctor,day5_consultation01,449.962,452.219,1
pm_turn_day5_consultation01_patient_103,test,turn_patient,day5_consultation01,452.101,452.963,1
pm_turn_day5_consultation02_doctor_001,test,turn_doctor,day5_consultation02,1.488,8.46,1
pm_turn_day5_consultation02_patient_001,test,turn_patient,day5_consultation02,9.456,19.777,1
pm_turn_day5_consultation02_doctor_003,test,turn_doctor,day5_consultation02,11.755,12.741,1
pm_turn_day5_consultation02_doctor_005,test,turn_doctor,day5_consultation02,20.295,21.859,1
pm_turn_day5_consultation02_patient_003,test,turn_patient,day5_consultation02,22.434,25.551,1
pm_turn_day5_consultation02_doctor_007,test,turn_doctor,day5_consultation02,25.561,29.583,1
pm_turn_day5_consultation02_patient_005,test,turn_patient,day5_consultation02,29.614,30.814,1
pm_turn_day5_consultation02_doctor_009,test,turn_doctor,day5_consultation02,30.597,32.68,1
pm_turn_day5_consultation02_patient_007,test,turn_patient,day5_consultation02,33.419,35.258,1
pm_turn_day5_consultation02_doctor_011,test,turn_doctor,day5_consultation02,35.491,38.902,1
pm_turn_day5_consultation02_patient_009,test,turn_patient,day5_consultation02,38.87,40.318,1
pm_turn_day5_consultation02_doctor_013,test,turn_doctor,day5_consultation02,40.147,41.369,1
pm_turn_day5_consultation02_patient_011,test,turn_patient,day5_consultation02,41.201,42.709,1
pm_turn_day5_consultation02_doctor_015,test,turn_doctor,day5_consultation02,42.207,47.969,1
pm_turn_day5_consultation02_patient_013,test,turn_patient,day5_consultation02,48.66,56.266,1
pm_turn_day5_consultation02_doctor_019,test,turn_doctor,day5_consultation02,55.717,64.65,1
pm_turn_day5_consultation02_patient_015,test,turn_patient,day5_consultation02,65.487,68.326,1
pm_turn_day5_consultation02_doctor_021,test,turn_doctor,day5_consultation02,68.252,69.748,1
pm_turn_day5_consultation02_patient_017,test,turn_patient,day5_consultation02,69.667,71.206,1
pm_turn_day5_consultation02_doctor_023,test,turn_doctor,day5_consultation02,71.066,74.155,1
pm_turn_day5_consultation02_patient_019,test,turn_patient,day5_consultation02,74.006,75.416,1
pm_turn_day5_consultation02_doctor_025,test,turn_doctor,day5_consultation02,75.055,81.286,1
pm_turn_day5_consultation02_patient_021,test,turn_patient,day5_consultation02,79.585,80.499,1
pm_turn_day5_consultation02_patient_023,test,turn_patient,day5_consultation02,81.359,82.409,1
pm_turn_day5_consultation02_doctor_027,test,turn_doctor,day5_consultation02,82.005,85.422,1
pm_turn_day5_consultation02_patient_025,test,turn_patient,day5_consultation02,85.84,87.416,1
pm_turn_day5_consultation02_doctor_029,test,turn_doctor,day5_consultation02,87.165,91.711,1
pm_turn_day5_consultation02_patient_027,test,turn_patient,day5_consultation02,91.833,96.89,1
pm_turn_day5_consultation02_doctor_031,test,turn_doctor,day5_consultation02,95.619,100.222,1
pm_turn_day5_consultation02_patient_029,test,turn_patient,day5_consultation02,99.983,101.063,1
pm_turn_day5_consultation02_doctor_033,test,turn_doctor,day5_consultation02,101.052,104.28,1
pm_turn_day5_consultation02_patient_031,test,turn_patient,day5_consultation02,104.397,105.477,1
pm_turn_day5_consultation02_doctor_035,test,turn_doctor,day5_consultation02,106.22,113.162,1
pm_turn_day5_consultation02_patient_033,test,turn_patient,day5_consultation02,113.126,115.191,1
pm_turn_day5_consultation02_doctor_037,test,turn_doctor,day5_consultation02,115.613,119.921,1
pm_turn_day5_consultation02_patient_035,test,turn_patient,day5_consultation02,120.111,122.213,1
pm_turn_day5_consultation02_patient_037,test,turn_patient,day5_consultation02,122.901,125.928,1
pm_turn_day5_consultation02_doctor_039,test,turn_doctor,day5_consultation02,125.558,129.995,1
pm_turn_day5_consultation02_patient_039,test,turn_patient,day5_consultation02,130.164,131.364,1
pm_turn_day5_consultation02_doctor_041,test,turn_doctor,day5_consultation02,131.127,132.176,1
pm_turn_day5_consultation02_patient_041,test,turn_patient,day5_consultation02,132.592,133.514,1
pm_turn_day5_consultation02_doctor_043,test,turn_doctor,day5_consultation02,133.225,145.803,1
pm_turn_day5_consultation02_patient_043,test,turn_patient,day5_consultation02,146.953,148.153,1
pm_turn_day5_consultation02_doctor_045,test,turn_doctor,day5_consultation02,147.565,155.657,1
pm_turn_day5_consultation02_patient_045,test,turn_patient,day5_consultation02,156.232,160.154,1
pm_turn_day5_consultation02_doctor_047,test,turn_doctor,day5_consultation02,159.486,161.771,1
pm_turn_day5_consultation02_patient_047,test,turn_patient,day5_consultation02,161.826,163.199,1
pm_turn_day5_consultation02_doctor_049,test,turn_doctor,day5_consultation02,163.038,163.989,1
pm_turn_day5_consultation02_doctor_051,test,turn_doctor,day5_consultation02,165.911,170.813,1
pm_turn_day5_consultation02_patient_049,test,turn_patient,day5_consultation02,171.104,173.191,1
pm_turn_day5_consultation02_doctor_053,test,turn_doctor,day5_consultation02,172.725,177.01,1
pm_turn_day5_consultation02_patient_051,test,turn_patient,day5_consultation02,177.435,179.65,1
pm_turn_day5_consultation02_doctor_055,test,turn_doctor,day5_consultation02,179.479,180.576,1
pm_turn_day5_consultation02_doctor_057,test,turn_doctor,day5_consultation02,180.927,186.646,1
pm_turn_day5_consultation02_patient_053,test,turn_patient,day5_consultation02,187.548,189.8,1
pm_turn_day5_consultation02_doctor_059,test,turn_doctor,day5_consultation02,189.484,195.879,1
pm_turn_day5_consultation02_patient_055,test,turn_patient,day5_consultation02,193.142,194.124,1
pm_turn_day5_consultation02_patient_057,test,turn_patient,day5_consultation02,195.976,197.071,1
pm_turn_day5_consultation02_doctor_061,test,turn_doctor,day5_consultation02,196.58,199.955,1
pm_turn_day5_consultation02_patient_059,test,turn_patient,day5_consultation02,200.841,202.041,1
pm_turn_day5_consultation02_doctor_063,test,turn_doctor,day5_consultation02,201.658,204.003,1
pm_turn_day5_consultation02_patient_061,test,turn_patient,day5_consultation02,204.638,209.928,1
pm_turn_day5_consultation02_doctor_065,test,turn_doctor,day5_consultation02,206.596,208.914,1
pm_turn_day5_consultation02_doctor_067,test,turn_doctor,day5_consultation02,209.592,211.351,1
pm_turn_day5_consultation02_patient_063,test,turn_patient,day5_consultation02,211.382,212.537,1
pm_turn_day5_consultation02_doctor_069,test,turn_doctor,day5_consultation02,212.296,215.403,1
pm_turn_day5_consultation02_patient_065,test,turn_patient,day5_consultation02,215.382,216.582,1
pm_turn_day5_consultation02_doctor_071,test,turn_doctor,day5_consultation02,216.665,218.341,1
pm_turn_day5_consultation02_patient_067,test,turn_patient,day5_consultation02,218.585,219.665,1
pm_turn_day5_consultation02_doctor_073,test,turn_doctor,day5_consultation02,220.332,221.865,1
pm_turn_day5_consultation02_doctor_075,test,turn_doctor,day5_consultation02,226.596,228.086,1
pm_turn_day5_consultation02_patient_069,test,turn_patient,day5_consultation02,228.382,230.041,1
pm_turn_day5_consultation02_doctor_077,test,turn_doctor,day5_consultation02,229.941,232.85,1
pm_turn_day5_consultation02_doctor_079,test,turn_doctor,day5_consultation02,233.379,236.81,1
pm_turn_day5_consultation02_patient_071,test,turn_patient,day5_consultation02,236.931,237.981,1
pm_turn_day5_consultation02_doctor_081,test,turn_doctor,day5_consultation02,238.738,243.659,1
pm_turn_day5_consultation02_patient_073,test,turn_patient,day5_consultation02,243.886,245.537,1
pm_turn_day5_consultation02_doctor_083,test,turn_doctor,day5_consultation02,245.203,249.582,1
pm_turn_day5_consultation02_patient_075,test,turn_patient,day5_consultation02,252.074,253.703,1
pm_turn_day5_consultation02_doctor_085,test,turn_doctor,day5_consultation02,254.651,257.245,1
pm_turn_day5_consultation02_patient_077,test,turn_patient,day5_consultation02,257.766,259.342,1
pm_turn_day5_consultation02_doctor_087,test,turn_doctor,day5_consultation02,259.238,261.445,1
pm_turn_day5_consultation02_patient_079,test,turn_patient,day5_consultation02,262.022,263.876,1
pm_turn_day5_consultation02_doctor_089,test,turn_doctor,day5_consultation02,263.43,265.21,1
pm_turn_day5_consultation02_patient_081,test,turn_patient,day5_consultation02,265.255,266.342,1
pm_turn_day5_consultation02_doctor_091,test,turn_doctor,day5_consultation02,267.231,276.238,1
pm_turn_day5_consultation02_patient_083,test,turn_patient,day5_consultation02,276.09,277.823,1
pm_turn_day5_consultation02_doctor_093,test,turn_doctor,day5_consultation02,277.293,279.631,1
pm_turn_day5_consultation02_patient_085,test,turn_patient,day5_consultation02,280.24,281.44,1
pm_turn_day5_consultation02_doctor_095,test,turn_doctor,day5_consultation02,281.148,291.049,1
pm_turn_day5_consultation02_patient_087,test,turn_patient,day5_consultation02,290.623,291.726,1
pm_turn_day5_consultation02_doctor_096,test,turn_doctor,day5_consultation02,290.849,298.746,1
pm_turn_day5_consultation02_patient_089,test,turn_patient,day5_consultation02,299.09,300.598,1
pm_turn_day5_consultation02_doctor_098,test,turn_doctor,day5_consultation02,300.231,304.658,1
pm_turn_day5_consultation02_patient_091,test,turn_patient,day5_consultation02,304.436,306.079,1
pm_turn_day5_consultation02_doctor_100,test,turn_doctor,day5_consultation02,305.642,308.01,1
pm_turn_day5_consultation02_patient_093,test,turn_patient,day5_consultation02,308.195,309.282,1
pm_turn_day5_consultation02_patient_095,test,turn_patient,day5_consultation02,310.012,312.26,1
pm_turn_day5_consultation02_doctor_104,test,turn_doctor,day5_consultation02,312.162,323.37,1
pm_turn_day5_consultation02_doctor_105,test,turn_doctor,day5_consultation02,323.17,330.244,1
pm_turn_day5_consultation02_doctor_106,test,turn_doctor,day5_consultation02,330.044,346.9,1
pm_turn_day5_consultation02_patient_099,test,turn_patient,day5_consultation02,330.045,330.891,1
pm_turn_day5_consultation02_patient_101,test,turn_patient,day5_consultation02,346.737,348.012,1
pm_turn_day5_consultation02_doctor_108,test,turn_doctor,day5_consultation02,347.73,363.659,1
pm_turn_day5_consultation02_patient_103,test,turn_patient,day5_consultation02,363.624,364.824,1
pm_turn_day5_consultation02_doctor_110,test,turn_doctor,day5_consultation02,364.503,371.438,1
pm_turn_day5_consultation02_patient_105,test,turn_patient,day5_consultation02,371.88,375.636,1
pm_turn_day5_consultation02_doctor_112,test,turn_doctor,day5_consultation02,374.789,395.934,1
pm_turn_day5_consultation02_patient_107,test,turn_patient,day5_consultation02,376.601,377.719,1
pm_turn_day5_consultation02_patient_109,test,turn_patient,day5_consultation02,390.075,391.02,1
pm_turn_day5_consultation02_patient_111,test,turn_patient,day5_consultation02,395.97,397.17,1
pm_turn_day5_consultation02_doctor_114,test,turn_doctor,day5_consultation02,397.313,400.175,1
pm_turn_day5_consultation02_patient_113,test,turn_patient,day5_consultation02,400.744,405.952,1
pm_turn_day5_consultation02_doctor_116,test,turn_doctor,day5_consultation02,405.527,409.389,1
pm_turn_day5_consultation02_patient_115,test,turn_patient,day5_consultation02,409.406,410.757,1
pm_turn_day5_consultation02_doctor_118,test,turn_doctor,day5_consultation02,410.672,412.686,1
pm_turn_day5_consultation02_patient_117,test,turn_patient,day5_consultation02,413.617,416.065,1
pm_turn_day5_consultation02_doctor_120,test,turn_doctor,day5_consultation02,416.306,424.548,1
pm_turn_day5_consultation02_patient_119,test,turn_patient,day5_consultation02,425.256,426.456,1
pm_turn_day5_consultation02_doctor_122,test,turn_doctor,day5_consultation02,425.348,428.534,1
pm_turn_day5_consultation02_patient_121,test,turn_patient,day5_consultation02,428.594,432.125,1
pm_turn_day5_consultation02_doctor_124,test,turn_doctor,day5_consultation02,432.403,436.686,1
pm_turn_day5_consultation02_patient_125,test,turn_patient,day5_consultation02,436.722,439.343,1
pm_turn_day5_consultation02_doctor_126,test,turn_doctor,day5_consultation02,439.037,443.306,1
pm_turn_day5_consultation02_patient_127,test,turn_patient,day5_consultation02,440.85,441.982,1
pm_turn_day5_consultation02_patient_129,test,turn_patient,day5_consultation02,442.572,444.238,1
pm_turn_day5_consultation02_doctor_128,test,turn_doctor,day5_consultation02,444.727,445.62,1
pm_turn_day5_consultation03_doctor_001,test,turn_doctor,day5_consultation03,1.011,3.759,1
pm_turn_day5_consultation03_patient_001,test,turn_patient,day5_consultation03,3.494,4.634,1
pm_turn_day5_consultation03_doctor_003,test,turn_doctor,day5_consultation03,4.096,8.928,1
pm_turn_day5_consultation03_patient_003,test,turn_patient,day5_consultation03,9.05,18.997,1
pm_turn_day5_consultation03_doctor_005,test,turn_doctor,day5_consultation03,9.825,12.237,1
pm_turn_day5_consultation03_patient_004,test,turn_patient,day5_consultation03,18.797,27.145,1
pm_turn_day5_consultation03_doctor_007,test,turn_doctor,day5_consultation03,27.338,31.75,1
pm_turn_day5_consultation03_patient_006,test,turn_patient,day5_consultation03,31.735,33.1,1
pm_turn_day5_consultation03_doctor_009,test,turn_doctor,day5_consultation03,32.769,34.559,1
pm_turn_day5_consultation03_patient_008,test,turn_patient,day5_consultation03,34.945,53.536,1
pm_turn_day5_consultation03_doctor_011,test,turn_doctor,day5_consultation03,53.02,62.792,1
pm_turn_day5_consultation03_patient_010,test,turn_patient,day5_consultation03,63.381,77.536,1
pm_turn_day5_consultation03_patient_011,test,turn_patient,day5_consultation03,77.336,87.04,1
pm_turn_day5_consultation03_doctor_013,test,turn_doctor,day5_consultation03,86.651,88.074,1
pm_turn_day5_consultation03_patient_013,test,turn_patient,day5_consultation03,88.539,105.604,1
pm_turn_day5_consultation03_patient_014,test,turn_patient,day5_consultation03,105.404,116.457,1
pm_turn_day5_consultation03_patient_015,test,turn_patient,day5_consultation03,116.257,121.401,1
pm_turn_day5_consultation03_doctor_015,test,turn_doctor,day5_consultation03,121.268,130.666,1
pm_turn_day5_consultation03_doctor_016,test,turn_doctor,day5_consultation03,130.466,137.017,1
pm_turn_day5_consultation03_patient_017,test,turn_patient,day5_consultation03,130.562,131.702,1
pm_turn_day5_consultation03_patient_019,test,turn_patient,day5_consultation03,136.998,145.524,1
pm_turn_day5_consultation03_patient_020,test,turn_patient,day5_consultation03,145.324,155.115,1
pm_turn_day5_consultation03_doctor_018,test,turn_doctor,day5_consultation03,153.879,156.825,1
pm_turn_day5_consultation03_patient_022,test,turn_patient,day5_consultation03,157.111,159.845,1
pm_turn_day5_consultation03_doctor_020,test,turn_doctor,day5_consultation03,158.713,160.805,1
pm_turn_day5_consultation03_patient_024,test,turn_patient,day5_consultation03,161.171,164.559,1
pm_turn_day5_consultation03_doctor_022,test,turn_doctor,day5_consultation03,164.921,173.112,1
pm_turn_day5_consultation03_patient_028,test,turn_patient,day5_consultation03,172.968,193.161,1
pm_turn_day5_consultation03_doctor_024,test,turn_doctor,day5_consultation03,192.619,196.376,1
pm_turn_day5_consultation03_patient_030,test,turn_patient,day5_consultation03,196.878,207.018,1
pm_turn_day5_consultation03_doctor_026,test,turn_doctor,day5_consultation03,207.362,214.353,1
pm_turn_day5_consultation03_patient_032,test,turn_patient,day5_consultation03,214.637,227.679,1
pm_turn_day5_consultation03_doctor_028,test,turn_doctor,day5_consultation03,227.639,230.668,1
pm_turn_day5_consultation03_patient_034,test,turn_patient,day5_consultation03,231.179,233.619,1
pm_turn_day5_consultation03_doctor_030,test,turn_doctor,day5_consultation03,232.702,237.778,1
pm_turn_day5_consultation03_patient_036,test,turn_patient,day5_consultation03,238.088,248.11,1
pm_turn_day5_consultation03_patient_037,test,turn_patient,day5_consultation03,247.91,264.905,1
pm_turn_day5_consultation03_doctor_034,test,turn_doctor,day5_consultation03,264.216,268.574,1
pm_turn_day5_consultation03_patient_039,test,turn_patient,day5_consultation03,269.374,271.401,1
pm_turn_day5_consultation03_doctor_036,test,turn_doctor,day5_consultation03,271.379,274.146,1
pm_turn_day5_consultation03_patient_041,test,turn_patient,day5_consultation03,275.54,284.401,1
pm_turn_day5_consultation03_doctor_038,test,turn_doctor,day5_consultation03,284.435,289.31,1
pm_turn_day5_consultation03_patient_043,test,turn_patient,day5_consultation03,290.296,296.687,1
pm_turn_day5_consultation03_doctor_040,test,turn_doctor,day5_consultation03,296.286,298.586,1
pm_turn_day5_consultation03_patient_045,test,turn_patient,day5_consultation03,299.032,306.048,1
pm_turn_day5_consultation03_doctor_042,test,turn_doctor,day5_consultation03,303.792,304.693,1
pm_turn_day5_consultation03_doctor_044,test,turn_doctor,day5_consultation03,306.124,314.427,1
pm_turn_day5_consultation03_patient_047,test,turn_patient,day5_consultation03,314.607,321.366,1
pm_turn_day5_consultation03_patient_048,test,turn_patient,day5_consultation03,321.166,335.83,1
pm_turn_day5_consultation03_doctor_046,test,turn_doctor,day5_consultation03,335.209,337.671,1
pm_turn_day5_consultation03_patient_050,test,turn_patient,day5_consultation03,338.178,351.868,1
pm_turn_day5_consultation03_doctor_048,test,turn_doctor,day5_consultation03,351.726,356.344,1
pm_turn_day5_consultation03_patient_052,test,turn_patient,day5_consultation03,356.705,359.55,1
pm_turn_day5_consultation03_patient_054,test,turn_patient,day5_consultation03,360.001,368.792,1
pm_turn_day5_consultation03_doctor_050,test,turn_doctor,day5_consultation03,368.623,375.301,1
pm_turn_day5_consultation03_patient_056,test,turn_patient,day5_consultation03,375.021,384.894,1
pm_turn_day5_consultation03_patient_057,test,turn_patient,day5_consultation03,384.694,394.612,1
pm_turn_day5_consultation03_doctor_052,test,turn_doctor,day5_consultation03,394.12,397.802,1
pm_turn_day5_consultation03_patient_059,test,turn_patient,day5_consultation03,398.91,408.552,1
pm_turn_day5_consultation03_doctor_054,test,turn_doctor,day5_consultation03,406.724,407.715,1
pm_turn_day5_consultation03_doctor_056,test,turn_doctor,day5_consultation03,409.507,419.95,1
pm_turn_day5_consultation03_doctor_058,test,turn_doctor,day5_consultation03,420.494,422.716,1
pm_turn_day5_consultation03_patient_063,test,turn_patient,day5_consultation03,423.938,429.583,1
pm_turn_day5_consultation03_patient_064,test,turn_patient,day5_consultation03,429.383,441.259,1
pm_turn_day5_consultation03_doctor_060,test,turn_doctor,day5_consultation03,439.983,452.688,1
pm_turn_day5_consultation03_patient_066,test,turn_patient,day5_consultation03,452.532,460.131,1
pm_turn_day5_consultation03_patient_067,test,turn_patient,day5_consultation03,459.931,467.627,1
pm_turn_day5_consultation03_doctor_062,test,turn_doctor,day5_consultation03,466.987,472.382,1
pm_turn_day5_consultation03_patient_069,test,turn_patient,day5_consultation03,473.405,485.657,1
pm_turn_day5_consultation03_doctor_064,test,turn_doctor,day5_consultation03,485.426,494.272,1
pm_turn_day5_consultation03_patient_071,test,turn_patient,day5_consultation03,491.548,492.665,1
pm_turn_day5_consultation03_patient_073,test,turn_patient,day5_consultation03,494.615,506.536,1
pm_turn_day5_consultation03_patient_074,test,turn_patient,day5_consultation03,506.336,518.522,1
pm_turn_day5_consultation03_doctor_066,test,turn_doctor,day5_consultation03,517.974,520.547,1
pm_turn_day5_consultation03_patient_078,test,turn_patient,day5_consultation03,525.578,529.966,1
pm_turn_day5_consultation03_doctor_068,test,turn_doctor,day5_consultation03,528.733,540.654,1
pm_turn_day5_consultation03_patient_080,test,turn_patient,day5_consultation03,540.6,548.303,1
pm_turn_day5_consultation03_patient_081,test,turn_patient,day5_consultation03,548.103,560.921,1
pm_turn_day5_consultation03_doctor_070,test,turn_doctor,day5_consultation03,560.16,563.538,1
pm_turn_day5_consultation03_patient_083,test,turn_patient,day5_consultation03,563.878,564.966,1
pm_turn_day5_consultation03_doctor_072,test,turn_doctor,day5_consultation03,564.52,566.354,1
pm_turn_day5_consultation03_patient_085,test,turn_patient,day5_consultation03,566.127,568.845,1
pm_turn_day5_consultation03_doctor_074,test,turn_doctor,day5_consultation03,569.689,573.674,1
pm_turn_day5_consultation03_patient_087,test,turn_patient,day5_consultation03,574.194,583.026,1
pm_turn_day5_consultation03_patient_089,test,turn_patient,day5_consultation03,583.698,597.507,1
pm_turn_day5_consultation03_doctor_076,test,turn_doctor,day5_consultation03,597.5,600.837,1
pm_turn_day5_consultation03_patient_091,test,turn_patient,day5_consultation03,601.427,607.71,1
pm_turn_day5_consultation03_patient_093,test,turn_patient,day5_consultation03,608.841,616.349,1
pm_turn_day5_consultation03_doctor_078,test,turn_doctor,day5_consultation03,615.083,618.715,1
pm_turn_day5_consultation03_patient_095,test,turn_patient,day5_consultation03,619.292,624.77,1
pm_turn_day5_consultation03_doctor_080,test,turn_doctor,day5_consultation03,624.423,636.535,1
pm_turn_day5_consultation03_patient_097,test,turn_patient,day5_consultation03,635.074,651.362,1
pm_turn_day5_consultation03_doctor_082,test,turn_doctor,day5_consultation03,651.055,651.973,1
pm_turn_day5_consultation03_patient_098,test,turn_patient,day5_consultation03,651.162,658.838,1
pm_turn_day5_consultation03_doctor_084,test,turn_doctor,day5_consultation03,656.524,657.531,1
pm_turn_day5_consultation03_doctor_086,test,turn_doctor,day5_consultation03,659.316,664.167,1
pm_turn_day5_consultation03_patient_102,test,turn_patient,day5_consultation03,664.886,668.71,1
pm_turn_day5_consultation03_doctor_088,test,turn_doctor,day5_consultation03,668.099,691.655,1
pm_turn_day5_consultation03_patient_104,test,turn_patient,day5_consultation03,679.804,681.107,1
pm_turn_day5_consultation03_patient_106,test,turn_patient,day5_consultation03,683.901,684.831,1
pm_turn_day5_consultation03_doctor_089,test,turn_doctor,day5_consultation03,691.455,694.65,1
pm_turn_day5_consultation03_doctor_090,test,turn_doctor,day5_consultation03,694.45,706.877,1
pm_turn_day5_consultation03_patient_108,test,turn_patient,day5_consultation03,700.112,701.176,1
pm_turn_day5_consultation03_doctor_091,test,turn_doctor,day5_consultation03,706.677,726.212,1
pm_turn_day5_consultation03_patient_110,test,turn_patient,day5_consultation03,706.894,708.349,1
pm_turn_day5_consultation03_doctor_092,test,turn_doctor,day5_consultation03,726.012,735.091,1
pm_turn_day5_consultation03_patient_112,test,turn_patient,day5_consultation03,735.375,736.372,1
pm_turn_day5_consultation03_doctor_094,test,turn_doctor,day5_consultation03,736.079,742.114,1
pm_turn_day5_consultation03_patient_114,test,turn_patient,day5_consultation03,742.029,744.357,1
pm_turn_day5_consultation03_doctor_096,test,turn_doctor,day5_consultation03,743.787,760.877,1
pm_turn_day5_consultation03_patient_118,test,turn_patient,day5_consultation03,760.939,764.259,1
pm_turn_day5_consultation03_doctor_098,test,turn_doctor,day5_consultation03,762.72,767.041,1
pm_turn_day5_consultation03_patient_120,test,turn_patient,day5_consultation03,766.977,768.718,1
pm_turn_day5_consultation03_doctor_100,test,turn_doctor,day5_consultation03,768.589,769.514,1
pm_turn_day5_consultation03_patient_122,test,turn_patient,day5_consultation03,769.668,771.109,1
pm_turn_day5_consultation03_doctor_102,test,turn_doctor,day5_consultation03,770.665,772.477,1
pm_turn_day5_consultation03_patient_124,test,turn_patient,day5_consultation03,772.353,774.071,1
pm_turn_day5_consultation03_doctor_104,test,turn_doctor,day5_consultation03,774.271,776.34,1
pm_turn_day5_consultation04_doctor_001,recalibration,turn_doctor,day5_consultation04,0.57,3.734,1
pm_turn_day5_consultation04_patient_001,recalibration,turn_patient,day5_consultation04,0.591,1.422,1
pm_turn_day5_consultation04_patient_003,recalibration,turn_patient,day5_consultation04,4.454,5.854,1
pm_turn_day5_consultation04_doctor_005,recalibration,turn_doctor,day5_consultation04,6.33,11.206,1
pm_turn_day5_consultation04_patient_005,recalibration,turn_patient,day5_consultation04,11.464,12.504,1
pm_turn_day5_consultation04_patient_007,recalibration,turn_patient,day5_consultation04,13.571,19.959,1
pm_turn_day5_consultation04_doctor_013,recalibration,turn_doctor,day5_consultation04,21.229,24.323,1
pm_turn_day5_consultation04_patient_009,recalibration,turn_patient,day5_consultation04,23.228,26.873,1
pm_turn_day5_consultation04_doctor_015,recalibration,turn_doctor,day5_consultation04,26.746,28.248,1
pm_turn_day5_consultation04_patient_011,recalibration,turn_patient,day5_consultation04,28.604,33.193,1
pm_turn_day5_consultation04_doctor_017,recalibration,turn_doctor,day5_consultation04,34.061,34.718,1
pm_turn_day5_consultation04_doctor_019,recalibration,turn_doctor,day5_consultation04,35.756,39.898,1
pm_turn_day5_consultation04_patient_013,recalibration,turn_patient,day5_consultation04,39.776,42.114,1
pm_turn_day5_consultation04_doctor_021,recalibration,turn_doctor,day5_consultation04,41.139,43.316,1
pm_turn_day5_consultation04_patient_015,recalibration,turn_patient,day5_consultation04,43.613,46.765,1
pm_turn_day5_consultation04_doctor_023,recalibration,turn_doctor,day5_consultation04,46.358,48.175,1
pm_turn_day5_consultation04_patient_017,recalibration,turn_patient,day5_consultation04,48.898,58.744,1
pm_turn_day5_consultation04_doctor_027,recalibration,turn_doctor,day5_consultation04,58.749,61.157,1
pm_turn_day5_consultation04_patient_019,recalibration,turn_patient,day5_consultation04,61.404,69.838,1
pm_turn_day5_consultation04_doctor_031,recalibration,turn_doctor,day5_consultation04,69.414,75.936,1
pm_turn_day5_consultation04_patient_021,recalibration,turn_patient,day5_consultation04,75.536,79.476,1
pm_turn_day5_consultation04_doctor_033,recalibration,turn_doctor,day5_consultation04,79.853,83.703,1
pm_turn_day5_consultation04_patient_023,recalibration,turn_patient,day5_consultation04,83.933,87.884,1
pm_turn_day5_consultation04_doctor_035,recalibration,turn_doctor,day5_consultation04,87.024,92.051,1
pm_turn_day5_consultation04_patient_025,recalibration,turn_patient,day5_consultation04,91.835,94.069,1
pm_turn_day5_consultation04_doctor_037,recalibration,turn_doctor,day5_consultation04,94.521,97.619,1
pm_turn_day5_consultation04_patient_027,recalibration,turn_patient,day5_consultation04,98.522,100.09,1
pm_turn_day5_consultation04_doctor_039,recalibration,turn_doctor,day5_consultation04,100.655,106.383,1
pm_turn_day5_consultation04_patient_029,recalibration,turn_patient,day5_consultation04,106.532,108.603,1
pm_turn_day5_consultation04_doctor_041,recalibration,turn_doctor,day5_consultation04,108.801,114.063,1
pm_turn_day5_consultation04_patient_031,recalibration,turn_patient,day5_consultation04,114.56,116.355,1
pm_turn_day5_consultation04_patient_033,recalibration,turn_patient,day5_consultation04,116.861,128.751,1
pm_turn_day5_consultation04_doctor_043,recalibration,turn_doctor,day5_consultation04,126.96,130.476,1
pm_turn_day5_consultation04_patient_035,recalibration,turn_patient,day5_consultation04,130.928,137.262,1
pm_turn_day5_consultation04_doctor_045,recalibration,turn_doctor,day5_consultation04,136.956,142.169,1
pm_turn_day5_consultation04_patient_037,recalibration,turn_patient,day5_consultation04,141.903,147.301,1
pm_turn_day5_consultation04_doctor_047,recalibration,turn_doctor,day5_consultation04,146.319,149.418,1
pm_turn_day5_consultation04_patient_039,recalibration,turn_patient,day5_consultation04,149.222,157.821,1
pm_turn_day5_consultation04_doctor_049,recalibration,turn_doctor,day5_consultation04,157.572,158.423,1
pm_turn_day5_consultation04_doctor_051,recalibration,turn_doctor,day5_consultation04,159.364,166.891,1
pm_turn_day5_consultation04_doctor_052,recalibration,turn_doctor,day5_consultation04,166.691,169.913,1
pm_turn_day5_consultation04_patient_041,recalibration,turn_patient,day5_consultation04,166.963,168.215,1
pm_turn_day5_consultation04_patient_043,recalibration,turn_patient,day5_consultation04,170.185,175.48,1
pm_turn_day5_consultation04_doctor_054,recalibration,turn_doctor,day5_consultation04,175.484,176.772,1
pm_turn_day5_consultation04_doctor_056,recalibration,turn_doctor,day5_consultation04,177.79,180.04,1
pm_turn_day5_consultation04_patient_045,recalibration,turn_patient,day5_consultation04,180.61,181.946,1
pm_turn_day5_consultation04_doctor_058,recalibration,turn_doctor,day5_consultation04,183.185,187.658,1
pm_turn_day5_consultation04_patient_047,recalibration,turn_patient,day5_consultation04,187.632,194.92,1
pm_turn_day5_consultation04_doctor_060,recalibration,turn_doctor,day5_consultation04,195.075,197.99,1
pm_turn_day5_consultation04_patient_049,recalibration,turn_patient,day5_consultation04,198.619,207.899,1
pm_turn_day5_consultation04_doctor_064,recalibration,turn_doctor,day5_consultation04,206.814,210.539,1
pm_turn_day5_consultation04_doctor_066,recalibration,turn_doctor,day5_consultation04,211.641,214.012,1
pm_turn_day5_consultation04_patient_053,recalibration,turn_patient,day5_consultation04,215.032,220.342,1
pm_turn_day5_consultation04_doctor_068,recalibration,turn_doctor,day5_consultation04,215.891,217.636,1
pm_turn_day5_consultation04_doctor_070,recalibration,turn_doctor,day5_consultation04,219.705,221.873,1
pm_turn_day5_consultation04_patient_055,recalibration,turn_patient,day5_consultation04,222.021,227.476,1
pm_turn_day5_consultation04_doctor_072,recalibration,turn_doctor,day5_consultation04,227.407,229.618,1
pm_turn_day5_consultation04_patient_057,recalibration,turn_patient,day5_consultation04,229.735,233.49,1
pm_turn_day5_consultation04_doctor_074,recalibration,turn_doctor,day5_consultation04,232.573,242.394,1
pm_turn_day5_consultation04_patient_059,recalibration,turn_patient,day5_consultation04,234.579,235.363,1
pm_turn_day5_consultation04_patient_061,recalibration,turn_patient,day5_consultation04,238.31,239.272,1
pm_turn_day5_consultation04_patient_063,recalibration,turn_patient,day5_consultation04,241.489,243.396,1
pm_turn_day5_consultation04_patient_064,recalibration,turn_patient,day5_consultation04,243.196,246.338,1
pm_turn_day5_consultation04_doctor_076,recalibration,turn_doctor,day5_consultation04,247.766,251.963,1
pm_turn_day5_consultation04_patient_066,recalibration,turn_patient,day5_consultation04,251.995,254.027,1
pm_turn_day5_consultation04_doctor_078,recalibration,turn_doctor,day5_consultation04,252.907,255.364,1
pm_turn_day5_consultation04_patient_068,recalibration,turn_patient,day5_consultation04,256.457,272.517,1
pm_turn_day5_consultation04_doctor_080,recalibration,turn_doctor,day5_consultation04,259.731,260.614,1
pm_turn_day5_consultation04_doctor_082,recalibration,turn_doctor,day5_consultation04,272.207,276.884,1
pm_turn_day5_consultation04_patient_070,recalibration,turn_patient,day5_consultation04,277.095,282.235,1
pm_turn_day5_consultation04_doctor_084,recalibration,turn_doctor,day5_consultation04,281.7,287.008,1
pm_turn_day5_consultation04_doctor_086,recalibration,turn_doctor,day5_consultation04,288.332,289.08,1
pm_turn_day5_consultation04_doctor_088,recalibration,turn_doctor,day5_consultation04,290.945,294.2,1
pm_turn_day5_consultation04_patient_072,recalibration,turn_patient,day5_consultation04,294.196,299.141,1
pm_turn_day5_consultation04_doctor_090,recalibration,turn_doctor,day5_consultation04,298.947,300.64,1
pm_turn_day5_consultation04_patient_074,recalibration,turn_patient,day5_consultation04,301.191,302.229,1
pm_turn_day5_consultation04_doctor_092,recalibration,turn_doctor,day5_consultation04,303.116,305.843,1
pm_turn_day5_consultation04_patient_076,recalibration,turn_patient,day5_consultation04,306.396,307.276,1
pm_turn_day5_consultation04_doctor_094,recalibration,turn_doctor,day5_consultation04,307.984,313.321,1
pm_turn_day5_consultation04_patient_078,recalibration,turn_patient,day5_consultation04,312.025,324.403,1
pm_turn_day5_consultation04_doctor_096,recalibration,turn_doctor,day5_consultation04,324.684,330.718,1
pm_turn_day5_consultation04_patient_080,recalibration,turn_patient,day5_consultation04,330.611,332.747,1
pm_turn_day5_consultation04_doctor_098,recalibration,turn_doctor,day5_consultation04,333.673,340.129,1
pm_turn_day5_consultation04_patient_082,recalibration,turn_patient,day5_consultation04,339.944,347.746,1
pm_turn_day5_consultation04_doctor_100,recalibration,turn_doctor,day5_consultation04,343.271,344.215,1
pm_turn_day5_consultation04_doctor_102,recalibration,turn_doctor,day5_consultation04,347.859,352.255,1
pm_turn_day5_consultation04_patient_086,recalibration,turn_patient,day5_consultation04,352.626,353.638,1
pm_turn_day5_consultation04_doctor_104,recalibration,turn_doctor,day5_consultation04,353.534,355.885,1
pm_turn_day5_consultation04_patient_088,recalibration,turn_patient,day5_consultation04,355.935,356.759,1
pm_turn_day5_consultation04_doctor_106,recalibration,turn_doctor,day5_consultation04,357.183,363.158,1
pm_turn_day5_consultation04_patient_090,recalibration,turn_patient,day5_consultation04,360.557,367.623,1
pm_turn_day5_consultation04_doctor_108,recalibration,turn_doctor,day5_consultation04,367.433,370.448,1
pm_turn_day5_consultation04_doctor_110,recalibration,turn_doctor,day5_consultation04,374.182,377.99,1
pm_turn_day5_consultation04_doctor_112,recalibration,turn_doctor,day5_consultation04,381.323,384.116,1
pm_turn_day5_consultation04_patient_092,recalibration,turn_patient,day5_consultation04,384.625,387.122,1
pm_turn_day5_consultation04_doctor_116,recalibration,turn_doctor,day5_consultation04,387.794,390.041,1
pm_turn_day5_consultation04_patient_094,recalibration,turn_patient,day5_consultation04,390.379,393.041,1
pm_turn_day5_consultation04_doctor_118,recalibration,turn_doctor,day5_consultation04,393.955,397.499,1
pm_turn_day5_consultation04_patient_096,recalibration,turn_patient,day5_consultation04,397.374,398.45,1
pm_turn_day5_consultation04_doctor_120,recalibration,turn_doctor,day5_consultation04,398.159,400.066,1
pm_turn_day5_consultation04_patient_098,recalibration,turn_patient,day5_consultation04,400.554,401.414,1
pm_turn_day5_consultation04_doctor_122,recalibration,turn_doctor,day5_consultation04,401.218,403.323,1
pm_turn_day5_consultation04_patient_100,recalibration,turn_patient,day5_consultation04,403.517,404.242,1
pm_turn_day5_consultation04_doctor_124,recalibration,turn_doctor,day5_consultation04,404.071,405.573,1
pm_turn_day5_consultation04_patient_102,recalibration,turn_patient,day5_consultation04,405.78,407.236,1
pm_turn_day5_consultation04_doctor_126,recalibration,turn_doctor,day5_consultation04,407.184,408.877,1
pm_turn_day5_consultation04_doctor_128,recalibration,turn_doctor,day5_consultation04,409.754,413.379,1
pm_turn_day5_consultation04_doctor_130,recalibration,turn_doctor,day5_consultation04,415.588,418.542,1
pm_turn_day5_consultation04_patient_106,recalibration,turn_patient,day5_consultation04,419.183,420.001,1
pm_turn_day5_consultation04_doctor_132,recalibration,turn_doctor,day5_consultation04,419.994,424.228,1
pm_turn_day5_consultation04_patient_108,recalibration,turn_patient,day5_consultation04,424.423,432.994,1
pm_turn_day5_consultation04_doctor_134,recalibration,turn_doctor,day5_consultation04,433.206,439.063,1
pm_turn_day5_consultation04_patient_110,recalibration,turn_patient,day5_consultation04,439.686,449.706,1
pm_turn_day5_consultation04_doctor_138,recalibration,turn_doctor,day5_consultation04,447.233,449.431,1
pm_turn_day5_consultation04_doctor_140,recalibration,turn_doctor,day5_consultation04,450.001,461.993,1
pm_turn_day5_consultation04_doctor_141,recalibration,turn_doctor,day5_consultation04,461.793,465.442,1
pm_turn_day5_consultation04_patient_112,recalibration,turn_patient,day5_consultation04,465.445,466.424,1
pm_turn_day5_consultation04_doctor_143,recalibration,turn_doctor,day5_consultation04,466.565,480.896,1
pm_turn_day5_consultation04_doctor_144,recalibration,turn_doctor,day5_consultation04,480.696,486.167,1
pm_turn_day5_consultation04_patient_114,recalibration,turn_patient,day5_consultation04,486.492,487.364,1
pm_turn_day5_consultation04_doctor_146,recalibration,turn_doctor,day5_consultation04,488.055,494.635,1
pm_turn_day5_consultation04_doctor_147,recalibration,turn_doctor,day5_consultation04,494.435,502.762,1
pm_turn_day5_consultation04_doctor_149,recalibration,turn_doctor,day5_consultation04,503.97,507.735,1
pm_turn_day5_consultation04_patient_116,recalibration,turn_patient,day5_consultation04,507.63,508.726,1
pm_turn_day5_consultation04_doctor_151,recalibration,turn_doctor,day5_consultation04,508.624,512.63,1
pm_turn_day5_consultation04_patient_118,recalibration,turn_patient,day5_consultation04,513.251,514.162,1
pm_turn_day5_consultation04_doctor_153,recalibration,turn_doctor,day5_consultation04,514.083,520.041,1
pm_turn_day5_consultation04_patient_120,recalibration,turn_patient,day5_consultation04,521.13,522.243,1
pm_turn_day5_consultation04_doctor_155,recalibration,turn_doctor,day5_consultation04,521.941,526.712,1
pm_turn_day5_consultation04_patient_122,recalibration,turn_patient,day5_consultation04,526.842,527.578,1
pm_turn_day5_consultation04_doctor_157,recalibration,turn_doctor,day5_consultation04,529.078,532.291,1
pm_turn_day5_consultation04_doctor_159,recalibration,turn_doctor,day5_consultation04,534.202,538.91,1
pm_turn_day5_consultation04_patient_128,recalibration,turn_patient,day5_consultation04,539.195,541.501,1
pm_turn_day5_consultation04_doctor_161,recalibration,turn_doctor,day5_consultation04,539.656,541.626,1
pm_turn_day5_consultation05_doctor_001,test,turn_doctor,day5_consultation05,1.144,3.356,1
pm_turn_day5_consultation05_doctor_003,test,turn_doctor,day5_consultation05,3.9,11.956,1
pm_turn_day5_consultation05_patient_003,test,turn_patient,day5_consultation05,8.353,13.12,1
pm_turn_day5_consultation05_patient_005,test,turn_patient,day5_consultation05,14.38,15.722,1
pm_turn_day5_consultation05_doctor_007,test,turn_doctor,day5_consultation05,16.244,19.706,1
pm_turn_day5_consultation05_doctor_009,test,turn_doctor,day5_consultation05,20.256,23.057,1
pm_turn_day5_consultation05_patient_007,test,turn_patient,day5_consultation05,23.724,24.607,1
pm_turn_day5_consultation05_doctor_011,test,turn_doctor,day5_consultation05,24.494,27.967,1
pm_turn_day5_consultation05_patient_009,test,turn_patient,day5_consultation05,28.326,29.458,1
pm_turn_day5_consultation05_doctor_013,test,turn_doctor,day5_consultation05,28.404,30.913,1
pm_turn_day5_consultation05_patient_011,test,turn_patient,day5_consultation05,31.562,38.708,1
pm_turn_day5_consultation05_doctor_019,test,turn_doctor,day5_consultation05,39.052,42.347,1
pm_turn_day5_consultation05_patient_013,test,turn_patient,day5_consultation05,43.217,45.377,1
pm_turn_day5_consultation05_doctor_021,test,turn_doctor,day5_consultation05,45.284,48.222,1
pm_turn_day5_consultation05_patient_015,test,turn_patient,day5_consultation05,49.63,52.35,1
pm_turn_day5_consultation05_doctor_023,test,turn_doctor,day5_consultation05,52.765,57.048,1
pm_turn_day5_consultation05_patient_017,test,turn_patient,day5_consultation05,55.819,57.789,1
pm_turn_day5_consultation05_doctor_025,test,turn_doctor,day5_consultation05,57.527,60.923,1
pm_turn_day5_consultation05_patient_019,test,turn_patient,day5_consultation05,61.481,64.33,1
pm_turn_day5_consultation05_doctor_027,test,turn_doctor,day5_consultation05,64.747,72.285,1
pm_turn_day5_consultation05_patient_021,test,turn_patient,day5_consultation05,72.555,76.749,1
pm_turn_day5_consultation05_doctor_029,test,turn_doctor,day5_consultation05,76.537,82.391,1
pm_turn_day5_consultation05_patient_023,test,turn_patient,day5_consultation05,82.697,92.113,1
pm_turn_day5_consultation05_doctor_031,test,turn_doctor,day5_consultation05,90.178,93.176,1
pm_turn_day5_consultation05_patient_025,test,turn_patient,day5_consultation05,93.292,94.005,1
pm_turn_day5_consultation05_doctor_033,test,turn_doctor,day5_consultation05,93.643,95.777,1
pm_turn_day5_consultation05_patient_027,test,turn_patient,day5_consultation05,96.184,98.248,1
pm_turn_day5_consultation05_doctor_035,test,turn_doctor,day5_consultation05,97.857,99.461,1
pm_turn_day5_consultation05_patient_029,test,turn_patient,day5_consultation05,99.535,100.33,1
pm_turn_day5_consultation05_doctor_037,test,turn_doctor,day5_consultation05,100.202,102.372,1
pm_turn_day5_consultation05_patient_031,test,turn_patient,day5_consultation05,103.055,112.789,1
pm_turn_day5_consultation05_doctor_039,test,turn_doctor,day5_consultation05,112.54,115.984,1
pm_turn_day5_consultation05_patient_033,test,turn_patient,day5_consultation05,116.865,118.478,1
pm_turn_day5_consultation05_doctor_041,test,turn_doctor,day5_consultation05,119.188,122.114,1
pm_turn_day5_consultation05_patient_035,test,turn_patient,day5_consultation05,122.876,124.776,1
pm_turn_day5_consultation05_doctor_043,test,turn_doctor,day5_consultation05,124.61,127.28,1
pm_turn_day5_consultation05_patient_037,test,turn_patient,day5_consultation05,127.927,132.992,1
pm_turn_day5_consultation05_doctor_045,test,turn_doctor,day5_consultation05,133.663,135.988,1
pm_turn_day5_consultation05_patient_039,test,turn_patient,day5_consultation05,136.319,137.411,1
pm_turn_day5_consultation05_doctor_047,test,turn_doctor,day5_consultation05,138.942,143.416,1
pm_turn_day5_consultation05_patient_041,test,turn_patient,day5_consultation05,143.704,148.404,1
pm_turn_day5_consultation05_doctor_049,test,turn_doctor,day5_consultation05,146.989,152.605,1
pm_turn_day5_consultation05_patient_043,test,turn_patient,day5_consultation05,149.609,150.289,1
pm_turn_day5_consultation05_patient_045,test,turn_patient,day5_consultation05,153.102,153.911,1
pm_turn_day5_consultation05_doctor_051,test,turn_doctor,day5_consultation05,153.512,156.831,1
pm_turn_day5_consultation05_patient_047,test,turn_patient,day5_consultation05,156.413,160.532,1
pm_turn_day5_consultation05_doctor_053,test,turn_doctor,day5_consultation05,160.577,170.651,1
pm_turn_day5_consultation05_patient_049,test,turn_patient,day5_consultation05,169.109,174.316,1
pm_turn_day5_consultation05_doctor_055,test,turn_doctor,day5_consultation05,174.361,178.448,1
pm_turn_day5_consultation05_patient_051,test,turn_patient,day5_consultation05,178.981,180.181,1
pm_turn_day5_consultation05_doctor_057,test,turn_doctor,day5_consultation05,180.587,184.293,1
pm_turn_day5_consultation05_patient_053,test,turn_patient,day5_consultation05,185.035,186.931,1
pm_turn_day5_consultation05_doctor_059,test,turn_doctor,day5_consultation05,186.902,189.78,1
pm_turn_day5_consultation05_patient_055,test,turn_patient,day5_consultation05,190.893,191.613,1
pm_turn_day5_consultation05_doctor_061,test,turn_doctor,day5_consultation05,191.342,194.5,1
pm_turn_day5_consultation05_patient_057,test,turn_patient,day5_consultation05,195.163,203.533,1
pm_turn_day5_consultation05_doctor_063,test,turn_doctor,day5_consultation05,203.02,208.755,1
pm_turn_day5_consultation05_patient_061,test,turn_patient,day5_consultation05,208.731,211.924,1
pm_turn_day5_consultation05_doctor_065,test,turn_doctor,day5_consultation05,212.531,215.314,1
pm_turn_day5_consultation05_patient_063,test,turn_patient,day5_consultation05,215.812,216.748,1
pm_turn_day5_consultation05_doctor_067,test,turn_doctor,day5_consultation05,216.233,218.439,1
pm_turn_day5_consultation05_patient_065,test,turn_patient,day5_consultation05,218.406,228.12,1
pm_turn_day5_consultation05_doctor_069,test,turn_doctor,day5_consultation05,229.291,234.228,1
pm_turn_day5_consultation05_patient_067,test,turn_patient,day5_consultation05,235.008,236.208,1
pm_turn_day5_consultation05_doctor_071,test,turn_doctor,day5_consultation05,237.278,241.406,1
pm_turn_day5_consultation05_patient_069,test,turn_patient,day5_consultation05,241.879,244.437,1
pm_turn_day5_consultation05_doctor_073,test,turn_doctor,day5_consultation05,244.545,245.555,1
pm_turn_day5_consultation05_patient_071,test,turn_patient,day5_consultation05,245.291,247.856,1
pm_turn_day5_consultation05_doctor_075,test,turn_doctor,day5_consultation05,247.861,253.899,1
pm_turn_day5_consultation05_patient_073,test,turn_patient,day5_consultation05,253.906,256.262,1
pm_turn_day5_consultation05_doctor_077,test,turn_doctor,day5_consultation05,255.777,260.113,1
pm_turn_day5_consultation05_patient_075,test,turn_patient,day5_consultation05,260.94,266.633,1
pm_turn_day5_consultation05_doctor_079,test,turn_doctor,day5_consultation05,266.901,271.779,1
pm_turn_day5_consultation05_patient_077,test,turn_patient,day5_consultation05,271.994,284.762,1
pm_turn_day5_consultation05_doctor_081,test,turn_doctor,day5_consultation05,276.209,277.201,1
pm_turn_day5_consultation05_doctor_083,test,turn_doctor,day5_consultation05,283.661,286.682,1
pm_turn_day5_consultation05_patient_079,test,turn_patient,day5_consultation05,287.521,289.167,1
pm_turn_day5_consultation05_doctor_085,test,turn_doctor,day5_consultation05,289.012,290.854,1
pm_turn_day5_consultation05_patient_081,test,turn_patient,day5_consultation05,291.339,293.37,1
pm_turn_day5_consultation05_doctor_087,test,turn_doctor,day5_consultation05,293.434,296.616,1
pm_turn_day5_consultation05_patient_083,test,turn_patient,day5_consultation05,297.082,298.518,1
pm_turn_day5_consultation05_doctor_089,test,turn_doctor,day5_consultation05,298.35,300.253,1
pm_turn_day5_consultation05_patient_085,test,turn_patient,day5_consultation05,300.481,303.964,1
pm_turn_day5_consultation05_patient_087,test,turn_patient,day5_consultation05,304.879,307.086,1
pm_turn_day5_consultation05_doctor_091,test,turn_doctor,day5_consultation05,306.957,308.299,1
pm_turn_day5_consultation05_patient_089,test,turn_patient,day5_consultation05,308.879,314.106,1
pm_turn_day5_consultation05_doctor_095,test,turn_doctor,day5_consultation05,315.706,317.18,1
pm_turn_day5_consultation05_patient_091,test,turn_patient,day5_consultation05,317.413,319.126,1
pm_turn_day5_consultation05_doctor_097,test,turn_doctor,day5_consultation05,318.926,320.019,1
pm_turn_day5_consultation05_patient_093,test,turn_patient,day5_consultation05,319.926,322.816,1
pm_turn_day5_consultation05_doctor_099,test,turn_doctor,day5_consultation05,322.271,330.149,1
pm_turn_day5_consultation05_patient_095,test,turn_patient,day5_consultation05,330.649,331.653,1
pm_turn_day5_consultation05_doctor_101,test,turn_doctor,day5_consultation05,331.336,337.839,1
pm_turn_day5_consultation05_patient_097,test,turn_patient,day5_consultation05,338.109,338.991,1
pm_turn_day5_consultation05_doctor_103,test,turn_doctor,day5_consultation05,339.668,345.415,1
pm_turn_day5_consultation05_doctor_105,test,turn_doctor,day5_consultation05,345.906,364.473,1
pm_turn_day5_consultation05_patient_099,test,turn_patient,day5_consultation05,346.305,347.295,1
pm_turn_day5_consultation05_patient_101,test,turn_patient,day5_consultation05,364.697,366.626,1
pm_turn_day5_consultation05_doctor_107,test,turn_doctor,day5_consultation05,366.201,370.442,1
pm_turn_day5_consultation05_patient_103,test,turn_patient,day5_consultation05,371.075,372.674,1
pm_turn_day5_consultation05_doctor_109,test,turn_doctor,day5_consultation05,373.159,378.852,1
pm_turn_day5_consultation05_patient_105,test,turn_patient,day5_consultation05,379.17,382.586,1
pm_turn_day5_consultation05_doctor_111,test,turn_doctor,day5_consultation05,382.444,391.774,1
pm_turn_day5_consultation05_patient_107,test,turn_patient,day5_consultation05,388.379,389.315,1
pm_turn_day5_consultation05_doctor_113,test,turn_doctor,day5_consultation05,392.318,398.303,1
pm_turn_day5_consultation05_patient_109,test,turn_patient,day5_consultation05,398.386,402.221,1
pm_turn_day5_consultation05_doctor_115,test,turn_doctor,day5_consultation05,400.353,404.029,1
pm_turn_day5_consultation05_patient_111,test,turn_patient,day5_consultation05,404.068,409.08,1
pm_turn_day5_consultation05_doctor_117,test,turn_doctor,day5_consultation05,405.697,408.356,1
pm_turn_day5_consultation06_patient_001,test,turn_patient,day5_consultation06,0.78,2.168,1
pm_turn_day5_consultation06_doctor_001,test,turn_doctor,day5_consultation06,1.545,4.267,1
pm_turn_day5_consultation06_patient_003,test,turn_patient,day5_consultation06,4.441,6.145,1
pm_turn_day5_consultation06_doctor_003,test,turn_doctor,day5_consultation06,5.203,10.854,1
pm_turn_day5_consultation06_patient_005,test,turn_patient,day5_consultation06,11.261,13.198,1
pm_turn_day5_consultation06_doctor_009,test,turn_doctor,day5_consultation06,18.138,24.614,1
pm_turn_day5_consultation06_patient_009,test,turn_patient,day5_consultation06,21.772,23.972,1
pm_turn_day5_consultation06_patient_011,test,turn_patient,day5_consultation06,25.111,29.311,1
pm_turn_day5_consultation06_doctor_011,test,turn_doctor,day5_consultation06,28.956,30.124,1
pm_turn_day5_consultation06_patient_013,test,turn_patient,day5_consultation06,30.607,32.709,1
pm_turn_day5_consultation06_doctor_013,test,turn_doctor,day5_consultation06,32.53,36.794,1
pm_turn_day5_consultation06_patient_015,test,turn_patient,day5_consultation06,37.088,38.311,1
pm_turn_day5_consultation06_doctor_015,test,turn_doctor,day5_consultation06,37.794,39.562,1
pm_turn_day5_consultation06_patient_017,test,turn_patient,day5_consultation06,40.035,48.589,1
pm_turn_day5_consultation06_patient_019,test,turn_patient,day5_consultation06,49.065,50.348,1
pm_turn_day5_consultation06_doctor_017,test,turn_doctor,day5_consultation06,50.599,52.896,1
pm_turn_day5_consultation06_patient_021,test,turn_patient,day5_consultation06,53.614,55.739,1
pm_turn_day5_consultation06_patient_023,test,turn_patient,day5_consultation06,56.193,57.243,1
pm_turn_day5_consultation06_doctor_019,test,turn_doctor,day5_consultation06,56.811,62.817,1
pm_turn_day5_consultation06_patient_025,test,turn_patient,day5_consultation06,63.133,68.363,1
pm_turn_day5_consultation06_doctor_021,test,turn_doctor,day5_consultation06,68.217,71.042,1
pm_turn_day5_consultation06_patient_029,test,turn_patient,day5_consultation06,73.359,75.837,1
pm_turn_day5_consultation06_patient_031,test,turn_patient,day5_consultation06,76.344,80.213,1
pm_turn_day5_consultation06_doctor_023,test,turn_doctor,day5_consultation06,81.215,86.705,1
pm_turn_day5_consultation06_patient_033,test,turn_patient,day5_consultation06,87.02,91.363,1
pm_turn_day5_consultation06_doctor_025,test,turn_doctor,day5_consultation06,91.053,93.698,1
pm_turn_day5_consultation06_patient_035,test,turn_patient,day5_consultation06,94.4,100.032,1
pm_turn_day5_consultation06_doctor_027,test,turn_doctor,day5_consultation06,100.349,105.123,1
pm_turn_day5_consultation06_patient_037,test,turn_patient,day5_consultation06,105.366,116.228,1
pm_turn_day5_consultation06_doctor_029,test,turn_doctor,day5_consultation06,116.276,119.786,1
pm_turn_day5_consultation06_patient_039,test,turn_patient,day5_consultation06,120.802,128.521,1
pm_turn_day5_consultation06_doctor_031,test,turn_doctor,day5_consultation06,128.385,132.281,1
pm_turn_day5_consultation06_patient_041,test,turn_patient,day5_consultation06,133.381,137.702,1
pm_turn_day5_consultation06_doctor_033,test,turn_doctor,day5_consultation06,136.932,142.08,1
pm_turn_day5_consultation06_patient_043,test,turn_patient,day5_consultation06,142.607,146.16,1
pm_turn_day5_consultation06_doctor_035,test,turn_doctor,day5_consultation06,144.667,145.725,1
pm_turn_day5_consultation06_doctor_037,test,turn_doctor,day5_consultation06,146.08,149.68,1
pm_turn_day5_consultation06_patient_047,test,turn_patient,day5_consultation06,153.028,154.777,1
pm_turn_day5_consultation06_doctor_039,test,turn_doctor,day5_consultation06,154.77,155.853,1
pm_turn_day5_consultation06_doctor_041,test,turn_doctor,day5_consultation06,156.653,161.517,1
pm_turn_day5_consultation06_patient_049,test,turn_patient,day5_consultation06,161.622,163.055,1
pm_turn_day5_consultation06_doctor_043,test,turn_doctor,day5_consultation06,163.653,164.562,1
pm_turn_day5_consultation06_doctor_045,test,turn_doctor,day5_consultation06,164.904,169.523,1
pm_turn_day5_consultation06_patient_051,test,turn_patient,day5_consultation06,170.389,172.371,1
pm_turn_day5_consultation06_doctor_047,test,turn_doctor,day5_consultation06,171.472,173.691,1
pm_turn_day5_consultation06_patient_053,test,turn_patient,day5_consultation06,173.599,180.83,1
pm_turn_day5_consultation06_doctor_049,test,turn_doctor,day5_consultation06,177.491,178.452,1
pm_turn_day5_consultation06_doctor_051,test,turn_doctor,day5_consultation06,178.962,182.852,1
pm_turn_day5_consultation06_patient_055,test,turn_patient,day5_consultation06,183.314,184.514,1
pm_turn_day5_consultation06_doctor_053,test,turn_doctor,day5_consultation06,183.432,188.967,1
pm_turn_day5_consultation06_patient_057,test,turn_patient,day5_consultation06,189.43,207.732,1
pm_turn_day5_consultation06_doctor_055,test,turn_doctor,day5_consultation06,207.062,209.436,1
pm_turn_day5_consultation06_patient_059,test,turn_patient,day5_consultation06,209.487,210.611,1
pm_turn_day5_consultation06_doctor_057,test,turn_doctor,day5_consultation06,210.591,215.661,1
pm_turn_day5_consultation06_doctor_059,test,turn_doctor,day5_consultation06,218.345,223.106,1
pm_turn_day5_consultation06_patient_063,test,turn_patient,day5_consultation06,224.554,227.521,1
pm_turn_day5_consultation06_doctor_061,test,turn_doctor,day5_consultation06,225.834,226.789,1
pm_turn_day5_consultation06_doctor_063,test,turn_doctor,day5_consultation06,227.247,233.111,1
pm_turn_day5_consultation06_patient_065,test,turn_patient,day5_consultation06,233.675,246.882,1
pm_turn_day5_consultation06_doctor_065,test,turn_doctor,day5_consultation06,239.272,240.188,1
pm_turn_day5_consultation06_doctor_067,test,turn_doctor,day5_consultation06,246.291,249.129,1
pm_turn_day5_consultation06_patient_067,test,turn_patient,day5_consultation06,249.78,261.168,1
pm_turn_day5_consultation06_doctor_071,test,turn_doctor,day5_consultation06,260.773,263.063,1
pm_turn_day5_consultation06_patient_069,test,turn_patient,day5_consultation06,264.269,274.085,1
pm_turn_day5_consultation06_doctor_073,test,turn_doctor,day5_consultation06,274.262,275.262,1
pm_turn_day5_consultation06_doctor_075,test,turn_doctor,day5_consultation06,275.811,279.901,1
pm_turn_day5_consultation06_patient_071,test,turn_patient,day5_consultation06,280.509,289.191,1
pm_turn_day5_consultation06_doctor_077,test,turn_doctor,day5_consultation06,285.087,286.081,1
pm_turn_day5_consultation06_doctor_079,test,turn_doctor,day5_consultation06,289.467,291.59,1
pm_turn_day5_consultation06_patient_073,test,turn_patient,day5_consultation06,292.261,294.927,1
pm_turn_day5_consultation06_doctor_081,test,turn_doctor,day5_consultation06,294.757,297.415,1
pm_turn_day5_consultation06_patient_075,test,turn_patient,day5_consultation06,298.344,302.13,1
pm_turn_day5_consultation06_doctor_083,test,turn_doctor,day5_consultation06,302.06,304.228,1
pm_turn_day5_consultation06_patient_077,test,turn_patient,day5_consultation06,304.885,314.709,1
pm_turn_day5_consultation06_doctor_085,test,turn_doctor,day5_consultation06,313.381,315.942,1
pm_turn_day5_consultation06_patient_079,test,turn_patient,day5_consultation06,316.336,318.063,1
pm_turn_day5_consultation06_doctor_087,test,turn_doctor,day5_consultation06,318.581,320.858,1
pm_turn_day5_consultation06_patient_081,test,turn_patient,day5_consultation06,321.096,322.1,1
pm_turn_day5_consultation06_doctor_089,test,turn_doctor,day5_consultation06,321.8,324.323,1
pm_turn_day5_consultation06_patient_083,test,turn_patient,day5_consultation06,324.788,325.89,1
pm_turn_day5_consultation06_doctor_091,test,turn_doctor,day5_consultation06,325.568,326.574,1
pm_turn_day5_consultation06_doctor_093,test,turn_doctor,day5_consultation06,327.768,330.206,1
pm_turn_day5_consultation06_patient_089,test,turn_patient,day5_consultation06,337.171,339.161,1
pm_turn_day5_consultation06_doctor_095,test,turn_doctor,day5_consultation06,338.779,341.45,1
pm_turn_day5_consultation06_patient_091,test,turn_patient,day5_consultation06,341.915,351.138,1
pm_turn_day5_consultation06_doctor_097,test,turn_doctor,day5_consultation06,348.398,350.249,1
pm_turn_day5_consultation06_doctor_099,test,turn_doctor,day5_consultation06,351.049,353.236,1
pm_turn_day5_consultation06_patient_093,test,turn_patient,day5_consultation06,353.915,356.657,1
pm_turn_day5_consultation06_doctor_101,test,turn_doctor,day5_consultation06,356.06,358.049,1
pm_turn_day5_consultation06_doctor_103,test,turn_doctor,day5_consultation06,358.926,363.965,1
pm_turn_day5_consultation06_patient_095,test,turn_patient,day5_consultation06,364.239,375.025,1
pm_turn_day5_consultation06_doctor_105,test,turn_doctor,day5_consultation06,376.215,378.111,1
pm_turn_day5_consultation06_patient_099,test,turn_patient,day5_consultation06,378.186,387.003,1
pm_turn_day5_consultation06_doctor_107,test,turn_doctor,day5_consultation06,386.504,389.601,1
pm_turn_day5_consultation06_patient_101,test,turn_patient,day5_consultation06,387.517,388.341,1
pm_turn_day5_consultation06_patient_103,test,turn_patient,day5_consultation06,389.885,395.552,1
pm_turn_day5_consultation06_doctor_109,test,turn_doctor,day5_consultation06,395.632,405.341,1
pm_turn_day5_consultation06_patient_105,test,turn_patient,day5_consultation06,404.209,415.732,1
pm_turn_day5_consultation06_doctor_111,test,turn_doctor,day5_consultation06,411.521,412.431,1
pm_turn_day5_consultation06_doctor_113,test,turn_doctor,day5_consultation06,415.862,416.933,1
pm_turn_day5_consultation06_doctor_117,test,turn_doctor,day5_consultation06,419.23,435.177,1
pm_turn_day5_consultation06_doctor_118,test,turn_doctor,day5_consultation06,434.977,449.84,1
pm_turn_day5_consultation06_doctor_120,test,turn_doctor,day5_consultation06,450.433,465.109,1
pm_turn_day5_consultation06_doctor_121,test,turn_doctor,day5_consultation06,464.909,473.166,1
pm_turn_day5_consultation06_patient_107,test,turn_patient,day5_consultation06,473.389,474.589,1
pm_turn_day5_consultation06_doctor_123,test,turn_doctor,day5_consultation06,474.444,486.436,1
pm_turn_day5_consultation06_doctor_125,test,turn_doctor,day5_consultation06,487.429,489.848,1
pm_turn_day5_consultation06_patient_109,test,turn_patient,day5_consultation06,487.69,496.649,1
pm_turn_day5_consultation06_doctor_127,test,turn_doctor,day5_consultation06,496.145,509.956,1
pm_turn_day5_consultation06_patient_111,test,turn_patient,day5_consultation06,505.931,506.852,1
pm_turn_day5_consultation06_doctor_128,test,turn_doctor,day5_consultation06,509.756,521.413,1
pm_turn_day5_consultation06_doctor_130,test,turn_doctor,day5_consultation06,521.948,530.096,1
pm_turn_day5_consultation06_patient_113,test,turn_patient,day5_consultation06,522.126,523.161,1
pm_turn_day5_consultation06_patient_115,test,turn_patient,day5_consultation06,530.442,534.364,1
pm_turn_day5_consultation06_doctor_132,test,turn_doctor,day5_consultation06,534.07,553.97,1
pm_turn_day5_consultation06_patient_117,test,turn_patient,day5_consultation06,554.69,555.755,1
pm_turn_day5_consultation06_doctor_134,test,turn_doctor,day5_consultation06,555.312,558.777,1
pm_turn_day5_consultation06_patient_119,test,turn_patient,day5_consultation06,558.976,573.266,1
pm_turn_day5_consultation06_doctor_136,test,turn_doctor,day5_consultation06,571.407,586.238,1
pm_turn_day5_consultation06_doctor_137,test,turn_doctor,day5_consultation06,586.038,600.707,1
pm_turn_day5_consultation06_patient_123,test,turn_patient,day5_consultation06,600.69,601.687,1
pm_turn_day5_consultation06_doctor_139,test,turn_doctor,day5_consultation06,602.159,606.255,1
pm_turn_day5_consultation06_patient_125,test,turn_patient,day5_consultation06,603.247,604.619,1
pm_turn_day5_consultation06_patient_127,test,turn_patient,day5_consultation06,606.247,607.484,1
pm_turn_day5_consultation06_doctor_141,test,turn_doctor,day5_consultation06,607.487,609.674,1
pm_turn_day5_consultation06_doctor_143,test,turn_doctor,day5_consultation06,610.752,612.403,1
pm_turn_day5_consultation06_patient_131,test,turn_patient,day5_consultation06,612.224,613.326,1
pm_turn_day5_consultation06_doctor_145,test,turn_doctor,day5_consultation06,612.778,614.281,1
pm_turn_day5_consultation07_doctor_001,recalibration,turn_doctor,day5_consultation07,1.143,3.225,1
pm_turn_day5_consultation07_patient_001,recalibration,turn_patient,day5_consultation07,3.265,4.161,1
pm_turn_day5_consultation07_doctor_003,recalibration,turn_doctor,day5_consultation07,4.236,7.587,1
pm_turn_day5_consultation07_patient_003,recalibration,turn_patient,day5_consultation07,7.691,13.451,1
pm_turn_day5_consultation07_doctor_005,recalibration,turn_doctor,day5_consultation07,8.328,11.389,1
pm_turn_day5_consultation07_doctor_007,recalibration,turn_doctor,day5_consultation07,15.189,16.732,1
pm_turn_day5_consultation07_patient_005,recalibration,turn_patient,day5_consultation07,17.501,22.39,1
pm_turn_day5_consultation07_doctor_009,recalibration,turn_doctor,day5_consultation07,22.032,26.981,1
pm_turn_day5_consultation07_patient_007,recalibration,turn_patient,day5_consultation07,26.974,28.33,1
pm_turn_day5_consultation07_doctor_011,recalibration,turn_doctor,day5_consultation07,28.498,30.468,1
pm_turn_day5_consultation07_patient_009,recalibration,turn_patient,day5_consultation07,30.839,36.944,1
pm_turn_day5_consultation07_doctor_013,recalibration,turn_doctor,day5_consultation07,37.472,41.62,1
pm_turn_day5_consultation07_patient_011,recalibration,turn_patient,day5_consultation07,42.035,47.458,1
pm_turn_day5_consultation07_doctor_015,recalibration,turn_doctor,day5_consultation07,47.406,51.429,1
pm_turn_day5_consultation07_patient_013,recalibration,turn_patient,day5_consultation07,51.515,53.316,1
pm_turn_day5_consultation07_doctor_017,recalibration,turn_doctor,day5_consultation07,53.071,55.547,1
pm_turn_day5_consultation07_patient_015,recalibration,turn_patient,day5_consultation07,56.021,60.397,1
pm_turn_day5_consultation07_patient_017,recalibration,turn_patient,day5_consultation07,60.994,64.661,1
pm_turn_day5_consultation07_doctor_019,recalibration,turn_doctor,day5_consultation07,64.512,67.001,1
pm_turn_day5_consultation07_patient_019,recalibration,turn_patient,day5_consultation07,67.65,68.85,1
pm_turn_day5_consultation07_doctor_021,recalibration,turn_doctor,day5_consultation07,69.071,71.396,1
pm_turn_day5_consultation07_patient_021,recalibration,turn_patient,day5_consultation07,70.143,70.85,1
pm_turn_day5_consultation07_patient_023,recalibration,turn_patient,day5_consultation07,71.9,73.343,1
pm_turn_day5_consultation07_doctor_023,recalibration,turn_doctor,day5_consultation07,72.814,74.712,1
pm_turn_day5_consultation07_patient_025,recalibration,turn_patient,day5_consultation07,74.744,75.884,1
pm_turn_day5_consultation07_doctor_025,recalibration,turn_doctor,day5_consultation07,75.893,81.113,1
pm_turn_day5_consultation07_patient_027,recalibration,turn_patient,day5_consultation07,81.319,82.762,1
pm_turn_day5_consultation07_doctor_027,recalibration,turn_doctor,day5_consultation07,82.544,85.1,1
pm_turn_day5_consultation07_patient_030,recalibration,turn_patient,day5_consultation07,85.451,86.158,1
pm_turn_day5_consultation07_doctor_029,recalibration,turn_doctor,day5_consultation07,86.222,88.961,1
pm_turn_day5_consultation07_doctor_031,recalibration,turn_doctor,day5_consultation07,89.525,93.067,1
pm_turn_day5_consultation07_patient_032,recalibration,turn_patient,day5_consultation07,89.635,92.085,1
pm_turn_day5_consultation07_patient_034,recalibration,turn_patient,day5_consultation07,93.122,99.296,1
pm_turn_day5_consultation07_doctor_033,recalibration,turn_doctor,day5_consultation07,98.768,101.593,1
pm_turn_day5_consultation07_patient_036,recalibration,turn_patient,day5_consultation07,101.674,103.598,1
pm_turn_day5_consultation07_doctor_035,recalibration,turn_doctor,day5_consultation07,103.761,107.994,1
pm_turn_day5_consultation07_patient_038,recalibration,turn_patient,day5_consultation07,108.003,119.706,1
pm_turn_day5_consultation07_doctor_037,recalibration,turn_doctor,day5_consultation07,119.13,121.922,1
pm_turn_day5_consultation07_patient_040,recalibration,turn_patient,day5_consultation07,122.161,123.717,1
pm_turn_day5_consultation07_doctor_039,recalibration,turn_doctor,day5_consultation07,123.768,128.198,1
pm_turn_day5_consultation07_patient_042,recalibration,turn_patient,day5_consultation07,128.78,138.71,1
pm_turn_day5_consultation07_doctor_041,recalibration,turn_doctor,day5_consultation07,138.695,142.705,1
pm_turn_day5_consultation07_patient_044,recalibration,turn_patient,day5_consultation07,143.135,143.888,1
pm_turn_day5_consultation07_doctor_043,recalibration,turn_doctor,day5_consultation07,143.709,145.599,1
pm_turn_day5_consultation07_patient_046,recalibration,turn_patient,day5_consultation07,145.951,147.204,1
pm_turn_day5_consultation07_doctor_045,recalibration,turn_doctor,day5_consultation07,146.531,148.487,1
pm_turn_day5_consultation07_patient_048,recalibration,turn_patient,day5_consultation07,148.563,149.329,1
pm_turn_day5_consultation07_doctor_047,recalibration,turn_doctor,day5_consultation07,149.544,154.468,1
pm_turn_day5_consultation07_patient_050,recalibration,turn_patient,day5_consultation07,154.635,157.927,1
pm_turn_day5_consultation07_doctor_049,recalibration,turn_doctor,day5_consultation07,155.419,156.244,1
pm_turn_day5_consultation07_doctor_051,recalibration,turn_doctor,day5_consultation07,157.524,160.264,1
pm_turn_day5_consultation07_patient_052,recalibration,turn_patient,day5_consultation07,160.319,164.875,1
pm_turn_day5_consultation07_doctor_053,recalibration,turn_doctor,day5_consultation07,165.281,169.448,1
pm_turn_day5_consultation07_patient_054,recalibration,turn_patient,day5_consultation07,170.03,171.289,1
pm_turn_day5_consultation07_doctor_055,recalibration,turn_doctor,day5_consultation07,171.044,174.066,1
pm_turn_day5_consultation07_patient_056,recalibration,turn_patient,day5_consultation07,174.898,178.98,1
pm_turn_day5_consultation07_doctor_057,recalibration,turn_doctor,day5_consultation07,177.847,185.506,1
pm_turn_day5_consultation07_patient_058,recalibration,turn_patient,day5_consultation07,185.819,192.0,1
pm_turn_day5_consultation07_doctor_059,recalibration,turn_doctor,day5_consultation07,191.695,195.343,1
pm_turn_day5_consultation07_patient_060,recalibration,turn_patient,day5_consultation07,196.695,200.184,1
pm_turn_day5_consultation07_doctor_061,recalibration,turn_doctor,day5_consultation07,199.735,202.244,1
pm_turn_day5_consultation07_patient_062,recalibration,turn_patient,day5_consultation07,202.662,208.862,1
pm_turn_day5_consultation07_doctor_063,recalibration,turn_doctor,day5_consultation07,209.11,211.803,1
pm_turn_day5_consultation07_patient_064,recalibration,turn_patient,day5_consultation07,212.931,220.605,1
pm_turn_day5_consultation07_doctor_065,recalibration,turn_doctor,day5_consultation07,217.86,221.375,1
pm_turn_day5_consultation07_patient_066,recalibration,turn_patient,day5_consultation07,221.833,223.428,1
pm_turn_day5_consultation07_doctor_067,recalibration,turn_doctor,day5_consultation07,223.142,230.678,1
pm_turn_day5_consultation07_patient_068,recalibration,turn_patient,day5_consultation07,231.366,235.829,1
pm_turn_day5_consultation07_patient_070,recalibration,turn_patient,day5_consultation07,236.688,240.434,1
pm_turn_day5_consultation07_doctor_069,recalibration,turn_doctor,day5_consultation07,240.715,244.303,1
pm_turn_day5_consultation07_patient_072,recalibration,turn_patient,day5_consultation07,244.787,247.586,1
pm_turn_day5_consultation07_doctor_071,recalibration,turn_doctor,day5_consultation07,248.267,256.513,1
pm_turn_day5_consultation07_patient_074,recalibration,turn_patient,day5_consultation07,257.07,259.73,1
pm_turn_day5_consultation07_doctor_073,recalibration,turn_doctor,day5_consultation07,259.655,261.974,1
pm_turn_day5_consultation07_patient_076,recalibration,turn_patient,day5_consultation07,262.622,263.572,1
pm_turn_day5_consultation07_doctor_075,recalibration,turn_doctor,day5_consultation07,263.379,265.678,1
pm_turn_day5_consultation07_patient_078,recalibration,turn_patient,day5_consultation07,265.761,272.618,1
pm_turn_day5_consultation07_doctor_077,recalibration,turn_doctor,day5_consultation07,272.774,275.678,1
pm_turn_day5_consultation07_doctor_079,recalibration,turn_doctor,day5_consultation07,276.557,278.322,1
pm_turn_day5_consultation07_patient_082,recalibration,turn_patient,day5_consultation07,278.616,280.849,1
pm_turn_day5_consultation07_doctor_081,recalibration,turn_doctor,day5_consultation07,281.32,284.224,1
pm_turn_day5_consultation07_patient_084,recalibration,turn_patient,day5_consultation07,284.419,286.691,1
pm_turn_day5_consultation07_doctor_083,recalibration,turn_doctor,day5_consultation07,288.03,289.809,1
pm_turn_day5_consultation07_patient_086,recalibration,turn_patient,day5_consultation07,290.175,293.408,1
pm_turn_day5_consultation07_doctor_085,recalibration,turn_doctor,day5_consultation07,293.116,294.086,1
pm_turn_day5_consultation07_doctor_087,recalibration,turn_doctor,day5_consultation07,295.122,301.099,1
pm_turn_day5_consultation07_patient_088,recalibration,turn_patient,day5_consultation07,301.919,308.599,1
pm_turn_day5_consultation07_doctor_091,recalibration,turn_doctor,day5_consultation07,308.484,312.48,1
pm_turn_day5_consultation07_patient_090,recalibration,turn_patient,day5_consultation07,312.649,316.691,1
pm_turn_day5_consultation07_doctor_093,recalibration,turn_doctor,day5_consultation07,316.787,319.546,1
pm_turn_day5_consultation07_patient_092,recalibration,turn_patient,day5_consultation07,320.221,323.816,1
pm_turn_day5_consultation07_doctor_095,recalibration,turn_doctor,day5_consultation07,324.366,328.421,1
pm_turn_day5_consultation07_patient_094,recalibration,turn_patient,day5_consultation07,329.044,333.744,1
pm_turn_day5_consultation07_doctor_097,recalibration,turn_doctor,day5_consultation07,332.142,335.908,1
pm_turn_day5_consultation07_patient_096,recalibration,turn_patient,day5_consultation07,335.952,337.711,1
pm_turn_day5_consultation07_doctor_099,recalibration,turn_doctor,day5_consultation07,337.728,358.316,1
pm_turn_day5_consultation07_patient_098,recalibration,turn_patient,day5_consultation07,358.399,361.678,1
pm_turn_day5_consultation07_doctor_101,recalibration,turn_doctor,day5_consultation07,361.8,380.203,1
pm_turn_day5_consultation07_doctor_103,recalibration,turn_doctor,day5_consultation07,380.718,384.208,1
pm_turn_day5_consultation07_doctor_105,recalibration,turn_doctor,day5_consultation07,384.706,404.302,1
pm_turn_day5_consultation07_doctor_106,recalibration,turn_doctor,day5_consultation07,404.102,419.685,1
pm_turn_day5_consultation07_patient_100,recalibration,turn_patient,day5_consultation07,411.011,411.955,1
pm_turn_day5_consultation07_patient_102,recalibration,turn_patient,day5_consultation07,420.524,425.066,1
pm_turn_day5_consultation07_doctor_108,recalibration,turn_doctor,day5_consultation07,424.646,430.873,1
pm_turn_day5_consultation07_patient_104,recalibration,turn_patient,day5_consultation07,430.827,431.817,1
pm_turn_day5_consultation07_doctor_110,recalibration,turn_doctor,day5_consultation07,431.673,435.121,1
pm_turn_day5_consultation07_patient_106,recalibration,turn_patient,day5_consultation07,435.538,438.145,1
pm_turn_day5_consultation07_doctor_112,recalibration,turn_doctor,day5_consultation07,437.856,451.391,1
pm_turn_day5_consultation07_patient_108,recalibration,turn_patient,day5_consultation07,445.693,446.431,1
pm_turn_day5_consultation07_doctor_113,recalibration,turn_doctor,day5_consultation07,451.191,464.738,1
pm_turn_day5_consultation07_patient_110,recalibration,turn_patient,day5_consultation07,465.255,466.613,1
pm_turn_day5_consultation07_doctor_115,recalibration,turn_doctor,day5_consultation07,467.116,483.221,1
pm_turn_day5_consultation07_patient_112,recalibration,turn_patient,day5_consultation07,468.459,469.257,1
pm_turn_day5_consultation07_patient_114,recalibration,turn_patient,day5_consultation07,473.018,474.507,1
pm_turn_day5_consultation07_patient_116,recalibration,turn_patient,day5_consultation07,483.328,484.047,1
pm_turn_day5_consultation07_doctor_117,recalibration,turn_doctor,day5_consultation07,484.221,489.24,1
pm_turn_day5_consultation07_patient_120,recalibration,turn_patient,day5_consultation07,486.636,489.18,1
pm_turn_day5_consultation08_patient_001,test,turn_patient,day5_consultation08,1.497,2.635,1
pm_turn_day5_consultation08_doctor_001,test,turn_doctor,day5_consultation08,3.198,11.66,1
pm_turn_day5_consultation08_patient_003,test,turn_patient,day5_consultation08,11.699,23.614,1
pm_turn_day5_consultation08_doctor_003,test,turn_doctor,day5_consultation08,25.877,29.719,1
pm_turn_day5_consultation08_patient_005,test,turn_patient,day5_consultation08,29.483,30.746,1
pm_turn_day5_consultation08_doctor_005,test,turn_doctor,day5_consultation08,30.766,32.585,1
pm_turn_day5_consultation08_patient_007,test,turn_patient,day5_consultation08,32.858,40.253,1
pm_turn_day5_consultation08_doctor_007,test,turn_doctor,day5_consultation08,41.004,43.913,1
pm_turn_day5_consultation08_patient_009,test,turn_patient,day5_consultation08,43.907,47.628,1
pm_turn_day5_consultation08_doctor_009,test,turn_doctor,day5_consultation08,47.527,51.04,1
pm_turn_day5_consultation08_patient_011,test,turn_patient,day5_consultation08,51.345,57.461,1
pm_turn_day5_consultation08_doctor_011,test,turn_doctor,day5_consultation08,58.161,61.085,1
pm_turn_day5_consultation08_patient_013,test,turn_patient,day5_consultation08,61.817,64.621,1
pm_turn_day5_consultation08_doctor_013,test,turn_doctor,day5_consultation08,65.355,67.212,1
pm_turn_day5_consultation08_patient_015,test,turn_patient,day5_consultation08,68.768,69.899,1
pm_turn_day5_consultation08_doctor_015,test,turn_doctor,day5_consultation08,69.352,72.727,1
pm_turn_day5_consultation08_patient_017,test,turn_patient,day5_consultation08,72.47,75.163,1
pm_turn_day5_consultation08_doctor_019,test,turn_doctor,day5_consultation08,75.885,80.085,1
pm_turn_day5_consultation08_patient_019,test,turn_patient,day5_consultation08,80.143,89.85,1
pm_turn_day5_consultation08_doctor_021,test,turn_doctor,day5_consultation08,89.952,93.682,1
pm_turn_day5_consultation08_patient_021,test,turn_patient,day5_consultation08,94.331,96.413,1
pm_turn_day5_consultation08_doctor_023,test,turn_doctor,day5_consultation08,96.101,98.503,1
pm_turn_day5_consultation08_patient_023,test,turn_patient,day5_consultation08,98.511,101.496,1
pm_turn_day5_consultation08_doctor_025,test,turn_doctor,day5_consultation08,101.713,103.637,1
pm_turn_day5_consultation08_patient_025,test,turn_patient,day5_consultation08,103.879,106.461,1
pm_turn_day5_consultation08_doctor_027,test,turn_doctor,day5_consultation08,106.616,109.525,1
pm_turn_day5_consultation08_patient_027,test,turn_patient,day5_consultation08,109.352,111.218,1
pm_turn_day5_consultation08_doctor_029,test,turn_doctor,day5_consultation08,111.638,117.496,1
pm_turn_day5_consultation08_patient_029,test,turn_patient,day5_consultation08,117.345,123.35,1
pm_turn_day5_consultation08_doctor_031,test,turn_doctor,day5_consultation08,123.019,124.988,1
pm_turn_day5_consultation08_patient_031,test,turn_patient,day5_consultation08,125.255,127.309,1
pm_turn_day5_consultation08_doctor_033,test,turn_doctor,day5_consultation08,128.146,138.167,1
pm_turn_day5_consultation08_patient_035,test,turn_patient,day5_consultation08,141.941,147.287,1
pm_turn_day5_consultation08_doctor_037,test,turn_doctor,day5_consultation08,148.362,158.458,1
pm_turn_day5_consultation08_patient_037,test,turn_patient,day5_consultation08,158.041,182.861,1
pm_turn_day5_consultation08_doctor_039,test,turn_doctor,day5_consultation08,182.608,186.159,1
pm_turn_day5_consultation08_patient_039,test,turn_patient,day5_consultation08,186.435,187.635,1
pm_turn_day5_consultation08_doctor_041,test,turn_doctor,day5_consultation08,188.056,192.286,1
pm_turn_day5_consultation08_patient_041,test,turn_patient,day5_consultation08,192.408,194.239,1
pm_turn_day5_consultation08_doctor_043,test,turn_doctor,day5_consultation08,195.153,197.495,1
pm_turn_day5_consultation08_patient_043,test,turn_patient,day5_consultation08,197.706,199.337,1
pm_turn_day5_consultation08_doctor_045,test,turn_doctor,day5_consultation08,200.332,203.248,1
pm_turn_day5_consultation08_patient_045,test,turn_patient,day5_consultation08,202.991,206.358,1
pm_turn_day5_consultation08_doctor_047,test,turn_doctor,day5_consultation08,205.877,208.547,1
pm_turn_day5_consultation08_patient_047,test,turn_patient,day5_consultation08,208.671,210.337,1
pm_turn_day5_consultation08_doctor_049,test,turn_doctor,day5_consultation08,211.992,217.771,1
pm_turn_day5_consultation08_patient_049,test,turn_patient,day5_consultation08,217.831,219.031,1
pm_turn_day5_consultation08_doctor_051,test,turn_doctor,day5_consultation08,218.571,223.92,1
pm_turn_day5_consultation08_patient_051,test,turn_patient,day5_consultation08,223.651,224.885,1
pm_turn_day5_consultation08_doctor_053,test,turn_doctor,day5_consultation08,225.809,230.308,1
pm_turn_day5_consultation08_patient_053,test,turn_patient,day5_consultation08,229.908,231.267,1
pm_turn_day5_consultation08_doctor_055,test,turn_doctor,day5_consultation08,231.705,235.674,1
pm_turn_day5_consultation08_patient_057,test,turn_patient,day5_consultation08,236.644,242.253,1
pm_turn_day5_consultation08_doctor_057,test,turn_doctor,day5_consultation08,240.332,243.718,1
pm_turn_day5_consultation08_patient_059,test,turn_patient,day5_consultation08,243.797,244.878,1
pm_turn_day5_consultation08_doctor_059,test,turn_doctor,day5_consultation08,244.959,247.338,1
pm_turn_day5_consultation08_patient_061,test,turn_patient,day5_consultation08,247.616,253.809,1
pm_turn_day5_consultation08_doctor_061,test,turn_doctor,day5_consultation08,253.541,257.95,1
pm_turn_day5_consultation08_patient_063,test,turn_patient,day5_consultation08,259.79,261.108,1
pm_turn_day5_consultation08_doctor_063,test,turn_doctor,day5_consultation08,261.914,264.614,1
pm_turn_day5_consultation08_patient_065,test,turn_patient,day5_consultation08,268.894,272.372,1
pm_turn_day5_consultation08_doctor_065,test,turn_doctor,day5_consultation08,272.265,278.867,1
pm_turn_day5_consultation08_patient_067,test,turn_patient,day5_consultation08,277.945,280.943,1
pm_turn_day5_consultation08_doctor_067,test,turn_doctor,day5_consultation08,280.817,282.017,1
pm_turn_day5_consultation08_patient_069,test,turn_patient,day5_consultation08,281.929,283.017,1
pm_turn_day5_consultation08_doctor_069,test,turn_doctor,day5_consultation08,284.264,289.285,1
pm_turn_day5_consultation08_patient_071,test,turn_patient,day5_consultation08,289.915,291.92,1
pm_turn_day5_consultation08_doctor_071,test,turn_doctor,day5_consultation08,293.264,295.584,1
pm_turn_day5_consultation08_patient_073,test,turn_patient,day5_consultation08,296.019,299.219,1
pm_turn_day5_consultation08_doctor_073,test,turn_doctor,day5_consultation08,298.981,301.181,1
pm_turn_day5_consultation08_patient_075,test,turn_patient,day5_consultation08,301.109,302.233,1
pm_turn_day5_consultation08_doctor_075,test,turn_doctor,day5_consultation08,303.757,306.599,1
pm_turn_day5_consultation08_patient_077,test,turn_patient,day5_consultation08,306.29,308.33,1
pm_turn_day5_consultation08_doctor_077,test,turn_doctor,day5_consultation08,308.078,309.278,1
pm_turn_day5_consultation08_patient_079,test,turn_patient,day5_consultation08,309.644,311.24,1
pm_turn_day5_consultation08_doctor_079,test,turn_doctor,day5_consultation08,312.585,315.032,1
pm_turn_day5_consultation08_patient_081,test,turn_patient,day5_consultation08,315.179,317.281,1
pm_turn_day5_consultation08_doctor_081,test,turn_doctor,day5_consultation08,317.742,320.337,1
pm_turn_day5_consultation08_patient_083,test,turn_patient,day5_consultation08,318.04,319.455,1
pm_turn_day5_consultation08_patient_085,test,turn_patient,day5_consultation08,320.651,322.643,1
pm_turn_day5_consultation08_doctor_083,test,turn_doctor,day5_consultation08,322.667,325.203,1
pm_turn_day5_consultation08_patient_087,test,turn_patient,day5_consultation08,325.23,329.068,1
pm_turn_day5_consultation08_doctor_085,test,turn_doctor,day5_consultation08,328.846,331.121,1
pm_turn_day5_consultation08_patient_089,test,turn_patient,day5_consultation08,331.234,332.15,1
pm_turn_day5_consultation08_doctor_087,test,turn_doctor,day5_consultation08,332.742,334.449,1
pm_turn_day5_consultation08_patient_091,test,turn_patient,day5_consultation08,335.109,336.309,1
pm_turn_day5_consultation08_doctor_089,test,turn_doctor,day5_consultation08,337.04,339.815,1
pm_turn_day5_consultation08_patient_093,test,turn_patient,day5_consultation08,337.825,341.629,1
pm_turn_day5_consultation08_doctor_091,test,turn_doctor,day5_consultation08,341.511,344.323,1
pm_turn_day5_consultation08_patient_095,test,turn_patient,day5_consultation08,344.588,346.33,1
pm_turn_day5_consultation08_doctor_093,test,turn_doctor,day5_consultation08,346.981,350.114,1
pm_turn_day5_consultation08_patient_097,test,turn_patient,day5_consultation08,349.938,358.656,1
pm_turn_day5_consultation08_doctor_095,test,turn_doctor,day5_consultation08,358.899,368.285,1
pm_turn_day5_consultation08_patient_099,test,turn_patient,day5_consultation08,366.519,367.636,1
pm_turn_day5_consultation08_patient_101,test,turn_patient,day5_consultation08,368.971,374.211,1
pm_turn_day5_consultation08_doctor_097,test,turn_doctor,day5_consultation08,374.391,377.382,1
pm_turn_day5_consultation08_patient_103,test,turn_patient,day5_consultation08,377.727,378.58,1
pm_turn_day5_consultation08_doctor_099,test,turn_doctor,day5_consultation08,379.197,385.778,1
pm_turn_day5_consultation08_patient_105,test,turn_patient,day5_consultation08,386.429,388.448,1
pm_turn_day5_consultation08_doctor_101,test,turn_doctor,day5_consultation08,389.204,391.583,1
pm_turn_day5_consultation08_patient_107,test,turn_patient,day5_consultation08,390.492,393.108,1
pm_turn_day5_consultation08_doctor_103,test,turn_doctor,day5_consultation08,393.48,410.83,1
pm_turn_day5_consultation08_doctor_105,test,turn_doctor,day5_consultation08,411.54,414.18,1
pm_turn_day5_consultation08_patient_113,test,turn_patient,day5_consultation08,414.684,417.848,1
pm_turn_day5_consultation08_doctor_107,test,turn_doctor,day5_consultation08,417.531,418.949,1
pm_turn_day5_consultation08_patient_115,test,turn_patient,day5_consultation08,419.811,420.941,1
pm_turn_day5_consultation08_doctor_109,test,turn_doctor,day5_consultation08,421.182,422.979,1
pm_turn_day5_consultation08_patient_117,test,turn_patient,day5_consultation08,423.239,426.65,1
pm_turn_day5_consultation08_doctor_111,test,turn_doctor,day5_consultation08,426.768,431.658,1
pm_turn_day5_consultation08_patient_119,test,turn_patient,day5_consultation08,431.922,432.886,1
pm_turn_day5_consultation08_doctor_113,test,turn_doctor,day5_consultation08,433.353,443.927,1
pm_turn_day5_consultation08_patient_123,test,turn_patient,day5_consultation08,445.8,450.997,1
pm_turn_day5_consultation08_doctor_115,test,turn_doctor,day5_consultation08,451.025,454.71,1
pm_turn_day5_consultation08_patient_125,test,turn_patient,day5_consultation08,454.943,455.983,1
pm_turn_day5_consultation08_doctor_117,test,turn_doctor,day5_consultation08,455.98,471.419,1
pm_turn_day5_consultation08_patient_127,test,turn_patient,day5_consultation08,471.665,472.865,1
pm_turn_day5_consultation08_doctor_119,test,turn_doctor,day5_consultation08,472.794,479.217,1
pm_turn_day5_consultation08_doctor_121,test,turn_doctor,day5_consultation08,480.361,491.919,1
pm_turn_day5_consultation08_patient_131,test,turn_patient,day5_consultation08,492.131,493.476,1
pm_turn_day5_consultation08_doctor_123,test,turn_doctor,day5_consultation08,493.547,504.21,1
pm_turn_day5_consultation08_patient_133,test,turn_patient,day5_consultation08,504.448,506.552,1
pm_turn_day5_consultation08_doctor_125,test,turn_doctor,day5_consultation08,505.301,512.926,1
pm_turn_day5_consultation08_patient_135,test,turn_patient,day5_consultation08,513.714,516.124,1
pm_turn_day5_consultation08_doctor_127,test,turn_doctor,day5_consultation08,516.622,522.881,1
pm_turn_day5_consultation08_doctor_129,test,turn_doctor,day5_consultation08,523.875,530.792,1
pm_turn_day5_consultation08_patient_139,test,turn_patient,day5_consultation08,526.749,527.713,1
pm_turn_day5_consultation08_patient_141,test,turn_patient,day5_consultation08,529.86,531.74,1
pm_turn_day5_consultation08_doctor_131,test,turn_doctor,day5_consultation08,531.681,541.202,1
pm_turn_day5_consultation08_doctor_133,test,turn_doctor,day5_consultation08,541.763,550.732,1
pm_turn_day5_consultation08_patient_145,test,turn_patient,day5_consultation08,550.795,553.094,1
pm_turn_day5_consultation08_doctor_135,test,turn_doctor,day5_consultation08,553.077,554.941,1
pm_turn_day5_consultation08_patient_147,test,turn_patient,day5_consultation08,555.198,560.002,1
pm_turn_day5_consultation08_doctor_137,test,turn_doctor,day5_consultation08,559.256,562.65,1
pm_turn_day5_consultation09_doctor_000,test,turn_doctor,day5_consultation09,0.0,4.739,1
pm_turn_day5_consultation09_patient_001,test,turn_patient,day5_consultation09,1.342,2.451,1
pm_turn_day5_consultation09_patient_003,test,turn_patient,day5_consultation09,4.932,6.256,1
pm_turn_day5_consultation09_doctor_002,test,turn_doctor,day5_consultation09,5.765,10.408,1
pm_turn_day5_consultation09_patient_005,test,turn_patient,day5_consultation09,10.62,20.683,1
pm_turn_day5_consultation09_doctor_006,test,turn_doctor,day5_consultation09,20.336,21.762,1
pm_turn_day5_consultation09_patient_007,test,turn_patient,day5_consultation09,21.872,25.617,1
pm_turn_day5_consultation09_doctor_008,test,turn_doctor,day5_consultation09,25.253,30.243,1
pm_turn_day5_consultation09_patient_009,test,turn_patient,day5_consultation09,28.196,29.5,1
pm_turn_day5_consultation09_patient_011,test,turn_patient,day5_consultation09,30.488,47.2,1
pm_turn_day5_consultation09_doctor_010,test,turn_doctor,day5_consultation09,47.599,52.153,1
pm_turn_day5_consultation09_patient_013,test,turn_patient,day5_consultation09,52.7,61.88,1
pm_turn_day5_consultation09_patient_015,test,turn_patient,day5_consultation09,62.238,77.891,1
pm_turn_day5_consultation09_doctor_012,test,turn_doctor,day5_consultation09,77.799,82.151,1
pm_turn_day5_consultation09_patient_017,test,turn_patient,day5_consultation09,82.165,85.254,1
pm_turn_day5_consultation09_doctor_014,test,turn_doctor,day5_consultation09,85.118,87.386,1
pm_turn_day5_consultation09_patient_019,test,turn_patient,day5_consultation09,87.619,90.909,1
pm_turn_day5_consultation09_doctor_016,test,turn_doctor,day5_consultation09,91.486,96.16,1
pm_turn_day5_consultation09_patient_021,test,turn_patient,day5_consultation09,96.618,101.759,1
pm_turn_day5_consultation09_patient_023,test,turn_patient,day5_consultation09,102.559,105.506,1
pm_turn_day5_consultation09_doctor_018,test,turn_doctor,day5_consultation09,105.547,121.724,1
pm_turn_day5_consultation09_patient_025,test,turn_patient,day5_consultation09,121.823,123.302,1
pm_turn_day5_consultation09_doctor_020,test,turn_doctor,day5_consultation09,124.186,126.852,1
pm_turn_day5_consultation09_patient_027,test,turn_patient,day5_consultation09,127.134,134.106,1
pm_turn_day5_consultation09_doctor_022,test,turn_doctor,day5_consultation09,132.968,136.265,1
pm_turn_day5_consultation09_patient_029,test,turn_patient,day5_consultation09,136.504,145.897,1
pm_turn_day5_consultation09_doctor_024,test,turn_doctor,day5_consultation09,145.539,151.356,1
pm_turn_day5_consultation09_patient_031,test,turn_patient,day5_consultation09,151.736,152.793,1
pm_turn_day5_consultation09_doctor_026,test,turn_doctor,day5_consultation09,152.87,157.626,1
pm_turn_day5_consultation09_patient_033,test,turn_patient,day5_consultation09,157.917,159.539,1
pm_turn_day5_consultation09_doctor_028,test,turn_doctor,day5_consultation09,159.742,163.799,1
pm_turn_day5_consultation09_patient_035,test,turn_patient,day5_consultation09,163.676,165.253,1
pm_turn_day5_consultation09_doctor_030,test,turn_doctor,day5_consultation09,165.705,169.987,1
pm_turn_day5_consultation09_doctor_032,test,turn_doctor,day5_consultation09,170.501,171.468,1
pm_turn_day5_consultation09_patient_037,test,turn_patient,day5_consultation09,170.526,185.692,1
pm_turn_day5_consultation09_doctor_034,test,turn_doctor,day5_consultation09,172.855,173.747,1
pm_turn_day5_consultation09_doctor_036,test,turn_doctor,day5_consultation09,178.351,179.356,1
pm_turn_day5_consultation09_patient_039,test,turn_patient,day5_consultation09,186.401,193.185,1
pm_turn_day5_consultation09_doctor_038,test,turn_doctor,day5_consultation09,192.028,194.814,1
pm_turn_day5_consultation09_patient_041,test,turn_patient,day5_consultation09,195.037,201.308,1
pm_turn_day5_consultation09_doctor_040,test,turn_doctor,day5_consultation09,200.945,203.04,1
pm_turn_day5_consultation09_patient_043,test,turn_patient,day5_consultation09,203.932,222.734,1
pm_turn_day5_consultation09_doctor_042,test,turn_doctor,day5_consultation09,222.84,225.611,1
pm_turn_day5_consultation09_patient_045,test,turn_patient,day5_consultation09,225.586,237.305,1
pm_turn_day5_consultation09_doctor_044,test,turn_doctor,day5_consultation09,237.749,244.446,1
pm_turn_day5_consultation09_patient_047,test,turn_patient,day5_consultation09,244.636,254.588,1
pm_turn_day5_consultation09_patient_049,test,turn_patient,day5_consultation09,255.194,264.802,1
pm_turn_day5_consultation09_doctor_046,test,turn_doctor,day5_consultation09,262.674,263.611,1
pm_turn_day5_consultation09_doctor_048,test,turn_doctor,day5_consultation09,265.524,267.626,1
pm_turn_day5_consultation09_patient_051,test,turn_patient,day5_consultation09,267.829,272.515,1
pm_turn_day5_consultation09_doctor_050,test,turn_doctor,day5_consultation09,272.231,277.965,1
pm_turn_day5_consultation09_patient_053,test,turn_patient,day5_consultation09,278.263,280.586,1
pm_turn_day5_consultation09_patient_055,test,turn_patient,day5_consultation09,280.958,285.612,1
pm_turn_day5_consultation09_doctor_052,test,turn_doctor,day5_consultation09,289.103,292.356,1
pm_turn_day5_consultation09_patient_059,test,turn_patient,day5_consultation09,292.47,299.422,1
pm_turn_day5_consultation09_doctor_054,test,turn_doctor,day5_consultation09,298.035,300.348,1
pm_turn_day5_consultation09_patient_061,test,turn_patient,day5_consultation09,299.884,303.084,1
pm_turn_day5_consultation09_doctor_056,test,turn_doctor,day5_consultation09,302.908,309.401,1
pm_turn_day5_consultation09_patient_063,test,turn_patient,day5_consultation09,309.435,319.492,1
pm_turn_day5_consultation09_doctor_060,test,turn_doctor,day5_consultation09,319.216,321.649,1
pm_turn_day5_consultation09_patient_067,test,turn_patient,day5_consultation09,325.389,334.179,1
pm_turn_day5_consultation09_doctor_062,test,turn_doctor,day5_consultation09,333.622,342.183,1
pm_turn_day5_consultation09_patient_069,test,turn_patient,day5_consultation09,340.757,341.73,1
pm_turn_day5_consultation09_patient_071,test,turn_patient,day5_consultation09,342.153,348.184,1
pm_turn_day5_consultation09_patient_073,test,turn_patient,day5_consultation09,348.724,351.236,1
pm_turn_day5_consultation09_patient_075,test,turn_patient,day5_consultation09,351.938,354.002,1
pm_turn_day5_consultation09_patient_077,test,turn_patient,day5_consultation09,354.432,356.437,1
pm_turn_day5_consultation09_doctor_064,test,turn_doctor,day5_consultation09,356.201,362.867,1
pm_turn_day5_consultation09_patient_079,test,turn_patient,day5_consultation09,362.977,371.87,1
pm_turn_day5_consultation09_doctor_066,test,turn_doctor,day5_consultation09,370.253,373.431,1
pm_turn_day5_consultation09_patient_081,test,turn_patient,day5_consultation09,373.599,375.065,1
pm_turn_day5_consultation09_doctor_068,test,turn_doctor,day5_consultation09,373.99,377.04,1
pm_turn_day5_consultation09_patient_083,test,turn_patient,day5_consultation09,377.131,378.578,1
pm_turn_day5_consultation09_doctor_070,test,turn_doctor,day5_consultation09,378.456,385.356,1
pm_turn_day5_consultation09_patient_085,test,turn_patient,day5_consultation09,385.436,387.051,1
pm_turn_day5_consultation09_doctor_072,test,turn_doctor,day5_consultation09,389.802,391.002,1
pm_turn_day5_consultation09_patient_089,test,turn_patient,day5_consultation09,390.838,393.635,1
pm_turn_day5_consultation09_doctor_074,test,turn_doctor,day5_consultation09,393.667,396.483,1
pm_turn_day5_consultation09_patient_091,test,turn_patient,day5_consultation09,396.844,400.213,1
pm_turn_day5_consultation09_doctor_076,test,turn_doctor,day5_consultation09,399.095,402.393,1
pm_turn_day5_consultation09_patient_093,test,turn_patient,day5_consultation09,402.48,410.315,1
pm_turn_day5_consultation09_doctor_078,test,turn_doctor,day5_consultation09,410.697,412.754,1
pm_turn_day5_consultation09_patient_095,test,turn_patient,day5_consultation09,412.193,418.393,1
pm_turn_day5_consultation09_doctor_080,test,turn_doctor,day5_consultation09,418.75,419.784,1
pm_turn_day5_consultation09_doctor_082,test,turn_doctor,day5_consultation09,420.584,424.273,1
pm_turn_day5_consultation09_patient_097,test,turn_patient,day5_consultation09,424.932,438.851,1
pm_turn_day5_consultation09_doctor_084,test,turn_doctor,day5_consultation09,438.381,442.025,1
pm_turn_day5_consultation09_doctor_086,test,turn_doctor,day5_consultation09,443.111,444.754,1
pm_turn_day5_consultation09_doctor_088,test,turn_doctor,day5_consultation09,448.103,449.168,1
pm_turn_day5_consultation09_patient_101,test,turn_patient,day5_consultation09,449.372,451.319,1
pm_turn_day5_consultation09_doctor_090,test,turn_doctor,day5_consultation09,451.126,453.679,1
pm_turn_day5_consultation09_patient_103,test,turn_patient,day5_consultation09,453.677,455.046,1
pm_turn_day5_consultation09_doctor_094,test,turn_doctor,day5_consultation09,459.336,478.303,1
pm_turn_day5_consultation09_doctor_095,test,turn_doctor,day5_consultation09,478.103,501.04,1
pm_turn_day5_consultation09_patient_107,test,turn_patient,day5_consultation09,501.581,506.703,1
pm_turn_day5_consultation09_doctor_097,test,turn_doctor,day5_consultation09,506.727,518.483,1
pm_turn_day5_consultation09_doctor_098,test,turn_doctor,day5_consultation09,518.283,530.055,1
pm_turn_day5_consultation09_patient_109,test,turn_patient,day5_consultation09,518.787,519.883,1
pm_turn_day5_consultation09_patient_111,test,turn_patient,day5_consultation09,523.455,524.513,1
pm_turn_day5_consultation09_doctor_100,test,turn_doctor,day5_consultation09,530.614,540.265,1
pm_turn_day5_consultation09_patient_113,test,turn_patient,day5_consultation09,540.577,541.608,1
pm_turn_day5_consultation09_doctor_102,test,turn_doctor,day5_consultation09,541.915,551.671,1
pm_turn_day5_consultation09_patient_115,test,turn_patient,day5_consultation09,552.18,559.736,1
pm_turn_day5_consultation09_doctor_104,test,turn_doctor,day5_consultation09,558.201,561.889,1
pm_turn_day5_consultation09_patient_117,test,turn_patient,day5_consultation09,561.426,563.223,1
pm_turn_day5_consultation09_doctor_106,test,turn_doctor,day5_consultation09,563.065,564.386,1
pm_turn_day5_consultation09_patient_119,test,turn_patient,day5_consultation09,564.698,567.255,1
pm_turn_day5_consultation09_patient_121,test,turn_patient,day5_consultation09,568.114,570.638,1
pm_turn_day5_consultation09_doctor_110,test,turn_doctor,day5_consultation09,569.547,571.25,1
pm_turn_day5_consultation09_patient_123,test,turn_patient,day5_consultation09,571.133,572.943,1
pm_turn_day5_consultation09_doctor_112,test,turn_doctor,day5_consultation09,572.915,575.416,1
pm_turn_day5_consultation09_patient_125,test,turn_patient,day5_consultation09,574.652,577.411,1
pm_turn_day5_consultation09_doctor_114,test,turn_doctor,day5_consultation09,577.509,579.0,1
pm_turn_day5_consultation10_doctor_001,test,turn_doctor,day5_consultation10,1.035,3.461,1
pm_turn_day5_consultation10_doctor_003,test,turn_doctor,day5_consultation10,4.953,8.241,1
pm_turn_day5_consultation10_patient_001,test,turn_patient,day5_consultation10,8.278,11.602,1
pm_turn_day5_consultation10_doctor_005,test,turn_doctor,day5_consultation10,16.532,23.532,1
pm_turn_day5_consultation10_patient_005,test,turn_patient,day5_consultation10,24.251,26.143,1
pm_turn_day5_consultation10_doctor_007,test,turn_doctor,day5_consultation10,24.451,28.243,1
pm_turn_day5_consultation10_patient_007,test,turn_patient,day5_consultation10,27.381,29.829,1
pm_turn_day5_consultation10_doctor_009,test,turn_doctor,day5_consultation10,29.426,32.589,1
pm_turn_day5_consultation10_patient_009,test,turn_patient,day5_consultation10,32.42,33.757,1
pm_turn_day5_consultation10_doctor_011,test,turn_doctor,day5_consultation10,33.622,35.671,1
pm_turn_day5_consultation10_patient_011,test,turn_patient,day5_consultation10,35.864,48.167,1
pm_turn_day5_consultation10_doctor_013,test,turn_doctor,day5_consultation10,48.381,51.837,1
pm_turn_day5_consultation10_patient_013,test,turn_patient,day5_consultation10,52.091,64.695,1
pm_turn_day5_consultation10_doctor_015,test,turn_doctor,day5_consultation10,64.321,66.295,1
pm_turn_day5_consultation10_patient_015,test,turn_patient,day5_consultation10,66.698,74.484,1
pm_turn_day5_consultation10_patient_016,test,turn_patient,day5_consultation10,74.284,81.177,1
pm_turn_day5_consultation10_doctor_017,test,turn_doctor,day5_consultation10,80.885,83.814,1
pm_turn_day5_consultation10_patient_018,test,turn_patient,day5_consultation10,83.977,90.425,1
pm_turn_day5_consultation10_doctor_019,test,turn_doctor,day5_consultation10,90.584,96.348,1
pm_turn_day5_consultation10_patient_020,test,turn_patient,day5_consultation10,97.028,104.282,1
pm_turn_day5_consultation10_patient_021,test,turn_patient,day5_consultation10,104.082,113.318,1
pm_turn_day5_consultation10_patient_023,test,turn_patient,day5_consultation10,113.739,119.036,1
pm_turn_day5_consultation10_doctor_021,test,turn_doctor,day5_consultation10,120.012,125.303,1
pm_turn_day5_consultation10_patient_025,test,turn_patient,day5_consultation10,125.183,129.284,1
pm_turn_day5_consultation10_doctor_023,test,turn_doctor,day5_consultation10,129.306,132.821,1
pm_turn_day5_consultation10_patient_027,test,turn_patient,day5_consultation10,133.309,134.837,1
pm_turn_day5_consultation10_doctor_025,test,turn_doctor,day5_consultation10,135.08,138.724,1
pm_turn_day5_consultation10_patient_029,test,turn_patient,day5_consultation10,139.755,141.158,1
pm_turn_day5_consultation10_doctor_027,test,turn_doctor,day5_consultation10,141.749,146.49,1
pm_turn_day5_consultation10_patient_031,test,turn_patient,day5_consultation10,147.453,155.745,1
pm_turn_day5_consultation10_patient_033,test,turn_patient,day5_consultation10,156.296,158.037,1
pm_turn_day5_consultation10_doctor_029,test,turn_doctor,day5_consultation10,158.253,163.578,1
pm_turn_day5_consultation10_patient_035,test,turn_patient,day5_consultation10,163.825,174.946,1
pm_turn_day5_consultation10_doctor_031,test,turn_doctor,day5_consultation10,175.275,184.114,1
pm_turn_day5_consultation10_patient_037,test,turn_patient,day5_consultation10,184.203,189.903,1
pm_turn_day5_consultation10_doctor_033,test,turn_doctor,day5_consultation10,190.884,194.332,1
pm_turn_day5_consultation10_patient_039,test,turn_patient,day5_consultation10,194.429,197.301,1
pm_turn_day5_consultation10_doctor_035,test,turn_doctor,day5_consultation10,197.027,199.483,1
pm_turn_day5_consultation10_patient_041,test,turn_patient,day5_consultation10,199.083,202.473,1
pm_turn_day5_consultation10_doctor_037,test,turn_doctor,day5_consultation10,202.478,207.911,1
pm_turn_day5_consultation10_patient_045,test,turn_patient,day5_consultation10,209.57,221.615,1
pm_turn_day5_consultation10_doctor_039,test,turn_doctor,day5_consultation10,221.17,225.603,1
pm_turn_day5_consultation10_patient_047,test,turn_patient,day5_consultation10,225.742,230.496,1
pm_turn_day5_consultation10_doctor_041,test,turn_doctor,day5_consultation10,230.245,239.012,1
pm_turn_day5_consultation10_patient_049,test,turn_patient,day5_consultation10,236.746,238.601,1
pm_turn_day5_consultation10_doctor_043,test,turn_doctor,day5_consultation10,239.373,244.009,1
pm_turn_day5_consultation10_patient_053,test,turn_patient,day5_consultation10,244.307,245.25,1
pm_turn_day5_consultation10_doctor_045,test,turn_doctor,day5_consultation10,245.38,255.678,1
pm_turn_day5_consultation10_patient_055,test,turn_patient,day5_consultation10,255.758,268.237,1
pm_turn_day5_consultation10_doctor_049,test,turn_doctor,day5_consultation10,267.455,269.723,1
pm_turn_day5_consultation10_patient_057,test,turn_patient,day5_consultation10,269.872,276.497,1
pm_turn_day5_consultation10_doctor_051,test,turn_doctor,day5_consultation10,277.094,282.55,1
pm_turn_day5_consultation10_patient_059,test,turn_patient,day5_consultation10,282.815,299.066,1
pm_turn_day5_consultation10_doctor_053,test,turn_doctor,day5_consultation10,298.824,303.911,1
pm_turn_day5_consultation10_patient_061,test,turn_patient,day5_consultation10,304.705,315.892,1
pm_turn_day5_consultation10_doctor_057,test,turn_doctor,day5_consultation10,315.771,318.527,1
pm_turn_day5_consultation10_patient_063,test,turn_patient,day5_consultation10,318.746,319.654,1
pm_turn_day5_consultation10_doctor_059,test,turn_doctor,day5_consultation10,319.508,321.58,1
pm_turn_day5_consultation10_patient_065,test,turn_patient,day5_consultation10,321.656,323.366,1
pm_turn_day5_consultation10_doctor_061,test,turn_doctor,day5_consultation10,323.613,324.963,1
pm_turn_day5_consultation10_doctor_063,test,turn_doctor,day5_consultation10,327.098,328.956,1
pm_turn_day5_consultation10_patient_069,test,turn_patient,day5_consultation10,329.233,331.267,1
pm_turn_day5_consultation10_doctor_065,test,turn_doctor,day5_consultation10,331.079,333.174,1
pm_turn_day5_consultation10_patient_071,test,turn_patient,day5_consultation10,333.692,336.564,1
pm_turn_day5_consultation10_doctor_067,test,turn_doctor,day5_consultation10,336.252,342.332,1
pm_turn_day5_consultation10_patient_073,test,turn_patient,day5_consultation10,342.989,352.388,1
pm_turn_day5_consultation10_doctor_071,test,turn_doctor,day5_consultation10,352.56,366.362,1
pm_turn_day5_consultation10_patient_075,test,turn_patient,day5_consultation10,361.636,362.746,1
pm_turn_day5_consultation10_patient_077,test,turn_patient,day5_consultation10,363.647,364.889,1
pm_turn_day5_consultation10_patient_079,test,turn_patient,day5_consultation10,366.439,368.27,1
pm_turn_day5_consultation10_doctor_073,test,turn_doctor,day5_consultation10,367.305,370.647,1
pm_turn_day5_consultation10_patient_081,test,turn_patient,day5_consultation10,370.689,376.073,1
pm_turn_day5_consultation10_doctor_075,test,turn_doctor,day5_consultation10,375.756,377.144,1
pm_turn_day5_consultation10_patient_083,test,turn_patient,day5_consultation10,377.099,378.447,1
pm_turn_day5_consultation10_doctor_077,test,turn_doctor,day5_consultation10,378.613,382.881,1
pm_turn_day5_consultation10_patient_085,test,turn_patient,day5_consultation10,382.789,383.702,1
pm_turn_day5_consultation10_doctor_079,test,turn_doctor,day5_consultation10,384.132,386.287,1
pm_turn_day5_consultation10_patient_087,test,turn_patient,day5_consultation10,386.349,387.351,1
pm_turn_day5_consultation10_doctor_081,test,turn_doctor,day5_consultation10,387.011,388.768,1
pm_turn_day5_consultation10_patient_089,test,turn_patient,day5_consultation10,388.486,390.191,1
pm_turn_day5_consultation10_doctor_083,test,turn_doctor,day5_consultation10,390.162,392.662,1
pm_turn_day5_consultation10_patient_091,test,turn_patient,day5_consultation10,392.64,393.595,1
pm_turn_day5_consultation10_doctor_085,test,turn_doctor,day5_consultation10,393.748,396.061,1
pm_turn_day5_consultation10_patient_093,test,turn_patient,day5_consultation10,395.782,396.589,1
pm_turn_day5_consultation10_doctor_087,test,turn_doctor,day5_consultation10,396.771,399.083,1
pm_turn_day5_consultation10_patient_095,test,turn_patient,day5_consultation10,399.194,403.81,1
pm_turn_day5_consultation10_doctor_089,test,turn_doctor,day5_consultation10,401.868,407.858,1
pm_turn_day5_consultation10_patient_097,test,turn_patient,day5_consultation10,408.086,415.473,1
pm_turn_day5_consultation10_doctor_091,test,turn_doctor,day5_consultation10,414.485,415.414,1
pm_turn_day5_consultation10_doctor_093,test,turn_doctor,day5_consultation10,416.019,425.88,1
pm_turn_day5_consultation10_patient_099,test,turn_patient,day5_consultation10,425.81,426.82,1
pm_turn_day5_consultation10_doctor_095,test,turn_doctor,day5_consultation10,426.463,429.81,1
pm_turn_day5_consultation10_patient_101,test,turn_patient,day5_consultation10,430.268,435.355,1
pm_turn_day5_consultation10_doctor_097,test,turn_doctor,day5_consultation10,435.325,441.432,1
pm_turn_day5_consultation10_doctor_098,test,turn_doctor,day5_consultation10,441.232,448.76,1
pm_turn_day5_consultation10_doctor_099,test,turn_doctor,day5_consultation10,448.56,457.136,1
pm_turn_day5_consultation10_patient_105,test,turn_patient,day5_consultation10,457.093,458.156,1
pm_turn_day5_consultation10_doctor_101,test,turn_doctor,day5_consultation10,458.342,470.534,1
pm_turn_day5_consultation10_patient_109,test,turn_patient,day5_consultation10,470.532,471.613,1
pm_turn_day5_consultation10_doctor_103,test,turn_doctor,day5_consultation10,471.763,477.948,1
pm_turn_day5_consultation10_doctor_105,test,turn_doctor,day5_consultation10,478.522,483.814,1
pm_turn_day5_consultation10_doctor_107,test,turn_doctor,day5_consultation10,484.131,490.602,1
pm_turn_day5_consultation10_patient_111,test,turn_patient,day5_consultation10,490.054,499.388,1
pm_turn_day5_consultation10_doctor_109,test,turn_doctor,day5_consultation10,498.137,501.797,1
pm_turn_day5_consultation10_patient_113,test,turn_patient,day5_consultation10,501.535,509.258,1
pm_turn_day5_consultation10_doctor_111,test,turn_doctor,day5_consultation10,509.583,523.607,1
pm_turn_day5_consultation10_doctor_112,test,turn_doctor,day5_consultation10,523.407,526.534,1
pm_turn_day5_consultation10_patient_115,test,turn_patient,day5_consultation10,523.55,524.513,1
pm_turn_day5_consultation10_patient_117,test,turn_patient,day5_consultation10,526.538,528.156,1
pm_turn_day5_consultation10_doctor_114,test,turn_doctor,day5_consultation10,527.914,532.99,1
pm_turn_day5_consultation10_doctor_115,test,turn_doctor,day5_consultation10,532.79,545.158,1
pm_turn_day5_consultation10_patient_121,test,turn_patient,day5_consultation10,536.722,537.911,1
pm_turn_day5_consultation10_patient_123,test,turn_patient,day5_consultation10,545.084,548.374,1
pm_turn_day5_consultation10_doctor_117,test,turn_doctor,day5_consultation10,548.169,560.812,1
pm_turn_day5_consultation10_patient_125,test,turn_patient,day5_consultation10,560.952,561.926,1
pm_turn_day5_consultation10_doctor_119,test,turn_doctor,day5_consultation10,562.108,564.662,1
pm_turn_day5_consultation10_patient_127,test,turn_patient,day5_consultation10,564.648,565.641,1
pm_turn_day5_consultation10_doctor_121,test,turn_doctor,day5_consultation10,566.199,568.181,1
pm_turn_day5_consultation10_patient_129,test,turn_patient,day5_consultation10,567.898,576.611,1
pm_turn_day5_consultation10_doctor_125,test,turn_doctor,day5_consultation10,575.544,580.331,1
pm_turn_day5_consultation10_patient_131,test,turn_patient,day5_consultation10,580.181,582.27,1
pm_turn_day5_consultation10_doctor_127,test,turn_doctor,day5_consultation10,582.214,584.113,1
pm_turn_day5_consultation10_patient_133,test,turn_patient,day5_consultation10,583.879,585.253,1
pm_turn_day5_consultation10_doctor_129,test,turn_doctor,day5_consultation10,584.86,585.812,1
pm_turn_day5_consultation11_patient_001,test,turn_patient,day5_consultation11,0.853,1.758,1
pm_turn_day5_consultation11_doctor_001,test,turn_doctor,day5_consultation11,1.425,3.75,1
pm_turn_day5_consultation11_doctor_003,test,turn_doctor,day5_consultation11,4.103,9.133,1
pm_turn_day5_consultation11_patient_003,test,turn_patient,day5_consultation11,4.142,5.187,1
pm_turn_day5_consultation11_patient_005,test,turn_patient,day5_consultation11,9.393,15.175,1
pm_turn_day5_consultation11_patient_006,test,turn_patient,day5_consultation11,14.975,19.431,1
pm_turn_day5_consultation11_doctor_007,test,turn_doctor,day5_consultation11,19.192,23.225,1
pm_turn_day5_consultation11_patient_008,test,turn_patient,day5_consultation11,22.707,24.058,1
pm_turn_day5_consultation11_doctor_009,test,turn_doctor,day5_consultation11,23.733,25.3,1
pm_turn_day5_consultation11_patient_010,test,turn_patient,day5_consultation11,26.139,36.42,1
pm_turn_day5_consultation11_patient_011,test,turn_patient,day5_consultation11,36.22,42.669,1
pm_turn_day5_consultation11_patient_012,test,turn_patient,day5_consultation11,42.469,48.04,1
pm_turn_day5_consultation11_patient_013,test,turn_patient,day5_consultation11,47.84,55.162,1
pm_turn_day5_consultation11_doctor_011,test,turn_doctor,day5_consultation11,55.25,57.95,1
pm_turn_day5_consultation11_patient_015,test,turn_patient,day5_consultation11,58.673,61.447,1
pm_turn_day5_consultation11_doctor_013,test,turn_doctor,day5_consultation11,61.367,66.55,1
pm_turn_day5_consultation11_patient_017,test,turn_patient,day5_consultation11,67.575,77.965,1
pm_turn_day5_consultation11_patient_018,test,turn_patient,day5_consultation11,77.765,83.913,1
pm_turn_day5_consultation11_doctor_015,test,turn_doctor,day5_consultation11,84.033,91.35,1
pm_turn_day5_consultation11_patient_020,test,turn_patient,day5_consultation11,91.399,101.349,1
pm_turn_day5_consultation11_patient_022,test,turn_patient,day5_consultation11,102.258,110.487,1
pm_turn_day5_consultation11_patient_023,test,turn_patient,day5_consultation11,110.287,116.559,1
pm_turn_day5_consultation11_patient_024,test,turn_patient,day5_consultation11,116.359,122.904,1
pm_turn_day5_consultation11_patient_025,test,turn_patient,day5_consultation11,122.704,129.475,1
pm_turn_day5_consultation11_doctor_021,test,turn_doctor,day5_consultation11,129.417,135.4,1
pm_turn_day5_consultation11_patient_027,test,turn_patient,day5_consultation11,137.271,142.094,1
pm_turn_day5_consultation11_doctor_023,test,turn_doctor,day5_consultation11,140.867,148.908,1
pm_turn_day5_consultation11_patient_029,test,turn_patient,day5_consultation11,149.484,153.852,1
pm_turn_day5_consultation11_doctor_025,test,turn_doctor,day5_consultation11,152.617,158.067,1
pm_turn_day5_consultation11_patient_031,test,turn_patient,day5_consultation11,159.256,171.268,1
pm_turn_day5_consultation11_doctor_027,test,turn_doctor,day5_consultation11,171.05,174.825,1
pm_turn_day5_consultation11_patient_033,test,turn_patient,day5_consultation11,173.936,178.424,1
pm_turn_day5_consultation11_doctor_029,test,turn_doctor,day5_consultation11,175.975,183.35,1
pm_turn_day5_consultation11_patient_035,test,turn_patient,day5_consultation11,184.654,197.298,1
pm_turn_day5_consultation11_doctor_031,test,turn_doctor,day5_consultation11,196.911,197.935,1
pm_turn_day5_consultation11_patient_036,test,turn_patient,day5_consultation11,197.098,210.063,1
pm_turn_day5_consultation11_doctor_033,test,turn_doctor,day5_consultation11,209.743,210.817,1
pm_turn_day5_consultation11_patient_037,test,turn_patient,day5_consultation11,209.863,215.121,1
pm_turn_day5_consultation11_doctor_035,test,turn_doctor,day5_consultation11,212.802,217.153,1
pm_turn_day5_consultation11_patient_039,test,turn_patient,day5_consultation11,217.805,222.121,1
pm_turn_day5_consultation11_doctor_039,test,turn_doctor,day5_consultation11,223.382,225.565,1
pm_turn_day5_consultation11_patient_041,test,turn_patient,day5_consultation11,226.646,227.456,1
pm_turn_day5_consultation11_doctor_041,test,turn_doctor,day5_consultation11,227.466,233.901,1
pm_turn_day5_consultation11_patient_043,test,turn_patient,day5_consultation11,234.156,244.514,1
pm_turn_day5_consultation11_doctor_043,test,turn_doctor,day5_consultation11,244.332,249.456,1
pm_turn_day5_consultation11_patient_045,test,turn_patient,day5_consultation11,249.567,259.067,1
pm_turn_day5_consultation11_doctor_045,test,turn_doctor,day5_consultation11,257.273,260.187,1
pm_turn_day5_consultation11_patient_047,test,turn_patient,day5_consultation11,260.397,261.154,1
pm_turn_day5_consultation11_doctor_047,test,turn_doctor,day5_consultation11,260.777,262.641,1
pm_turn_day5_consultation11_patient_049,test,turn_patient,day5_consultation11,262.445,270.397,1
pm_turn_day5_consultation11_patient_050,test,turn_patient,day5_consultation11,270.197,276.081,1
pm_turn_day5_consultation11_patient_051,test,turn_patient,day5_consultation11,275.881,287.218,1
pm_turn_day5_consultation11_doctor_051,test,turn_doctor,day5_consultation11,287.424,295.498,1
pm_turn_day5_consultation11_patient_053,test,turn_patient,day5_consultation11,296.008,296.658,1
pm_turn_day5_consultation11_doctor_053,test,turn_doctor,day5_consultation11,296.441,299.973,1
pm_turn_day5_consultation11_patient_055,test,turn_patient,day5_consultation11,300.585,301.282,1
pm_turn_day5_consultation11_doctor_055,test,turn_doctor,day5_consultation11,302.164,304.641,1
pm_turn_day5_consultation11_patient_057,test,turn_patient,day5_consultation11,304.704,306.726,1
pm_turn_day5_consultation11_doctor_057,test,turn_doctor,day5_consultation11,306.618,311.54,1
pm_turn_day5_consultation11_patient_059,test,turn_patient,day5_consultation11,312.411,313.309,1
pm_turn_day5_consultation11_doctor_059,test,turn_doctor,day5_consultation11,313.147,315.49,1
pm_turn_day5_consultation11_patient_061,test,turn_patient,day5_consultation11,316.21,317.04,1
pm_turn_day5_consultation11_doctor_061,test,turn_doctor,day5_consultation11,316.97,320.944,1
pm_turn_day5_consultation11_patient_063,test,turn_patient,day5_consultation11,322.011,337.769,1
pm_turn_day5_consultation11_patient_064,test,turn_patient,day5_consultation11,337.569,343.765,1
pm_turn_day5_consultation11_patient_065,test,turn_patient,day5_consultation11,343.565,347.626,1
pm_turn_day5_consultation11_patient_066,test,turn_patient,day5_consultation11,347.426,352.772,1
pm_turn_day5_consultation11_doctor_063,test,turn_doctor,day5_consultation11,352.607,362.498,1
pm_turn_day5_consultation11_patient_068,test,turn_patient,day5_consultation11,356.585,357.202,1
pm_turn_day5_consultation11_patient_070,test,turn_patient,day5_consultation11,362.588,372.685,1
pm_turn_day5_consultation11_doctor_065,test,turn_doctor,day5_consultation11,370.668,371.532,1
pm_turn_day5_consultation11_patient_071,test,turn_patient,day5_consultation11,372.485,380.2,1
pm_turn_day5_consultation11_patient_072,test,turn_patient,day5_consultation11,380.0,385.217,1
pm_turn_day5_consultation11_doctor_067,test,turn_doctor,day5_consultation11,384.945,386.91,1
pm_turn_day5_consultation11_patient_074,test,turn_patient,day5_consultation11,386.679,387.47,1
pm_turn_day5_consultation11_doctor_069,test,turn_doctor,day5_consultation11,387.551,392.061,1
pm_turn_day5_consultation11_patient_076,test,turn_patient,day5_consultation11,392.243,392.893,1
pm_turn_day5_consultation11_doctor_071,test,turn_doctor,day5_consultation11,392.819,398.314,1
pm_turn_day5_consultation11_patient_078,test,turn_patient,day5_consultation11,398.893,416.497,1
pm_turn_day5_consultation11_doctor_073,test,turn_doctor,day5_consultation11,415.332,419.532,1
pm_turn_day5_consultation11_patient_080,test,turn_patient,day5_consultation11,418.861,421.074,1
pm_turn_day5_consultation11_doctor_075,test,turn_doctor,day5_consultation11,420.551,429.364,1
pm_turn_day5_consultation11_patient_082,test,turn_patient,day5_consultation11,429.297,435.536,1
pm_turn_day5_consultation11_doctor_077,test,turn_doctor,day5_consultation11,435.626,444.826,1
pm_turn_day5_consultation11_patient_084,test,turn_patient,day5_consultation11,441.72,442.336,1
pm_turn_day5_consultation11_patient_086,test,turn_patient,day5_consultation11,445.17,445.839,1
pm_turn_day5_consultation11_doctor_079,test,turn_doctor,day5_consultation11,446.063,449.49,1
pm_turn_day5_consultation11_patient_088,test,turn_patient,day5_consultation11,450.652,453.21,1
pm_turn_day5_consultation11_patient_090,test,turn_patient,day5_consultation11,454.95,465.122,1
pm_turn_day5_consultation11_patient_091,test,turn_patient,day5_consultation11,464.922,471.084,1
pm_turn_day5_consultation11_patient_092,test,turn_patient,day5_consultation11,470.884,476.394,1
pm_turn_day5_consultation11_patient_093,test,turn_patient,day5_consultation11,476.194,484.445,1
pm_turn_day5_consultation11_doctor_081,test,turn_doctor,day5_consultation11,484.44,488.174,1
pm_turn_day5_consultation11_patient_095,test,turn_patient,day5_consultation11,488.455,491.049,1
pm_turn_day5_consultation11_patient_096,test,turn_patient,day5_consultation11,490.849,502.511,1
pm_turn_day5_consultation11_patient_097,test,turn_patient,day5_consultation11,502.311,507.759,1
pm_turn_day5_consultation11_patient_098,test,turn_patient,day5_consultation11,507.559,513.062,1
pm_turn_day5_consultation11_patient_099,test,turn_patient,day5_consultation11,512.862,517.042,1
pm_turn_day5_consultation11_doctor_083,test,turn_doctor,day5_consultation11,517.807,523.899,1
pm_turn_day5_consultation11_patient_101,test,turn_patient,day5_consultation11,522.549,524.88,1
pm_turn_day5_consultation11_doctor_085,test,turn_doctor,day5_consultation11,525.124,535.658,1
pm_turn_day5_consultation11_doctor_086,test,turn_doctor,day5_consultation11,535.458,542.648,1
pm_turn_day5_consultation11_doctor_087,test,turn_doctor,day5_consultation11,542.448,545.909,1
pm_turn_day5_consultation11_doctor_088,test,turn_doctor,day5_consultation11,545.709,555.075,1
pm_turn_day5_consultation11_doctor_089,test,turn_doctor,day5_consultation11,554.875,567.43,1
pm_turn_day5_consultation11_doctor_090,test,turn_doctor,day5_consultation11,567.23,573.159,1
pm_turn_day5_consultation11_patient_107,test,turn_patient,day5_consultation11,567.767,568.585,1
pm_turn_day5_consultation11_doctor_091,test,turn_doctor,day5_consultation11,572.959,584.81,1
pm_turn_day5_consultation11_doctor_092,test,turn_doctor,day5_consultation11,584.61,594.04,1
pm_turn_day5_consultation11_patient_109,test,turn_patient,day5_consultation11,584.868,585.659,1
pm_turn_day5_consultation11_patient_111,test,turn_patient,day5_consultation11,594.803,607.977,1
pm_turn_day5_consultation11_patient_112,test,turn_patient,day5_consultation11,607.777,610.241,1
pm_turn_day5_consultation11_doctor_094,test,turn_doctor,day5_consultation11,609.949,624.333,1
pm_turn_day5_consultation11_patient_114,test,turn_patient,day5_consultation11,616.499,617.048,1
pm_turn_day5_consultation11_doctor_095,test,turn_doctor,day5_consultation11,624.133,629.976,1
pm_turn_day5_consultation11_patient_116,test,turn_patient,day5_consultation11,624.479,625.182,1
pm_turn_day5_consultation11_patient_118,test,turn_patient,day5_consultation11,628.613,629.316,1
pm_turn_day5_consultation11_patient_120,test,turn_patient,day5_consultation11,630.254,633.001,1
pm_turn_day5_consultation11_doctor_097,test,turn_doctor,day5_consultation11,632.699,646.72,1
pm_turn_day5_consultation11_patient_122,test,turn_patient,day5_consultation11,633.95,635.225,1
pm_turn_day5_consultation11_doctor_098,test,turn_doctor,day5_consultation11,646.52,653.602,1
pm_turn_day5_consultation11_patient_126,test,turn_patient,day5_consultation11,651.814,658.752,1
pm_turn_day5_consultation11_doctor_100,test,turn_doctor,day5_consultation11,658.383,664.057,1
pm_turn_day5_consultation11_patient_128,test,turn_patient,day5_consultation11,660.854,665.7,1
pm_turn_day5_consultation12_patient_000,test,turn_patient,day5_consultation12,0.0,1.806,1
pm_turn_day5_consultation12_doctor_001,test,turn_doctor,day5_consultation12,1.953,4.538,1
pm_turn_day5_consultation12_patient_002,test,turn_patient,day5_consultation12,4.211,6.31,1
pm_turn_day5_consultation12_doctor_002,test,turn_doctor,day5_consultation12,4.338,10.308,1
pm_turn_day5_consultation12_patient_004,test,turn_patient,day5_consultation12,10.572,15.949,1
pm_turn_day5_consultation12_patient_006,test,turn_patient,day5_consultation12,16.606,24.167,1
pm_turn_day5_consultation12_doctor_006,test,turn_doctor,day5_consultation12,23.976,27.831,1
pm_turn_day5_consultation12_patient_008,test,turn_patient,day5_consultation12,27.867,29.21,1
pm_turn_day5_consultation12_doctor_008,test,turn_doctor,day5_consultation12,29.036,30.589,1
pm_turn_day5_consultation12_patient_010,test,turn_patient,day5_consultation12,30.673,33.008,1
pm_turn_day5_consultation12_doctor_010,test,turn_doctor,day5_consultation12,33.735,35.905,1
pm_turn_day5_consultation12_patient_012,test,turn_patient,day5_consultation12,36.001,38.554,1
pm_turn_day5_consultation12_patient_014,test,turn_patient,day5_consultation12,39.211,42.361,1
pm_turn_day5_consultation12_doctor_012,test,turn_doctor,day5_consultation12,42.141,45.281,1
pm_turn_day5_consultation12_patient_016,test,turn_patient,day5_consultation12,44.371,49.064,1
pm_turn_day5_consultation12_doctor_014,test,turn_doctor,day5_consultation12,47.833,51.093,1
pm_turn_day5_consultation12_patient_018,test,turn_patient,day5_consultation12,51.026,52.117,1
pm_turn_day5_consultation12_doctor_016,test,turn_doctor,day5_consultation12,51.833,55.409,1
pm_turn_day5_consultation12_patient_020,test,turn_patient,day5_consultation12,55.119,56.907,1
pm_turn_day5_consultation12_doctor_018,test,turn_doctor,day5_consultation12,57.254,59.74,1
pm_turn_day5_consultation12_patient_022,test,turn_patient,day5_consultation12,60.025,68.901,1
pm_turn_day5_consultation12_patient_024,test,turn_patient,day5_consultation12,69.422,71.243,1
pm_turn_day5_consultation12_doctor_020,test,turn_doctor,day5_consultation12,71.224,78.822,1
pm_turn_day5_consultation12_patient_026,test,turn_patient,day5_consultation12,78.875,80.319,1
pm_turn_day5_consultation12_doctor_022,test,turn_doctor,day5_consultation12,80.825,83.581,1
pm_turn_day5_consultation12_doctor_024,test,turn_doctor,day5_consultation12,84.517,88.274,1
pm_turn_day5_consultation12_patient_030,test,turn_patient,day5_consultation12,90.726,91.781,1
pm_turn_day5_consultation12_doctor_026,test,turn_doctor,day5_consultation12,92.705,99.823,1
pm_turn_day5_consultation12_patient_032,test,turn_patient,day5_consultation12,92.876,94.479,1
pm_turn_day5_consultation12_patient_034,test,turn_patient,day5_consultation12,100.38,101.361,1
pm_turn_day5_consultation12_doctor_028,test,turn_doctor,day5_consultation12,102.232,104.89,1
pm_turn_day5_consultation12_patient_036,test,turn_patient,day5_consultation12,104.857,107.426,1
pm_turn_day5_consultation12_doctor_030,test,turn_doctor,day5_consultation12,106.164,109.642,1
pm_turn_day5_consultation12_patient_038,test,turn_patient,day5_consultation12,109.348,112.563,1
pm_turn_day5_consultation12_doctor_032,test,turn_doctor,day5_consultation12,110.728,114.319,1
pm_turn_day5_consultation12_patient_040,test,turn_patient,day5_consultation12,114.245,116.446,1
pm_turn_day5_consultation12_doctor_034,test,turn_doctor,day5_consultation12,115.465,117.958,1
pm_turn_day5_consultation12_patient_042,test,turn_patient,day5_consultation12,117.842,118.882,1
pm_turn_day5_consultation12_doctor_036,test,turn_doctor,day5_consultation12,118.991,122.214,1
pm_turn_day5_consultation12_patient_044,test,turn_patient,day5_consultation12,122.767,124.21,1
pm_turn_day5_consultation12_doctor_038,test,turn_doctor,day5_consultation12,124.314,131.875,1
pm_turn_day5_consultation12_patient_046,test,turn_patient,day5_consultation12,131.564,134.003,1
pm_turn_day5_consultation12_doctor_040,test,turn_doctor,day5_consultation12,133.736,137.387,1
pm_turn_day5_consultation12_patient_048,test,turn_patient,day5_consultation12,137.492,145.95,1
pm_turn_day5_consultation12_doctor_042,test,turn_doctor,day5_consultation12,145.856,148.146,1
pm_turn_day5_consultation12_patient_050,test,turn_patient,day5_consultation12,147.91,149.21,1
pm_turn_day5_consultation12_doctor_044,test,turn_doctor,day5_consultation12,149.706,153.53,1
pm_turn_day5_consultation12_patient_052,test,turn_patient,day5_consultation12,153.842,155.967,1
pm_turn_day5_consultation12_doctor_046,test,turn_doctor,day5_consultation12,155.668,158.808,1
pm_turn_day5_consultation12_patient_054,test,turn_patient,day5_consultation12,158.815,161.939,1
pm_turn_day5_consultation12_doctor_048,test,turn_doctor,day5_consultation12,161.683,167.943,1
pm_turn_day5_consultation12_patient_056,test,turn_patient,day5_consultation12,167.969,169.453,1
pm_turn_day5_consultation12_doctor_050,test,turn_doctor,day5_consultation12,169.796,172.943,1
pm_turn_day5_consultation12_patient_058,test,turn_patient,day5_consultation12,173.464,176.816,1
pm_turn_day5_consultation12_doctor_052,test,turn_doctor,day5_consultation12,176.713,179.079,1
pm_turn_day5_consultation12_patient_060,test,turn_patient,day5_consultation12,178.817,180.202,1
pm_turn_day5_consultation12_doctor_054,test,turn_doctor,day5_consultation12,180.285,183.65,1
pm_turn_day5_consultation12_patient_062,test,turn_patient,day5_consultation12,183.994,188.69,1
pm_turn_day5_consultation12_doctor_056,test,turn_doctor,day5_consultation12,188.932,191.914,1
pm_turn_day5_consultation12_patient_064,test,turn_patient,day5_consultation12,191.759,192.782,1
pm_turn_day5_consultation12_doctor_058,test,turn_doctor,day5_consultation12,192.689,195.387,1
pm_turn_day5_consultation12_patient_066,test,turn_patient,day5_consultation12,195.001,200.177,1
pm_turn_day5_consultation12_doctor_060,test,turn_doctor,day5_consultation12,200.428,204.154,1
pm_turn_day5_consultation12_patient_068,test,turn_patient,day5_consultation12,204.387,206.984,1
pm_turn_day5_consultation12_doctor_062,test,turn_doctor,day5_consultation12,207.45,209.267,1
pm_turn_day5_consultation12_patient_070,test,turn_patient,day5_consultation12,209.322,210.522,1
pm_turn_day5_consultation12_doctor_064,test,turn_doctor,day5_consultation12,210.187,211.899,1
pm_turn_day5_consultation12_patient_072,test,turn_patient,day5_consultation12,211.919,213.295,1
pm_turn_day5_consultation12_doctor_066,test,turn_doctor,day5_consultation12,213.541,216.049,1
pm_turn_day5_consultation12_patient_074,test,turn_patient,day5_consultation12,215.776,217.337,1
pm_turn_day5_consultation12_doctor_068,test,turn_doctor,day5_consultation12,217.097,219.786,1
pm_turn_day5_consultation12_patient_076,test,turn_patient,day5_consultation12,219.703,228.673,1
pm_turn_day5_consultation12_doctor_070,test,turn_doctor,day5_consultation12,228.278,231.793,1
pm_turn_day5_consultation12_patient_078,test,turn_patient,day5_consultation12,231.633,233.077,1
pm_turn_day5_consultation12_doctor_072,test,turn_doctor,day5_consultation12,232.781,234.966,1
pm_turn_day5_consultation12_patient_080,test,turn_patient,day5_consultation12,234.767,235.833,1
pm_turn_day5_consultation12_doctor_074,test,turn_doctor,day5_consultation12,236.12,238.034,1
pm_turn_day5_consultation12_patient_082,test,turn_patient,day5_consultation12,238.717,239.917,1
pm_turn_day5_consultation12_doctor_076,test,turn_doctor,day5_consultation12,239.345,253.952,1
pm_turn_day5_consultation12_patient_084,test,turn_patient,day5_consultation12,254.756,259.085,1
pm_turn_day5_consultation12_doctor_078,test,turn_doctor,day5_consultation12,259.248,265.275,1
pm_turn_day5_consultation12_doctor_079,test,turn_doctor,day5_consultation12,265.075,272.513,1
pm_turn_day5_consultation12_patient_086,test,turn_patient,day5_consultation12,265.28,266.354,1
pm_turn_day5_consultation12_doctor_080,test,turn_doctor,day5_consultation12,272.313,278.14,1
pm_turn_day5_consultation12_patient_088,test,turn_patient,day5_consultation12,272.516,273.716,1
pm_turn_day5_consultation12_doctor_081,test,turn_doctor,day5_consultation12,277.94,290.907,1
pm_turn_day5_consultation12_doctor_082,test,turn_doctor,day5_consultation12,290.707,299.809,1
pm_turn_day5_consultation12_patient_090,test,turn_patient,day5_consultation12,299.651,300.951,1
pm_turn_day5_consultation12_patient_092,test,turn_patient,day5_consultation12,301.499,302.624,1
pm_turn_day5_consultation12_doctor_084,test,turn_doctor,day5_consultation12,301.594,303.862,1
pm_turn_day5_consultation12_patient_094,test,turn_patient,day5_consultation12,303.499,306.044,1
pm_turn_day5_consultation12_doctor_086,test,turn_doctor,day5_consultation12,306.196,312.265,1
pm_turn_day5_consultation12_doctor_087,test,turn_doctor,day5_consultation12,312.065,318.208,1
pm_turn_day5_consultation12_patient_098,test,turn_patient,day5_consultation12,318.331,319.531,1
pm_turn_day5_consultation12_doctor_089,test,turn_doctor,day5_consultation12,319.73,320.93,1
pm_turn_day5_consultation12_patient_100,test,turn_patient,day5_consultation12,320.667,321.994,1
pm_turn_day5_consultation12_doctor_091,test,turn_doctor,day5_consultation12,321.572,324.456,1
pm_turn_day5_consultation12_patient_102,test,turn_patient,day5_consultation12,322.682,324.657,1
