eval,policy,point,target,threshold,feasible,note,review_rate,err_caught,accepted_err_rate,accepted_wer,word_errors_caught,n_accepted_errors,accepted_sub_rate,accepted_del_rate,accepted_ins_rate,accepted_num_err,accepted_neg_err,accepted_ent_err,accepted_term_err,accepted_crit_err_rate,crit_caught,review_rate_lo,review_rate_hi,err_caught_lo,err_caught_hi,accepted_err_rate_lo,accepted_err_rate_hi,accepted_crit_err_rate_lo,accepted_crit_err_rate_hi,pred_accepted_err
eka_test,P1,budget_0.01,0.01,0.6318330495,True,,0.0143129770992,0.0522648083624,0.263310745402,0.0963118551924,0.0505481120585,272,0.0598010749367,0.0181009452029,0.0184098350528,0.0815006468305,0.00900900900901,0.250715876551,0.0672609400324,0.0522749273959,0.0181818181818,0.00544221978513,0.0205982262482,0.0332088030825,0.172911140584,0.0304289387564,0.375558363598,0.0373349873552,0.0780407655368,
eka_test,P1,budget_0.05,0.05,0.5532712038,True,,0.0639312977099,0.188153310105,0.2375127421,0.0837358088189,0.186967113276,233,0.0578937464718,0.00909490058333,0.0167471617638,0.0777338603426,0.00900900900901,0.234584013051,0.0520661157025,0.0519877675841,0.0727272727273,0.0221568627451,0.0962982153138,0.13017282197,0.538888888889,0.0225287766762,0.351704570304,0.0389360184756,0.0729839267723,
eka_test,P1,budget_0.10,0.1,0.5160116508,True,,0.0963740458015,0.278745644599,0.21858500528,0.0808392665869,0.218635809988,207,0.0562031377985,0.00901014428832,0.0156259845,0.0757978723404,0.00900900900901,0.228307489277,0.0483736447039,0.0496304118268,0.145454545455,0.0231491384433,0.13168084205,0.218785460993,0.587460815047,0.0199216351729,0.328489380942,0.0360353008326,0.0726116994611,
eka_test,P1,budget_0.20,0.2,0.4475078049,True,,0.195610687023,0.456445993031,0.185053380783,0.0757107937733,0.283191230207,156,0.0520391097388,0.00900553196964,0.0146661520648,0.0762711864407,0.00900900900901,0.213187564059,0.0447257383966,0.0521945432977,0.2,0.0329400454647,0.273228657077,0.370918640638,0.72421630094,0.0163903288468,0.296301287811,0.0361213511619,0.0766058173004,
eka_test,P1,budget_0.30,0.3,0.4019691294,True,,0.287213740458,0.620209059233,0.145917001339,0.0700737618546,0.352009744214,109,0.0478793466807,0.00856164383562,0.0136327713383,0.0739064856712,0.00917431192661,0.199149539334,0.0446735395189,0.0508701472557,0.309090909091,0.0462982768865,0.393822185068,0.534543439716,0.808779012749,0.0145712209302,0.249040723534,0.0341617410844,0.0770718214459,
eka_test,P1,risk_0.10,0.1,0.372199657,True,,0.362595419847,0.735191637631,0.11377245509,0.0666353194062,0.395858708892,76,0.0453415731847,0.00853093302882,0.0127628131927,0.0786516853933,0.00925925925926,0.18818380744,0.0452173913043,0.0568862275449,0.309090909091,0.052520785472,0.487524216463,0.653106460623,0.895539988736,0.0107382755252,0.210287031409,0.0402043754094,0.0806826224024,
eka_test,P1,risk_0.20,0.2,0.5278179266,True,,0.0820610687023,0.240418118467,0.226611226611,0.0817301647177,0.208282582217,218,0.056896768515,0.0091160568339,0.0157173393688,0.0766182298547,0.00900900900901,0.231122783979,0.050706566916,0.0509355509356,0.109090909091,0.0231491384433,0.114428404499,0.182899753998,0.587460815047,0.0199216351729,0.33766200377,0.0372922293406,0.0738745113038,
eka_test,P1,risk_0.30,0.3,0.7014997042,True,,0,0,0.273854961832,0.10097159021,0,287,0.0615545443365,0.0201082277703,0.0193088181036,0.0825806451613,0.00900900900901,0.256394063783,0.071716357776,0.0524809160305,0,0,0,0,0,0.035571632657,0.385440669738,0.0377736045835,0.0799619648205,
eka_test,P1,riskcp_0.10,0.1,0.3439510511,True,,0.429389312977,0.797909407666,0.0969899665552,0.0645626072041,0.426918392205,58,0.0434305317324,0.00857632933105,0.0125557461407,0.0805369127517,0.00952380952381,0.180007515971,0.044404973357,0.061872909699,0.327272727273,0.0765424199182,0.5672913057,0.724119589142,0.904509803922,0.00869440851657,0.187169595111,0.0471161282985,0.0829689835575,
eka_test,P1,riskcp_0.20,0.2,0.4842377382,True,,0.141221374046,0.369337979094,0.201111111111,0.078360343184,0.249086479903,181,0.0542739116619,0.00896091515729,0.0151255163648,0.0734693877551,0.00900900900901,0.221179624665,0.0469798657718,0.0488888888889,0.2,0.0310431583052,0.185165102748,0.308107436844,0.72421630094,0.016323458712,0.310328927938,0.0337891994546,0.0743612521151,
eka_test,P1,riskcp_0.30,0.3,0.7014997042,True,,0,0,0.273854961832,0.10097159021,0,287,0.0615545443365,0.0201082277703,0.0193088181036,0.0825806451613,0.00900900900901,0.256394063783,0.071716357776,0.0524809160305,0,0,0,0,0,0.035571632657,0.385440669738,0.0377736045835,0.0799619648205,
eka_test,P2,budget_0.01,0.01,0.512934391887,True,,0.00763358778626,0.00696864111498,0.274038461538,0.0991492555986,0.0347137637028,285,0.0605529838609,0.0198298511197,0.018766420618,0.0791268758527,0.00909090909091,0.256600128783,0.0717781402936,0.0490384615385,0.0727272727273,0.00217729584903,0.0232053284016,0,0.201034482759,0.0330510770898,0.385756386422,0.0350148602187,0.0703377650018,
eka_test,P2,budget_0.05,0.05,0.19259159146,True,,0.0333969465649,0.01393728223,0.279368213228,0.0977211532147,0.0937880633374,283,0.0597622643988,0.0200302094963,0.0179286793196,0.0532724505327,0,0.2577040298,0.0723793677205,0.0375123395854,0.309090909091,0.0146932312006,0.0828368794326,0,0.308333333333,0.0252582631321,0.390847796833,0.0251734903061,0.0461869109403,
eka_test,P2,budget_0.10,0.1,0.0006024863563,True,,0.0868320610687,0.104529616725,0.26854754441,0.0915763968073,0.217417783191,257,0.0601482326112,0.0143244013683,0.0171037628278,0.0501618122977,0,0.252295262578,0.0651376146789,0.0376175548589,0.345454545455,0.0587869879239,0.147114764668,0.0706872020951,0.500431034483,0.0210139225182,0.377283113162,0.0247027685056,0.0469072534404,
eka_test,P2,budget_0.20,0.2,0.0004959393099,True,,0.18320610687,0.348432055749,0.218457943925,0.0783571220507,0.344701583435,187,0.0554180017477,0.0088115351005,0.0141275852024,0.0456081081081,0,0.227935533384,0.0464895635674,0.0338785046729,0.472727272727,0.156166209778,0.221837728779,0.288863636364,0.822356321839,0.00864059273972,0.325240170066,0.021723555643,0.0440115436535,
eka_test,P2,budget_0.30,0.3,0.0004378321797,True,,0.277671755725,0.498257839721,0.190224570674,0.0731325480841,0.402557856273,144,0.0510660503951,0.0088713284628,0.0131951692262,0.0438756855576,0,0.213003589948,0.0441035474593,0.0343461030383,0.527272727273,0.172993472632,0.361361419574,0.411386928763,0.85,0.00721230655664,0.300053035845,0.0238661112086,0.0462387677843,
eka_test,P2,risk_0.10,0.1,0.000369461869,True,,0.435114503817,0.756097560976,0.118243243243,0.0632841907152,0.508526187576,70,0.0439146800502,0.00823400250941,0.0111355081556,0.0408602150538,0,0.185376344086,0.0437810945274,0.0337837837838,0.636363636364,0.203790140208,0.549361766613,0.680829787234,0.93275862069,0.0043429844098,0.217530052961,0.0231204091722,0.0434919332786,
eka_test,P2,risk_0.20,0.2,0.0005052615203,True,,0.167938931298,0.320557491289,0.223623853211,0.0791899542716,0.33556638246,195,0.0561080060971,0.00885533860782,0.0142266095667,0.0451505016722,0,0.230739893211,0.0481586402266,0.0332568807339,0.472727272727,0.14219818027,0.210396085204,0.25318627451,0.822356321839,0.00864059273972,0.333340130506,0.0214022171884,0.0432499710501,
eka_test,P2,risk_0.30,0.3,0.897616287968,True,,0.00190839694656,0.00348432055749,0.273422562141,0.10049382716,0.00852618757613,286,0.0614197530864,0.0201851851852,0.0188888888889,0.0815789473684,0.00900900900901,0.256507936508,0.0718901453958,0.0516252390057,0.0181818181818,0,0.0074741212642,0,0.0912225705329,0.0351581659194,0.385309012204,0.0370350098826,0.0773097209619,
eka_test,P2,riskcp_0.10,0.1,0.0003418509549,True,,0.492366412214,0.808362369338,0.103383458647,0.060812434901,0.537758830694,55,0.041663328259,0.00825254386668,0.0108965627754,0.0427927927928,0,0.176028306059,0.043654822335,0.0357142857143,0.654545454545,0.213881468146,0.601238595107,0.757962588652,0.966379310345,0.00218120805369,0.200995670996,0.0246043997017,0.0454713183495,
eka_test,P2,riskcp_0.20,0.2,0.0004561324299,True,,0.242366412214,0.449477351916,0.198992443325,0.074659964518,0.384896467722,158,0.0524837374335,0.00879657007688,0.0133796570077,0.044404973357,0,0.217767295597,0.043935052531,0.0340050377834,0.509090909091,0.171233544835,0.30925214767,0.369686659946,0.85,0.0072119482296,0.308602943567,0.0230953357381,0.046848549669,
eka_test,P2,riskcp_0.30,0.3,0.897616287968,True,,0.00190839694656,0.00348432055749,0.273422562141,0.10049382716,0.00852618757613,286,0.0614197530864,0.0201851851852,0.0188888888889,0.0815789473684,0.00900900900901,0.256507936508,0.0718901453958,0.0516252390057,0.0181818181818,0,0.0074741212642,0,0.0912225705329,0.0351581659194,0.385309012204,0.0370350098826,0.0773097209619,
eka_test,P2,whisper_rule,,1,True,,0.00190839694656,0.00348432055749,0.273422562141,0.10049382716,0.00852618757613,286,0.0614197530864,0.0201851851852,0.0188888888889,0.0815789473684,0.00900900900901,0.256507936508,0.0718901453958,0.0516252390057,0.0181818181818,0,0.0074741212642,0,0.0912225705329,0.0351581659194,0.385309012204,0.0370350098826,0.0773097209619,
eka_test,P2-rawCR,budget_0.01,0.01,0.67475124375,True,,0.013358778626,0.00348432055749,0.276595744681,0.100191204589,0.0426309378806,286,0.0610579987253,0.0196940726577,0.0194391332059,0.0804749340369,0,0.256668835394,0.0707236842105,0.0502901353965,0.0545454545455,0.00452469664787,0.0377986717134,0,0.0784482758621,0.0354657204631,0.387366080309,0.0351568596347,0.0734622093023,
eka_test,P2-rawCR,budget_0.05,0.05,0.637755102083,True,,0.0429389312977,0.00696864111498,0.284147557328,0.103102001513,0.0870889159562,285,0.062727835477,0.0204278148428,0.0199463511933,0.0753424657534,0,0.265313265663,0.0711743772242,0.049850448654,0.0909090909091,0.018253852393,0.109382711513,0,0.201034482759,0.0369277136259,0.391138954855,0.0338108145044,0.0758564597733,
eka_test,P2-rawCR,budget_0.10,0.1,0.618530020833,True,,0.0849236641221,0.00696864111498,0.297184567258,0.110291262136,0.135200974421,285,0.066640776699,0.0225242718447,0.0211262135922,0.079295154185,0,0.280701754386,0.0780780780781,0.0510948905109,0.109090909091,0.0376505826034,0.204617797849,0,0.201034482759,0.0422879408174,0.396627743871,0.0341936588858,0.0801454286318,
eka_test,P2-rawCR,budget_0.20,0.2,0.592369477917,True,,0.185114503817,0.01393728223,0.331381733021,0.134399117971,0.257612667479,283,0.0793825799338,0.0297684674752,0.0252480705623,0.0871212121212,0,0.328215987295,0.0970873786408,0.0503512880562,0.218181818182,0.0757707650442,0.436718913271,0,0.308333333333,0.0409240767534,0.414069546797,0.0355690122543,0.0878043303776,
eka_test,P2-rawCR,budget_0.30,0.3,0.562106918333,True,,0.297709923664,0.01393728223,0.384510869565,0.197518708153,0.38915956151,283,0.113430484443,0.0488381252462,0.035250098464,0.106598984772,0,0.434819897084,0.138964577657,0.0516304347826,0.309090909091,0.127788984297,0.708266616918,0,0.308333333333,0.0777889598953,0.449159692783,0.037176883483,0.139463197375,
eka_test,P2-rawCR,risk_0.10,0.1,-inf,False,,1,1,,,1,0,,,,,,,,,1,1,1,1,1,,,,,
eka_test,P2-rawCR,risk_0.20,0.2,-inf,False,,1,1,,,1,0,,,,,,,,,1,1,1,1,1,,,,,
eka_test,P2-rawCR,risk_0.30,0.3,0.74186991875,True,,0.000954198473282,0,0.2741165234,0.101146449704,0.000609013398295,287,0.0616370808679,0.0201553254438,0.0193540433925,0.0825806451613,0.00900900900901,0.256880733945,0.071716357776,0.0525310410697,0,0,0.00341699003071,0,0,0.0356337029397,0.386055351943,0.0378173578975,0.080034261242,
eka_test,P2-rawCR,riskcp_0.10,0.1,-inf,False,,1,1,,,1,0,,,,,,,,,1,1,1,1,1,,,,,
eka_test,P2-rawCR,riskcp_0.20,0.2,-inf,False,,1,1,,,1,0,,,,,,,,,1,1,1,1,1,,,,,
eka_test,P2-rawCR,riskcp_0.30,0.3,-inf,False,,1,1,,,1,0,,,,,,,,,1,1,1,1,1,,,,,
eka_test,P2-rawCR,whisper_rule,,1,True,,0,0,0.273854961832,0.10097159021,0,287,0.0615545443365,0.0201082277703,0.0193088181036,0.0825806451613,0.00900900900901,0.256394063783,0.071716357776,0.0524809160305,0,0,0,0,0,0.035571632657,0.385440669738,0.0377736045835,0.0799619648205,
eka_test,P3,budget_0.01,0.01,0.931176376867,True,,0.0152671755725,0.0557491289199,0.262596899225,0.0905360029847,0.113276492083,271,0.0601915184679,0.0116279069767,0.0187165775401,0.080310880829,0.00900900900901,0.245192307692,0.0550082101806,0.0513565891473,0.0363636363636,0.00862744535186,0.0251768183643,0.0307114928083,0.333888888889,0.0246166260851,0.377040978082,0.0370544127029,0.0747901918246,0.231554188359
eka_test,P3,budget_0.05,0.05,0.738588296453,True,,0.0725190839695,0.229965156794,0.227366255144,0.081832444305,0.205846528624,221,0.0569187323502,0.00916222152495,0.0157514904299,0.0764163372859,0.00900900900901,0.23167539267,0.0489626556017,0.0504115226337,0.109090909091,0.0197615046267,0.0922096494126,0.1988705686,0.5,0.02257345555,0.335384629344,0.036448230141,0.0727636269819,0.194458646694
eka_test,P3,budget_0.10,0.1,0.595065654516,True,,0.125,0.362369337979,0.199563794984,0.0784512210553,0.244823386114,183,0.0543464507149,0.00898393015311,0.0151208401873,0.0752688172043,0.00900900900901,0.221926024658,0.0468619246862,0.0501635768811,0.163636363636,0.0221568627451,0.162513875156,0.322806626418,0.538888888889,0.0225287766762,0.301606803999,0.0349355144768,0.074371547756,0.167218533227
eka_test,P3,budget_0.20,0.2,0.428839903395,True,,0.227099236641,0.564459930314,0.154320987654,0.0720196534781,0.3215590743,125,0.049456943367,0.0089216446858,0.0136410654254,0.0744525547445,0.00900900900901,0.203870076019,0.0456466610313,0.0506172839506,0.254545454545,0.0360066367648,0.302991801605,0.525755025534,0.72421630094,0.0164577562327,0.247658739621,0.0354928617872,0.0743965517241,0.121915489424
eka_test,P3,budget_0.30,0.3,0.309704487777,True,,0.333015267176,0.742160278746,0.105865522175,0.0668348045397,0.386723507917,74,0.045264485299,0.00869449790934,0.0128758213314,0.0777777777778,0.00909090909091,0.187522538767,0.0456503014643,0.0557939914163,0.290909090909,0.0413538257315,0.445175975445,0.655139257294,0.84216374269,0.0124976721991,0.189540487942,0.0412976522548,0.0770746557293,0.0827169478685
eka_test,P3,risk_0.10,0.1,0.327249121175,True,,0.31965648855,0.721254355401,0.112201963534,0.0673852664991,0.379415347138,80,0.0456950138871,0.00879513291893,0.0128951196932,0.0782472613459,0.00909090909091,0.189451022605,0.0455717970765,0.0561009817672,0.272727272727,0.0413538257315,0.424342533133,0.654245090016,0.835726027397,0.0124976721991,0.198007616446,0.041653708134,0.0771883963517,0.0872994761521
eka_test,P3,risk_0.20,0.2,0.645892368721,True,,0.0973282442748,0.292682926829,0.214587737844,0.0800100800101,0.226552984166,203,0.0555030555031,0.00907200907201,0.015435015435,0.0758988015979,0.00900900900901,0.226732673267,0.0466278101582,0.0507399577167,0.127272727273,0.0221568627451,0.125666245863,0.256781809485,0.538888888889,0.0225287766762,0.320961699052,0.0368446468269,0.0733267771571,0.180932356832
eka_test,P3,risk_0.30,0.3,0.966477049881,True,,0.00667938931298,0.0243902439024,0.268972142171,0.0933333333333,0.0834348355664,280,0.0616434108527,0.0122170542636,0.0194728682171,0.0813953488372,0.00900900900901,0.248084291188,0.0565110565111,0.0518731988473,0.0181818181818,0,0.0174193492678,0,0.222916666667,0.0304833024119,0.38362974961,0.0377751406212,0.077790133225,0.237718308332
eka_test,P3,riskcp_0.10,0.1,0.27931383209,True,,0.358778625954,0.770034843206,0.0982142857143,0.0661234304034,0.397076735688,66,0.0446834090302,0.0086160833556,0.0128239380176,0.0795454545455,0.00917431192661,0.18463219228,0.0449050086356,0.0580357142857,0.290909090909,0.0414024638638,0.476634202685,0.655139257294,0.856260273973,0.0124982492997,0.176322086458,0.043868508475,0.0775935673598,0.0742200155488
eka_test,P3,riskcp_0.20,0.2,0.503186517368,True,,0.184160305344,0.480836236934,0.174269005848,0.0745675848815,0.291108404385,149,0.0515054452274,0.00903267136451,0.0140294682896,0.0748587570621,0.00900900900901,0.211976862879,0.0454928390901,0.0502923976608,0.218181818182,0.0319615789867,0.243366220614,0.450969618617,0.72421630094,0.0163903288468,0.271647153359,0.0370165065287,0.0743368504652,0.139811376279
eka_test,P3,riskcp_0.30,0.3,0.966477049881,True,,0.00667938931298,0.0243902439024,0.268972142171,0.0933333333333,0.0834348355664,280,0.0616434108527,0.0122170542636,0.0194728682171,0.0813953488372,0.00900900900901,0.248084291188,0.0565110565111,0.0518731988473,0.0181818181818,0,0.0174193492678,0,0.222916666667,0.0304833024119,0.38362974961,0.0377751406212,0.077790133225,0.237718308332
eka_test,P3,plugin_0.10,0.1,0.360210962932,True,,0.284351145038,0.644599303136,0.136,0.0692893734402,0.357490864799,102,0.0472875344805,0.00886641271509,0.0131354262446,0.0768049155146,0.00909090909091,0.195821529745,0.0454545454545,0.0533333333333,0.272727272727,0,0.527042900121,0,0.806076723564,0.035571632657,0.164014357792,0.0424846204188,0.075554603414,0.0999818253432
eka_test,P3,plugin_0.20,0.2,0.771631330453,True,,0.0639312977099,0.209059233449,0.231396534149,0.0825918034841,0.197320341048,227,0.0573380122822,0.00914901616744,0.0161047750345,0.0761154855643,0.00900900900901,0.233278955954,0.0488410596026,0.0499490316004,0.109090909091,0,0.23097542926,0,0.461404016374,0.035571632657,0.283855590538,0.0360108767995,0.0799619648205,0.199569882164
eka_test,P3,plugin_0.30,0.3,0.996124758525,True,,0,0,0.273854961832,0.10097159021,0,287,0.0615545443365,0.0201082277703,0.0193088181036,0.0825806451613,0.00900900900901,0.256394063783,0.071716357776,0.0524809160305,0,0,0.023646384369,0,0.0605097671539,0.035571632657,0.37723112535,0.0374274276688,0.0799619648205,0.242708950685
eka_test,P3-conf,budget_0.01,0.01,0.930909762959,True,,0.0152671755725,0.0557491289199,0.262596899225,0.0905360029847,0.113276492083,271,0.0601915184679,0.0116279069767,0.0187165775401,0.080310880829,0.00900900900901,0.245192307692,0.0550082101806,0.0513565891473,0.0363636363636,0.00862744535186,0.0251768183643,0.0307114928083,0.333888888889,0.0246166260851,0.377040978082,0.0370544127029,0.0747901918246,0.229300093081
eka_test,P3-conf,budget_0.05,0.05,0.762167720801,True,,0.0658396946565,0.209059233449,0.231869254341,0.0823772804213,0.199756394641,227,0.0573004827284,0.00915303115792,0.015923766535,0.0763157894737,0.00900900900901,0.233431276526,0.0489220563847,0.050051072523,0.109090909091,0.0215647663726,0.083810734941,0.179487179487,0.538888888889,0.0225280945991,0.34062765911,0.0360481833969,0.0726474972616,0.195757516094
eka_test,P3-conf,budget_0.10,0.1,0.595002783524,True,,0.115458015267,0.341463414634,0.203883495146,0.0790039185944,0.238733252132,189,0.0546707116673,0.00910125142207,0.015231955505,0.0751677852349,0.00900900900901,0.22318166722,0.0451505016722,0.049622437972,0.163636363636,0.022201426025,0.150797374947,0.287214649823,0.564573552426,0.0216619426996,0.308339934601,0.0345442119155,0.0742536190124,0.169215594125
eka_test,P3-conf,budget_0.20,0.2,0.412406766114,True,,0.238549618321,0.581881533101,0.15037593985,0.0711229253112,0.331912302071,120,0.0488200207469,0.00894709543568,0.0133558091286,0.0735294117647,0.00900900900901,0.201943095073,0.0457239627434,0.0501253132832,0.272727272727,0.036167999635,0.314621688397,0.526880409127,0.754013377926,0.0124462499565,0.246644245927,0.034997600349,0.0747475687442,0.115532160544
eka_test,P3-conf,budget_0.30,0.3,0.30850346027,True,,0.322519083969,0.707317073171,0.118309859155,0.0673606046542,0.381242387333,84,0.0457468673341,0.0086852748127,0.0129284625075,0.0785256410256,0.00909090909091,0.189295977011,0.0455326460481,0.0549295774648,0.290909090909,0.0413538257315,0.428521230068,0.63888736565,0.840052631579,0.0124976721991,0.211039755822,0.0399878419453,0.0768021607107,0.0857373694389
eka_test,P3-conf,risk_0.10,0.1,0.316998668425,True,,0.317748091603,0.703832752613,0.118881118881,0.0675362510759,0.378806333739,85,0.0458849235251,0.00873998543336,0.0129113421175,0.0782747603834,0.00909090909091,0.190032269631,0.0454545454545,0.0545454545455,0.290909090909,0.0413538257315,0.421530351863,0.633728613731,0.840052631579,0.0124976721991,0.21090882717,0.0395019636401,0.0767861560664,0.0873377759867
eka_test,P3-conf,risk_0.20,0.2,0.664709242449,True,,0.0906488549618,0.278745644599,0.217208814271,0.080433003965,0.221680876979,207,0.0558877210649,0.00912581030902,0.0154194725911,0.0756972111554,0.00900900900901,0.227856437274,0.0474209650582,0.0503672612802,0.127272727273,0.0215647663726,0.117124609933,0.24537615611,0.538888888889,0.0225280945991,0.323641869873,0.0364574073587,0.0731011275968,0.181740459374
eka_test,P3-conf,risk_0.30,0.3,0.967722551654,True,,0.00667938931298,0.0243902439024,0.268972142171,0.0933333333333,0.0834348355664,280,0.0616434108527,0.0122170542636,0.0194728682171,0.0813953488372,0.00900900900901,0.248084291188,0.0565110565111,0.0518731988473,0.0181818181818,0,0.0174193492678,0,0.222916666667,0.0304833024119,0.38362974961,0.0377751406212,0.077790133225,0.235552549635
eka_test,P3-conf,riskcp_0.10,0.1,0.249022021483,True,,0.384541984733,0.808362369338,0.0852713178295,0.0640221277744,0.422046285018,55,0.0433785333603,0.00836537812858,0.0122782162855,0.0812603648425,0.00917431192661,0.180412371134,0.0442324371206,0.0573643410853,0.327272727273,0.0451168719886,0.511331777381,0.726398601399,0.915141168858,0.00836712386728,0.16361839166,0.0406147033769,0.0781222234674,0.0665478813547
eka_test,P3-conf,riskcp_0.20,0.2,0.52375877713,True,,0.165076335878,0.449477351916,0.180571428571,0.0758330141708,0.276492082826,158,0.0524064853824,0.00900038299502,0.0144261457934,0.0768156424581,0.00900900900901,0.213923622846,0.0452640402347,0.0514285714286,0.181818181818,0.0291462711457,0.218909973829,0.4051510811,0.636833855799,0.0182732614074,0.28006547711,0.0370635588758,0.074326321805,0.14599579802
eka_test,P3-conf,riskcp_0.30,0.3,0.967722551654,True,,0.00667938931298,0.0243902439024,0.268972142171,0.0933333333333,0.0834348355664,280,0.0616434108527,0.0122170542636,0.0194728682171,0.0813953488372,0.00900900900901,0.248084291188,0.0565110565111,0.0518731988473,0.0181818181818,0,0.0174193492678,0,0.222916666667,0.0304833024119,0.38362974961,0.0377751406212,0.077790133225,0.235552549635
eka_test,P3-conf,plugin_0.10,0.1,0.350263662,True,,0.281488549618,0.634146341463,0.139442231076,0.069431683948,0.355663824604,105,0.0475784223651,0.00879380496128,0.0130594566216,0.0770416024653,0.00909090909091,0.19667492041,0.0452218430034,0.0531208499336,0.272727272727,0,0.51843148539,0,0.812417487411,0.035571632657,0.172182934169,0.039212062861,0.075554603414,0.0998004511753
eka_test,P3-conf,plugin_0.20,0.2,0.786017990617,True,,0.0591603053435,0.19512195122,0.234279918864,0.0827435014093,0.195493300853,231,0.0575634199812,0.00914500469778,0.0160350767303,0.0762155059133,0.00900900900901,0.234201954397,0.0504132231405,0.0496957403651,0.109090909091,0,0.21806888454,0,0.450407593445,0.035571632657,0.289309763379,0.0355808678884,0.0799619648205,0.199896225776
eka_test,P3-conf,plugin_0.30,0.3,0.996575269539,True,,0,0,0.273854961832,0.10097159021,0,287,0.0615545443365,0.0201082277703,0.0193088181036,0.0825806451613,0.00900900900901,0.256394063783,0.071716357776,0.0524809160305,0,0,0.0153944709215,0,0.0425837977405,0.035571632657,0.378521652838,0.0374180851318,0.0799619648205,0.240572232975
pm_window_test,P1,budget_0.01,0.01,0.6318330495,True,,0,0,0.0239005736138,0.099427999428,0,25,0.0277849277849,0.0624052624053,0.00923780923781,0.132969034608,0.112442922374,,0.0556877677297,0.228489483748,0,0,0,0,0,0.0141582552271,0.0377572641387,0.200988965681,0.253701713433,
pm_window_test,P1,budget_0.05,0.05,0.5532712038,True,,0,0,0.0239005736138,0.099427999428,0,25,0.0277849277849,0.0624052624053,0.00923780923781,0.132969034608,0.112442922374,,0.0556877677297,0.228489483748,0,0,0,0,0,0.0141582552271,0.0377572641387,0.200988965681,0.253701713433,
pm_window_test,P1,budget_0.10,0.1,0.5160116508,True,,0,0,0.0239005736138,0.099427999428,0,25,0.0277849277849,0.0624052624053,0.00923780923781,0.132969034608,0.112442922374,,0.0556877677297,0.228489483748,0,0,0,0,0,0.0141582552271,0.0377572641387,0.200988965681,0.253701713433,
pm_window_test,P1,budget_0.20,0.2,0.4475078049,True,,0.0019120458891,0.04,0.0229885057471,0.0989940328835,0.00503379836042,24,0.027803614613,0.0619463961192,0.00924402215131,0.132969034608,0.111936036551,,0.054787994283,0.227969348659,0.00418410041841,0,0.00464165218054,0,0.136525974026,0.0131894842017,0.0360210165201,0.2003289506,0.254298434442,
pm_window_test,P1,budget_0.30,0.3,0.4019691294,True,,0.0057361376673,0.08,0.0221153846154,0.0988708660515,0.00762260894578,23,0.0277411589385,0.0618874305038,0.00924227660916,0.130275229358,0.112128146453,,0.0548664122137,0.226923076923,0.0125523012552,0.00179562697013,0.0105150238872,0,0.214363354037,0.01263279684,0.0360550983366,0.20086663977,0.252829475453,
pm_window_test,P1,risk_0.10,0.1,0.372199657,True,,0.0143403441683,0.12,0.0213385063046,0.0982028333838,0.0199913706314,22,0.0276132416735,0.0615821407468,0.00900745096344,0.127306273063,0.111880046136,,0.0543008169149,0.224054316198,0.0334728033473,0.00773089373034,0.0209906078327,0,0.280142857143,0.0117898723302,0.0343929498497,0.198828107994,0.250456096313,
pm_window_test,P1,risk_0.20,0.2,0.5278179266,True,,0,0,0.0239005736138,0.099427999428,0,25,0.0277849277849,0.0624052624053,0.00923780923781,0.132969034608,0.112442922374,,0.0556877677297,0.228489483748,0,0,0,0,0,0.0141582552271,0.0377572641387,0.200988965681,0.253701713433,
pm_window_test,P1,risk_0.30,0.3,0.7014997042,True,,0,0,0.0239005736138,0.099427999428,0,25,0.0277849277849,0.0624052624053,0.00923780923781,0.132969034608,0.112442922374,,0.0556877677297,0.228489483748,0,0,0,0,0,0.0141582552271,0.0377572641387,0.200988965681,0.253701713433,
pm_window_test,P1,riskcp_0.10,0.1,0.3439510511,True,,0.0229445506692,0.12,0.0215264187867,0.0977700550246,0.0289083848698,22,0.0275991891109,0.0612800463365,0.00889081957718,0.126865671642,0.112138728324,,0.0541062801932,0.225048923679,0.0376569037657,0.0145048657514,0.0345091398032,0,0.280142857143,0.0119148193642,0.0346845167515,0.199185347709,0.252051337159,
pm_window_test,P1,riskcp_0.20,0.2,0.4842377382,True,,0.000956022944551,0,0.0239234449761,0.0994294212701,0,25,0.0277853251155,0.0624061548142,0.0092379413405,0.132969034608,0.112442922374,,0.0556877677297,0.228708133971,0,0,0.00293269493137,0,0,0.0141725884094,0.03775816152,0.201349930623,0.254298434442,
pm_window_test,P1,riskcp_0.30,0.3,0.7014997042,True,,0,0,0.0239005736138,0.099427999428,0,25,0.0277849277849,0.0624052624053,0.00923780923781,0.132969034608,0.112442922374,,0.0556877677297,0.228489483748,0,0,0,0,0,0.0141582552271,0.0377572641387,0.200988965681,0.253701713433,
pm_window_test,P2,budget_0.01,0.01,0.512934391887,True,,0.0133843212237,0.04,0.0232558139535,0.0991983097939,0.0140946354092,24,0.0278420930771,0.0620369298449,0.00931928687196,0.13172541744,0.112521638777,,0.0552353506244,0.229651162791,0.00836820083682,0.0070109214492,0.0196655082427,0,0.160166666667,0.0140960667814,0.0365588787155,0.201377208141,0.256644808262,
pm_window_test,P2,budget_0.05,0.05,0.19259159146,True,,0.115678776291,0.16,0.0227027027027,0.0984235956336,0.129871997699,21,0.0277375587695,0.0618035107127,0.00888252615139,0.129511677282,0.114341085271,,0.0537870472009,0.228108108108,0.117154811715,0.0964199462791,0.136422413401,0,0.353046218487,0.0110948326319,0.0366598176997,0.200650809516,0.25605915001,
pm_window_test,P2,budget_0.10,0.1,0.0006024863563,True,,0.387189292543,0.24,0.0296411856474,0.102350831756,0.408888249676,19,0.0286881163462,0.0645482617791,0.00911445363084,0.141447368421,0.124,,0.0523648648649,0.237129485179,0.364016736402,0.355930518583,0.416442293192,0.0432533733133,0.500657894737,0.0135035445281,0.0487904838065,0.200638904534,0.271528748433,
pm_window_test,P2,budget_0.20,0.2,0.0004959393099,True,,0.388145315488,0.24,0.0296875,0.10235338065,0.408888249676,19,0.0286888307807,0.0645498692566,0.00911468061263,0.141447368421,0.124,,0.0523648648649,0.2375,0.364016736402,0.357842107511,0.417389600539,0.0432533733133,0.500657894737,0.0135244360902,0.0487904838065,0.200646766169,0.27194228685,
pm_window_test,P2,budget_0.30,0.3,0.0004378321797,True,,0.390057361377,0.28,0.0282131661442,0.101598543605,0.414065870847,18,0.0287288959824,0.0637671762388,0.00910247138333,0.14238410596,0.123123123123,,0.0507614213198,0.236677115987,0.36820083682,0.359336947068,0.419059544021,0.0498863636364,0.535863095238,0.0124327524397,0.0462973343298,0.199976303318,0.271682141617,
pm_window_test,P2,risk_0.10,0.1,0.000369461869,True,,0.398661567878,0.32,0.027027027027,0.100889760217,0.422695239465,17,0.0283768159654,0.0635148042025,0.00899814004926,0.131313131313,0.123092573754,,0.0496150556031,0.230524642289,0.393305439331,0.366143635893,0.431404854205,0.0713669950739,0.591136363636,0.0117990099729,0.0461888136963,0.194528018814,0.267293480762,
pm_window_test,P2,risk_0.20,0.2,0.0005052615203,True,,0.388145315488,0.24,0.0296875,0.10235338065,0.408888249676,19,0.0286888307807,0.0645498692566,0.00911468061263,0.141447368421,0.124,,0.0523648648649,0.2375,0.364016736402,0.357842107511,0.417389600539,0.0432533733133,0.500657894737,0.0135244360902,0.0487904838065,0.200646766169,0.27194228685,
pm_window_test,P2,risk_0.30,0.3,0.897616287968,True,,0.0019120458891,0,0.0239463601533,0.0994513129808,0.00158205091327,25,0.0278068277868,0.0623898686303,0.00925461656376,0.133455210238,0.112507138778,,0.0557673975214,0.228927203065,0,0,0.00482230226526,0,0,0.0142298744671,0.0378957895752,0.201745527509,0.254062536658,
pm_window_test,P2,riskcp_0.10,0.1,0.0003418509549,True,,0.406309751434,0.32,0.0273752012882,0.100306336869,0.4301740256,17,0.0283804653282,0.0630902048153,0.00883566672574,0.130136986301,0.123595505618,,0.0492227979275,0.231884057971,0.397489539749,0.374770981061,0.436922037571,0.0713669950739,0.591136363636,0.0120204282848,0.0464680341584,0.195782309337,0.270571056314,
pm_window_test,P2,riskcp_0.20,0.2,0.0004561324299,True,,0.389101338432,0.28,0.0281690140845,0.101598145055,0.413922048037,18,0.0287217332768,0.0637512777681,0.00912513400982,0.141447368421,0.123123123123,,0.0507614213198,0.236306729264,0.36820083682,0.35838479863,0.418637473208,0.0498863636364,0.535863095238,0.0124318424554,0.0462277828832,0.199320613727,0.271165661189,
pm_window_test,P2,riskcp_0.30,0.3,0.897616287968,True,,0.0019120458891,0,0.0239463601533,0.0994513129808,0.00158205091327,25,0.0278068277868,0.0623898686303,0.00925461656376,0.133455210238,0.112507138778,,0.0557673975214,0.228927203065,0,0,0.00482230226526,0,0,0.0142298744671,0.0378957895752,0.201745527509,0.254062536658,
pm_window_test,P2,whisper_rule,,1,True,,0.000956022944551,0,0.0239234449761,0.0993816380865,0.00143822810298,25,0.0277976582405,0.06233717901,0.00924680083593,0.133455210238,0.112442922374,,0.0556877677297,0.228708133971,0,0,0.00292975909549,0,0,0.0141725884094,0.0378259505135,0.20116179611,0.253821275429,
pm_window_test,P2-rawCR,budget_0.01,0.01,0.67475124375,True,,0.441682600382,0.12,0.0376712328767,0.111639956621,0.466992665037,22,0.0279852994337,0.074436679118,0.00921797806965,0.149006622517,0.129319955407,,0.050153531218,0.234589041096,0.426778242678,0.413773501178,0.470462939436,0.0302398989899,0.257236024845,0.019627564261,0.0582627378514,0.19561868947,0.26956873679,
pm_window_test,P2-rawCR,budget_0.05,0.05,0.637755102083,True,,0.700764818356,0.2,0.0638977635783,0.126826378834,0.722853444556,20,0.0285639068053,0.088785046729,0.00947742529946,0.209459459459,0.158690176322,,0.0528967254408,0.249201277955,0.673640167364,0.664931006494,0.733736095587,0.0766666666667,0.333333333333,0.0358404410527,0.0956445372162,0.205482119793,0.284260152059,
pm_window_test,P2-rawCR,budget_0.10,0.1,0.618530020833,True,,0.790630975143,0.4,0.0684931506849,0.129459087541,0.824104703006,15,0.0301683073992,0.0912458981687,0.00804488197311,0.290697674419,0.135135135135,,0.0524193548387,0.223744292237,0.794979079498,0.757168114496,0.821468535884,0.217259552042,0.615789473684,0.0328377080666,0.115566069057,0.179365504317,0.266080036019,
pm_window_test,P2-rawCR,budget_0.20,0.2,0.592369477917,True,,0.879541108987,0.48,0.103174603175,0.14078440263,0.910686034805,13,0.0360462480163,0.0972568578554,0.0074812967581,0.266666666667,0.167938931298,,0.0521739130435,0.230158730159,0.878661087866,0.862407863052,0.895679564015,0.269166666667,0.700147058824,0.0451110885321,0.162363427257,0.161074858409,0.294141755063,
pm_window_test,P2-rawCR,budget_0.30,0.3,0.562106918333,True,,0.928298279159,0.68,0.106666666667,0.153360396933,0.951100244499,8,0.0387911592242,0.107803337844,0.00676589986468,0.3,0.156862745098,,0.0677966101695,0.2,0.937238493724,0.90965839854,0.941986979454,0.433214285714,0.894868421053,0.0307575757576,0.195993427705,0.111073059361,0.289900362319,
pm_window_test,P2-rawCR,risk_0.10,0.1,-inf,False,,1,1,,,1,0,,,,,,,,,1,1,1,1,1,,,,,
pm_window_test,P2-rawCR,risk_0.20,0.2,-inf,False,,1,1,,,1,0,,,,,,,,,1,1,1,1,1,,,,,
pm_window_test,P2-rawCR,risk_0.30,0.3,0.74186991875,True,,0.0975143403442,0,0.0264830508475,0.101064265919,0.113620020135,25,0.0275495646185,0.0642823174431,0.00923238385727,0.127118644068,0.115603284902,,0.0570342205323,0.228813559322,0.0962343096234,0.0784338462832,0.115132998432,0,0,0.015598240053,0.0417855521361,0.20179034954,0.257026906496,
pm_window_test,P2-rawCR,riskcp_0.10,0.1,-inf,False,,1,1,,,1,0,,,,,,,,,1,1,1,1,1,,,,,
pm_window_test,P2-rawCR,riskcp_0.20,0.2,-inf,False,,1,1,,,1,0,,,,,,,,,1,1,1,1,1,,,,,
pm_window_test,P2-rawCR,riskcp_0.30,0.3,-inf,False,,1,1,,,1,0,,,,,,,,,1,1,1,1,1,,,,,
pm_window_test,P2-rawCR,whisper_rule,,1,True,,0,0,0.0239005736138,0.099427999428,0,25,0.0277849277849,0.0624052624053,0.00923780923781,0.132969034608,0.112442922374,,0.0556877677297,0.228489483748,0,0,0,0,0,0.0141582552271,0.0377572641387,0.200988965681,0.253701713433,
pm_window_test,P3,budget_0.01,0.01,0.931176376867,True,,0,0,0.0239005736138,0.099427999428,0,25,0.0277849277849,0.0624052624053,0.00923780923781,0.132969034608,0.112442922374,,0.0556877677297,0.228489483748,0,0,0,0,0,0.0141582552271,0.0377572641387,0.200988965681,0.253701713433,0.0192652266394
pm_window_test,P3,budget_0.05,0.05,0.738588296453,True,,0,0,0.0239005736138,0.099427999428,0,25,0.0277849277849,0.0624052624053,0.00923780923781,0.132969034608,0.112442922374,,0.0556877677297,0.228489483748,0,0,0,0,0,0.0141582552271,0.0377572641387,0.200988965681,0.253701713433,0.0192652266394
pm_window_test,P3,budget_0.10,0.1,0.595065654516,True,,0,0,0.0239005736138,0.099427999428,0,25,0.0277849277849,0.0624052624053,0.00923780923781,0.132969034608,0.112442922374,,0.0556877677297,0.228489483748,0,0,0,0,0,0.0141582552271,0.0377572641387,0.200988965681,0.253701713433,0.0192652266394
pm_window_test,P3,budget_0.20,0.2,0.428839903395,True,,0.0019120458891,0.04,0.0229885057471,0.0989940328835,0.00503379836042,24,0.027803614613,0.0619463961192,0.00924402215131,0.132969034608,0.111936036551,,0.054787994283,0.227969348659,0.00418410041841,0,0.00464165218054,0,0.136525974026,0.0131894842017,0.0360210165201,0.2003289506,0.254298434442,0.0183196776876
pm_window_test,P3,budget_0.30,0.3,0.309704487777,True,,0.0038240917782,0.08,0.0220729366603,0.0989407386201,0.00589673522221,23,0.027784139708,0.0619095333524,0.00924706555969,0.131386861314,0.111936036551,,0.054787994283,0.227447216891,0.00836820083682,0.000941291723715,0.00742253740919,0,0.214363354037,0.0126076361079,0.0360282345168,0.200683816325,0.253765680914,0.0177557921501
pm_window_test,P3,risk_0.10,0.1,0.327249121175,True,,0.0019120458891,0.04,0.0229885057471,0.0989940328835,0.00503379836042,24,0.027803614613,0.0619463961192,0.00924402215131,0.132969034608,0.111936036551,,0.054787994283,0.227969348659,0.00418410041841,0,0.00464165218054,0,0.136525974026,0.0131894842017,0.0360210165201,0.2003289506,0.254298434442,0.0183196776876
pm_window_test,P3,risk_0.20,0.2,0.645892368721,True,,0,0,0.0239005736138,0.099427999428,0,25,0.0277849277849,0.0624052624053,0.00923780923781,0.132969034608,0.112442922374,,0.0556877677297,0.228489483748,0,0,0,0,0,0.0141582552271,0.0377572641387,0.200988965681,0.253701713433,0.0192652266394
pm_window_test,P3,risk_0.30,0.3,0.966477049881,True,,0,0,0.0239005736138,0.099427999428,0,25,0.0277849277849,0.0624052624053,0.00923780923781,0.132969034608,0.112442922374,,0.0556877677297,0.228489483748,0,0,0,0,0,0.0141582552271,0.0377572641387,0.200988965681,0.253701713433,0.0192652266394
pm_window_test,P3,riskcp_0.10,0.1,0.27931383209,True,,0.0038240917782,0.08,0.0220729366603,0.0989407386201,0.00589673522221,23,0.027784139708,0.0619095333524,0.00924706555969,0.131386861314,0.111936036551,,0.054787994283,0.227447216891,0.00836820083682,0.000941291723715,0.00742253740919,0,0.214363354037,0.0126076361079,0.0360282345168,0.200683816325,0.253765680914,0.0177557921501
pm_window_test,P3,riskcp_0.20,0.2,0.503186517368,True,,0.000956022944551,0,0.0239234449761,0.0994294212701,0,25,0.0277853251155,0.0624061548142,0.0092379413405,0.132969034608,0.112442922374,,0.0556877677297,0.228708133971,0,0,0.00293269493137,0,0,0.0141725884094,0.03775816152,0.201349930623,0.254298434442,0.0187285589079
pm_window_test,P3,riskcp_0.30,0.3,0.966477049881,True,,0,0,0.0239005736138,0.099427999428,0,25,0.0277849277849,0.0624052624053,0.00923780923781,0.132969034608,0.112442922374,,0.0556877677297,0.228489483748,0,0,0,0,0,0.0141582552271,0.0377572641387,0.200988965681,0.253701713433,0.0192652266394
pm_window_test,P3,plugin_0.10,0.1,0.580083006011,True,,0,0,0.0239005736138,0.099427999428,0,25,0.0277849277849,0.0624052624053,0.00923780923781,0.132969034608,0.112442922374,,0.0556877677297,0.228489483748,0,0,0,0,0,0.0141582552271,0.0377572641387,0.200988965681,0.253701713433,0.0192652266394
pm_window_test,P3,plugin_0.20,0.2,0.580083006011,True,,0,0,0.0239005736138,0.099427999428,0,25,0.0277849277849,0.0624052624053,0.00923780923781,0.132969034608,0.112442922374,,0.0556877677297,0.228489483748,0,0,0,0,0,0.0141582552271,0.0377572641387,0.200988965681,0.253701713433,0.0192652266394
pm_window_test,P3,plugin_0.30,0.3,0.580083006011,True,,0,0,0.0239005736138,0.099427999428,0,25,0.0277849277849,0.0624052624053,0.00923780923781,0.132969034608,0.112442922374,,0.0556877677297,0.228489483748,0,0,0,0,0,0.0141582552271,0.0377572641387,0.200988965681,0.253701713433,0.0192652266394
pm_window_test,P3-conf,budget_0.01,0.01,0.930909762959,True,,0,0,0.0239005736138,0.099427999428,0,25,0.0277849277849,0.0624052624053,0.00923780923781,0.132969034608,0.112442922374,,0.0556877677297,0.228489483748,0,0,0,0,0,0.0141582552271,0.0377572641387,0.200988965681,0.253701713433,0.0248620984733
pm_window_test,P3-conf,budget_0.05,0.05,0.762167720801,True,,0,0,0.0239005736138,0.099427999428,0,25,0.0277849277849,0.0624052624053,0.00923780923781,0.132969034608,0.112442922374,,0.0556877677297,0.228489483748,0,0,0,0,0,0.0141582552271,0.0377572641387,0.200988965681,0.253701713433,0.0248620984733
pm_window_test,P3-conf,budget_0.10,0.1,0.595002783524,True,,0.000956022944551,0,0.0239234449761,0.0994294212701,0,25,0.0277853251155,0.0624061548142,0.0092379413405,0.132969034608,0.112442922374,,0.0556877677297,0.228708133971,0,0,0.00293269493137,0,0,0.0141725884094,0.03775816152,0.201349930623,0.254298434442,0.0242857318742
pm_window_test,P3-conf,budget_0.20,0.2,0.412406766114,True,,0.0019120458891,0.04,0.0229885057471,0.0989940328835,0.00503379836042,24,0.027803614613,0.0619463961192,0.00924402215131,0.132969034608,0.111936036551,,0.054787994283,0.227969348659,0.00418410041841,0,0.00464165218054,0,0.136525974026,0.0131894842017,0.0360210165201,0.2003289506,0.254298434442,0.0238392985163
pm_window_test,P3-conf,budget_0.30,0.3,0.30850346027,True,,0.00286806883365,0.08,0.0220517737296,0.0989336577686,0.00589673522221,23,0.0277821512918,0.0619051026981,0.00924640377872,0.131386861314,0.111936036551,,0.054787994283,0.227229146692,0.00836820083682,0,0.00591576379125,0,0.214363354037,0.0125953969654,0.0359885327302,0.2003289506,0.253057373099,0.0235585239254
pm_window_test,P3-conf,risk_0.10,0.1,0.316998668425,True,,0.0019120458891,0.04,0.0229885057471,0.0989940328835,0.00503379836042,24,0.027803614613,0.0619463961192,0.00924402215131,0.132969034608,0.111936036551,,0.054787994283,0.227969348659,0.00418410041841,0,0.00464165218054,0,0.136525974026,0.0131894842017,0.0360210165201,0.2003289506,0.254298434442,0.0238392985163
pm_window_test,P3-conf,risk_0.20,0.2,0.664709242449,True,,0,0,0.0239005736138,0.099427999428,0,25,0.0277849277849,0.0624052624053,0.00923780923781,0.132969034608,0.112442922374,,0.0556877677297,0.228489483748,0,0,0,0,0,0.0141582552271,0.0377572641387,0.200988965681,0.253701713433,0.0248620984733
pm_window_test,P3-conf,risk_0.30,0.3,0.967722551654,True,,0,0,0.0239005736138,0.099427999428,0,25,0.0277849277849,0.0624052624053,0.00923780923781,0.132969034608,0.112442922374,,0.0556877677297,0.228489483748,0,0,0,0,0,0.0141582552271,0.0377572641387,0.200988965681,0.253701713433,0.0248620984733
pm_window_test,P3-conf,riskcp_0.10,0.1,0.249022021483,True,,0.00478011472275,0.08,0.0220941402498,0.0988363761428,0.00805407737667,23,0.0278151958958,0.0619357427417,0.00908543750537,0.131386861314,0.112,,0.0548664122137,0.226705091258,0.0125523012552,0.00181532583111,0.00874567579519,0,0.214363354037,0.0126438869555,0.0360525663278,0.199935834156,0.252866331739,0.0230285908709
pm_window_test,P3-conf,riskcp_0.20,0.2,0.52375877713,True,,0.000956022944551,0,0.0239234449761,0.0994294212701,0,25,0.0277853251155,0.0624061548142,0.0092379413405,0.132969034608,0.112442922374,,0.0556877677297,0.228708133971,0,0,0.00293269493137,0,0,0.0141725884094,0.03775816152,0.201349930623,0.254298434442,0.0242857318742
pm_window_test,P3-conf,riskcp_0.30,0.3,0.967722551654,True,,0,0,0.0239005736138,0.099427999428,0,25,0.0277849277849,0.0624052624053,0.00923780923781,0.132969034608,0.112442922374,,0.0556877677297,0.228489483748,0,0,0,0,0,0.0141582552271,0.0377572641387,0.200988965681,0.253701713433,0.0248620984733
pm_window_test,P3-conf,plugin_0.10,0.1,0.627165194533,True,,0,0,0.0239005736138,0.099427999428,0,25,0.0277849277849,0.0624052624053,0.00923780923781,0.132969034608,0.112442922374,,0.0556877677297,0.228489483748,0,0,0,0,0,0.0141582552271,0.0377572641387,0.200988965681,0.253701713433,0.0248620984733
pm_window_test,P3-conf,plugin_0.20,0.2,0.627165194533,True,,0,0,0.0239005736138,0.099427999428,0,25,0.0277849277849,0.0624052624053,0.00923780923781,0.132969034608,0.112442922374,,0.0556877677297,0.228489483748,0,0,0,0,0,0.0141582552271,0.0377572641387,0.200988965681,0.253701713433,0.0248620984733
pm_window_test,P3-conf,plugin_0.30,0.3,0.627165194533,True,,0,0,0.0239005736138,0.099427999428,0,25,0.0277849277849,0.0624052624053,0.00923780923781,0.132969034608,0.112442922374,,0.0556877677297,0.228489483748,0,0,0,0,0,0.0141582552271,0.0377572641387,0.200988965681,0.253701713433,0.0248620984733
pm_window_test,P1-retuned,budget_0.01,0.01,0.3417759357,True,,0.0229445506692,0.12,0.0215264187867,0.0977700550246,0.0289083848698,22,0.0275991891109,0.0612800463365,0.00889081957718,0.126865671642,0.112138728324,,0.0541062801932,0.225048923679,0.0376569037657,0.0145048657514,0.0345091398032,0,0.280142857143,0.0119148193642,0.0346845167515,0.199185347709,0.252051337159,
pm_window_test,P1-retuned,budget_0.05,0.05,0.3099848124,True,,0.0592734225621,0.24,0.0193089430894,0.0961532740309,0.0703293542356,19,0.0271026091096,0.0603189242257,0.00873174069556,0.124282982792,0.110714285714,,0.0530530530531,0.221544715447,0.0878661087866,0.0436700207321,0.0722945448599,0.0525062656642,0.445,0.0093946200232,0.0318453959541,0.193980999853,0.246298885985,
pm_window_test,P1-retuned,budget_0.10,0.1,0.2750132743,True,,0.135755258126,0.64,0.00995575221239,0.0907310704961,0.180353804113,9,0.0265872763166,0.0554352671464,0.00870852703305,0.112474437628,0.0960415314731,,0.0476445396146,0.21017699115,0.205020920502,0.114715000591,0.159507886797,0.478146453089,0.777777777778,0.00442958949063,0.0162929297645,0.18244159743,0.237678872054,
pm_window_test,P1-retuned,budget_0.20,0.2,0.2462516827,True,,0.249521988528,0.84,0.00509554140127,0.0860553775662,0.308499928089,4,0.0252546043565,0.0520842655403,0.00871650766945,0.109090909091,0.0915972747918,,0.0477356181151,0.19872611465,0.347280334728,0.212490649212,0.28704296672,0.666666666667,1,0,0.0109379467157,0.168667232598,0.226245990123,
pm_window_test,P1-retuned,budget_0.30,0.3,0.2294080299,True,,0.344168260038,0.96,0.00145772594752,0.0808937601999,0.422551416655,1,0.0243587935446,0.0479318195555,0.00860314709971,0.10582010582,0.0866551126516,,0.045643153527,0.189504373178,0.456066945607,0.297178175139,0.392297730991,0.874864130435,1,0,0.00475588444035,0.159104788736,0.219493587621,
pm_window_test,P1-retuned,risk_0.10,0.1,0.378675236,True,,0.0133843212237,0.12,0.0213178294574,0.0982241873461,0.0191284337696,22,0.0276381547679,0.0615701467602,0.00901588581798,0.128676470588,0.111880046136,,0.0542486797888,0.22480620155,0.0292887029289,0.00725998160979,0.0199541531823,0,0.280142857143,0.0117759625931,0.0343618199039,0.198828107994,0.2513583411,
pm_window_test,P1-retuned,risk_0.20,0.2,0.378675236,True,,0.0133843212237,0.12,0.0213178294574,0.0982241873461,0.0191284337696,22,0.0276381547679,0.0615701467602,0.00901588581798,0.128676470588,0.111880046136,,0.0542486797888,0.22480620155,0.0292887029289,0.00725998160979,0.0199541531823,0,0.280142857143,0.0117759625931,0.0343618199039,0.198828107994,0.2513583411,
pm_window_test,P1-retuned,risk_0.30,0.3,0.378675236,True,,0.0133843212237,0.12,0.0213178294574,0.0982241873461,0.0191284337696,22,0.0276381547679,0.0615701467602,0.00901588581798,0.128676470588,0.111880046136,,0.0542486797888,0.22480620155,0.0292887029289,0.00725998160979,0.0199541531823,0,0.280142857143,0.0117759625931,0.0343618199039,0.198828107994,0.2513583411,
pm_window_test,P1-retuned,riskcp_0.10,0.1,0.378675236,True,,0.0133843212237,0.12,0.0213178294574,0.0982241873461,0.0191284337696,22,0.0276381547679,0.0615701467602,0.00901588581798,0.128676470588,0.111880046136,,0.0542486797888,0.22480620155,0.0292887029289,0.00725998160979,0.0199541531823,0,0.280142857143,0.0117759625931,0.0343618199039,0.198828107994,0.2513583411,
pm_window_test,P1-retuned,riskcp_0.20,0.2,0.378675236,True,,0.0133843212237,0.12,0.0213178294574,0.0982241873461,0.0191284337696,22,0.0276381547679,0.0615701467602,0.00901588581798,0.128676470588,0.111880046136,,0.0542486797888,0.22480620155,0.0292887029289,0.00725998160979,0.0199541531823,0,0.280142857143,0.0117759625931,0.0343618199039,0.198828107994,0.2513583411,
pm_window_test,P1-retuned,riskcp_0.30,0.3,0.378675236,True,,0.0133843212237,0.12,0.0213178294574,0.0982241873461,0.0191284337696,22,0.0276381547679,0.0615701467602,0.00901588581798,0.128676470588,0.111880046136,,0.0542486797888,0.22480620155,0.0292887029289,0.00725998160979,0.0199541531823,0,0.280142857143,0.0117759625931,0.0343618199039,0.198828107994,0.2513583411,
pm_window_test,P2-retuned,budget_0.01,0.01,0.571712466575,True,,0.00956022944551,0.04,0.023166023166,0.0990433314575,0.0128002301165,24,0.0277765753286,0.0619742291099,0.00929252701903,0.13123844732,0.11200459506,,0.0551294343241,0.228764478764,0.00836820083682,0.00441989400768,0.0158533418734,0,0.160166666667,0.0140812268902,0.0363534715127,0.201207440597,0.254621499196,
pm_window_test,P2-retuned,budget_0.05,0.05,0.319394686037,True,,0.0458891013384,0.04,0.0240480961924,0.0990546958098,0.0490435783115,24,0.0277598837471,0.0620964479933,0.00919836406945,0.134357005758,0.112244897959,,0.0533932135729,0.228456913828,0.0460251046025,0.0371251607028,0.0557333982456,0,0.160166666667,0.0145514009724,0.0378307787174,0.202136523846,0.255523431336,
pm_window_test,P2-retuned,budget_0.10,0.1,0.175698430946,True,,0.129063097514,0.16,0.0230515916575,0.0986041280762,0.142528405005,21,0.0279505160095,0.0617557554909,0.00889785657581,0.131465517241,0.116217990808,,0.0531022917831,0.231613611416,0.117154811715,0.106900635995,0.151608874903,0,0.353046218487,0.0112571992081,0.0372980512991,0.202921423882,0.260976964212,
pm_window_test,P2-retuned,budget_0.20,0.2,0.104387582814,True,,0.224665391969,0.2,0.0246609124538,0.098687299292,0.244211131886,20,0.0275685928374,0.0623110293151,0.00880767713948,0.133819951338,0.122372372372,,0.0526315789474,0.236744759556,0.196652719665,0.201808252213,0.25,0.0432533733133,0.416826923077,0.0119324336523,0.040599742142,0.20756245121,0.269152802992,
pm_window_test,P2-retuned,budget_0.30,0.3,0.0771445968345,True,,0.2982791587,0.24,0.0258855585831,0.0980123372173,0.321300158205,19,0.0278106631774,0.0614783891,0.00872328493987,0.126721763085,0.122117847993,,0.0540925266904,0.231607629428,0.28870292887,0.272800632681,0.326679659438,0.0432533733133,0.500657894737,0.0117737865323,0.0432534320034,0.201084211468,0.268368480676,
pm_window_test,P2-retuned,risk_0.10,0.1,0.588516707175,True,,0.00860420650096,0.04,0.023143683703,0.0989966265894,0.0123687616856,24,0.0277657642072,0.0619467750771,0.00928408730502,0.130996309963,0.111940298507,,0.0551030186871,0.228543876567,0.00836820083682,0.00294989254241,0.0147954240032,0,0.160166666667,0.0140670527851,0.0363525497989,0.201177980131,0.254133760257,
pm_window_test,P2-retuned,risk_0.20,0.2,0.588516707175,True,,0.00860420650096,0.04,0.023143683703,0.0989966265894,0.0123687616856,24,0.0277657642072,0.0619467750771,0.00928408730502,0.130996309963,0.111940298507,,0.0551030186871,0.228543876567,0.00836820083682,0.00294989254241,0.0147954240032,0,0.160166666667,0.0140670527851,0.0363525497989,0.201177980131,0.254133760257,
pm_window_test,P2-retuned,risk_0.30,0.3,0.588516707175,True,,0.00860420650096,0.04,0.023143683703,0.0989966265894,0.0123687616856,24,0.0277657642072,0.0619467750771,0.00928408730502,0.130996309963,0.111940298507,,0.0551030186871,0.228543876567,0.00836820083682,0.00294989254241,0.0147954240032,0,0.160166666667,0.0140670527851,0.0363525497989,0.201177980131,0.254133760257,
pm_window_test,P2-retuned,riskcp_0.10,0.1,0.588516707175,True,,0.00860420650096,0.04,0.023143683703,0.0989966265894,0.0123687616856,24,0.0277657642072,0.0619467750771,0.00928408730502,0.130996309963,0.111940298507,,0.0551030186871,0.228543876567,0.00836820083682,0.00294989254241,0.0147954240032,0,0.160166666667,0.0140670527851,0.0363525497989,0.201177980131,0.254133760257,
pm_window_test,P2-retuned,riskcp_0.20,0.2,0.588516707175,True,,0.00860420650096,0.04,0.023143683703,0.0989966265894,0.0123687616856,24,0.0277657642072,0.0619467750771,0.00928408730502,0.130996309963,0.111940298507,,0.0551030186871,0.228543876567,0.00836820083682,0.00294989254241,0.0147954240032,0,0.160166666667,0.0140670527851,0.0363525497989,0.201177980131,0.254133760257,
pm_window_test,P2-retuned,riskcp_0.30,0.3,0.588516707175,True,,0.00860420650096,0.04,0.023143683703,0.0989966265894,0.0123687616856,24,0.0277657642072,0.0619467750771,0.00928408730502,0.130996309963,0.111940298507,,0.0551030186871,0.228543876567,0.00836820083682,0.00294989254241,0.0147954240032,0,0.160166666667,0.0140670527851,0.0363525497989,0.201177980131,0.254133760257,
pm_window_test,P2-retuned,whisper_rule,,1,True,,0.000956022944551,0,0.0239234449761,0.0993816380865,0.00143822810298,25,0.0277976582405,0.06233717901,0.00924680083593,0.133455210238,0.112442922374,,0.0556877677297,0.228708133971,0,0,0.00292975909549,0,0,0.0141725884094,0.0378259505135,0.20116179611,0.253821275429,
pm_window_test,P4,budget_0.01,0.01,0.2402771888,True,P3 score with thresholds re-tuned on PriMock57 recalibration,0.0133843212237,0.16,0.0203488372093,0.0983922459662,0.015964331943,21,0.0277546089908,0.061549081078,0.00908855589749,0.13123844732,0.112128146453,,0.0549450549451,0.226744186047,0.0209205020921,0.00819948922457,0.018791052725,0.0384615384615,0.300192307692,0.0117898723302,0.0337848997692,0.199045921668,0.254082563792,0.0136209380219
pm_window_test,P4,budget_0.05,0.05,0.0815396674269,True,P3 score with thresholds re-tuned on PriMock57 recalibration,0.0506692160612,0.36,0.0161127895267,0.0954301866792,0.0677405436502,16,0.0273982686532,0.0589335139273,0.0090984040987,0.127819548872,0.108187134503,,0.0520428015564,0.227593152064,0.0543933054393,0.0384821180373,0.0637767104825,0.149475806452,0.6,0.006699549317,0.0301138909634,0.200180252114,0.255614758573,0.0089107238866
pm_window_test,P4,budget_0.10,0.1,0.027311990908,True,P3 score with thresholds re-tuned on PriMock57 recalibration,0.124282982792,0.8,0.00545851528384,0.0903334477058,0.166978282756,5,0.026170498144,0.0554134564397,0.00874949312206,0.113320079523,0.102402022756,,0.0486656200942,0.220524017467,0.154811715481,0.0981301657118,0.155315717987,0.642785714286,0.941397058824,0.00109640135174,0.00972735797208,0.192933050343,0.24776165216,0.00585875620048
pm_window_test,P4,budget_0.20,0.2,0.0143661019094,True,P3 score with thresholds re-tuned on PriMock57 recalibration,0.224665391969,0.92,0.00246609124538,0.0860672614962,0.278584783547,2,0.0251372683596,0.052299245024,0.00863074811256,0.114790286976,0.0921052631579,,0.0429159318048,0.204685573366,0.305439330544,0.187676526746,0.270453967019,0.78538961039,1,0,0.00572294372294,0.176390975043,0.234841290017,0.00416273037653
pm_window_test,P4,budget_0.30,0.3,0.00915423832882,True,P3 score with thresholds re-tuned on PriMock57 recalibration,0.325047801147,0.96,0.0014164305949,0.0813474184704,0.389759815907,1,0.0242144212888,0.0489081462451,0.00822485093656,0.0969387755102,0.0843270868825,,0.0426382411726,0.188385269122,0.443514644351,0.28088962421,0.376460550337,0.874899193548,1,0,0.00456726216779,0.158628641749,0.218689336577,0.00307483503371
pm_window_test,P4,risk_0.10,0.1,0.366511596438,True,P3 score with thresholds re-tuned on PriMock57 recalibration,0.00860420650096,0.12,0.0212150433944,0.0987112144436,0.0107867107723,22,0.0278423605729,0.0617842073538,0.00908464651683,0.132352941176,0.112,,0.0548664122137,0.227579556413,0.0125523012552,0.00381198846,0.0138226936651,0,0.280142857143,0.0117638433673,0.0341384714706,0.200494550393,0.2538141938,0.0149538913706
pm_window_test,P4,risk_0.20,0.2,0.366511596438,True,P3 score with thresholds re-tuned on PriMock57 recalibration,0.00860420650096,0.12,0.0212150433944,0.0987112144436,0.0107867107723,22,0.0278423605729,0.0617842073538,0.00908464651683,0.132352941176,0.112,,0.0548664122137,0.227579556413,0.0125523012552,0.00381198846,0.0138226936651,0,0.280142857143,0.0117638433673,0.0341384714706,0.200494550393,0.2538141938,0.0149538913706
pm_window_test,P4,risk_0.30,0.3,0.366511596438,True,P3 score with thresholds re-tuned on PriMock57 recalibration,0.00860420650096,0.12,0.0212150433944,0.0987112144436,0.0107867107723,22,0.0278423605729,0.0617842073538,0.00908464651683,0.132352941176,0.112,,0.0548664122137,0.227579556413,0.0125523012552,0.00381198846,0.0138226936651,0,0.280142857143,0.0117638433673,0.0341384714706,0.200494550393,0.2538141938,0.0149538913706
pm_window_test,P4,riskcp_0.10,0.1,0.366511596438,True,P3 score with thresholds re-tuned on PriMock57 recalibration,0.00860420650096,0.12,0.0212150433944,0.0987112144436,0.0107867107723,22,0.0278423605729,0.0617842073538,0.00908464651683,0.132352941176,0.112,,0.0548664122137,0.227579556413,0.0125523012552,0.00381198846,0.0138226936651,0,0.280142857143,0.0117638433673,0.0341384714706,0.200494550393,0.2538141938,0.0149538913706
pm_window_test,P4,riskcp_0.20,0.2,0.366511596438,True,P3 score with thresholds re-tuned on PriMock57 recalibration,0.00860420650096,0.12,0.0212150433944,0.0987112144436,0.0107867107723,22,0.0278423605729,0.0617842073538,0.00908464651683,0.132352941176,0.112,,0.0548664122137,0.227579556413,0.0125523012552,0.00381198846,0.0138226936651,0,0.280142857143,0.0117638433673,0.0341384714706,0.200494550393,0.2538141938,0.0149538913706
pm_window_test,P4,riskcp_0.30,0.3,0.366511596438,True,P3 score with thresholds re-tuned on PriMock57 recalibration,0.00860420650096,0.12,0.0212150433944,0.0987112144436,0.0107867107723,22,0.0278423605729,0.0617842073538,0.00908464651683,0.132352941176,0.112,,0.0548664122137,0.227579556413,0.0125523012552,0.00381198846,0.0138226936651,0,0.280142857143,0.0117638433673,0.0341384714706,0.200494550393,0.2538141938,0.0149538913706
pm_window_test,P4,plugin_0.10,0.1,0.944667776033,True,,0,0,0.0239005736138,0.099427999428,0,25,0.0277849277849,0.0624052624053,0.00923780923781,0.132969034608,0.112442922374,,0.0556877677297,0.228489483748,0,0,0,0,0,0.0141582552271,0.0377572641387,0.200988965681,0.253701713433,0.0202286307026
pm_window_test,P4,plugin_0.20,0.2,0.944667776033,True,,0,0,0.0239005736138,0.099427999428,0,25,0.0277849277849,0.0624052624053,0.00923780923781,0.132969034608,0.112442922374,,0.0556877677297,0.228489483748,0,0,0,0,0,0.0141582552271,0.0377572641387,0.200988965681,0.253701713433,0.0202286307026
pm_window_test,P4,plugin_0.30,0.3,0.944667776033,True,,0,0,0.0239005736138,0.099427999428,0,25,0.0277849277849,0.0624052624053,0.00923780923781,0.132969034608,0.112442922374,,0.0556877677297,0.228489483748,0,0,0,0,0,0.0141582552271,0.0377572641387,0.200988965681,0.253701713433,0.0202286307026
pm_window_test,P4-refit,budget_0.01,0.01,0.175642880089,True,,0.0200764818356,0.28,0.0175609756098,0.0968162650166,0.039119804401,18,0.0274319996522,0.0601243352124,0.00925993015201,0.129151291513,0.107808857809,,0.0528356761997,0.22243902439,0.0460251046025,0.0117731070819,0.0285759209344,0.119777777778,0.521739130435,0.00905251870504,0.0309692168787,0.196825321987,0.248303740787,0.00900447362887
pm_window_test,P4-refit,budget_0.05,0.05,0.0771376598374,True,,0.0391969407266,0.32,0.0169154228856,0.0956111470398,0.0644326190134,17,0.0269416191428,0.0595273090717,0.00914221882533,0.126177024482,0.10756501182,,0.0525540275049,0.222885572139,0.0627615062762,0.0250642143531,0.0493650197249,0.166447368421,0.521739130435,0.0085453363855,0.0290255941196,0.197738408753,0.250491171183,0.0068793806703
pm_window_test,P4-refit,budget_0.10,0.1,0.0294810310019,True,,0.0917782026769,0.44,0.0147368421053,0.0924680304928,0.13993959442,14,0.0259931035549,0.0576765474479,0.00879837949003,0.123015873016,0.104259376987,,0.0491889063318,0.213684210526,0.150627615063,0.0690329685605,0.111139937107,0.3075,0.666666666667,0.00637265798666,0.0266490363314,0.189594926669,0.237201364371,0.00436324311905
pm_window_test,P4-refit,budget_0.20,0.2,0.0120950832446,True,,0.171128107075,0.72,0.0080738177624,0.0891215354674,0.236013231699,7,0.0250486544527,0.0553150795249,0.00875780148983,0.124735729387,0.0918220946915,,0.0438040345821,0.19723183391,0.284518828452,0.141611137318,0.198063646247,0.545454545455,0.90928030303,0.00225756101144,0.0167415390563,0.173957143833,0.223395600783,0.00298439280705
pm_window_test,P4-refit,budget_0.30,0.3,0.00552308542446,True,,0.317399617591,0.72,0.00980392156863,0.084085721788,0.401265640731,7,0.0239552404613,0.052192530651,0.00793795067563,0.127604166667,0.0858447488584,,0.0434782608696,0.183473389356,0.451882845188,0.271899676575,0.358412835537,0.545454545455,0.90928030303,0.00267930049589,0.0205761316872,0.159803541085,0.210317487678,0.00192763195608
pm_window_test,P4-refit,risk_0.10,0.1,0.843421705773,True,,0.000956022944551,0,0.0239234449761,0.0993575526907,0.00129440529268,25,0.0277296856444,0.0623989469015,0.0092289201448,0.131386861314,0.112571428571,,0.0557408289662,0.227751196172,0.00418410041841,0,0.00292192016346,0,0,0.0141722529875,0.03775816152,0.199383628177,0.253684694301,0.016092071823
pm_window_test,P4-refit,risk_0.20,0.2,0.843421705773,True,,0.000956022944551,0,0.0239234449761,0.0993575526907,0.00129440529268,25,0.0277296856444,0.0623989469015,0.0092289201448,0.131386861314,0.112571428571,,0.0557408289662,0.227751196172,0.00418410041841,0,0.00292192016346,0,0,0.0141722529875,0.03775816152,0.199383628177,0.253684694301,0.016092071823
pm_window_test,P4-refit,risk_0.30,0.3,0.843421705773,True,,0.000956022944551,0,0.0239234449761,0.0993575526907,0.00129440529268,25,0.0277296856444,0.0623989469015,0.0092289201448,0.131386861314,0.112571428571,,0.0557408289662,0.227751196172,0.00418410041841,0,0.00292192016346,0,0,0.0141722529875,0.03775816152,0.199383628177,0.253684694301,0.016092071823
pm_window_test,P4-refit,riskcp_0.10,0.1,0.843421705773,True,,0.000956022944551,0,0.0239234449761,0.0993575526907,0.00129440529268,25,0.0277296856444,0.0623989469015,0.0092289201448,0.131386861314,0.112571428571,,0.0557408289662,0.227751196172,0.00418410041841,0,0.00292192016346,0,0,0.0141722529875,0.03775816152,0.199383628177,0.253684694301,0.016092071823
pm_window_test,P4-refit,riskcp_0.20,0.2,0.843421705773,True,,0.000956022944551,0,0.0239234449761,0.0993575526907,0.00129440529268,25,0.0277296856444,0.0623989469015,0.0092289201448,0.131386861314,0.112571428571,,0.0557408289662,0.227751196172,0.00418410041841,0,0.00292192016346,0,0,0.0141722529875,0.03775816152,0.199383628177,0.253684694301,0.016092071823
pm_window_test,P4-refit,riskcp_0.30,0.3,0.843421705773,True,,0.000956022944551,0,0.0239234449761,0.0993575526907,0.00129440529268,25,0.0277296856444,0.0623989469015,0.0092289201448,0.131386861314,0.112571428571,,0.0557408289662,0.227751196172,0.00418410041841,0,0.00292192016346,0,0,0.0141722529875,0.03775816152,0.199383628177,0.253684694301,0.016092071823
pm_window_test,P4-refit,plugin_0.10,0.1,0.913604645575,True,,0,0,0.0239005736138,0.099427999428,0,25,0.0277849277849,0.0624052624053,0.00923780923781,0.132969034608,0.112442922374,,0.0556877677297,0.228489483748,0,0,0,0,0,0.0141582552271,0.0377572641387,0.200988965681,0.253701713433,0.0169501144365
pm_window_test,P4-refit,plugin_0.20,0.2,0.913604645575,True,,0,0,0.0239005736138,0.099427999428,0,25,0.0277849277849,0.0624052624053,0.00923780923781,0.132969034608,0.112442922374,,0.0556877677297,0.228489483748,0,0,0,0,0,0.0141582552271,0.0377572641387,0.200988965681,0.253701713433,0.0169501144365
pm_window_test,P4-refit,plugin_0.30,0.3,0.913604645575,True,,0,0,0.0239005736138,0.099427999428,0,25,0.0277849277849,0.0624052624053,0.00923780923781,0.132969034608,0.112442922374,,0.0556877677297,0.228489483748,0,0,0,0,0,0.0141582552271,0.0377572641387,0.200988965681,0.253701713433,0.0169501144365
pm_turn_test,P1,budget_0.01,0.01,0.6318330495,True,,0.00297563697229,0.0223752151463,0.105950382391,0.0890839400977,0.00445859872611,568,0.0327866516579,0.0446987076274,0.0115985808125,0.0996441281139,0.115191986644,,0.0704824976348,0.0518559970155,0.017667844523,0.001641832409,0.00438020155127,0.0129425025202,0.031808041438,0.0954140382813,0.118063342807,0.0438502141453,0.060675796955,
pm_turn_test,P1,budget_0.05,0.05,0.5532712038,True,,0.0325460293844,0.182444061962,0.0913110342176,0.0867717143961,0.0345541401274,475,0.031428448757,0.0442374021439,0.0111058634952,0.0971223021583,0.103606182026,,0.0678368121442,0.0476739715494,0.123674911661,0.0282483450241,0.0383663041937,0.155191798942,0.209948511419,0.0817215186432,0.103817133318,0.0401445708697,0.0566338349735,
pm_turn_test,P1,budget_0.10,0.1,0.5160116508,True,,0.0611865352427,0.299483648881,0.0806259904913,0.0848629457676,0.059872611465,407,0.0302999813141,0.044070086674,0.0104928777795,0.0943738656987,0.0992410974898,,0.0661589719181,0.0455625990491,0.187279151943,0.0543861100737,0.0699769275993,0.265963944743,0.333457943925,0.071759766789,0.0909847743916,0.0379570520067,0.0547178882941,
pm_turn_test,P1,budget_0.20,0.2,0.4475078049,True,,0.156034963734,0.518072289157,0.0617011899515,0.0814431932995,0.114331210191,280,0.0279384417144,0.0438112251622,0.00969352642291,0.0854368932039,0.0879256965944,,0.0645161290323,0.0427501101807,0.314487632509,0.143574483616,0.170831055368,0.484790358904,0.554478066436,0.0541422148731,0.0703965636956,0.0348811660665,0.0526544921293,
pm_turn_test,P1,budget_0.30,0.3,0.4019691294,True,,0.240282685512,0.672977624785,0.046511627907,0.0777672115806,0.179617834395,190,0.0259626560401,0.0426421530891,0.00916240245136,0.0775681341719,0.0794923179693,,0.0568578553616,0.040146878825,0.420494699647,0.225192769853,0.258124974382,0.641463761605,0.706287040782,0.0394554431774,0.0540762656634,0.0333413397689,0.0487110315874,
pm_turn_test,P1,risk_0.10,0.1,0.372199657,True,,0.313371768644,0.772805507745,0.035752979415,0.074995312793,0.235668789809,132,0.0245453409162,0.0417786388351,0.00867133304168,0.0772626931567,0.073782234957,,0.053553038105,0.0384615384615,0.498233215548,0.296866384568,0.331138366561,0.74117599773,0.803752579741,0.0296424220425,0.0421716386824,0.0314402507816,0.0482957646884,
pm_turn_test,P1,risk_0.20,0.2,0.5278179266,True,,0.048912032732,0.249569707401,0.085256159562,0.0855880412016,0.05,436,0.0306860241586,0.0441425415316,0.0107594755114,0.0958408679928,0.100752750434,,0.0669833729216,0.0461478294877,0.166077738516,0.0427759408856,0.0578151026613,0.220469104498,0.278605318393,0.0758534416689,0.0967107618874,0.0390538830947,0.0556446186999,
pm_turn_test,P1,risk_0.30,0.3,0.7014997042,True,,0,0,0.108052817556,0.089442126102,0,581,0.0329995869711,0.0447637901813,0.0116787489496,0.0996441281139,0.117581808098,,0.0709219858156,0.0526315789474,0,0,0,0,0,0.0974170386779,0.120606819161,0.0447284704038,0.0613737995726,
pm_turn_test,P1,riskcp_0.10,0.1,0.3439510511,True,,0.382927282871,0.84165232358,0.0277275467149,0.0721936519375,0.298089171975,92,0.0229126404402,0.0408136525926,0.00846735890465,0.0645933014354,0.0722610722611,,0.0469613259669,0.0373719107896,0.56183745583,0.363914023792,0.402618796234,0.816789290184,0.865416007489,0.0226441826679,0.0337057226978,0.0300092962776,0.0471050194066,
pm_turn_test,P1,riskcp_0.20,0.2,0.4842377382,True,,0.101357634369,0.39586919105,0.0726407284768,0.0834045140648,0.0826433121019,351,0.029316809752,0.0439969307834,0.0100907735295,0.0925925925926,0.0909638554217,,0.0650095602294,0.043667218543,0.254416961131,0.0912758473479,0.113312303367,0.365051167781,0.429944831682,0.0638570708741,0.0825189736441,0.0364615184347,0.0534826722068,
pm_turn_test,P1,riskcp_0.30,0.3,0.7014997042,True,,0,0,0.108052817556,0.089442126102,0,581,0.0329995869711,0.0447637901813,0.0116787489496,0.0996441281139,0.117581808098,,0.0709219858156,0.0526315789474,0,0,0,0,0,0.0974170386779,0.120606819161,0.0447284704038,0.0613737995726,
pm_turn_test,P2,budget_0.01,0.01,0.512934391887,True,,0.00706713780919,0.0103270223752,0.1076980708,0.089189111418,0.012898089172,575,0.0329621316759,0.0446736878453,0.0115532918969,0.1,0.118539325843,,0.0702676864245,0.0526315789474,0.00706713780919,0.00518444196678,0.00968283407943,0.00340007862441,0.019337138895,0.0967875492428,0.120316331753,0.0447761004753,0.0612026597043,
pm_turn_test,P2,budget_0.05,0.05,0.19259159146,True,,0.0269667100614,0.0154905335628,0.109327217125,0.0890993399489,0.0606687898089,572,0.0331082816016,0.0443004516139,0.0116906067334,0.10147601476,0.119131455399,,0.0706059088633,0.0516055045872,0.0459363957597,0.0214007797891,0.0329112516298,0.00651077404287,0.0250525959485,0.0980683159182,0.122667193748,0.0436650476587,0.0604409657989,
pm_turn_test,P2,budget_0.10,0.1,0.0006024863563,True,,0.0459363957597,0.0722891566265,0.105068226121,0.0887783756648,0.0988853503185,539,0.0330389219208,0.0440989598858,0.0116404938581,0.101313320826,0.11620795107,,0.0694801852805,0.0495126705653,0.102473498233,0.0388391621325,0.0528507405368,0.0544617897878,0.086290294185,0.0941697227339,0.117125275484,0.0415353788736,0.0587901939655,
pm_turn_test,P2,budget_0.20,0.2,0.0004959393099,True,,0.122001115864,0.368330464716,0.0777377674222,0.0840818402938,0.157802547771,367,0.0302052366342,0.0435591307251,0.0103174729345,0.0968992248062,0.0994798439532,,0.0652511651994,0.0438466426605,0.268551236749,0.111214010877,0.136378317814,0.340845959596,0.400722426894,0.0682281955173,0.0881447047286,0.0363901469792,0.052282088055,
pm_turn_test,P2,budget_0.30,0.3,0.0004378321797,True,,0.206806769574,0.552495697074,0.0609613130129,0.0807092681819,0.207802547771,260,0.0278223909411,0.0431530961535,0.00973378108726,0.0871369294606,0.0889042039972,,0.0640419947507,0.041266119578,0.378091872792,0.190627695532,0.224060922363,0.516158174591,0.589706040659,0.0522722473522,0.0697056663916,0.0339108909145,0.0504602798484,
pm_turn_test,P2,risk_0.10,0.1,0.000369461869,True,,0.355030686256,0.786574870912,0.0357554786621,0.0741140242523,0.321656050955,124,0.0242697332939,0.0411628594791,0.00868143147932,0.0787589498807,0.0748792270531,,0.0530474040632,0.0363321799308,0.554770318021,0.336650857302,0.37285136406,0.758008432562,0.817238884567,0.029628757625,0.0422883263309,0.0300166519349,0.0450042854198,
pm_turn_test,P2,risk_0.20,0.2,0.0005052615203,True,,0.109354658732,0.33734939759,0.0803925662978,0.0844038443239,0.152547770701,385,0.0303866527104,0.0435816918831,0.0104354997304,0.0961538461538,0.10064516129,,0.065734989648,0.0438504907079,0.257950530035,0.097841378637,0.12154277002,0.307924518868,0.370402947271,0.0707849615647,0.0910944544608,0.0362679970368,0.0523936299975,
pm_turn_test,P2,risk_0.30,0.3,0.897616287968,True,,0.00204575041845,0.00688468158348,0.107528885576,0.0892530835998,0.00445859872611,577,0.0329345591594,0.044640817725,0.0116777067154,0.0996441281139,0.117679866146,,0.0700757575758,0.0525531121878,0.00353356890459,0.000950253842044,0.0034710258485,0.00161486679115,0.0129726696594,0.0969918636758,0.119884519506,0.0446103924588,0.061464662631,
pm_turn_test,P2,riskcp_0.10,0.1,0.0003418509549,True,,0.42365631393,0.855421686747,0.027105517909,0.0709412368865,0.384076433121,84,0.0226138947986,0.0398173281491,0.00851001393882,0.0647668393782,0.0736842105263,,0.0438489646772,0.0351726363343,0.614840989399,0.403443453464,0.443165588915,0.82833168693,0.87891379177,0.0220533112202,0.0335336677216,0.028606377167,0.043166911636,
pm_turn_test,P2,riskcp_0.20,0.2,0.0004561324299,True,,0.179654082202,0.50430292599,0.0652913171616,0.0816178719158,0.192515923567,288,0.028391624149,0.0433439023998,0.00988234536705,0.0862422997947,0.0910316925152,,0.0648535564854,0.0410337791884,0.360424028269,0.164663276861,0.194737673433,0.470782061492,0.53908973091,0.0570264515199,0.0741222209311,0.0335298715487,0.0499047187078,
pm_turn_test,P2,riskcp_0.30,0.3,0.897616287968,True,,0.00204575041845,0.00688468158348,0.107528885576,0.0892530835998,0.00445859872611,577,0.0329345591594,0.044640817725,0.0116777067154,0.0996441281139,0.117679866146,,0.0700757575758,0.0525531121878,0.00353356890459,0.000950253842044,0.0034710258485,0.00161486679115,0.0129726696594,0.0969918636758,0.119884519506,0.0446103924588,0.061464662631,
pm_turn_test,P2,whisper_rule,,1,True,,0.00167379579691,0.00688468158348,0.107488822653,0.0892989561348,0.00286624203822,577,0.0329986880383,0.0446209571616,0.0116793109349,0.0996441281139,0.117483296214,,0.070042593469,0.0525335320417,0.00353356890459,0.000773402169564,0.00284875347483,0.00161486679115,0.0129726696594,0.0969028628607,0.119814642472,0.044601292713,0.0614522157612,
pm_turn_test,P2-rawCR,budget_0.01,0.01,0.67475124375,True,,0.00483541007997,0,0.108577835919,0.090284249767,0.0127388535032,581,0.0331721808015,0.04536055452,0.0117515144455,0.101083032491,0.119235095613,,0.0713941148095,0.0525135488694,0.00706713780919,0.00303382926033,0.0065733836362,0,0,0.0979268982762,0.121076296519,0.0449345378252,0.0614805545865,
pm_turn_test,P2-rawCR,budget_0.05,0.05,0.637755102083,True,,0.0135763436861,0,0.109539969834,0.0914038473135,0.0345541401274,581,0.0334378580474,0.0459958994151,0.0119700898511,0.101289134438,0.121598147076,,0.0720675944334,0.052036199095,0.0247349823322,0.0107010121614,0.0173294503374,0,0,0.0985725220487,0.122318187397,0.0440797517345,0.0612481791129,
pm_turn_test,P2-rawCR,budget_0.10,0.1,0.618530020833,True,,0.0254788915752,0,0.110877862595,0.0921377660997,0.0675159235669,581,0.0339380398697,0.0459272778766,0.0122724483534,0.103969754253,0.120977353993,,0.0737113402062,0.0513358778626,0.0494699646643,0.0209248471008,0.0307714984583,0,0,0.0996069929088,0.12382069909,0.0431894347646,0.0604467827214,
pm_turn_test,P2-rawCR,budget_0.20,0.2,0.592369477917,True,,0.0503998512182,0.00172117039587,0.113591852722,0.0931924238265,0.135031847134,580,0.0343981608564,0.046321712874,0.0124725500961,0.105263157895,0.126733921816,,0.0740537575425,0.0509204857031,0.0812720848057,0.043566333893,0.0599191099349,0,0.00638872975786,0.10201406157,0.126732983787,0.0432134504867,0.059274374011,
pm_turn_test,P2-rawCR,budget_0.30,0.3,0.562106918333,True,,0.082573925981,0.0103270223752,0.11656192986,0.0943562272814,0.214649681529,575,0.0351253108858,0.0466041706524,0.0126267457433,0.105726872247,0.130551816958,,0.0766400980993,0.0510845327387,0.109540636042,0.0704870261813,0.0971594302407,0.00372121297376,0.0194521192636,0.104673034125,0.129407657136,0.0432547804399,0.0598012346413,
pm_turn_test,P2-rawCR,risk_0.10,0.1,-inf,False,,1,1,,,1,0,,,,,,,,,1,1,1,1,1,,,,,
pm_turn_test,P2-rawCR,risk_0.20,0.2,-inf,False,,1,1,,,1,0,,,,,,,,,1,1,1,1,1,,,,,
pm_turn_test,P2-rawCR,risk_0.30,0.3,0.74186991875,True,,0.000743909243072,0,0.108133258887,0.0895823208211,0.00207006369427,581,0.033034106178,0.0448697790103,0.0116784356328,0.0996441281139,0.11771238201,,0.0711237553343,0.0524846454495,0.00353356890459,0.000181307859888,0.00150801341493,0,0,0.0974717017465,0.120723350717,0.0447464763584,0.0613800752007,
pm_turn_test,P2-rawCR,riskcp_0.10,0.1,-inf,False,,1,1,,,1,0,,,,,,,,,1,1,1,1,1,,,,,
pm_turn_test,P2-rawCR,riskcp_0.20,0.2,-inf,False,,1,1,,,1,0,,,,,,,,,1,1,1,1,1,,,,,
pm_turn_test,P2-rawCR,riskcp_0.30,0.3,-inf,False,,1,1,,,1,0,,,,,,,,,1,1,1,1,1,,,,,
pm_turn_test,P2-rawCR,whisper_rule,,1,True,,0,0,0.108052817556,0.089442126102,0,581,0.0329995869711,0.0447637901813,0.0116787489496,0.0996441281139,0.117581808098,,0.0709219858156,0.0526315789474,0,0,0,0,0,0.0974170386779,0.120606819161,0.0447284704038,0.0613737995726,
pm_turn_test,P3,budget_0.01,0.01,0.931176376867,True,,0.0146922075507,0.0963855421687,0.099093997735,0.0883817131446,0.0133757961783,525,0.0322944155196,0.0445332001997,0.0115540974253,0.0948121645796,0.108291032149,,0.070042593469,0.0490751226878,0.0812720848057,0.0107325477865,0.0190906424524,0.0688841812254,0.123156224901,0.0895520094546,0.110214965017,0.0415592772875,0.0579424246675,0.19776188249
pm_turn_test,P3,budget_0.05,0.05,0.738588296453,True,,0.0814580621164,0.309810671256,0.0811905243977,0.0857807919995,0.0493630573248,401,0.0306483131214,0.0442697856199,0.0108626932582,0.0927272727273,0.0975896531452,,0.0673943996203,0.046365661065,0.190812720848,0.0733482618017,0.0905573893627,0.269582851541,0.348654131468,0.0726409917027,0.0921364655096,0.0387125195901,0.056464181423,0.152280850757
pm_turn_test,P3,budget_0.10,0.1,0.595065654516,True,,0.127952389808,0.440619621343,0.0693111537641,0.0838034076774,0.0773885350318,325,0.0294338858515,0.0439555671266,0.0104139546993,0.0915750915751,0.0915111378688,,0.0660960532573,0.0452121987631,0.250883392226,0.117415501859,0.138499043571,0.40428952207,0.476914206232,0.0613475682775,0.079498612698,0.0384529781883,0.0541853410802,0.125030003377
pm_turn_test,P3,budget_0.20,0.2,0.428839903395,True,,0.186163288079,0.567986230637,0.0573583180987,0.0814174564175,0.113535031847,251,0.0277875277875,0.0438604188604,0.00976950976951,0.0866290018832,0.0844806007509,,0.0627394636015,0.0429616087751,0.335689045936,0.176158324104,0.201061014099,0.535432717894,0.604647167007,0.0500923184554,0.0654349659098,0.0359896192203,0.0515609816481,0.0976557242196
pm_turn_test,P3,budget_0.30,0.3,0.309704487777,True,,0.236749116608,0.652323580034,0.0492202729045,0.0797999436043,0.143789808917,202,0.026832489871,0.0435731140826,0.00939433965064,0.08203125,0.0798952193844,,0.0615906886518,0.0416666666667,0.395759717314,0.223011067559,0.254159931446,0.612981279459,0.687160351965,0.0419339497581,0.058120921174,0.0335750411285,0.0515115270425,0.0797950151552
pm_turn_test,P3,risk_0.10,0.1,0.327249121175,True,,0.23005393342,0.641996557659,0.0502415458937,0.08003196543,0.138853503185,208,0.0269634321401,0.0436564900182,0.00941204327172,0.08203125,0.0806766428107,,0.0614119922631,0.0417874396135,0.388692579505,0.216570087123,0.246553079191,0.60392859392,0.677126465758,0.0431993639368,0.0590370870214,0.0336735697889,0.0512141672928,0.0818570380944
pm_turn_test,P3,risk_0.20,0.2,0.645892368721,True,,0.109168681421,0.390705679862,0.0739039665971,0.0845893127569,0.0660828025478,354,0.029970433403,0.044075863561,0.0105430157929,0.091407678245,0.0950118764846,,0.0669515669516,0.0461377870564,0.219081272085,0.0990740246356,0.119854273615,0.347892161841,0.431476083445,0.0652079751297,0.0849492437384,0.0387880380555,0.0551466855441,0.135495051804
pm_turn_test,P3,risk_0.30,0.3,0.966477049881,True,,0.00911288822764,0.0602409638554,0.102477477477,0.0887824487876,0.00828025477707,546,0.0325735220744,0.0446193103252,0.011589616388,0.0980392156863,0.108732394366,,0.0704824976348,0.0493618618619,0.0706713780919,0.00615992417885,0.0116975551881,0.0398106374562,0.077862123326,0.0926960430986,0.114697404983,0.0419545722978,0.0580665973809,0.201975134566
pm_turn_test,P3,riskcp_0.10,0.1,0.27931383209,True,,0.254416961131,0.695352839931,0.0441506610127,0.0789729188761,0.158121019108,177,0.026438824742,0.0432431625017,0.00929093163249,0.0816733067729,0.0774883099532,,0.0613735996103,0.0409079570965,0.420494699647,0.239799570317,0.273001173502,0.657998221329,0.739382118377,0.0377662333445,0.0518382797924,0.0330224133094,0.0509617646158,0.0747176495319
pm_turn_test,P3,riskcp_0.20,0.2,0.503186517368,True,,0.156406918356,0.499139414802,0.0641534391534,0.0826915811804,0.0937898089172,291,0.0286245677254,0.0439539682078,0.0101130452472,0.0858208955224,0.0865853658537,,0.0648854961832,0.043430335097,0.303886925795,0.146158197729,0.170420142197,0.460864146039,0.541886823764,0.0564488821063,0.0731561069391,0.0361866429897,0.0520852433492,0.110580519971
pm_turn_test,P3,riskcp_0.30,0.3,0.966477049881,True,,0.00911288822764,0.0602409638554,0.102477477477,0.0887824487876,0.00828025477707,546,0.0325735220744,0.0446193103252,0.011589616388,0.0980392156863,0.108732394366,,0.0704824976348,0.0493618618619,0.0706713780919,0.00615992417885,0.0116975551881,0.0398106374562,0.077862123326,0.0926960430986,0.114697404983,0.0419545722978,0.0580665973809,0.201975134566
pm_turn_test,P3,plugin_0.10,0.1,0.441498616401,True,,0.180583968756,0.55421686747,0.0587834770767,0.0816988213988,0.10923566879,259,0.0279680448657,0.0439164025646,0.00981437396854,0.0866290018832,0.0849875930521,,0.0636363636364,0.0431230140717,0.328621908127,0.164253899483,0.203325104236,0.518550758772,0.601101130976,0.0509866428486,0.0669374534126,0.0359662552292,0.0517126585276,0.0999584866099
pm_turn_test,P3,plugin_0.20,0.2,0.944480729353,True,,0.0117165705784,0.07917383821,0.100677455777,0.0885288916776,0.0114649681529,535,0.0324140094689,0.0445353944441,0.0115794877645,0.0964285714286,0.108793686584,,0.070042593469,0.0493037260068,0.0742049469965,0.000915429850627,0.028573199781,0.00932201243997,0.156024402026,0.0910313113785,0.110697239658,0.04155088826,0.0584152431369,0.199989012633
pm_turn_test,P3,plugin_0.30,0.3,0.995039514879,True,,0,0,0.108052817556,0.089442126102,0,581,0.0329995869711,0.0447637901813,0.0116787489496,0.0996441281139,0.117581808098,,0.0709219858156,0.0526315789474,0,0,0,0,0,0.0974170386779,0.120606819161,0.0447284704038,0.0613737995726,0.209077028916
pm_turn_test,P3-conf,budget_0.01,0.01,0.930909762959,True,,0.0156220941045,0.0981067125645,0.0989986774986,0.0883502624971,0.0138535031847,524,0.0322557635243,0.0445389180552,0.0115555809176,0.0948121645796,0.107787810384,,0.070042593469,0.0489325524277,0.0848056537102,0.011618499058,0.0201410830267,0.0720405638799,0.123156224901,0.0895435717618,0.110005366913,0.0410918146342,0.0577752266987,0.201469687796
pm_turn_test,P3-conf,budget_0.05,0.05,0.762167720801,True,,0.069741491538,0.278829604131,0.0837664934026,0.0861915559255,0.0436305732484,419,0.0308831549037,0.0442151488189,0.0110932522029,0.0923913043478,0.100702576112,,0.0678368121442,0.047181127549,0.166077738516,0.0626992692901,0.0786454898961,0.237235980189,0.318974800178,0.0750299013559,0.0944718314123,0.0399959555106,0.0565448509226,0.164555889695
pm_turn_test,P3-conf,budget_0.10,0.1,0.595002783524,True,,0.124976752836,0.437177280551,0.0695005313496,0.0835587703436,0.0802547770701,327,0.0291934900542,0.0439638336347,0.0104014466546,0.0885608856089,0.0910186859554,,0.0647310804379,0.0446333687566,0.257950530035,0.114279490163,0.135037406881,0.395868345691,0.478288189837,0.0620792926867,0.0791186512086,0.0377455861309,0.0534605754298,0.132052593464
pm_turn_test,P3-conf,budget_0.20,0.2,0.412406766114,True,,0.189324902362,0.57487091222,0.0566643725625,0.0811998359599,0.117197452229,247,0.0276378229539,0.0438953658679,0.00966664713809,0.0850661625709,0.0849056603774,,0.062829736211,0.0428997476485,0.339222614841,0.179236002981,0.203323800716,0.543913588601,0.614967228031,0.0489539999838,0.0654725974968,0.0357699996486,0.0515535734959,0.102770634954
pm_turn_test,P3-conf,budget_0.30,0.3,0.30850346027,True,,0.236563139297,0.655765920826,0.0487210718636,0.0796016942855,0.147133757962,200,0.0265438061975,0.043679869213,0.00937801887493,0.0821917808219,0.0793963254593,,0.061135371179,0.041412911084,0.399293286219,0.224207114138,0.253506696103,0.621298822753,0.693212706968,0.0416757500654,0.0570848596907,0.0337817343969,0.0512041128083,0.0871093323346
pm_turn_test,P3-conf,risk_0.10,0.1,0.316998668425,True,,0.231541751906,0.640275387263,0.0505808325266,0.0799294260679,0.141560509554,209,0.0267321007606,0.0437232197133,0.00947410559402,0.08203125,0.0802348336595,,0.0614417029511,0.0416263310745,0.39222614841,0.21822726689,0.247921837629,0.603111849748,0.678698187272,0.0433424145387,0.0590625650623,0.0337437291147,0.0510956226213,0.0885766582953
pm_turn_test,P3-conf,risk_0.20,0.2,0.664709242449,True,,0.101357634369,0.378657487091,0.0747102649007,0.0846675986107,0.0644904458599,361,0.0299182867601,0.0441568548329,0.0105924570177,0.0930656934307,0.0951814396193,,0.0665083135392,0.0459437086093,0.21554770318,0.0922483840904,0.111081803753,0.343854302626,0.415276259949,0.0669839548782,0.0857142857143,0.0388228571786,0.0547255945113,0.145122992305
pm_turn_test,P3-conf,risk_0.30,0.3,0.967722551654,True,,0.00892691091687,0.0567986230637,0.102833552261,0.0888239486814,0.0078025477707,548,0.0326015680684,0.0446186742694,0.0116037063435,0.0980392156863,0.108793686584,,0.0704824976348,0.0493525989867,0.0706713780919,0.00615813180024,0.0114644568333,0.036554870124,0.0744446190541,0.0932456830374,0.115069565088,0.0419388938108,0.0580771104219,0.206502454212
pm_turn_test,P3-conf,riskcp_0.10,0.1,0.249022021483,True,,0.274874465315,0.73321858864,0.0397537830213,0.077661101458,0.18152866242,155,0.0255798141573,0.0431366623857,0.00894462491501,0.0792682926829,0.0741496598639,,0.0589985126425,0.0397537830213,0.452296819788,0.260780335357,0.294313820515,0.697993225255,0.773802213271,0.0336174284133,0.0469152411499,0.031979287138,0.0492577157764,0.0770425913551
pm_turn_test,P3-conf,riskcp_0.20,0.2,0.52375877713,True,,0.150641621722,0.490533562823,0.0648127873878,0.0826870007262,0.0934713375796,296,0.0285984023239,0.0439796659405,0.0101089324619,0.0856610800745,0.0865326020719,,0.0648545541249,0.0426976133129,0.310954063604,0.139855014917,0.163610112144,0.455380576208,0.530214162721,0.057415276063,0.073708101615,0.0358463676482,0.0510502573675,0.119147866399
pm_turn_test,P3-conf,riskcp_0.30,0.3,0.967722551654,True,,0.00892691091687,0.0567986230637,0.102833552261,0.0888239486814,0.0078025477707,548,0.0326015680684,0.0446186742694,0.0116037063435,0.0980392156863,0.108793686584,,0.0704824976348,0.0493525989867,0.0706713780919,0.00615813180024,0.0114644568333,0.036554870124,0.0744446190541,0.0932456830374,0.115069565088,0.0419388938108,0.0580771104219,0.206502454212
pm_turn_test,P3-conf,plugin_0.10,0.1,0.391006895592,True,,0.196949972103,0.588640275387,0.0553496989347,0.0809625119214,0.121337579618,239,0.0274814760472,0.0438705890984,0.00961044677573,0.0850661625709,0.0839646464646,,0.0624399615754,0.0428439092172,0.34628975265,0.180101524815,0.220925751404,0.553317724218,0.633589675761,0.0480670179705,0.0632206794968,0.0351203811135,0.0514947978062,0.0999333692609
pm_turn_test,P3-conf,plugin_0.20,0.2,0.922778107662,True,,0.017667844523,0.110154905336,0.097879591064,0.0882134703196,0.0156050955414,517,0.0321917808219,0.0444920091324,0.0115296803653,0.0948121645796,0.107405313737,,0.070042593469,0.0486558121924,0.0918727915194,0.0069920599546,0.0342524440869,0.048802253073,0.178661913061,0.0881841424466,0.108120148399,0.0412598812536,0.0578070829883,0.199961007719
pm_turn_test,P3-conf,plugin_0.30,0.3,0.99497477828,True,,0,0,0.108052817556,0.089442126102,0,581,0.0329995869711,0.0447637901813,0.0116787489496,0.0996441281139,0.117581808098,,0.0709219858156,0.0526315789474,0,0,0,0,0,0.0974170386779,0.120606819161,0.0447284704038,0.0613737995726,0.213428986367
pm_turn_test,P1-retuned,budget_0.01,0.01,0.6104286837,True,,0.00688116049842,0.0430292598967,0.104119850187,0.088645858583,0.0100318471338,556,0.0326094705773,0.0445296793236,0.0115067086821,0.0996441281139,0.112975391499,,0.0696022727273,0.0511235955056,0.0353356890459,0.00448000201292,0.00915154161501,0.028018570647,0.0557014576906,0.0935852132353,0.116036322661,0.0436015897542,0.0597627079306,
pm_turn_test,P1-retuned,budget_0.05,0.05,0.5280023395,True,,0.048912032732,0.249569707401,0.085256159562,0.0855880412016,0.05,436,0.0306860241586,0.0441425415316,0.0107594755114,0.0958408679928,0.100752750434,,0.0669833729216,0.0461478294877,0.166077738516,0.0427759408856,0.0578151026613,0.220469104498,0.278605318393,0.0758534416689,0.0967107618874,0.0390538830947,0.0556446186999,
pm_turn_test,P1-retuned,budget_0.10,0.1,0.4906446513,True,,0.092988655384,0.371772805508,0.0748410908345,0.0837489699441,0.0775477707006,365,0.0295354989808,0.0440502522734,0.0101632186899,0.0924214417745,0.0948121645796,,0.0654250238777,0.0446996104162,0.229681978799,0.0843758819163,0.104484430842,0.346582547688,0.412991585848,0.0655685475039,0.0846838810357,0.0366312806575,0.0543567327695,
pm_turn_test,P1-retuned,budget_0.20,0.2,0.4335459846,True,,0.178352241027,0.55421686747,0.0586238116795,0.0807987032125,0.126910828025,259,0.0275567344533,0.0436486884763,0.00959328028294,0.0867850098619,0.0848522941546,,0.0637989366844,0.0425531914894,0.335689045936,0.164121418454,0.194138548685,0.520904351399,0.592535861769,0.0507958126597,0.0668730055163,0.0349151092017,0.0521778638817,
pm_turn_test,P1-retuned,budget_0.30,0.3,0.3858401238,True,,0.280639761949,0.731497418244,0.0403309203723,0.076189743984,0.210987261146,156,0.0252018144076,0.0421157838087,0.00887214576766,0.0757575757576,0.0751043115438,,0.0554143365531,0.0382626680455,0.47703180212,0.265248112971,0.299696428748,0.701143657942,0.764028732607,0.034208248607,0.0467795403179,0.0312036400437,0.0474659975306,
pm_turn_test,P1-retuned,risk_0.10,0.1,0.676613223,True,,0.000185977310768,0.00172117039587,0.107886904762,0.0894149148294,0.00031847133758,580,0.0329858143907,0.0447644277332,0.0116646727055,0.0996441281139,0.117581808098,,0.0709219858156,0.0526413690476,0,0,0.000571777115623,0,0.0052924199983,0.0971485508511,0.120276379295,0.0447371427681,0.0614068825911,
pm_turn_test,P1-retuned,risk_0.20,0.2,0.7420929356,True,,0,0,0.108052817556,0.089442126102,0,581,0.0329995869711,0.0447637901813,0.0116787489496,0.0996441281139,0.117581808098,,0.0709219858156,0.0526315789474,0,0,0,0,0,0.0974170386779,0.120606819161,0.0447284704038,0.0613737995726,
pm_turn_test,P1-retuned,risk_0.30,0.3,0.7420929356,True,,0,0,0.108052817556,0.089442126102,0,581,0.0329995869711,0.0447637901813,0.0116787489496,0.0996441281139,0.117581808098,,0.0709219858156,0.0526315789474,0,0,0,0,0,0.0974170386779,0.120606819161,0.0447284704038,0.0613737995726,
pm_turn_test,P1-retuned,riskcp_0.10,0.1,0.5506710359,True,,0.0334759159383,0.189328743546,0.0906292091591,0.0865650275571,0.037101910828,471,0.0312790780903,0.0442201703529,0.0110657791139,0.0971223021583,0.103665521191,,0.0678368121442,0.0475274196652,0.127208480565,0.0292486878731,0.0392288683788,0.160602816256,0.216609424477,0.0809787044057,0.102934251173,0.0401558139564,0.0565128286099,
pm_turn_test,P1-retuned,riskcp_0.20,0.2,0.7420929356,True,,0,0,0.108052817556,0.089442126102,0,581,0.0329995869711,0.0447637901813,0.0116787489496,0.0996441281139,0.117581808098,,0.0709219858156,0.0526315789474,0,0,0,0,0,0.0974170386779,0.120606819161,0.0447284704038,0.0613737995726,
pm_turn_test,P1-retuned,riskcp_0.30,0.3,0.7420929356,True,,0,0,0.108052817556,0.089442126102,0,581,0.0329995869711,0.0447637901813,0.0116787489496,0.0996441281139,0.117581808098,,0.0709219858156,0.0526315789474,0,0,0,0,0,0.0974170386779,0.120606819161,0.0447284704038,0.0613737995726,
pm_turn_test,P2-retuned,budget_0.01,0.01,0.303202399565,True,,0.0159940487261,0.013769363167,0.108297108297,0.0890079248606,0.0342356687898,573,0.0328734957441,0.0445406515996,0.0115937775169,0.100900900901,0.117916428163,,0.0704156479218,0.0521640521641,0.0247349823322,0.0119269054117,0.0215609125559,0.00634103091061,0.0239869834265,0.0971711624401,0.121283076204,0.0442929194631,0.0608359955193,
pm_turn_test,P2-retuned,budget_0.05,0.05,0.0005679810091,True,,0.0600706713781,0.154905335628,0.097150771666,0.0875772393516,0.113057324841,491,0.0323108127231,0.0438672347919,0.0113991918366,0.101694915254,0.109733415995,,0.0685213807316,0.0474871388999,0.151943462898,0.0525220590293,0.0688728014649,0.123777259427,0.181838730889,0.0868932579558,0.10971916331,0.0400560437474,0.0566943435147,
pm_turn_test,P2-retuned,budget_0.10,0.1,0.0005105402881,True,,0.103403384787,0.325301204819,0.081310931342,0.084667648596,0.14872611465,392,0.0305665098747,0.0435691547489,0.0105319839724,0.0959692898273,0.101412066752,,0.0662183135023,0.0439742791952,0.250883392226,0.09408994763,0.114308638871,0.291872126689,0.359597074791,0.071588131256,0.0918496743772,0.0363687152744,0.0524325365804,
pm_turn_test,P2-retuned,budget_0.20,0.2,0.0004455861043,True,,0.194346289753,0.533562822719,0.0625577100646,0.0811575001616,0.200159235669,271,0.0280488593033,0.0433173915853,0.00979124927293,0.0864197530864,0.0907230559345,,0.0649554740702,0.0413204062789,0.367491166078,0.178558089233,0.21013423298,0.499205753021,0.570166111011,0.0542409134567,0.0717969423032,0.0335745796409,0.0508712569868,
pm_turn_test,P2-retuned,budget_0.30,0.3,0.000399698744,True,,0.282313557746,0.688468158348,0.0469033428349,0.077210002509,0.264968152866,181,0.0259262356778,0.0420339550054,0.00924981182571,0.0782997762864,0.0817843866171,,0.0561920349154,0.0383519046385,0.47703180212,0.26564375164,0.302008432715,0.658357730578,0.723022919128,0.0400979398706,0.0539926720094,0.0319386066712,0.0464569213068,
pm_turn_test,P2-retuned,risk_0.10,0.1,0.500234153788,True,,0.00762506974149,0.0103270223752,0.10775862069,0.0891550999251,0.0140127388535,575,0.0329724126015,0.0446207452629,0.0115619420607,0.1,0.118605958404,,0.0698564593301,0.0526611694153,0.00706713780919,0.00543914414282,0.0103117640128,0.00340007862441,0.019337138895,0.0968416727207,0.120317492899,0.0447857120765,0.061226001563,
pm_turn_test,P2-retuned,risk_0.20,0.2,2.50033742472,True,,0,0,0.108052817556,0.089442126102,0,581,0.0329995869711,0.0447637901813,0.0116787489496,0.0996441281139,0.117581808098,,0.0709219858156,0.0526315789474,0,0,0,0,0,0.0974170386779,0.120606819161,0.0447284704038,0.0613737995726,
pm_turn_test,P2-retuned,risk_0.30,0.3,2.50033742472,True,,0,0,0.108052817556,0.089442126102,0,581,0.0329995869711,0.0447637901813,0.0116787489496,0.0996441281139,0.117581808098,,0.0709219858156,0.0526315789474,0,0,0,0,0,0.0974170386779,0.120606819161,0.0447284704038,0.0613737995726,
pm_turn_test,P2-retuned,riskcp_0.10,0.1,0.000556004994,True,,0.0686256276734,0.191049913941,0.0938498402556,0.0871420249697,0.118630573248,470,0.0320386668136,0.0438150416424,0.0112883165137,0.0986717267552,0.108057464085,,0.0685213807316,0.0467252396166,0.173144876325,0.0606671353153,0.0766741891082,0.16047979798,0.217062018941,0.0833733126387,0.106171601564,0.0393298225683,0.0555666666667,
pm_turn_test,P2-retuned,riskcp_0.20,0.2,2.50033742472,True,,0,0,0.108052817556,0.089442126102,0,581,0.0329995869711,0.0447637901813,0.0116787489496,0.0996441281139,0.117581808098,,0.0709219858156,0.0526315789474,0,0,0,0,0,0.0974170386779,0.120606819161,0.0447284704038,0.0613737995726,
pm_turn_test,P2-retuned,riskcp_0.30,0.3,2.50033742472,True,,0,0,0.108052817556,0.089442126102,0,581,0.0329995869711,0.0447637901813,0.0116787489496,0.0996441281139,0.117581808098,,0.0709219858156,0.0526315789474,0,0,0,0,0,0.0974170386779,0.120606819161,0.0447284704038,0.0613737995726,
pm_turn_test,P2-retuned,whisper_rule,,1,True,,0.00167379579691,0.00688468158348,0.107488822653,0.0892989561348,0.00286624203822,577,0.0329986880383,0.0446209571616,0.0116793109349,0.0996441281139,0.117483296214,,0.070042593469,0.0525335320417,0.00353356890459,0.000773402169564,0.00284875347483,0.00161486679115,0.0129726696594,0.0969028628607,0.119814642472,0.044601292713,0.0614522157612,
pm_turn_test,P4,budget_0.01,0.01,0.574934915779,True,P3 score with thresholds re-tuned on PriMock57 recalibration,0.010414729403,0.0705679862306,0.10148468333,0.0886408029998,0.0100318471338,540,0.0324935483411,0.0445699131699,0.0115773414888,0.0980392156863,0.108793686584,,0.070042593469,0.0494267994738,0.0706713780919,0.00712878841333,0.0137711546439,0.0468742961712,0.0923862452377,0.0918760203702,0.112517436944,0.0419797751761,0.0581439989796,0.0836272843786
pm_turn_test,P4,budget_0.05,0.05,0.35092379415,True,P3 score with thresholds re-tuned on PriMock57 recalibration,0.044076622652,0.218588640275,0.088326848249,0.0869073684512,0.0329617834395,454,0.0314114397745,0.0442908456045,0.0112050830722,0.0920577617329,0.101792943898,,0.0687203791469,0.0468871595331,0.148409893993,0.0377861857842,0.0516005946775,0.183855840447,0.251853508312,0.0787857623723,0.0995112810905,0.0396614924789,0.0563732539574,0.0717994603621
pm_turn_test,P4,budget_0.10,0.1,0.264572326768,True,P3 score with thresholds re-tuned on PriMock57 recalibration,0.0861074948856,0.320137693632,0.0803825803826,0.0856682816027,0.0511146496815,395,0.0306071105105,0.0442789574318,0.0107822136603,0.0927272727273,0.0967551622419,,0.0673943996203,0.0461945461945,0.197879858657,0.0771614682972,0.0949727588966,0.280356761294,0.359765753065,0.0717605586123,0.0917857083632,0.0387169354441,0.056176859771,0.0611130761206
pm_turn_test,P4,budget_0.20,0.2,0.165326901711,True,P3 score with thresholds re-tuned on PriMock57 recalibration,0.159382555328,0.502581755594,0.0639380530973,0.0826561614165,0.0945859872611,289,0.0285793199692,0.0439737756393,0.010103065808,0.0858208955224,0.0866910866911,,0.0648854961832,0.0435840707965,0.303886925795,0.148106427301,0.173925047741,0.465474557522,0.545396777696,0.0562238336225,0.0727482561705,0.0363083810252,0.0522696646624,0.0480704882122
pm_turn_test,P4,budget_0.30,0.3,0.101973058846,True,P3 score with thresholds re-tuned on PriMock57 recalibration,0.249581551051,0.68330464716,0.0456009913259,0.0791643678332,0.154617834395,184,0.0265422065819,0.0432876548917,0.00933450635969,0.0805500982318,0.0773333333333,,0.0613138686131,0.040644361834,0.420494699647,0.234886459209,0.266009511071,0.648685441454,0.719590552805,0.0388498931294,0.0530005826649,0.0327915401176,0.050661612779,0.038138442299
pm_turn_test,P4,risk_0.10,0.1,0.7153095646,True,P3 score with thresholds re-tuned on PriMock57 recalibration,0.0040915008369,0.0292598967298,0.105322128852,0.0891656217941,0.00350318471338,564,0.0328279949846,0.0446825487291,0.0116550780805,0.0996441281139,0.113902847571,,0.0704824976348,0.0513538748833,0.0282685512367,0.00255421007875,0.00583332251293,0.0167688964683,0.0402515870782,0.0949965089457,0.117567649893,0.0437259189574,0.0605784217022,0.0871837443189
pm_turn_test,P4,risk_0.20,0.2,0.896124665983,True,P3 score with thresholds re-tuned on PriMock57 recalibration,0,0,0.108052817556,0.089442126102,0,581,0.0329995869711,0.0447637901813,0.0116787489496,0.0996441281139,0.117581808098,,0.0709219858156,0.0526315789474,0,0,0,0,0,0.0974170386779,0.120606819161,0.0447284704038,0.0613737995726,0.0900073919647
pm_turn_test,P4,risk_0.30,0.3,0.896124665983,True,P3 score with thresholds re-tuned on PriMock57 recalibration,0,0,0.108052817556,0.089442126102,0,581,0.0329995869711,0.0447637901813,0.0116787489496,0.0996441281139,0.117581808098,,0.0709219858156,0.0526315789474,0,0,0,0,0,0.0974170386779,0.120606819161,0.0447284704038,0.0613737995726,0.0900073919647
pm_turn_test,P4,riskcp_0.10,0.1,0.378428992606,True,P3 score with thresholds re-tuned on PriMock57 recalibration,0.0334759159383,0.180722891566,0.0915913026746,0.0873263194008,0.0272292993631,476,0.0316770541483,0.0443135685288,0.0113356967237,0.091726618705,0.104022988506,,0.0687203791469,0.0473350009621,0.13074204947,0.0281784718125,0.0395423254549,0.145342228253,0.212334582596,0.0820577588452,0.102755676638,0.0402086064544,0.0561355781144,0.0750018934031
pm_turn_test,P4,riskcp_0.20,0.2,0.896124665983,True,P3 score with thresholds re-tuned on PriMock57 recalibration,0,0,0.108052817556,0.089442126102,0,581,0.0329995869711,0.0447637901813,0.0116787489496,0.0996441281139,0.117581808098,,0.0709219858156,0.0526315789474,0,0,0,0,0,0.0974170386779,0.120606819161,0.0447284704038,0.0613737995726,0.0900073919647
pm_turn_test,P4,riskcp_0.30,0.3,0.896124665983,True,P3 score with thresholds re-tuned on PriMock57 recalibration,0,0,0.108052817556,0.089442126102,0,581,0.0329995869711,0.0447637901813,0.0116787489496,0.0996441281139,0.117581808098,,0.0709219858156,0.0526315789474,0,0,0,0,0,0.0974170386779,0.120606819161,0.0447284704038,0.0613737995726,0.0900073919647
pm_turn_test,P4,plugin_0.10,0.1,0.841648795394,True,,0,0,0.108052817556,0.089442126102,0,581,0.0329995869711,0.0447637901813,0.0116787489496,0.0996441281139,0.117581808098,,0.0709219858156,0.0526315789474,0,0,0,0,0,0.0974170386779,0.120606819161,0.0447284704038,0.0613737995726,0.0900073919647
pm_turn_test,P4,plugin_0.20,0.2,0.841648795394,True,,0,0,0.108052817556,0.089442126102,0,581,0.0329995869711,0.0447637901813,0.0116787489496,0.0996441281139,0.117581808098,,0.0709219858156,0.0526315789474,0,0,0,0,0,0.0974170386779,0.120606819161,0.0447284704038,0.0613737995726,0.0900073919647
pm_turn_test,P4,plugin_0.30,0.3,0.841648795394,True,,0,0,0.108052817556,0.089442126102,0,581,0.0329995869711,0.0447637901813,0.0116787489496,0.0996441281139,0.117581808098,,0.0709219858156,0.0526315789474,0,0,0,0,0,0.0974170386779,0.120606819161,0.0447284704038,0.0613737995726,0.0900073919647
pm_turn_test,P4-refit,budget_0.01,0.01,0.771109508955,True,,0.0133903663753,0.0895008605852,0.0997172478794,0.0877451260648,0.0224522292994,529,0.0321165170659,0.0443227945801,0.0113058144188,0.0989208633094,0.10985915493,,0.0683436165164,0.0499528746466,0.0636042402827,0.0107336933122,0.0166073524504,0.0730697573657,0.1023362492,0.0901545523015,0.111650513804,0.0423741204139,0.0588459786956,0.0918291535028
pm_turn_test,P4-refit,budget_0.05,0.05,0.482504219082,True,,0.0479821461782,0.265060240964,0.0834147294393,0.0849072901071,0.0608280254777,427,0.0303610503282,0.0440228031786,0.0105234366003,0.09375,0.0996523754345,,0.0654562828476,0.045516702481,0.17667844523,0.0429302394657,0.0546966096831,0.242513902464,0.294465181952,0.0744406770468,0.0941437158708,0.0380468705302,0.0545906918346,0.0731647517342
pm_turn_test,P4-refit,budget_0.10,0.1,0.27226118914,True,,0.100985679747,0.481927710843,0.0622672734795,0.0802959432824,0.130732484076,301,0.0272703203601,0.0432441973347,0.00978142558762,0.0871212121212,0.0900183710961,,0.0613346418057,0.0413736036409,0.293286219081,0.0908366851991,0.115518115698,0.440478619834,0.526273032917,0.0535323075141,0.0724274161999,0.0344527748996,0.0505640350094,0.0560171054836
pm_turn_test,P4-refit,budget_0.20,0.2,0.134119320985,True,,0.196763994793,0.638554216867,0.0486223662885,0.0762772252688,0.215923566879,210,0.024816432754,0.0423521392942,0.00910865322056,0.0715789473684,0.075034106412,,0.0581214322782,0.0349617967122,0.466431095406,0.18340901422,0.212842352409,0.605233968026,0.670906200318,0.0419007372953,0.0576513068917,0.0285106327154,0.0427097128642,0.0404156517371
pm_turn_test,P4-refit,budget_0.30,0.3,0.0815004256467,True,,0.305374744281,0.757314974182,0.0377510040161,0.0703119747193,0.333917197452,141,0.0223895649835,0.0398036710818,0.00811873865394,0.056338028169,0.0709923664122,,0.0472665148064,0.031593038822,0.583038869258,0.28565005088,0.323697717308,0.726948395904,0.782929839458,0.0317683281374,0.0442509170983,0.0255810269367,0.0395274200174,0.0304517895233
pm_turn_test,P4-refit,risk_0.10,0.1,0.996319561746,True,,0.00241770503999,0.0172117039587,0.106450410142,0.0891254167735,0.00398089171975,571,0.0328716764982,0.0446553247271,0.0115984155481,0.0996441281139,0.116240266963,,0.0704824976348,0.0521998508576,0.0106007067138,0.00146881770768,0.00351024413913,0.010045057967,0.0265606314279,0.0960760023439,0.118649462776,0.0441649708393,0.060845349122,0.100319288295
pm_turn_test,P4-refit,risk_0.20,0.2,0.998044006484,True,,0.00092988655384,0.00688468158348,0.107408786299,0.0892969061592,0.00175159235669,577,0.0329610848385,0.0447267961939,0.0116090251268,0.0996441281139,0.116666666667,,0.0709219858156,0.0523082650782,0.00706713780919,0.000357629075568,0.00163107285772,0.00163874837787,0.0129885024461,0.0966473754358,0.120104805951,0.04418241605,0.060998464346,0.10165524862
pm_turn_test,P4-refit,risk_0.30,0.3,0.998044006484,True,,0.00092988655384,0.00688468158348,0.107408786299,0.0892969061592,0.00175159235669,577,0.0329610848385,0.0447267961939,0.0116090251268,0.0996441281139,0.116666666667,,0.0709219858156,0.0523082650782,0.00706713780919,0.000357629075568,0.00163107285772,0.00163874837787,0.0129885024461,0.0966473754358,0.120104805951,0.04418241605,0.060998464346,0.10165524862
pm_turn_test,P4-refit,riskcp_0.10,0.1,0.609607588988,True,,0.0286405058583,0.17900172117,0.0913268236646,0.0862879417581,0.0412420382166,477,0.0311989452263,0.0441973114735,0.0108916850583,0.0978260869565,0.103310502283,,0.0656830080914,0.0470993681792,0.13074204947,0.0240419030286,0.0341060740861,0.15058554471,0.203679570661,0.0833193297484,0.102260557793,0.0394275984808,0.0563715791453,0.082493967766
pm_turn_test,P4-refit,riskcp_0.20,0.2,0.998044006484,True,,0.00092988655384,0.00688468158348,0.107408786299,0.0892969061592,0.00175159235669,577,0.0329610848385,0.0447267961939,0.0116090251268,0.0996441281139,0.116666666667,,0.0709219858156,0.0523082650782,0.00706713780919,0.000357629075568,0.00163107285772,0.00163874837787,0.0129885024461,0.0966473754358,0.120104805951,0.04418241605,0.060998464346,0.10165524862
pm_turn_test,P4-refit,riskcp_0.30,0.3,0.998044006484,True,,0.00092988655384,0.00688468158348,0.107408786299,0.0892969061592,0.00175159235669,577,0.0329610848385,0.0447267961939,0.0116090251268,0.0996441281139,0.116666666667,,0.0709219858156,0.0523082650782,0.00706713780919,0.000357629075568,0.00163107285772,0.00163874837787,0.0129885024461,0.0966473754358,0.120104805951,0.04418241605,0.060998464346,0.10165524862
pm_turn_test,P4-refit,plugin_0.10,0.1,0.99550926753,True,,0.00278965966152,0.0206540447504,0.106117120477,0.0890852094614,0.00445859872611,569,0.0328441151325,0.0446565973212,0.0115844970077,0.0996441281139,0.115256124722,,0.0704824976348,0.0518463259978,0.017667844523,0,0.0132771805274,0,0.0850074537127,0.0974128626846,0.11500777053,0.0445976825394,0.0601520909939,0.0999852902789
pm_turn_test,P4-refit,plugin_0.20,0.2,0.999670759802,True,,0,0,0.108052817556,0.089442126102,0,581,0.0329995869711,0.0447637901813,0.0116787489496,0.0996441281139,0.117581808098,,0.0709219858156,0.0526315789474,0,0,0,0,0,0.0974170386779,0.120606819161,0.0447284704038,0.0613737995726,0.102489596705
pm_turn_test,P4-refit,plugin_0.30,0.3,0.999670759802,True,,0,0,0.108052817556,0.089442126102,0,581,0.0329995869711,0.0447637901813,0.0116787489496,0.0996441281139,0.117581808098,,0.0709219858156,0.0526315789474,0,0,0,0,0,0.0974170386779,0.120606819161,0.0447284704038,0.0613737995726,0.102489596705
