eval,policy,point,target,threshold,feasible,note,review_rate,err_caught,accepted_err_rate,accepted_wer,word_errors_caught,n_accepted_errors,accepted_sub_rate,accepted_del_rate,accepted_ins_rate,accepted_num_err,accepted_neg_err,accepted_ent_err,accepted_term_err,accepted_crit_err_rate,crit_caught,review_rate_lo,review_rate_hi,err_caught_lo,err_caught_hi,accepted_err_rate_lo,accepted_err_rate_hi,accepted_crit_err_rate_lo,accepted_crit_err_rate_hi,pred_accepted_err
eka_test,P1,budget_0.01,0.01,0.6516987456,True,,0.0200381679389,0.0352941176471,0.0798442064265,0.124626494024,0.0990099009901,82,0.081984561753,0.00983565737052,0.0328062749004,0.0844155844156,0.045045045045,0.304850626405,0.0789473684211,0.0798442064265,0.0352941176471,0.00611201996264,0.0287932080466,0,0.100042372881,0.0647001535374,0.108468220703,0.0647001535374,0.108468220703,
eka_test,P1,budget_0.05,0.05,0.6131726276,True,,0.0543893129771,0.0705882352941,0.079717457114,0.119504721406,0.1399639964,79,0.0795447439185,0.00988055781377,0.0300794196736,0.0853018372703,0.045045045045,0.297042573936,0.0776218001652,0.079717457114,0.0705882352941,0.0118468688845,0.0739616501412,0.0187994522215,0.129108338405,0.0640327248665,0.106614659904,0.0640327248665,0.106614659904,
eka_test,P1,budget_0.10,0.1,0.5820509874,True,,0.0887404580153,0.0823529411765,0.0816753926702,0.116281994843,0.167866786679,78,0.077605182064,0.00974781460286,0.0289289981762,0.0857908847185,0.045045045045,0.290036172312,0.0738589211618,0.0816753926702,0.0823529411765,0.0161140819964,0.12032071199,0.0187994522215,0.132082408435,0.0653885340586,0.107888079617,0.0653885340586,0.107888079617,
eka_test,P1,budget_0.20,0.2,0.5261961235,True,,0.217557251908,0.223529411765,0.080487804878,0.103086141357,0.279927992799,66,0.0692610012241,0.00959989691386,0.0242252432189,0.0848920863309,0.045045045045,0.26324845148,0.0705289672544,0.080487804878,0.223529411765,0.0282526528826,0.306926357321,0.0383474576271,0.327871148459,0.0617928999479,0.108974217496,0.0617928999479,0.108974217496,
eka_test,P1,budget_0.30,0.3,0.4834536613,True,,0.325381679389,0.329411764706,0.0806223479491,0.0925043040657,0.371287128713,57,0.061978545888,0.00907164613958,0.0214541120381,0.0769230769231,0.045045045045,0.242652329749,0.0641573994867,0.0806223479491,0.329411764706,0.0442358604091,0.440718788153,0.0675101456195,0.5,0.055524691358,0.11744295583,0.055524691358,0.11744295583,
eka_test,P1,risk_0.10,0.1,0.7206175399,True,,0.00572519083969,0.0235294117647,0.0796545105566,0.126942683078,0.0810081008101,83,0.082929255253,0.00988437150317,0.0341290563223,0.0843060959792,0.045045045045,0.307544757033,0.0819672131148,0.0796545105566,0.0235294117647,0.000777511961722,0.0206580616826,0,0.100042372881,0.0647248607381,0.108070321152,0.0647248607381,0.108070321152,
eka_test,P1,risk_0.20,0.2,0.7206175399,True,,0.00572519083969,0.0235294117647,0.0796545105566,0.126942683078,0.0810081008101,83,0.082929255253,0.00988437150317,0.0341290563223,0.0843060959792,0.045045045045,0.307544757033,0.0819672131148,0.0796545105566,0.0235294117647,0.000777511961722,0.0206580616826,0,0.100042372881,0.0647248607381,0.108070321152,0.0647248607381,0.108070321152,
eka_test,P1,risk_0.30,0.3,0.7206175399,True,,0.00572519083969,0.0235294117647,0.0796545105566,0.126942683078,0.0810081008101,83,0.082929255253,0.00988437150317,0.0341290563223,0.0843060959792,0.045045045045,0.307544757033,0.0819672131148,0.0796545105566,0.0235294117647,0.000777511961722,0.0206580616826,0,0.100042372881,0.0647248607381,0.108070321152,0.0647248607381,0.108070321152,
eka_test,P1,riskcp_0.10,0.1,0.1724853439,True,,0.960877862595,0.988235294118,0.0243902439024,0.0313837375178,0.980198019802,1,0.0213980028531,0.00142653352354,0.00855920114123,0.037037037037,0,0.0699588477366,0.036036036036,0.0243902439024,0.988235294118,0.905519330073,0.984009489211,0.959585652443,1,0,0.0909090909091,0,0.0909090909091,
eka_test,P1,riskcp_0.20,0.2,0.7206175399,True,,0.00572519083969,0.0235294117647,0.0796545105566,0.126942683078,0.0810081008101,83,0.082929255253,0.00988437150317,0.0341290563223,0.0843060959792,0.045045045045,0.307544757033,0.0819672131148,0.0796545105566,0.0235294117647,0.000777511961722,0.0206580616826,0,0.100042372881,0.0647248607381,0.108070321152,0.0647248607381,0.108070321152,
eka_test,P1,riskcp_0.30,0.3,0.7206175399,True,,0.00572519083969,0.0235294117647,0.0796545105566,0.126942683078,0.0810081008101,83,0.082929255253,0.00988437150317,0.0341290563223,0.0843060959792,0.045045045045,0.307544757033,0.0819672131148,0.0796545105566,0.0235294117647,0.000777511961722,0.0206580616826,0,0.100042372881,0.0647248607381,0.108070321152,0.0647248607381,0.108070321152,
eka_test,P2,budget_0.01,0.01,1.23236093297,True,,0.0152671755725,0.0352941176471,0.0794573643411,0.128813992085,0.0918091809181,82,0.0841312396272,0.00963870803013,0.0350440444274,0.0863213811421,0.045871559633,0.311475409836,0.0829805249788,0.0794573643411,0.0352941176471,0.00406126199227,0.0416687375746,0,0.108217905405,0.0650816804639,0.107411508108,0.0650816804639,0.107411508108,
eka_test,P2,budget_0.05,0.05,0.549136317964,True,,0.155534351145,0.152941176471,0.0813559322034,0.121601208459,0.20297029703,72,0.07992309805,0.00858280692118,0.0330953034881,0.0940438871473,0.039603960396,0.298523586604,0.0805729632945,0.0813559322034,0.152941176471,0.0665625,0.272564038172,0.0616912092816,0.318246140652,0.0649987402016,0.111897426604,0.0649987402016,0.111897426604,
eka_test,P2,budget_0.10,0.1,0.441654457571,True,,0.218511450382,0.258823529412,0.0769230769231,0.116995768688,0.253375337534,63,0.0776445698166,0.00839210155148,0.0309590973202,0.0912106135987,0.040404040404,0.290780141844,0.0789473684211,0.0769230769231,0.258823529412,0.116571023337,0.346224677716,0.148643369932,0.431553147575,0.0603346001938,0.107011766596,0.0603346001938,0.107011766596,
eka_test,P2,budget_0.20,0.2,0.317888742529,True,,0.323473282443,0.4,0.0719322990127,0.105247576049,0.3600360036,51,0.0717933535638,0.00762341795574,0.0258308045296,0.0747126436782,0.0337078651685,0.270043877144,0.0768509840675,0.0719322990127,0.4,0.164090872353,0.450359224353,0.30946287964,0.523332313341,0.0588064295486,0.0956271008403,0.0588064295486,0.0956271008403,
eka_test,P2,budget_0.30,0.3,0.238063139342,True,,0.439885496183,0.517647058824,0.0698466780239,0.0943901670344,0.460846084608,41,0.0645288370627,0.00716987078475,0.0226914591869,0.0600858369099,0.0357142857143,0.249352890423,0.0707876370887,0.0698466780239,0.517647058824,0.210528133374,0.57221294448,0.37094012373,0.628385772914,0.0541646018696,0.094259040469,0.0541646018696,0.094259040469,
eka_test,P2,risk_0.10,0.1,1.64251877122,True,,0.00477099236641,0.0235294117647,0.0795781399808,0.127245602039,0.0787578757876,83,0.0829862621993,0.00988375707093,0.0343755827687,0.0843060959792,0.045045045045,0.307766059444,0.0819672131148,0.0795781399808,0.0235294117647,0,0.0206580616826,0,0.100042372881,0.0646642455483,0.108070321152,0.0646642455483,0.108070321152,
eka_test,P2,risk_0.20,0.2,1.64251877122,True,,0.00477099236641,0.0235294117647,0.0795781399808,0.127245602039,0.0787578757876,83,0.0829862621993,0.00988375707093,0.0343755827687,0.0843060959792,0.045045045045,0.307766059444,0.0819672131148,0.0795781399808,0.0235294117647,0,0.0206580616826,0,0.100042372881,0.0646642455483,0.108070321152,0.0646642455483,0.108070321152,
eka_test,P2,risk_0.30,0.3,1.64251877122,True,,0.00477099236641,0.0235294117647,0.0795781399808,0.127245602039,0.0787578757876,83,0.0829862621993,0.00988375707093,0.0343755827687,0.0843060959792,0.045045045045,0.307766059444,0.0819672131148,0.0795781399808,0.0235294117647,0,0.0206580616826,0,0.100042372881,0.0646642455483,0.108070321152,0.0646642455483,0.108070321152,
eka_test,P2,riskcp_0.10,0.1,1.64251877122,True,,0.00477099236641,0.0235294117647,0.0795781399808,0.127245602039,0.0787578757876,83,0.0829862621993,0.00988375707093,0.0343755827687,0.0843060959792,0.045045045045,0.307766059444,0.0819672131148,0.0795781399808,0.0235294117647,0,0.0206580616826,0,0.100042372881,0.0646642455483,0.108070321152,0.0646642455483,0.108070321152,
eka_test,P2,riskcp_0.20,0.2,1.64251877122,True,,0.00477099236641,0.0235294117647,0.0795781399808,0.127245602039,0.0787578757876,83,0.0829862621993,0.00988375707093,0.0343755827687,0.0843060959792,0.045045045045,0.307766059444,0.0819672131148,0.0795781399808,0.0235294117647,0,0.0206580616826,0,0.100042372881,0.0646642455483,0.108070321152,0.0646642455483,0.108070321152,
eka_test,P2,riskcp_0.30,0.3,1.64251877122,True,,0.00477099236641,0.0235294117647,0.0795781399808,0.127245602039,0.0787578757876,83,0.0829862621993,0.00988375707093,0.0343755827687,0.0843060959792,0.045045045045,0.307766059444,0.0819672131148,0.0795781399808,0.0235294117647,0,0.0206580616826,0,0.100042372881,0.0646642455483,0.108070321152,0.0646642455483,0.108070321152,
eka_test,P2,whisper_rule,,1,True,,0.0362595419847,0.0588235294118,0.0792079207921,0.128915978503,0.114761476148,80,0.0844147332547,0.00963429020842,0.03486695504,0.0887323943662,0.0471698113208,0.313216453136,0.0844827586207,0.0792079207921,0.0588235294118,0.0151727586959,0.080461526615,0.00941741145316,0.162519132653,0.0649880948086,0.107318258366,0.0649880948086,0.107318258366,
eka_test,P2-rawCR,budget_0.01,0.01,1.23209635417,True,,0.0152671755725,0.0352941176471,0.0794573643411,0.128813992085,0.0918091809181,82,0.0841312396272,0.00963870803013,0.0350440444274,0.0863213811421,0.045871559633,0.311475409836,0.0829805249788,0.0794573643411,0.0352941176471,0.00406126199227,0.0416687375746,0,0.108217905405,0.0650816804639,0.107411508108,0.0650816804639,0.107411508108,
eka_test,P2-rawCR,budget_0.05,0.05,0.648702595,True,,0.12213740458,0.152941176471,0.0782608695652,0.125355517634,0.206570657066,72,0.0828356086462,0.0087457337884,0.0337741751991,0.0903614457831,0.021978021978,0.306730415594,0.0830291970803,0.0782608695652,0.152941176471,0.0458646102666,0.2294097443,0.046435793731,0.339622641509,0.0640845070423,0.104859359193,0.0640845070423,0.104859359193,
eka_test,P2-rawCR,budget_0.10,0.1,0.629251700833,True,,0.155534351145,0.2,0.0768361581921,0.129430844081,0.245724572457,68,0.085566453008,0.00864931654954,0.0352150745231,0.0880503144654,0.025641025641,0.312871287129,0.0836614173228,0.0768361581921,0.2,0.0647401743219,0.2783109757,0.076875,0.396018145161,0.0604873593689,0.1091184573,0.0604873593689,0.1091184573,
eka_test,P2-rawCR,budget_0.20,0.2,0.598958333333,True,,0.25858778626,0.294117647059,0.0772200772201,0.147690373939,0.365436543654,60,0.0954226458573,0.00974127998324,0.0425264480989,0.0931558935361,0.0192307692308,0.342886920271,0.094839609484,0.0772200772201,0.294117647059,0.123604288733,0.441606449886,0.139392968321,0.5,0.0604461422644,0.116002954992,0.0604461422644,0.116002954992,
eka_test,P2-rawCR,budget_0.30,0.3,0.57035519125,True,,0.400763358779,0.458823529412,0.0732484076433,0.20878243513,0.529252925293,46,0.132135728543,0.0109780439122,0.0656686626747,0.104519774011,0.0384615384615,0.450549450549,0.125698324022,0.0732484076433,0.458823529412,0.203561349072,0.717715243719,0.244094488189,0.725327380952,0.0551463351088,0.138972222222,0.0551463351088,0.138972222222,
eka_test,P2-rawCR,risk_0.10,0.1,1.64225260417,True,,0.00477099236641,0.0235294117647,0.0795781399808,0.127245602039,0.0787578757876,83,0.0829862621993,0.00988375707093,0.0343755827687,0.0843060959792,0.045045045045,0.307766059444,0.0819672131148,0.0795781399808,0.0235294117647,0,0.0206580616826,0,0.100042372881,0.0646642455483,0.108070321152,0.0646642455483,0.108070321152,
eka_test,P2-rawCR,risk_0.20,0.2,1.64225260417,True,,0.00477099236641,0.0235294117647,0.0795781399808,0.127245602039,0.0787578757876,83,0.0829862621993,0.00988375707093,0.0343755827687,0.0843060959792,0.045045045045,0.307766059444,0.0819672131148,0.0795781399808,0.0235294117647,0,0.0206580616826,0,0.100042372881,0.0646642455483,0.108070321152,0.0646642455483,0.108070321152,
eka_test,P2-rawCR,risk_0.30,0.3,1.64225260417,True,,0.00477099236641,0.0235294117647,0.0795781399808,0.127245602039,0.0787578757876,83,0.0829862621993,0.00988375707093,0.0343755827687,0.0843060959792,0.045045045045,0.307766059444,0.0819672131148,0.0795781399808,0.0235294117647,0,0.0206580616826,0,0.100042372881,0.0646642455483,0.108070321152,0.0646642455483,0.108070321152,
eka_test,P2-rawCR,riskcp_0.10,0.1,1.64225260417,True,,0.00477099236641,0.0235294117647,0.0795781399808,0.127245602039,0.0787578757876,83,0.0829862621993,0.00988375707093,0.0343755827687,0.0843060959792,0.045045045045,0.307766059444,0.0819672131148,0.0795781399808,0.0235294117647,0,0.0206580616826,0,0.100042372881,0.0646642455483,0.108070321152,0.0646642455483,0.108070321152,
eka_test,P2-rawCR,riskcp_0.20,0.2,1.64225260417,True,,0.00477099236641,0.0235294117647,0.0795781399808,0.127245602039,0.0787578757876,83,0.0829862621993,0.00988375707093,0.0343755827687,0.0843060959792,0.045045045045,0.307766059444,0.0819672131148,0.0795781399808,0.0235294117647,0,0.0206580616826,0,0.100042372881,0.0646642455483,0.108070321152,0.0646642455483,0.108070321152,
eka_test,P2-rawCR,riskcp_0.30,0.3,1.64225260417,True,,0.00477099236641,0.0235294117647,0.0795781399808,0.127245602039,0.0787578757876,83,0.0829862621993,0.00988375707093,0.0343755827687,0.0843060959792,0.045045045045,0.307766059444,0.0819672131148,0.0795781399808,0.0235294117647,0,0.0206580616826,0,0.100042372881,0.0646642455483,0.108070321152,0.0646642455483,0.108070321152,
eka_test,P2-rawCR,whisper_rule,,1,True,,0.0343511450382,0.0470588235294,0.0800395256917,0.129308093995,0.108460846085,81,0.0844647519582,0.0095953002611,0.0352480417755,0.0896551724138,0.0471698113208,0.312772376802,0.0842648323302,0.0800395256917,0.0470588235294,0.0144430712482,0.0789391818105,0,0.131737749546,0.0655953864091,0.109991483789,0.0655953864091,0.109991483789,
eka_test,P3,budget_0.01,0.01,0.294411222112,True,,0.0200381679389,0.105882352941,0.0740019474197,0.124440179143,0.124662466247,76,0.0809980806142,0.00966090850928,0.0337811900192,0.0794326241135,0.045871559633,0.307996051333,0.0811258278146,0.0740019474197,0.105882352941,0.00925182730236,0.0505028569908,0.0298087029641,0.261597222222,0.0614342276828,0.0964794297075,0.0614342276828,0.0964794297075,0.0689001645597
eka_test,P3,budget_0.05,0.05,0.193433467485,True,,0.0515267175573,0.188235294118,0.069416498994,0.122530446549,0.18496849685,69,0.0809201623816,0.00940460081191,0.0322056833559,0.0772797527048,0.0392156862745,0.305739130435,0.0785159620362,0.069416498994,0.188235294118,0.0329868188559,0.0984637531309,0.0907372039725,0.384722222222,0.0569816947372,0.0897213981604,0.0569816947372,0.0897213981604,0.0632873577279
eka_test,P3,budget_0.10,0.1,0.151378152737,True,,0.0896946564885,0.270588235294,0.0649895178197,0.115631542219,0.254275427543,62,0.0785066294487,0.0092812281926,0.0278436845778,0.0736,0.0412371134021,0.298954201226,0.0755395683453,0.0649895178197,0.270588235294,0.0677095213617,0.126382349842,0.144507162508,0.489166666667,0.0520616817384,0.0796536377709,0.0520616817384,0.0796536377709,0.0589007762197
eka_test,P3,budget_0.20,0.2,0.103447316354,True,,0.19465648855,0.447058823529,0.0556872037915,0.104964539007,0.400540054005,47,0.0728132387707,0.00819542947203,0.0239558707644,0.06640625,0.0361445783133,0.281262646702,0.0666003976143,0.0556872037915,0.447058823529,0.171343130232,0.237842502523,0.323357843137,0.639027777778,0.0373947871832,0.072963220668,0.0373947871832,0.072963220668,0.0509067538457
eka_test,P3,budget_0.30,0.3,0.0817926660462,True,,0.312022900763,0.6,0.0471567267684,0.096739866499,0.5499549955,34,0.0693624842798,0.00793266905292,0.0194447131663,0.0641025641026,0.0281690140845,0.272998508205,0.0663449939686,0.0471567267684,0.6,0.276170782997,0.383753229974,0.474822247706,0.800416666667,0.0261439296417,0.0605392866026,0.0261439296417,0.0605392866026,0.0438365521696
eka_test,P3,risk_0.10,0.1,0.946664853354,True,,0.00477099236641,0.0235294117647,0.0795781399808,0.127245602039,0.0787578757876,83,0.0829862621993,0.00988375707093,0.0343755827687,0.0843060959792,0.045045045045,0.307766059444,0.0819672131148,0.0795781399808,0.0235294117647,0,0.0206580616826,0,0.100042372881,0.0646642455483,0.108070321152,0.0646642455483,0.108070321152,0.0748618704118
eka_test,P3,risk_0.20,0.2,0.946664853354,True,,0.00477099236641,0.0235294117647,0.0795781399808,0.127245602039,0.0787578757876,83,0.0829862621993,0.00988375707093,0.0343755827687,0.0843060959792,0.045045045045,0.307766059444,0.0819672131148,0.0795781399808,0.0235294117647,0,0.0206580616826,0,0.100042372881,0.0646642455483,0.108070321152,0.0646642455483,0.108070321152,0.0748618704118
eka_test,P3,risk_0.30,0.3,0.946664853354,True,,0.00477099236641,0.0235294117647,0.0795781399808,0.127245602039,0.0787578757876,83,0.0829862621993,0.00988375707093,0.0343755827687,0.0843060959792,0.045045045045,0.307766059444,0.0819672131148,0.0795781399808,0.0235294117647,0,0.0206580616826,0,0.100042372881,0.0646642455483,0.108070321152,0.0646642455483,0.108070321152,0.0748618704118
eka_test,P3,riskcp_0.10,0.1,0.946664853354,True,,0.00477099236641,0.0235294117647,0.0795781399808,0.127245602039,0.0787578757876,83,0.0829862621993,0.00988375707093,0.0343755827687,0.0843060959792,0.045045045045,0.307766059444,0.0819672131148,0.0795781399808,0.0235294117647,0,0.0206580616826,0,0.100042372881,0.0646642455483,0.108070321152,0.0646642455483,0.108070321152,0.0748618704118
eka_test,P3,riskcp_0.20,0.2,0.946664853354,True,,0.00477099236641,0.0235294117647,0.0795781399808,0.127245602039,0.0787578757876,83,0.0829862621993,0.00988375707093,0.0343755827687,0.0843060959792,0.045045045045,0.307766059444,0.0819672131148,0.0795781399808,0.0235294117647,0,0.0206580616826,0,0.100042372881,0.0646642455483,0.108070321152,0.0646642455483,0.108070321152,0.0748618704118
eka_test,P3,riskcp_0.30,0.3,0.946664853354,True,,0.00477099236641,0.0235294117647,0.0795781399808,0.127245602039,0.0787578757876,83,0.0829862621993,0.00988375707093,0.0343755827687,0.0843060959792,0.045045045045,0.307766059444,0.0819672131148,0.0795781399808,0.0235294117647,0,0.0206580616826,0,0.100042372881,0.0646642455483,0.108070321152,0.0646642455483,0.108070321152,0.0748618704118
eka_test,P3,plugin_0.10,0.1,0.979269108383,True,,0,0,0.081106870229,0.136637559956,0,85,0.0820932234657,0.0205386791293,0.0340056573607,0.0890322580645,0.045045045045,0.316071992422,0.0975020145044,0.081106870229,0,0,0.0128189696678,0,0.0888888888889,0.0658080416131,0.109826619601,0.0658080416131,0.109826619601,0.0791657462324
eka_test,P3,plugin_0.20,0.2,0.979269108383,True,,0,0,0.081106870229,0.136637559956,0,85,0.0820932234657,0.0205386791293,0.0340056573607,0.0890322580645,0.045045045045,0.316071992422,0.0975020145044,0.081106870229,0,0,0,0,0,0.0658080416131,0.115923550016,0.0658080416131,0.115923550016,0.0791657462324
eka_test,P3,plugin_0.30,0.3,0.979269108383,True,,0,0,0.081106870229,0.136637559956,0,85,0.0820932234657,0.0205386791293,0.0340056573607,0.0890322580645,0.045045045045,0.316071992422,0.0975020145044,0.081106870229,0,0,0,0,0,0.0658080416131,0.115923550016,0.0658080416131,0.115923550016,0.0791657462324
eka_test,P3-conf,budget_0.01,0.01,0.291556252967,True,,0.0181297709924,0.105882352941,0.0738581146744,0.124880413292,0.118811881188,76,0.0815103004018,0.00969449582244,0.0336756170674,0.0786516853933,0.0454545454545,0.307414698163,0.0818858560794,0.0738581146744,0.105882352941,0.00775363149141,0.0505797361857,0.0298087029641,0.261597222222,0.06116671849,0.0963362617774,0.06116671849,0.0963362617774,0.0707324978035
eka_test,P3-conf,budget_0.05,0.05,0.177327654932,True,,0.0553435114504,0.2,0.0686868686869,0.122053360351,0.186768676868,68,0.0806484295846,0.00938872002702,0.0320162107396,0.0765696784074,0.0392156862745,0.305226480836,0.0799304952215,0.0686868686869,0.2,0.039381185988,0.101410788937,0.11106442577,0.384722222222,0.0562233637824,0.0880854024415,0.0562233637824,0.0880854024415,0.065072845874
eka_test,P3-conf,budget_0.10,0.1,0.143333345838,True,,0.0954198473282,0.258823529412,0.0664556962025,0.116195949261,0.253825382538,63,0.0785619174434,0.00904057747565,0.0285934543416,0.0762987012987,0.04,0.298436932025,0.0764388489209,0.0664556962025,0.258823529412,0.0774550522036,0.125957195589,0.145289855072,0.477803994732,0.0516567963331,0.0831245195384,0.0516567963331,0.0831245195384,0.0609072082047
eka_test,P3-conf,budget_0.20,0.2,0.103812185938,True,,0.200381679389,0.388235294118,0.0620525059666,0.102943454686,0.401890189019,52,0.0724244771495,0.00821068938807,0.0223082881487,0.0722222222222,0.0352941176471,0.280096308186,0.0671936758893,0.0620525059666,0.388235294118,0.175830841729,0.22855719592,0.285681520315,0.556223628692,0.0464711009938,0.078164942591,0.0464711009938,0.078164942591,0.0530870658476
eka_test,P3-conf,budget_0.30,0.3,0.0841432140778,True,,0.299618320611,0.494117647059,0.058583106267,0.0962320891562,0.510351035104,43,0.0682823279675,0.00822572085618,0.0197240403326,0.068281938326,0.0394736842105,0.266513761468,0.0617283950617,0.058583106267,0.494117647059,0.263637850218,0.348425168306,0.374947033898,0.696297468354,0.0358531252447,0.0777868483748,0.0358531252447,0.0777868483748,0.0473746625518
eka_test,P3-conf,risk_0.10,0.1,0.945856123793,True,,0.00477099236641,0.0235294117647,0.0795781399808,0.127245602039,0.0787578757876,83,0.0829862621993,0.00988375707093,0.0343755827687,0.0843060959792,0.045045045045,0.307766059444,0.0819672131148,0.0795781399808,0.0235294117647,0,0.0206580616826,0,0.100042372881,0.0646642455483,0.108070321152,0.0646642455483,0.108070321152,0.0759944581411
eka_test,P3-conf,risk_0.20,0.2,0.945856123793,True,,0.00477099236641,0.0235294117647,0.0795781399808,0.127245602039,0.0787578757876,83,0.0829862621993,0.00988375707093,0.0343755827687,0.0843060959792,0.045045045045,0.307766059444,0.0819672131148,0.0795781399808,0.0235294117647,0,0.0206580616826,0,0.100042372881,0.0646642455483,0.108070321152,0.0646642455483,0.108070321152,0.0759944581411
eka_test,P3-conf,risk_0.30,0.3,0.945856123793,True,,0.00477099236641,0.0235294117647,0.0795781399808,0.127245602039,0.0787578757876,83,0.0829862621993,0.00988375707093,0.0343755827687,0.0843060959792,0.045045045045,0.307766059444,0.0819672131148,0.0795781399808,0.0235294117647,0,0.0206580616826,0,0.100042372881,0.0646642455483,0.108070321152,0.0646642455483,0.108070321152,0.0759944581411
eka_test,P3-conf,riskcp_0.10,0.1,0.945856123793,True,,0.00477099236641,0.0235294117647,0.0795781399808,0.127245602039,0.0787578757876,83,0.0829862621993,0.00988375707093,0.0343755827687,0.0843060959792,0.045045045045,0.307766059444,0.0819672131148,0.0795781399808,0.0235294117647,0,0.0206580616826,0,0.100042372881,0.0646642455483,0.108070321152,0.0646642455483,0.108070321152,0.0759944581411
eka_test,P3-conf,riskcp_0.20,0.2,0.945856123793,True,,0.00477099236641,0.0235294117647,0.0795781399808,0.127245602039,0.0787578757876,83,0.0829862621993,0.00988375707093,0.0343755827687,0.0843060959792,0.045045045045,0.307766059444,0.0819672131148,0.0795781399808,0.0235294117647,0,0.0206580616826,0,0.100042372881,0.0646642455483,0.108070321152,0.0646642455483,0.108070321152,0.0759944581411
eka_test,P3-conf,riskcp_0.30,0.3,0.945856123793,True,,0.00477099236641,0.0235294117647,0.0795781399808,0.127245602039,0.0787578757876,83,0.0829862621993,0.00988375707093,0.0343755827687,0.0843060959792,0.045045045045,0.307766059444,0.0819672131148,0.0795781399808,0.0235294117647,0,0.0206580616826,0,0.100042372881,0.0646642455483,0.108070321152,0.0646642455483,0.108070321152,0.0759944581411
eka_test,P3-conf,plugin_0.10,0.1,0.973580009858,True,,0,0,0.081106870229,0.136637559956,0,85,0.0820932234657,0.0205386791293,0.0340056573607,0.0890322580645,0.045045045045,0.316071992422,0.0975020145044,0.081106870229,0,0,0.0199861011288,0,0.0888888888889,0.0658080416131,0.109826619601,0.0658080416131,0.109826619601,0.0802768319565
eka_test,P3-conf,plugin_0.20,0.2,0.973580009858,True,,0,0,0.081106870229,0.136637559956,0,85,0.0820932234657,0.0205386791293,0.0340056573607,0.0890322580645,0.045045045045,0.316071992422,0.0975020145044,0.081106870229,0,0,0,0,0,0.0658080416131,0.115923550016,0.0658080416131,0.115923550016,0.0802768319565
eka_test,P3-conf,plugin_0.30,0.3,0.973580009858,True,,0,0,0.081106870229,0.136637559956,0,85,0.0820932234657,0.0205386791293,0.0340056573607,0.0890322580645,0.045045045045,0.316071992422,0.0975020145044,0.081106870229,0,0,0,0,0,0.0658080416131,0.115923550016,0.0658080416131,0.115923550016,0.0802768319565
pm_window_test,P1,budget_0.01,0.01,0.6516987456,True,,0,0,0.24378585086,0.115973115973,0,255,0.0394966394966,0.0652938652939,0.0111826111826,0.142076502732,0.121575342466,,0.0961446930033,0.24378585086,0,0,0,0,0,0.212241477678,0.273159413522,0.212241477678,0.273159413522,
pm_window_test,P1,budget_0.05,0.05,0.6131726276,True,,0.000956022944551,0,0.244019138756,0.115974774414,0,255,0.0394972043072,0.0652947990104,0.0111827710964,0.142076502732,0.121575342466,,0.0961446930033,0.244019138756,0,0,0.00293269493137,0,0,0.212621431551,0.273410251486,0.212621431551,0.273410251486,
pm_window_test,P1,budget_0.10,0.1,0.5820509874,True,,0.000956022944551,0,0.244019138756,0.115974774414,0,255,0.0394972043072,0.0652947990104,0.0111827710964,0.142076502732,0.121575342466,,0.0961446930033,0.244019138756,0,0,0.00293269493137,0,0,0.212621431551,0.273410251486,0.212621431551,0.273410251486,
pm_window_test,P1,budget_0.20,0.2,0.5261961235,True,,0.000956022944551,0,0.244019138756,0.115974774414,0,255,0.0394972043072,0.0652947990104,0.0111827710964,0.142076502732,0.121575342466,,0.0961446930033,0.244019138756,0,0,0.00293269493137,0,0,0.212621431551,0.273410251486,0.212621431551,0.273410251486,
pm_window_test,P1,budget_0.30,0.3,0.4834536613,True,,0.000956022944551,0,0.244019138756,0.115974774414,0,255,0.0394972043072,0.0652947990104,0.0111827710964,0.142076502732,0.121575342466,,0.0961446930033,0.244019138756,0,0,0.00293269493137,0,0,0.212621431551,0.273410251486,0.212621431551,0.273410251486,
pm_window_test,P1,risk_0.10,0.1,0.7206175399,True,,0,0,0.24378585086,0.115973115973,0,255,0.0394966394966,0.0652938652939,0.0111826111826,0.142076502732,0.121575342466,,0.0961446930033,0.24378585086,0,0,0,0,0,0.212241477678,0.273159413522,0.212241477678,0.273159413522,
pm_window_test,P1,risk_0.20,0.2,0.7206175399,True,,0,0,0.24378585086,0.115973115973,0,255,0.0394966394966,0.0652938652939,0.0111826111826,0.142076502732,0.121575342466,,0.0961446930033,0.24378585086,0,0,0,0,0,0.212241477678,0.273159413522,0.212241477678,0.273159413522,
pm_window_test,P1,risk_0.30,0.3,0.7206175399,True,,0,0,0.24378585086,0.115973115973,0,255,0.0394966394966,0.0652938652939,0.0111826111826,0.142076502732,0.121575342466,,0.0961446930033,0.24378585086,0,0,0,0,0,0.212241477678,0.273159413522,0.212241477678,0.273159413522,
pm_window_test,P1,riskcp_0.10,0.1,0.1724853439,True,,0.933078393881,0.98431372549,0.0571428571429,0.0546692955727,0.962392108508,4,0.0197167951246,0.0272450259903,0.00770747445779,0,0.015503875969,,0.0443037974684,0.0571428571429,0.98431372549,0.910792203267,0.952753609666,0.964419791191,1,0,0.123291899205,0,0.123291899205,
pm_window_test,P1,riskcp_0.20,0.2,0.7206175399,True,,0,0,0.24378585086,0.115973115973,0,255,0.0394966394966,0.0652938652939,0.0111826111826,0.142076502732,0.121575342466,,0.0961446930033,0.24378585086,0,0,0,0,0,0.212241477678,0.273159413522,0.212241477678,0.273159413522,
pm_window_test,P1,riskcp_0.30,0.3,0.7206175399,True,,0,0,0.24378585086,0.115973115973,0,255,0.0394966394966,0.0652938652939,0.0111826111826,0.142076502732,0.121575342466,,0.0961446930033,0.24378585086,0,0,0,0,0,0.212241477678,0.273159413522,0.212241477678,0.273159413522,
pm_window_test,P2,budget_0.01,0.01,1.23236093297,True,,0.0564053537285,0.0745098039216,0.239108409321,0.114853142596,0.0694204685573,236,0.0395982346675,0.0647998782529,0.0104550296758,0.139763779528,0.120899149453,,0.0966280825365,0.239108409321,0.0745098039216,0.0445223264131,0.0705459594307,0.0481831709307,0.106759716733,0.208771292428,0.268300728719,0.208771292428,0.268300728719,
pm_window_test,P2,budget_0.05,0.05,0.549136317964,True,,0.169216061185,0.176470588235,0.2416570771,0.113882063882,0.199876695438,210,0.0394173394173,0.0643032643033,0.0101614601615,0.135944700461,0.122001370802,,0.0951025056948,0.2416570771,0.176470588235,0.143551781655,0.194991612997,0.130419105351,0.224721278634,0.21024403187,0.269904817943,0.21024403187,0.269904817943,
pm_window_test,P2,budget_0.10,0.1,0.441654457571,True,,0.210325047801,0.23137254902,0.237288135593,0.114016232443,0.24130702836,196,0.0392469332543,0.0645406366972,0.0102286624912,0.138686131387,0.119883040936,,0.0953530476765,0.237288135593,0.23137254902,0.176673116891,0.237760979642,0.173344952817,0.290697674419,0.20662142863,0.263604474143,0.20662142863,0.263604474143,
pm_window_test,P2,budget_0.20,0.2,0.317888742529,True,,0.299235181644,0.372549019608,0.218281036835,0.11359618293,0.34241676942,160,0.0388949240633,0.0646686689245,0.0100325899418,0.112426035503,0.117247238743,,0.0953375086987,0.218281036835,0.372549019608,0.263647874735,0.329955520477,0.308368302833,0.430304355099,0.189147950003,0.248430356483,0.189147950003,0.248430356483,
pm_window_test,P2,budget_0.30,0.3,0.238063139342,True,,0.369980879541,0.435294117647,0.218512898331,0.112136027552,0.425893958076,144,0.0380771176031,0.0642566412177,0.00980226873149,0.117056856187,0.116959064327,,0.0962441314554,0.218512898331,0.435294117647,0.326585279614,0.407760830006,0.365382841328,0.497947842755,0.190928384078,0.25,0.190928384078,0.25,
pm_window_test,P2,risk_0.10,0.1,1.64251877122,True,,0.000956022944551,0.00392156862745,0.243062200957,0.115704490474,0.00332922318126,254,0.0393077484648,0.0652170801185,0.0111796618904,0.138939670932,0.121575342466,,0.0962821734986,0.243062200957,0.00392156862745,0,0.00296201566514,0,0.0125026260504,0.212221480877,0.271823297914,0.212221480877,0.271823297914,
pm_window_test,P2,risk_0.20,0.2,1.64251877122,True,,0.000956022944551,0.00392156862745,0.243062200957,0.115704490474,0.00332922318126,254,0.0393077484648,0.0652170801185,0.0111796618904,0.138939670932,0.121575342466,,0.0962821734986,0.243062200957,0.00392156862745,0,0.00296201566514,0,0.0125026260504,0.212221480877,0.271823297914,0.212221480877,0.271823297914,
pm_window_test,P2,risk_0.30,0.3,1.64251877122,True,,0.000956022944551,0.00392156862745,0.243062200957,0.115704490474,0.00332922318126,254,0.0393077484648,0.0652170801185,0.0111796618904,0.138939670932,0.121575342466,,0.0962821734986,0.243062200957,0.00392156862745,0,0.00296201566514,0,0.0125026260504,0.212221480877,0.271823297914,0.212221480877,0.271823297914,
pm_window_test,P2,riskcp_0.10,0.1,1.64251877122,True,,0.000956022944551,0.00392156862745,0.243062200957,0.115704490474,0.00332922318126,254,0.0393077484648,0.0652170801185,0.0111796618904,0.138939670932,0.121575342466,,0.0962821734986,0.243062200957,0.00392156862745,0,0.00296201566514,0,0.0125026260504,0.212221480877,0.271823297914,0.212221480877,0.271823297914,
pm_window_test,P2,riskcp_0.20,0.2,1.64251877122,True,,0.000956022944551,0.00392156862745,0.243062200957,0.115704490474,0.00332922318126,254,0.0393077484648,0.0652170801185,0.0111796618904,0.138939670932,0.121575342466,,0.0962821734986,0.243062200957,0.00392156862745,0,0.00296201566514,0,0.0125026260504,0.212221480877,0.271823297914,0.212221480877,0.271823297914,
pm_window_test,P2,riskcp_0.30,0.3,1.64251877122,True,,0.000956022944551,0.00392156862745,0.243062200957,0.115704490474,0.00332922318126,254,0.0393077484648,0.0652170801185,0.0111796618904,0.138939670932,0.121575342466,,0.0962821734986,0.243062200957,0.00392156862745,0,0.00296201566514,0,0.0125026260504,0.212221480877,0.271823297914,0.212221480877,0.271823297914,
pm_window_test,P2,whisper_rule,,1,True,,0.0803059273423,0.101960784314,0.238045738046,0.114503936268,0.0979038224414,229,0.0396287543236,0.0643889001925,0.0104862817523,0.141700404858,0.119524405507,,0.0960247805885,0.238045738046,0.101960784314,0.0653780763765,0.0986797273535,0.066888558573,0.143436692506,0.207837117303,0.266538071147,0.207837117303,0.266538071147,
pm_window_test,P2-rawCR,budget_0.01,0.01,1.23209635417,True,,0.0564053537285,0.0745098039216,0.239108409321,0.114853142596,0.0694204685573,236,0.0395982346675,0.0647998782529,0.0104550296758,0.139763779528,0.120899149453,,0.0966280825365,0.239108409321,0.0745098039216,0.0445223264131,0.0705459594307,0.0481831709307,0.106759716733,0.208771292428,0.268300728719,0.208771292428,0.268300728719,
pm_window_test,P2-rawCR,budget_0.05,0.05,0.648702595,True,,0.624282982792,0.647058823529,0.229007633588,0.126042351039,0.692478421702,90,0.0386617476121,0.0784858745641,0.00889472886238,0.198924731183,0.152542372881,,0.110918544194,0.229007633588,0.647058823529,0.591944816599,0.659911554679,0.585101364914,0.714310515873,0.186332802583,0.26686728881,0.186332802583,0.26686728881,
pm_window_test,P2-rawCR,budget_0.10,0.1,0.629251700833,True,,0.706500956023,0.729411764706,0.224755700326,0.129378374637,0.76954377312,69,0.0395957358438,0.0814066177489,0.00837602104389,0.195945945946,0.148825065274,,0.100250626566,0.224755700326,0.729411764706,0.675488906089,0.739384560257,0.671637177887,0.784944940576,0.176388888889,0.271573940909,0.176388888889,0.271573940909,
pm_window_test,P2-rawCR,budget_0.20,0.2,0.598958333333,True,,0.842256214149,0.866666666667,0.206060606061,0.15266571745,0.881011097411,34,0.0419237462427,0.102990033223,0.0077519379845,0.222222222222,0.175141242938,,0.105590062112,0.206060606061,0.866666666667,0.821006294928,0.860275962136,0.828419681095,0.907640908461,0.147416666667,0.263809712553,0.147416666667,0.263809712553,
pm_window_test,P2-rawCR,budget_0.30,0.3,0.57035519125,True,,0.904397705545,0.921568627451,0.2,0.159333752357,0.93748458693,20,0.0452545568825,0.107479572596,0.00659962287869,0.233333333333,0.175,,0.10447761194,0.2,0.921568627451,0.887158101344,0.918613796085,0.888414130216,0.954043941571,0.122575471698,0.269739530133,0.122575471698,0.269739530133,
pm_window_test,P2-rawCR,risk_0.10,0.1,1.64225260417,True,,0.000956022944551,0.00392156862745,0.243062200957,0.115704490474,0.00332922318126,254,0.0393077484648,0.0652170801185,0.0111796618904,0.138939670932,0.121575342466,,0.0962821734986,0.243062200957,0.00392156862745,0,0.00296201566514,0,0.0125026260504,0.212221480877,0.271823297914,0.212221480877,0.271823297914,
pm_window_test,P2-rawCR,risk_0.20,0.2,1.64225260417,True,,0.000956022944551,0.00392156862745,0.243062200957,0.115704490474,0.00332922318126,254,0.0393077484648,0.0652170801185,0.0111796618904,0.138939670932,0.121575342466,,0.0962821734986,0.243062200957,0.00392156862745,0,0.00296201566514,0,0.0125026260504,0.212221480877,0.271823297914,0.212221480877,0.271823297914,
pm_window_test,P2-rawCR,risk_0.30,0.3,1.64225260417,True,,0.000956022944551,0.00392156862745,0.243062200957,0.115704490474,0.00332922318126,254,0.0393077484648,0.0652170801185,0.0111796618904,0.138939670932,0.121575342466,,0.0962821734986,0.243062200957,0.00392156862745,0,0.00296201566514,0,0.0125026260504,0.212221480877,0.271823297914,0.212221480877,0.271823297914,
pm_window_test,P2-rawCR,riskcp_0.10,0.1,1.64225260417,True,,0.000956022944551,0.00392156862745,0.243062200957,0.115704490474,0.00332922318126,254,0.0393077484648,0.0652170801185,0.0111796618904,0.138939670932,0.121575342466,,0.0962821734986,0.243062200957,0.00392156862745,0,0.00296201566514,0,0.0125026260504,0.212221480877,0.271823297914,0.212221480877,0.271823297914,
pm_window_test,P2-rawCR,riskcp_0.20,0.2,1.64225260417,True,,0.000956022944551,0.00392156862745,0.243062200957,0.115704490474,0.00332922318126,254,0.0393077484648,0.0652170801185,0.0111796618904,0.138939670932,0.121575342466,,0.0962821734986,0.243062200957,0.00392156862745,0,0.00296201566514,0,0.0125026260504,0.212221480877,0.271823297914,0.212221480877,0.271823297914,
pm_window_test,P2-rawCR,riskcp_0.30,0.3,1.64225260417,True,,0.000956022944551,0.00392156862745,0.243062200957,0.115704490474,0.00332922318126,254,0.0393077484648,0.0652170801185,0.0111796618904,0.138939670932,0.121575342466,,0.0962821734986,0.243062200957,0.00392156862745,0,0.00296201566514,0,0.0125026260504,0.212221480877,0.271823297914,0.212221480877,0.271823297914,
pm_window_test,P2-rawCR,whisper_rule,,1,True,,0.0793499043977,0.101960784314,0.23779854621,0.114507277872,0.0969173859433,229,0.039617892153,0.0643986179078,0.0104907678116,0.141129032258,0.119524405507,,0.0960247805885,0.23779854621,0.101960784314,0.0642756223563,0.0977317651581,0.066888558573,0.143436692506,0.207832063692,0.266277941278,0.207832063692,0.266277941278,
pm_window_test,P3,budget_0.01,0.01,0.294411222112,True,,0.0889101338432,0.109803921569,0.238195173137,0.112374900715,0.12774352651,227,0.0381890389198,0.063701350278,0.0104845115171,0.139583333333,0.119167717528,,0.0907161803714,0.238195173137,0.109803921569,0.0673318014283,0.1112221645,0.0673048418972,0.157697224455,0.210773497455,0.265196356476,0.210773497455,0.265196356476,0.145465441399
pm_window_test,P3,budget_0.05,0.05,0.193433467485,True,,0.303059273423,0.364705882353,0.222222222222,0.104640838513,0.404192355117,162,0.0345410052624,0.0608311497066,0.00926868354376,0.143274853801,0.110183639399,,0.0779685264664,0.222222222222,0.364705882353,0.269333440493,0.336592803343,0.308634259259,0.426968291415,0.193649781341,0.254413363171,0.193649781341,0.254413363171,0.118109150991
pm_window_test,P3,budget_0.10,0.1,0.151378152737,True,,0.46845124283,0.552941176471,0.205035971223,0.0999883122955,0.578051787916,114,0.0326671341748,0.0578249181861,0.00949625993455,0.115079365079,0.0956043956044,,0.0775862068966,0.205035971223,0.552941176471,0.429555862665,0.508942438688,0.487084473215,0.620788029409,0.171104179045,0.234503042596,0.171104179045,0.234503042596,0.100909118527
pm_window_test,P3,budget_0.20,0.2,0.103447316354,True,,0.725621414914,0.776470588235,0.198606271777,0.0903217867471,0.818988902589,57,0.0287331569556,0.0518673475666,0.00972128222482,0.105769230769,0.0910931174089,,0.0739299610895,0.198606271777,0.776470588235,0.693067135661,0.761081353082,0.719552455406,0.840855062111,0.153545515679,0.253728601727,0.153545515679,0.253728601727,0.0759155980221
pm_window_test,P3,budget_0.30,0.3,0.0817926660462,True,,0.849904397706,0.894117647059,0.171974522293,0.0922093023256,0.902219482121,27,0.0294186046512,0.051976744186,0.0108139534884,0.0666666666667,0.0673758865248,,0.0656934306569,0.171974522293,0.894117647059,0.821152869477,0.878932625696,0.857679916474,0.930961229086,0.117961050781,0.22974045474,0.117961050781,0.22974045474,0.0616989176659
pm_window_test,P3,risk_0.10,0.1,0.946664853354,True,,0.000956022944551,0,0.244019138756,0.116049064651,0.000246609124538,255,0.03953225414,0.0653527416377,0.0111640688737,0.142335766423,0.121575342466,,0.0963740458015,0.244019138756,0,0,0.00296283986567,0,0,0.212439294793,0.273416775885,0.212439294793,0.273416775885,0.166084631181
pm_window_test,P3,risk_0.20,0.2,0.946664853354,True,,0.000956022944551,0,0.244019138756,0.116049064651,0.000246609124538,255,0.03953225414,0.0653527416377,0.0111640688737,0.142335766423,0.121575342466,,0.0963740458015,0.244019138756,0,0,0.00296283986567,0,0,0.212439294793,0.273416775885,0.212439294793,0.273416775885,0.166084631181
pm_window_test,P3,risk_0.30,0.3,0.946664853354,True,,0.000956022944551,0,0.244019138756,0.116049064651,0.000246609124538,255,0.03953225414,0.0653527416377,0.0111640688737,0.142335766423,0.121575342466,,0.0963740458015,0.244019138756,0,0,0.00296283986567,0,0,0.212439294793,0.273416775885,0.212439294793,0.273416775885,0.166084631181
pm_window_test,P3,riskcp_0.10,0.1,0.946664853354,True,,0.000956022944551,0,0.244019138756,0.116049064651,0.000246609124538,255,0.03953225414,0.0653527416377,0.0111640688737,0.142335766423,0.121575342466,,0.0963740458015,0.244019138756,0,0,0.00296283986567,0,0,0.212439294793,0.273416775885,0.212439294793,0.273416775885,0.166084631181
pm_window_test,P3,riskcp_0.20,0.2,0.946664853354,True,,0.000956022944551,0,0.244019138756,0.116049064651,0.000246609124538,255,0.03953225414,0.0653527416377,0.0111640688737,0.142335766423,0.121575342466,,0.0963740458015,0.244019138756,0,0,0.00296283986567,0,0,0.212439294793,0.273416775885,0.212439294793,0.273416775885,0.166084631181
pm_window_test,P3,riskcp_0.30,0.3,0.946664853354,True,,0.000956022944551,0,0.244019138756,0.116049064651,0.000246609124538,255,0.03953225414,0.0653527416377,0.0111640688737,0.142335766423,0.121575342466,,0.0963740458015,0.244019138756,0,0,0.00296283986567,0,0,0.212439294793,0.273416775885,0.212439294793,0.273416775885,0.166084631181
pm_window_test,P3,plugin_0.10,0.1,0.14977193016,True,,0.478011472275,0.560784313725,0.205128205128,0.100322754169,0.586066584464,112,0.0326041479888,0.0580957504034,0.0096228557767,0.113360323887,0.0957683741648,,0.0748031496063,0.205128205128,0.560784313725,0.431624398062,0.536196700903,0.493678298853,0.639998115696,0.169260859741,0.235871109884,0.169260859741,0.235871109884,0.0999979392232
pm_window_test,P3,plugin_0.20,0.2,0.954614255828,True,,0,0,0.24378585086,0.115973115973,0,255,0.0394966394966,0.0652938652939,0.0111826111826,0.142076502732,0.121575342466,,0.0961446930033,0.24378585086,0,0,0,0,0,0.212241477678,0.273159413522,0.212241477678,0.273159413522,0.166838483595
pm_window_test,P3,plugin_0.30,0.3,0.954614255828,True,,0,0,0.24378585086,0.115973115973,0,255,0.0394966394966,0.0652938652939,0.0111826111826,0.142076502732,0.121575342466,,0.0961446930033,0.24378585086,0,0,0,0,0,0.212241477678,0.273159413522,0.212241477678,0.273159413522,0.166838483595
pm_window_test,P3-conf,budget_0.01,0.01,0.291556252967,True,,0.118546845124,0.149019607843,0.23535791757,0.112284529063,0.162268803946,217,0.0380121308278,0.0641909200588,0.0100814781761,0.139484978541,0.119601328904,,0.0915609487038,0.23535791757,0.149019607843,0.10029190568,0.133313367823,0.105660720786,0.187719907407,0.205259276043,0.265343453876,0.205259276043,0.265343453876,0.14845624054
pm_window_test,P3-conf,budget_0.05,0.05,0.177327654932,True,,0.378585086042,0.486274509804,0.201538461538,0.101751252667,0.494204685573,131,0.0331894627177,0.0595574738304,0.00900431611847,0.144827586207,0.105894105894,,0.0754237288136,0.201538461538,0.486274509804,0.346531911499,0.407966198309,0.421898725279,0.546546155217,0.167149457831,0.236955391857,0.167149457831,0.236955391857,0.117804749078
pm_window_test,P3-conf,budget_0.10,0.1,0.143333345838,True,,0.554493307839,0.650980392157,0.190987124464,0.095320937987,0.675709001233,89,0.0293936428546,0.0580986553586,0.00782863977384,0.131313131313,0.1062215478,,0.0707732634338,0.190987124464,0.650980392157,0.517975424348,0.590630984293,0.593893047597,0.720968650753,0.151248075566,0.228454557755,0.151248075566,0.228454557755,0.101559840387
pm_window_test,P3-conf,budget_0.20,0.2,0.103812185938,True,,0.77724665392,0.854901960784,0.158798283262,0.0811360613411,0.872133168927,37,0.0242547531492,0.0496048822471,0.00727642594476,0.111111111111,0.0797342192691,,0.0606936416185,0.158798283262,0.854901960784,0.742569061295,0.803719827648,0.810380485429,0.898245153404,0.114418041372,0.199239808109,0.114418041372,0.199239808109,0.0802970062325
pm_window_test,P3-conf,budget_0.30,0.3,0.0841432140778,True,,0.885277246654,0.933333333333,0.141666666667,0.0824298743762,0.940937114673,17,0.0230597143349,0.0517983135433,0.00757184649802,0.0851063829787,0.0666666666667,,0.05625,0.141666666667,0.933333333333,0.862647000989,0.903761071425,0.904154243119,0.960719866071,0.0872557997558,0.195200798991,0.0872557997558,0.195200798991,0.0671762144023
pm_window_test,P3-conf,risk_0.10,0.1,0.945856123793,True,,0.000956022944551,0,0.244019138756,0.116049064651,0.000246609124538,255,0.03953225414,0.0653527416377,0.0111640688737,0.142335766423,0.121575342466,,0.0963740458015,0.244019138756,0,0,0.00296283986567,0,0,0.212439294793,0.273416775885,0.212439294793,0.273416775885,0.176474798232
pm_window_test,P3-conf,risk_0.20,0.2,0.945856123793,True,,0.000956022944551,0,0.244019138756,0.116049064651,0.000246609124538,255,0.03953225414,0.0653527416377,0.0111640688737,0.142335766423,0.121575342466,,0.0963740458015,0.244019138756,0,0,0.00296283986567,0,0,0.212439294793,0.273416775885,0.212439294793,0.273416775885,0.176474798232
pm_window_test,P3-conf,risk_0.30,0.3,0.945856123793,True,,0.000956022944551,0,0.244019138756,0.116049064651,0.000246609124538,255,0.03953225414,0.0653527416377,0.0111640688737,0.142335766423,0.121575342466,,0.0963740458015,0.244019138756,0,0,0.00296283986567,0,0,0.212439294793,0.273416775885,0.212439294793,0.273416775885,0.176474798232
pm_window_test,P3-conf,riskcp_0.10,0.1,0.945856123793,True,,0.000956022944551,0,0.244019138756,0.116049064651,0.000246609124538,255,0.03953225414,0.0653527416377,0.0111640688737,0.142335766423,0.121575342466,,0.0963740458015,0.244019138756,0,0,0.00296283986567,0,0,0.212439294793,0.273416775885,0.212439294793,0.273416775885,0.176474798232
pm_window_test,P3-conf,riskcp_0.20,0.2,0.945856123793,True,,0.000956022944551,0,0.244019138756,0.116049064651,0.000246609124538,255,0.03953225414,0.0653527416377,0.0111640688737,0.142335766423,0.121575342466,,0.0963740458015,0.244019138756,0,0,0.00296283986567,0,0,0.212439294793,0.273416775885,0.212439294793,0.273416775885,0.176474798232
pm_window_test,P3-conf,riskcp_0.30,0.3,0.945856123793,True,,0.000956022944551,0,0.244019138756,0.116049064651,0.000246609124538,255,0.03953225414,0.0653527416377,0.0111640688737,0.142335766423,0.121575342466,,0.0963740458015,0.244019138756,0,0,0.00296283986567,0,0,0.212439294793,0.273416775885,0.212439294793,0.273416775885,0.176474798232
pm_window_test,P3-conf,plugin_0.10,0.1,0.140960617998,True,,0.571701720841,0.662745098039,0.191964285714,0.0936480230705,0.695684340321,86,0.0292175760795,0.0566517416711,0.00777870531988,0.132275132275,0.107424960506,,0.0691562932227,0.191964285714,0.662745098039,0.528460332643,0.611327874828,0.606285963053,0.728794572157,0.150736789779,0.232221638655,0.150736789779,0.232221638655,0.0999189859237
pm_window_test,P3-conf,plugin_0.20,0.2,0.955117464152,True,,0,0,0.24378585086,0.115973115973,0,255,0.0394966394966,0.0652938652939,0.0111826111826,0.142076502732,0.121575342466,,0.0961446930033,0.24378585086,0,0,0,0,0,0.212241477678,0.273159413522,0.212241477678,0.273159413522,0.177219198486
pm_window_test,P3-conf,plugin_0.30,0.3,0.955117464152,True,,0,0,0.24378585086,0.115973115973,0,255,0.0394966394966,0.0652938652939,0.0111826111826,0.142076502732,0.121575342466,,0.0961446930033,0.24378585086,0,0,0,0,0,0.212241477678,0.273159413522,0.212241477678,0.273159413522,0.177219198486
pm_window_test,P1-retuned,budget_0.01,0.01,0.3980800571,True,,0.00764818355641,0.0078431372549,0.243737957611,0.115530601429,0.00542540073983,253,0.0394603033645,0.0648839107954,0.0111863872696,0.141025641026,0.121644774415,,0.0961446930033,0.243737957611,0.0078431372549,0.00358879707984,0.0123120702145,0,0.0188902975613,0.211093333321,0.273355817435,0.211093333321,0.273355817435,
pm_window_test,P1-retuned,budget_0.05,0.05,0.3426190023,True,,0.0611854684512,0.0823529411765,0.238289205703,0.110442007113,0.0886559802713,234,0.0376557783688,0.0615791518484,0.0112070768955,0.134502923977,0.115361625822,,0.0924453280318,0.238289205703,0.0823529411765,0.0435166936024,0.0850684261975,0.050368364992,0.117935279072,0.207463465715,0.269222350821,0.207463465715,0.269222350821,
pm_window_test,P1-retuned,budget_0.10,0.1,0.3112877252,True,,0.142447418738,0.188235294118,0.230769230769,0.106459465123,0.185696670777,207,0.035932487547,0.059919720149,0.0106072574275,0.139784946237,0.112556929083,,0.0876344086022,0.230769230769,0.188235294118,0.114567247571,0.177670784209,0.141831441245,0.242976239792,0.199551246244,0.258929563815,0.199551246244,0.258929563815,
pm_window_test,P1-retuned,budget_0.20,0.2,0.2863647601,True,,0.247609942639,0.309803921569,0.223634053367,0.100635861122,0.3130702836,176,0.0348097835904,0.0557281693703,0.0100979081614,0.124390243902,0.106696100074,,0.0804321728691,0.223634053367,0.309803921569,0.204539264097,0.291110205773,0.243814493433,0.377277422364,0.191590596105,0.251600367279,0.191590596105,0.251600367279,
pm_window_test,P1-retuned,budget_0.30,0.3,0.2659306675,True,,0.376673040153,0.501960784314,0.194785276074,0.094724426335,0.455363748459,127,0.0316534419901,0.0539352348274,0.00913574951748,0.117117117117,0.0869167429094,,0.0710144927536,0.194785276074,0.501960784314,0.33638768923,0.423742366503,0.434054851635,0.581414036545,0.158312007874,0.223260356105,0.158312007874,0.223260356105,
pm_window_test,P1-retuned,risk_0.10,0.1,-inf,False,,1,1,,,1,0,,,,,,,,,1,1,1,1,1,,,,,
pm_window_test,P1-retuned,risk_0.20,0.2,0.196253203,True,,0.835564053537,0.898039215686,0.151162790698,0.0691568047337,0.884710234279,26,0.0246301775148,0.0368343195266,0.00769230769231,0.105263157895,0.0354609929078,,0.0545454545455,0.151162790698,0.898039215686,0.794569242677,0.871682451692,0.856273016595,0.938250894775,0.089268761302,0.220976521057,0.089268761302,0.220976521057,
pm_window_test,P1-retuned,risk_0.30,0.3,0.4004959449,True,,0.00764818355641,0.0078431372549,0.243737957611,0.115530601429,0.00542540073983,253,0.0394603033645,0.0648839107954,0.0111863872696,0.141025641026,0.121644774415,,0.0961446930033,0.243737957611,0.0078431372549,0.00358879707984,0.0123120702145,0,0.0188902975613,0.211093333321,0.273355817435,0.211093333321,0.273355817435,
pm_window_test,P1-retuned,riskcp_0.10,0.1,-inf,False,,1,1,,,1,0,,,,,,,,,1,1,1,1,1,,,,,
pm_window_test,P1-retuned,riskcp_0.20,0.2,-inf,False,,1,1,,,1,0,,,,,,,,,1,1,1,1,1,,,,,
pm_window_test,P1-retuned,riskcp_0.30,0.3,-inf,False,,1,1,,,1,0,,,,,,,,,1,1,1,1,1,,,,,
pm_window_test,P2-retuned,budget_0.01,0.01,1.60752934706,True,,0.0124282982792,0.0235294117647,0.241045498548,0.115316072386,0.0186189889026,249,0.0392065952854,0.0652284153639,0.0108810617366,0.136194029851,0.121317157712,,0.095513748191,0.241045498548,0.0235294117647,0.00708219763232,0.0170884534006,0.00736858233634,0.0406845665095,0.21134113392,0.27213714455,0.21134113392,0.27213714455,
pm_window_test,P2-retuned,budget_0.05,0.05,1.29258046083,True,,0.0516252390057,0.0745098039216,0.237903225806,0.114886143411,0.0643649815043,236,0.0395924176357,0.0648619186047,0.0104318071705,0.138671875,0.120533010297,,0.0968875502008,0.237903225806,0.0745098039216,0.03859806335,0.0666056910569,0.0481831709307,0.106759716733,0.207833205213,0.267290893721,0.207833205213,0.267290893721,
pm_window_test,P2-retuned,budget_0.10,0.1,0.892946078988,True,,0.0946462715105,0.101960784314,0.24181626188,0.114731688708,0.109987669544,229,0.0395949898271,0.064757121058,0.010379577823,0.142276422764,0.121424030515,,0.096909376637,0.24181626188,0.101960784314,0.0767537706554,0.115410174152,0.066888558573,0.143436692506,0.213765100032,0.269801229065,0.213765100032,0.269801229065,
pm_window_test,P2-retuned,budget_0.20,0.2,0.49840607218,True,,0.185468451243,0.2,0.239436619718,0.113760876571,0.216522811344,204,0.0392451749203,0.0643821391485,0.0101335625022,0.136150234742,0.120956399437,,0.0944606413994,0.239436619718,0.2,0.154481843707,0.216447819005,0.148789714268,0.251960289601,0.208362185502,0.2662578535,0.208362185502,0.2662578535,
pm_window_test,P2-retuned,budget_0.30,0.3,0.310136017667,True,,0.303059273423,0.376470588235,0.218106995885,0.113128372013,0.348458692972,159,0.0385587051469,0.0645071508093,0.0100625160572,0.112426035503,0.115780445969,,0.0946704067321,0.218106995885,0.376470588235,0.266579880081,0.336294002874,0.317304515419,0.434187471136,0.190135314836,0.24871031746,0.190135314836,0.24871031746,
pm_window_test,P2-retuned,risk_0.10,0.1,0.0547654522727,True,,0.872848948375,0.925490196078,0.142857142857,0.0900325909832,0.918249075216,19,0.0317762085823,0.0502444323737,0.00801195002716,0.148148148148,0.0884353741497,,0.056,0.142857142857,0.925490196078,0.834933227666,0.90930568402,0.892648462354,0.958017819582,0.0913633671186,0.196131425543,0.0913633671186,0.196131425543,
pm_window_test,P2-retuned,risk_0.20,0.2,0.115650012719,True,,0.676864244742,0.78431372549,0.162721893491,0.0990118675207,0.754130702836,55,0.0341129152391,0.0553652117781,0.0095337405035,0.111888111888,0.0921658986175,,0.0788643533123,0.162721893491,0.78431372549,0.631824879215,0.721423193783,0.722197640118,0.840197571915,0.120092625222,0.208339285714,0.120092625222,0.208339285714,
pm_window_test,P2-retuned,risk_0.30,0.3,1.62627143583,True,,0.00764818355641,0.0156862745098,0.241811175337,0.115532623265,0.0115906288533,251,0.0392603375467,0.0653041811395,0.0109681045789,0.137291280148,0.121420389462,,0.0955352856457,0.241811175337,0.0156862745098,0.00288372507123,0.0120615286969,0.00360788376468,0.028951446281,0.211267050862,0.273159233308,0.211267050862,0.273159233308,
pm_window_test,P2-retuned,riskcp_0.10,0.1,-inf,False,,1,1,,,1,0,,,,,,,,,1,1,1,1,1,,,,,
pm_window_test,P2-retuned,riskcp_0.20,0.2,-inf,False,,1,1,,,1,0,,,,,,,,,1,1,1,1,1,,,,,
pm_window_test,P2-retuned,riskcp_0.30,0.3,0.0556821332062,True,,0.869024856597,0.925490196078,0.138686131387,0.0910054311829,0.915289765721,19,0.0319247582461,0.0511326003444,0.0079480725924,0.137931034483,0.0866666666667,,0.0555555555556,0.138686131387,0.925490196078,0.831757675599,0.904844943128,0.892648462354,0.958017819582,0.0882699443414,0.187184329808,0.0882699443414,0.187184329808,
pm_window_test,P2-retuned,whisper_rule,,1,True,,0.0803059273423,0.101960784314,0.238045738046,0.114503936268,0.0979038224414,229,0.0396287543236,0.0643889001925,0.0104862817523,0.141700404858,0.119524405507,,0.0960247805885,0.238045738046,0.101960784314,0.0653780763765,0.0986797273535,0.066888558573,0.143436692506,0.207837117303,0.266538071147,0.207837117303,0.266538071147,
pm_window_test,P4,budget_0.01,0.01,0.475121568614,True,P3 score with thresholds re-tuned on PriMock57 recalibration,0.0200764818356,0.0235294117647,0.242926829268,0.114857067734,0.0304562268804,249,0.039074482537,0.0651046611841,0.0106779240129,0.135338345865,0.121107266436,,0.0954700438383,0.242926829268,0.0235294117647,0.0135013269783,0.0276274578517,0.00796655276129,0.0376733355777,0.213040735263,0.270897505861,0.213040735263,0.270897505861,0.302335359503
pm_window_test,P4,budget_0.05,0.05,0.405005916301,True,P3 score with thresholds re-tuned on PriMock57 recalibration,0.0860420650096,0.105882352941,0.238493723849,0.112517002499,0.12281134402,228,0.0383228418689,0.0637396007971,0.010454559833,0.139583333333,0.118718592965,,0.0915789473684,0.238493723849,0.105882352941,0.065087185674,0.107606211452,0.0637138944223,0.155570570571,0.211566592253,0.264926797241,0.211566592253,0.264926797241,0.292945833156
pm_window_test,P4,budget_0.10,0.1,0.370201044957,True,P3 score with thresholds re-tuned on PriMock57 recalibration,0.172084130019,0.235294117647,0.225173210162,0.107698869695,0.252774352651,195,0.0362550650459,0.0614558896709,0.00998791497832,0.135011441648,0.112526539278,,0.0866003510825,0.225173210162,0.235294117647,0.146869107518,0.199693797008,0.169940318172,0.296299603175,0.199322990214,0.254635952318,0.199322990214,0.254635952318,0.283287396782
pm_window_test,P4,budget_0.20,0.2,0.336370280037,True,P3 score with thresholds re-tuned on PriMock57 recalibration,0.309751434034,0.372549019608,0.221606648199,0.104361132364,0.411344019729,160,0.0344518526615,0.0606186468466,0.00929063285605,0.143695014663,0.106022052587,,0.0779783393502,0.221606648199,0.372549019608,0.275608083107,0.34175017724,0.314391546754,0.434538566116,0.193706407137,0.254073491617,0.193706407137,0.254073491617,0.26961966598
pm_window_test,P4,budget_0.30,0.3,0.32013322488,True,P3 score with thresholds re-tuned on PriMock57 recalibration,0.397705544933,0.478431372549,0.211111111111,0.10070860522,0.512823674476,133,0.0334930668842,0.0577334828711,0.00948205546493,0.12323943662,0.102912621359,,0.0804403048264,0.211111111111,0.478431372549,0.363624195947,0.432391987634,0.407596343874,0.555658436214,0.176642513877,0.240316581049,0.176642513877,0.240316581049,0.261042340727
pm_window_test,P4,risk_0.10,0.1,-inf,False,P3 score with thresholds re-tuned on PriMock57 recalibration,1,1,,,1,0,,,,,,,,,1,1,1,1,1,,,,,
pm_window_test,P4,risk_0.20,0.2,0.249972174104,True,P3 score with thresholds re-tuned on PriMock57 recalibration,0.782026768642,0.835294117647,0.184210526316,0.0923870564327,0.854254007398,42,0.0289979677974,0.0537752071283,0.00961388150696,0.104651162791,0.0780856423174,,0.062656641604,0.184210526316,0.835294117647,0.753397046119,0.816097287696,0.774808183104,0.892723727422,0.128890152053,0.240217373094,0.128890152053,0.240217373094,0.218577691035
pm_window_test,P4,risk_0.30,0.3,0.485725915237,True,P3 score with thresholds re-tuned on PriMock57 recalibration,0.0152963671128,0.0156862745098,0.243689320388,0.114811313895,0.0265104808878,251,0.0390896531666,0.0650185414091,0.0107031193194,0.136194029851,0.121473805412,,0.0956310679612,0.243689320388,0.0156862745098,0.00921622959033,0.0216484036797,0.00387132068995,0.0305372758913,0.211731955276,0.273095135532,0.211731955276,0.273095135532,0.30320125969
pm_window_test,P4,riskcp_0.10,0.1,-inf,False,P3 score with thresholds re-tuned on PriMock57 recalibration,1,1,,,1,0,,,,,,,,,1,1,1,1,1,,,,,
pm_window_test,P4,riskcp_0.20,0.2,-inf,False,P3 score with thresholds re-tuned on PriMock57 recalibration,1,1,,,1,0,,,,,,,,,1,1,1,1,1,,,,,
pm_window_test,P4,riskcp_0.30,0.3,-inf,False,P3 score with thresholds re-tuned on PriMock57 recalibration,1,1,,,1,0,,,,,,,,,1,1,1,1,1,,,,,
pm_window_test,P4,plugin_0.10,0.1,-inf,False,,1,1,,,1,0,,,,,,,,,1,1,1,1,1,,,,,
pm_window_test,P4,plugin_0.20,0.2,0.229270405322,True,,0.884321223709,0.933333333333,0.140495867769,0.0879643844028,0.92934648582,17,0.0271722443967,0.0495855081363,0.0112066318698,0.063829787234,0.049504950495,,0.0656565656566,0.140495867769,0.933333333333,0.856857124911,0.913940313948,0.893133333333,0.960819327731,0.0894010043042,0.218235747304,0.0894010043042,0.218235747304,0.199825582875
pm_window_test,P4,plugin_0.30,0.3,0.446685042965,True,,0.0344168260038,0.0352941176471,0.243564356436,0.114399798127,0.0496917385943,246,0.0389793525212,0.0648072555626,0.0106131900429,0.137931034483,0.121621621622,,0.0947158524427,0.243564356436,0.0352941176471,0.00707150018976,0.0803195352215,0,0.114969989408,0.213051643327,0.266945944698,0.213051643327,0.266945944698,0.299974333777
pm_window_test,P4-refit,budget_0.01,0.01,0.554762532285,True,,0.00860420650096,0.0078431372549,0.243972999036,0.115477629988,0.0108508014797,253,0.0394282259458,0.0651091149882,0.010940289054,0.142335766423,0.121334100058,,0.0950552088334,0.243972999036,0.0078431372549,0.00381033343945,0.0141957286834,0,0.0200020080321,0.211468581226,0.275,0.211468581226,0.275,0.299556187277
pm_window_test,P4-refit,budget_0.05,0.05,0.431481867347,True,,0.0898661567878,0.149019607843,0.227941176471,0.108433167423,0.148458692972,217,0.0369294540659,0.0617375056917,0.00976620766537,0.127882599581,0.117276166456,,0.0906708595388,0.227941176471,0.149019607843,0.0678035006288,0.115538179191,0.0995434603996,0.201392926357,0.20096426822,0.254902494765,0.20096426822,0.254902494765,0.283590619703
pm_window_test,P4-refit,budget_0.10,0.1,0.391527079423,True,,0.144359464627,0.250980392157,0.213407821229,0.104201624828,0.22663378545,191,0.0352876675915,0.0596434682926,0.00927048894353,0.122222222222,0.106484641638,,0.0850945494994,0.213407821229,0.250980392157,0.113780375302,0.172215881345,0.183691553544,0.319001137573,0.181991448185,0.241125715922,0.181991448185,0.241125715922,0.275525222326
pm_window_test,P4-refit,budget_0.20,0.2,0.346661805846,True,,0.27724665392,0.411764705882,0.198412698413,0.0978864303275,0.391245376079,150,0.0323380125307,0.0567055277976,0.00884288999921,0.128686327078,0.0963341858483,,0.0793976728268,0.198412698413,0.411764705882,0.233295743879,0.317086361129,0.322102147577,0.509614410856,0.161730351136,0.23086407874,0.161730351136,0.23086407874,0.258714693814
pm_window_test,P4-refit,budget_0.30,0.3,0.319732995709,True,,0.367112810707,0.501960784314,0.191842900302,0.0928538916705,0.496917385943,127,0.0298361401912,0.0545744196632,0.00844333181611,0.133956386293,0.0906432748538,,0.0689655172414,0.191842900302,0.501960784314,0.320734467243,0.409068651868,0.416625494071,0.599271554813,0.152229397425,0.228387795276,0.152229397425,0.228387795276,0.248299805387
pm_window_test,P4-refit,risk_0.10,0.1,-inf,False,,1,1,,,1,0,,,,,,,,,1,1,1,1,1,,,,,
pm_window_test,P4-refit,risk_0.20,0.2,0.322997693543,True,,0.354684512428,0.490196078431,0.192592592593,0.0937611328821,0.480764488286,130,0.0305486284289,0.0546624510153,0.00855005343783,0.132716049383,0.0903901046622,,0.070282658518,0.192592592593,0.490196078431,0.311350529211,0.397783758725,0.406996519849,0.590318593282,0.154958770953,0.22767555578,0.154958770953,0.22767555578,0.249700782356
pm_window_test,P4-refit,risk_0.30,0.3,0.582300715963,True,,0.0057361376673,0.00392156862745,0.244230769231,0.115707347912,0.00702836004932,254,0.0393976838415,0.0652892324492,0.0110204316216,0.142335766423,0.121420389462,,0.094964028777,0.244230769231,0.00392156862745,0.00191172812269,0.0102921816903,0,0.0116372093023,0.211980503476,0.274788076033,0.211980503476,0.274788076033,0.300344516358
pm_window_test,P4-refit,riskcp_0.10,0.1,-inf,False,,1,1,,,1,0,,,,,,,,,1,1,1,1,1,,,,,
pm_window_test,P4-refit,riskcp_0.20,0.2,-inf,False,,1,1,,,1,0,,,,,,,,,1,1,1,1,1,,,,,
pm_window_test,P4-refit,riskcp_0.30,0.3,-inf,False,,1,1,,,1,0,,,,,,,,,1,1,1,1,1,,,,,
pm_window_test,P4-refit,plugin_0.10,0.1,-inf,False,,1,1,,,1,0,,,,,,,,,1,1,1,1,1,,,,,
pm_window_test,P4-refit,plugin_0.20,0.2,0.231592945264,True,,0.769598470363,0.890196078431,0.116182572614,0.0682113187954,0.870406905055,28,0.0216770508827,0.0398494288681,0.00668483904465,0.0752688172043,0.0470219435737,,0.0472813238771,0.116182572614,0.890196078431,0.724685289987,0.805498122301,0.847800647549,0.930402670112,0.0785870958696,0.159894315998,0.0785870958696,0.159894315998,0.199912163301
pm_window_test,P4-refit,plugin_0.30,0.3,0.561891095667,True,,0.00764818355641,0.00392156862745,0.244701348748,0.115530684466,0.00974106041924,254,0.0394165204132,0.0651811145956,0.0109330494577,0.142335766423,0.121559633028,,0.095009596929,0.244701348748,0.00392156862745,0,0.0451417181408,0,0.0853299439718,0.212241477678,0.271566991866,0.212241477678,0.271566991866,0.299808918403
pm_turn_test,P1,budget_0.01,0.01,0.6516987456,True,,0.00539334201227,0.014409221902,0.0639491398654,0.11332668187,0.00686984761429,342,0.0508979475485,0.0470496009122,0.0153791334094,0.124555160142,0.137298499166,,0.130558183538,0.0639491398654,0.014409221902,0.00353047315751,0.00749668457634,0.00347917975667,0.0277046890794,0.0560465434322,0.0740856348439,0.0560465434322,0.0740856348439,
pm_turn_test,P1,budget_0.05,0.05,0.6131726276,True,,0.0139482983076,0.0461095100865,0.0624292719728,0.112186349234,0.0182363227579,331,0.0501983957067,0.0469298621221,0.0150580914048,0.125,0.133184107443,,0.129734848485,0.0624292719728,0.0461095100865,0.0101286266509,0.0178200413123,0.0262181003887,0.0668570361495,0.0550870728419,0.0719889850471,0.0550870728419,0.0719889850471,
pm_turn_test,P1,budget_0.10,0.1,0.5820509874,True,,0.031244188209,0.0893371757925,0.0606642349779,0.110088064724,0.0397202098426,316,0.0486575499391,0.0468532970573,0.0145772177275,0.122302158273,0.127334465195,,0.127790973872,0.0606642349779,0.0893371757925,0.0266289590131,0.0355823254834,0.0615283632698,0.122956138737,0.053291138828,0.0697843843483,0.053291138828,0.0697843843483,
pm_turn_test,P1,budget_0.20,0.2,0.5261961235,True,,0.0822019713595,0.187319884726,0.0571428571429,0.10661042413,0.0781913564826,282,0.0462267421703,0.0466312261643,0.0137524557957,0.107606679035,0.117406542056,,0.124038461538,0.0571428571429,0.187319884726,0.0759350354393,0.0916324145198,0.149338207352,0.230211782503,0.0498704944904,0.0669317677978,0.0498704944904,0.0669317677978,
pm_turn_test,P1,budget_0.30,0.3,0.4834536613,True,,0.144690347778,0.273775216138,0.0547945205479,0.102931691586,0.122907819136,252,0.0438581061272,0.0460275579009,0.0130460275579,0.0970873786408,0.111043319097,,0.117876278617,0.0547945205479,0.273775216138,0.134925519026,0.157935361694,0.228524597443,0.333412698413,0.0479304321792,0.06430573998,0.0479304321792,0.06430573998,
pm_turn_test,P1,risk_0.10,0.1,0.7206175399,True,,0.00167379579691,0.0028818443804,0.0644560357675,0.113822528028,0.00199850112416,346,0.0511845235551,0.0470817841218,0.0155562203513,0.124555160142,0.138734739179,,0.130969267139,0.0644560357675,0.0028818443804,0.000741783726478,0.00269159341399,0,0.011012793177,0.0565858898124,0.0745283224042,0.0565858898124,0.0745283224042,
pm_turn_test,P1,risk_0.20,0.2,0.7206175399,True,,0.00167379579691,0.0028818443804,0.0644560357675,0.113822528028,0.00199850112416,346,0.0511845235551,0.0470817841218,0.0155562203513,0.124555160142,0.138734739179,,0.130969267139,0.0644560357675,0.0028818443804,0.000741783726478,0.00269159341399,0,0.011012793177,0.0565858898124,0.0745283224042,0.0565858898124,0.0745283224042,
pm_turn_test,P1,risk_0.30,0.3,0.7206175399,True,,0.00167379579691,0.0028818443804,0.0644560357675,0.113822528028,0.00199850112416,346,0.0511845235551,0.0470817841218,0.0155562203513,0.124555160142,0.138734739179,,0.130969267139,0.0644560357675,0.0028818443804,0.000741783726478,0.00269159341399,0,0.011012793177,0.0565858898124,0.0745283224042,0.0565858898124,0.0745283224042,
pm_turn_test,P1,riskcp_0.10,0.1,0.1724853439,True,,0.960758787428,0.988472622478,0.0189573459716,0.0309888579387,0.988883337497,4,0.0107938718663,0.0160167130919,0.0041782729805,0,0.0344827586207,,0.0153846153846,0.0189573459716,0.988472622478,0.952085233118,0.966372077346,0.974977750809,1,0,0.0394137443301,0,0.0394137443301,
pm_turn_test,P1,riskcp_0.20,0.2,0.7206175399,True,,0.00167379579691,0.0028818443804,0.0644560357675,0.113822528028,0.00199850112416,346,0.0511845235551,0.0470817841218,0.0155562203513,0.124555160142,0.138734739179,,0.130969267139,0.0644560357675,0.0028818443804,0.000741783726478,0.00269159341399,0,0.011012793177,0.0565858898124,0.0745283224042,0.0565858898124,0.0745283224042,
pm_turn_test,P1,riskcp_0.30,0.3,0.7206175399,True,,0.00167379579691,0.0028818443804,0.0644560357675,0.113822528028,0.00199850112416,346,0.0511845235551,0.0470817841218,0.0155562203513,0.124555160142,0.138734739179,,0.130969267139,0.0644560357675,0.0028818443804,0.000741783726478,0.00269159341399,0,0.011012793177,0.0565858898124,0.0745283224042,0.0565858898124,0.0745283224042,
pm_turn_test,P2,budget_0.01,0.01,1.23236093297,True,,0.00334759159383,0.00864553314121,0.0641910804255,0.113348364633,0.00786909817637,344,0.0509589588447,0.0469775672127,0.0154118385753,0.122994652406,0.138888888889,,0.131031220435,0.0641910804255,0.00864553314121,0.00193829069384,0.00467458031789,0,0.021090765501,0.0562946803905,0.0742544700384,0.0562946803905,0.0742544700384,
pm_turn_test,P2,budget_0.05,0.05,0.549136317964,True,,0.030500278966,0.0662824207493,0.0621523115289,0.111800701836,0.0369722707969,324,0.0501290565819,0.0466778805719,0.014993764682,0.12,0.13321799308,,0.130935251799,0.0621523115289,0.0662824207493,0.0245948160288,0.0380652006932,0.0355361635002,0.107777734099,0.0539847519117,0.073012046369,0.0539847519117,0.073012046369,
pm_turn_test,P2,budget_0.10,0.1,0.441654457571,True,,0.0477961688674,0.0893371757925,0.06171875,0.110922376301,0.053834624032,316,0.0497869411782,0.0463311417317,0.0148042933915,0.118081180812,0.132119788608,,0.130371801062,0.06171875,0.0893371757925,0.0395638648692,0.0616404090739,0.0556208662821,0.134116248565,0.0537046109897,0.0719221555769,0.0537046109897,0.0719221555769,
pm_turn_test,P2,budget_0.20,0.2,0.317888742529,True,,0.082573925981,0.158501440922,0.059193188729,0.108296798991,0.099050711966,292,0.0488108822293,0.0452675514984,0.0142183652633,0.113461538462,0.124154886294,,0.128268376912,0.059193188729,0.158501440922,0.0702479036788,0.103189977293,0.109876190476,0.219325431347,0.0512254592423,0.069584941199,0.0512254592423,0.069584941199,
pm_turn_test,P2,budget_0.30,0.3,0.238063139342,True,,0.130556072159,0.224783861671,0.0575401069519,0.105587819809,0.159755183612,269,0.0474336838801,0.0442630670224,0.013891068906,0.111776447106,0.120734908136,,0.129297075423,0.0575401069519,0.224783861671,0.113638527144,0.154814109829,0.172068142701,0.287521088957,0.0504039394813,0.0680781254704,0.0504039394813,0.0680781254704,
pm_turn_test,P2,risk_0.10,0.1,1.64251877122,True,,0.00260368235075,0.00576368876081,0.0643296662316,0.113561520806,0.00499625281039,345,0.0509644033244,0.0470583203843,0.0155387970975,0.122994652406,0.138734739179,,0.130969267139,0.0643296662316,0.00576368876081,0.00144873937511,0.00373203955962,0,0.0158137312555,0.0565820513065,0.0745396497405,0.0565820513065,0.0745396497405,
pm_turn_test,P2,risk_0.20,0.2,1.64251877122,True,,0.00260368235075,0.00576368876081,0.0643296662316,0.113561520806,0.00499625281039,345,0.0509644033244,0.0470583203843,0.0155387970975,0.122994652406,0.138734739179,,0.130969267139,0.0643296662316,0.00576368876081,0.00144873937511,0.00373203955962,0,0.0158137312555,0.0565820513065,0.0745396497405,0.0565820513065,0.0745396497405,
pm_turn_test,P2,risk_0.30,0.3,1.64251877122,True,,0.00260368235075,0.00576368876081,0.0643296662316,0.113561520806,0.00499625281039,345,0.0509644033244,0.0470583203843,0.0155387970975,0.122994652406,0.138734739179,,0.130969267139,0.0643296662316,0.00576368876081,0.00144873937511,0.00373203955962,0,0.0158137312555,0.0565820513065,0.0745396497405,0.0565820513065,0.0745396497405,
pm_turn_test,P2,riskcp_0.10,0.1,1.64251877122,True,,0.00260368235075,0.00576368876081,0.0643296662316,0.113561520806,0.00499625281039,345,0.0509644033244,0.0470583203843,0.0155387970975,0.122994652406,0.138734739179,,0.130969267139,0.0643296662316,0.00576368876081,0.00144873937511,0.00373203955962,0,0.0158137312555,0.0565820513065,0.0745396497405,0.0565820513065,0.0745396497405,
pm_turn_test,P2,riskcp_0.20,0.2,1.64251877122,True,,0.00260368235075,0.00576368876081,0.0643296662316,0.113561520806,0.00499625281039,345,0.0509644033244,0.0470583203843,0.0155387970975,0.122994652406,0.138734739179,,0.130969267139,0.0643296662316,0.00576368876081,0.00144873937511,0.00373203955962,0,0.0158137312555,0.0565820513065,0.0745396497405,0.0565820513065,0.0745396497405,
pm_turn_test,P2,riskcp_0.30,0.3,1.64251877122,True,,0.00260368235075,0.00576368876081,0.0643296662316,0.113561520806,0.00499625281039,345,0.0509644033244,0.0470583203843,0.0155387970975,0.122994652406,0.138734739179,,0.130969267139,0.0643296662316,0.00576368876081,0.00144873937511,0.00373203955962,0,0.0158137312555,0.0565820513065,0.0745396497405,0.0565820513065,0.0745396497405,
pm_turn_test,P2,whisper_rule,,1,True,,0.00595127394458,0.0201729106628,0.0636108512629,0.113047822984,0.0108668498626,340,0.0507922912206,0.0469664525339,0.0152890792291,0.121428571429,0.137527839644,,0.131031220435,0.0636108512629,0.0201729106628,0.00387308644719,0.00812356871151,0.00602098660127,0.0383713539764,0.0557255248393,0.0739001030648,0.0557255248393,0.0739001030648,
pm_turn_test,P2-rawCR,budget_0.01,0.01,1.23209635417,True,,0.00204575041845,0.0028818443804,0.0644800596347,0.113721911714,0.00374718960779,346,0.0511862666819,0.0469944108589,0.0155412341736,0.124555160142,0.138811771238,,0.131031220435,0.0644800596347,0.0028818443804,0.000945902694982,0.00311153839937,0,0.011012793177,0.0566057824041,0.0745553433693,0.0566057824041,0.0745553433693,
pm_turn_test,P2-rawCR,budget_0.05,0.05,0.648702595,True,,0.0251069369537,0.0461095100865,0.0631438382297,0.114681921648,0.0434673994504,331,0.0514106864742,0.0476069246436,0.0156643105307,0.122486288848,0.139766081871,,0.134511536573,0.0631438382297,0.0461095100865,0.0200056158437,0.0316190744452,0.0217275670675,0.0771407089915,0.0553672808824,0.0742253919843,0.0553672808824,0.0742253919843,
pm_turn_test,P2-rawCR,budget_0.10,0.1,0.629251700833,True,,0.0319880974521,0.0576368876081,0.0628242074928,0.114952569231,0.0630776917312,327,0.0516451350896,0.047675968921,0.01563146522,0.122448979592,0.141661685595,,0.13566084788,0.0628242074928,0.0576368876081,0.0254583693433,0.0396319884823,0.0280929891597,0.0945243902439,0.0545623990121,0.0736584800044,0.0545623990121,0.0736584800044,
pm_turn_test,P2-rawCR,budget_0.20,0.2,0.598958333333,True,,0.0554212386089,0.100864553314,0.0614294152392,0.117328311113,0.112915313515,312,0.0526341874411,0.0486197155177,0.0160744081545,0.124505928854,0.141604010025,,0.135322322856,0.0614294152392,0.100864553314,0.0483343826805,0.0664751095604,0.0568805625382,0.155299249632,0.053018749162,0.0731350649726,0.053018749162,0.0731350649726,
pm_turn_test,P2-rawCR,budget_0.30,0.3,0.57035519125,True,,0.087409336061,0.132564841499,0.0613409415121,0.119298181619,0.182987759181,301,0.0537671670102,0.0491163435408,0.0164146710682,0.127429805616,0.147530040053,,0.140093786635,0.0613409415121,0.132564841499,0.0760431879295,0.102310374545,0.0906584821429,0.189761895684,0.0526046217302,0.0718544616967,0.0526046217302,0.0718544616967,
pm_turn_test,P2-rawCR,risk_0.10,0.1,1.64225260417,True,,0.00167379579691,0.0028818443804,0.0644560357675,0.113822528028,0.00199850112416,346,0.0511845235551,0.0470817841218,0.0155562203513,0.124555160142,0.138734739179,,0.130969267139,0.0644560357675,0.0028818443804,0.000741783726478,0.00269159341399,0,0.011012793177,0.0565858898124,0.0745283224042,0.0565858898124,0.0745283224042,
pm_turn_test,P2-rawCR,risk_0.20,0.2,1.64225260417,True,,0.00167379579691,0.0028818443804,0.0644560357675,0.113822528028,0.00199850112416,346,0.0511845235551,0.0470817841218,0.0155562203513,0.124555160142,0.138734739179,,0.130969267139,0.0644560357675,0.0028818443804,0.000741783726478,0.00269159341399,0,0.011012793177,0.0565858898124,0.0745283224042,0.0565858898124,0.0745283224042,
pm_turn_test,P2-rawCR,risk_0.30,0.3,1.64225260417,True,,0.00167379579691,0.0028818443804,0.0644560357675,0.113822528028,0.00199850112416,346,0.0511845235551,0.0470817841218,0.0155562203513,0.124555160142,0.138734739179,,0.130969267139,0.0644560357675,0.0028818443804,0.000741783726478,0.00269159341399,0,0.011012793177,0.0565858898124,0.0745283224042,0.0565858898124,0.0745283224042,
pm_turn_test,P2-rawCR,riskcp_0.10,0.1,1.64225260417,True,,0.00167379579691,0.0028818443804,0.0644560357675,0.113822528028,0.00199850112416,346,0.0511845235551,0.0470817841218,0.0155562203513,0.124555160142,0.138734739179,,0.130969267139,0.0644560357675,0.0028818443804,0.000741783726478,0.00269159341399,0,0.011012793177,0.0565858898124,0.0745283224042,0.0565858898124,0.0745283224042,
pm_turn_test,P2-rawCR,riskcp_0.20,0.2,1.64225260417,True,,0.00167379579691,0.0028818443804,0.0644560357675,0.113822528028,0.00199850112416,346,0.0511845235551,0.0470817841218,0.0155562203513,0.124555160142,0.138734739179,,0.130969267139,0.0644560357675,0.0028818443804,0.000741783726478,0.00269159341399,0,0.011012793177,0.0565858898124,0.0745283224042,0.0565858898124,0.0745283224042,
pm_turn_test,P2-rawCR,riskcp_0.30,0.3,1.64225260417,True,,0.00167379579691,0.0028818443804,0.0644560357675,0.113822528028,0.00199850112416,346,0.0511845235551,0.0470817841218,0.0155562203513,0.124555160142,0.138734739179,,0.130969267139,0.0644560357675,0.0028818443804,0.000741783726478,0.00269159341399,0,0.011012793177,0.0565858898124,0.0745283224042,0.0565858898124,0.0745283224042,
pm_turn_test,P2-rawCR,whisper_rule,,1,True,,0.00427747814767,0.0115273775216,0.0640642510273,0.113514823952,0.00574569073195,343,0.0510816707785,0.0469746017712,0.0154585514025,0.122994652406,0.137854363535,,0.131031220435,0.0640642510273,0.0115273775216,0.00238773945545,0.00605186236132,0.00272442642683,0.024143601037,0.0561972259135,0.0741932083481,0.0561972259135,0.0741932083481,
pm_turn_test,P3,budget_0.01,0.01,0.294411222112,True,,0.010414729403,0.028818443804,0.063333959782,0.112200766616,0.0311016737447,337,0.0503507629999,0.0466333984234,0.0152166051927,0.122082585278,0.137717818999,,0.130455635492,0.063333959782,0.028818443804,0.00789548464014,0.0138524826024,0.0118969979296,0.0504814099428,0.0552231090913,0.0737598349609,0.0552231090913,0.0737598349609,0.0607626815477
pm_turn_test,P3,budget_0.05,0.05,0.193433467485,True,,0.0357076436675,0.100864553314,0.0601735776278,0.108680823973,0.104421683737,312,0.0478680672396,0.0460794567475,0.0147332999864,0.118546845124,0.136444181926,,0.124811273276,0.0601735776278,0.100864553314,0.0290123142648,0.0431940278447,0.0697660175076,0.136743827778,0.0515530281274,0.070561600605,0.0515530281274,0.070561600605,0.0562797217592
pm_turn_test,P3,budget_0.10,0.1,0.151378152737,True,,0.0734610377534,0.167146974063,0.0580088317945,0.104799504062,0.197601798651,289,0.0449933113642,0.0456948024405,0.0141113902574,0.120082815735,0.133838383838,,0.119346049046,0.0580088317945,0.167146974063,0.064218631166,0.0837128287503,0.124472255262,0.21054589599,0.0495445023819,0.0687454628087,0.0495445023819,0.0687454628087,0.0516678727462
pm_turn_test,P3,budget_0.20,0.2,0.103447316354,True,,0.173702808257,0.342939481268,0.0513166779203,0.0968513271847,0.397951536348,228,0.0397251190548,0.0443265617779,0.012799646352,0.101990049751,0.132690882135,,0.104265402844,0.0513166779203,0.342939481268,0.155858107599,0.194379531826,0.294200392691,0.405543447222,0.0434278474281,0.0619932085383,0.0434278474281,0.0619932085383,0.0428825180715
pm_turn_test,P3,budget_0.30,0.3,0.0817926660462,True,,0.269853077924,0.463976945245,0.047376464595,0.0890378050322,0.560204846365,186,0.0367429510684,0.040662536351,0.0116323176128,0.102803738318,0.135701275046,,0.094196804037,0.047376464595,0.463976945245,0.247724568728,0.299711280786,0.416074464468,0.521072763877,0.0401325104925,0.0561568237703,0.0401325104925,0.0561568237703,0.0364302474294
pm_turn_test,P3,risk_0.10,0.1,0.946664853354,True,,0.00223172772922,0.00576368876081,0.0643056849953,0.113527533919,0.00499625281039,345,0.05094915061,0.0470442366891,0.0155341466195,0.122994652406,0.138734739179,,0.130969267139,0.0643056849953,0.00576368876081,0.0011374030733,0.00313815988423,0,0.0158137312555,0.0565817906394,0.0745115103796,0.0565817906394,0.0745115103796,0.0637605885745
pm_turn_test,P3,risk_0.20,0.2,0.946664853354,True,,0.00223172772922,0.00576368876081,0.0643056849953,0.113527533919,0.00499625281039,345,0.05094915061,0.0470442366891,0.0155341466195,0.122994652406,0.138734739179,,0.130969267139,0.0643056849953,0.00576368876081,0.0011374030733,0.00313815988423,0,0.0158137312555,0.0565817906394,0.0745115103796,0.0565817906394,0.0745115103796,0.0637605885745
pm_turn_test,P3,risk_0.30,0.3,0.946664853354,True,,0.00223172772922,0.00576368876081,0.0643056849953,0.113527533919,0.00499625281039,345,0.05094915061,0.0470442366891,0.0155341466195,0.122994652406,0.138734739179,,0.130969267139,0.0643056849953,0.00576368876081,0.0011374030733,0.00313815988423,0,0.0158137312555,0.0565817906394,0.0745115103796,0.0565817906394,0.0745115103796,0.0637605885745
pm_turn_test,P3,riskcp_0.10,0.1,0.946664853354,True,,0.00223172772922,0.00576368876081,0.0643056849953,0.113527533919,0.00499625281039,345,0.05094915061,0.0470442366891,0.0155341466195,0.122994652406,0.138734739179,,0.130969267139,0.0643056849953,0.00576368876081,0.0011374030733,0.00313815988423,0,0.0158137312555,0.0565817906394,0.0745115103796,0.0565817906394,0.0745115103796,0.0637605885745
pm_turn_test,P3,riskcp_0.20,0.2,0.946664853354,True,,0.00223172772922,0.00576368876081,0.0643056849953,0.113527533919,0.00499625281039,345,0.05094915061,0.0470442366891,0.0155341466195,0.122994652406,0.138734739179,,0.130969267139,0.0643056849953,0.00576368876081,0.0011374030733,0.00313815988423,0,0.0158137312555,0.0565817906394,0.0745115103796,0.0565817906394,0.0745115103796,0.0637605885745
pm_turn_test,P3,riskcp_0.30,0.3,0.946664853354,True,,0.00223172772922,0.00576368876081,0.0643056849953,0.113527533919,0.00499625281039,345,0.05094915061,0.0470442366891,0.0155341466195,0.122994652406,0.138734739179,,0.130969267139,0.0643056849953,0.00576368876081,0.0011374030733,0.00313815988423,0,0.0158137312555,0.0565817906394,0.0745115103796,0.0565817906394,0.0745115103796,0.0637605885745
pm_turn_test,P3,plugin_0.10,0.1,0.99962643687,True,,0,0,0.0645341268365,0.114024468403,0,347,0.0511728597268,0.047298933246,0.0155526754305,0.124555160142,0.139212423738,,0.130969267139,0.0645341268365,0,0,0,0,0,0.0570007283525,0.0745699494979,0.0570007283525,0.0745699494979,0.0658133579202
pm_turn_test,P3,plugin_0.20,0.2,0.99962643687,True,,0,0,0.0645341268365,0.114024468403,0,347,0.0511728597268,0.047298933246,0.0155526754305,0.124555160142,0.139212423738,,0.130969267139,0.0645341268365,0,0,0,0,0,0.0570007283525,0.0745699494979,0.0570007283525,0.0745699494979,0.0658133579202
pm_turn_test,P3,plugin_0.30,0.3,0.99962643687,True,,0,0,0.0645341268365,0.114024468403,0,347,0.0511728597268,0.047298933246,0.0155526754305,0.124555160142,0.139212423738,,0.130969267139,0.0645341268365,0,0,0,0,0,0.0570007283525,0.0745699494979,0.0570007283525,0.0745699494979,0.0658133579202
pm_turn_test,P3-conf,budget_0.01,0.01,0.291556252967,True,,0.00985679747071,0.0317002881844,0.0631104432757,0.112848775139,0.0229827629278,336,0.0506824018236,0.0468880745593,0.0152782987564,0.120071684588,0.137619853356,,0.130622009569,0.0631104432757,0.0317002881844,0.00696952089433,0.0126891409208,0.0135099002746,0.0550532060776,0.0552555555739,0.0733375955023,0.0552555555739,0.0733375955023,0.0628830625596
pm_turn_test,P3-conf,budget_0.05,0.05,0.177327654932,True,,0.0388692579505,0.0979827089337,0.0605650154799,0.110174204506,0.0844366724956,313,0.0491049285296,0.046249116953,0.0148201590236,0.121495327103,0.133802816901,,0.128840436075,0.0605650154799,0.0979827089337,0.0313759671107,0.046177688967,0.0719857142857,0.131537762153,0.052718282046,0.0700390673207,0.052718282046,0.0700390673207,0.058336804809
pm_turn_test,P3-conf,budget_0.10,0.1,0.143333345838,True,,0.0760647201041,0.167146974063,0.0581723027375,0.105885874531,0.160504621534,289,0.0463024230394,0.0458770520213,0.0137063994706,0.115913555992,0.130086313194,,0.125393494229,0.0581723027375,0.167146974063,0.0644928668898,0.0860073907663,0.125608929749,0.213668100177,0.0499324105124,0.0692446388209,0.0499324105124,0.0692446388209,0.0542865891542
pm_turn_test,P3-conf,budget_0.20,0.2,0.103812185938,True,,0.170913148596,0.35734870317,0.0500224315837,0.096464674262,0.343242568074,223,0.0399581705102,0.0439943493496,0.0125121544022,0.10623556582,0.118326118326,,0.109649122807,0.0500224315837,0.35734870317,0.1551649687,0.187778966921,0.312635634805,0.407683768969,0.0426488101197,0.0587328699447,0.0426488101197,0.0587328699447,0.0466380502554
pm_turn_test,P3-conf,budget_0.30,0.3,0.0841432140778,True,,0.258694439278,0.481268011527,0.0451580531862,0.0899414697594,0.481763677242,180,0.0359635811836,0.0425536527206,0.0114242358552,0.0978835978836,0.116040955631,,0.101331360947,0.0451580531862,0.481268011527,0.240149519166,0.280640983196,0.431021332554,0.543096149459,0.0373360049218,0.05387285151,0.0373360049218,0.05387285151,0.041092882642
pm_turn_test,P3-conf,risk_0.10,0.1,0.945856123793,True,,0.00223172772922,0.00576368876081,0.0643056849953,0.113527533919,0.00499625281039,345,0.05094915061,0.0470442366891,0.0155341466195,0.122994652406,0.138734739179,,0.130969267139,0.0643056849953,0.00576368876081,0.0011374030733,0.00313815988423,0,0.0158137312555,0.0565817906394,0.0745115103796,0.0565817906394,0.0745115103796,0.0657987571063
pm_turn_test,P3-conf,risk_0.20,0.2,0.945856123793,True,,0.00223172772922,0.00576368876081,0.0643056849953,0.113527533919,0.00499625281039,345,0.05094915061,0.0470442366891,0.0155341466195,0.122994652406,0.138734739179,,0.130969267139,0.0643056849953,0.00576368876081,0.0011374030733,0.00313815988423,0,0.0158137312555,0.0565817906394,0.0745115103796,0.0565817906394,0.0745115103796,0.0657987571063
pm_turn_test,P3-conf,risk_0.30,0.3,0.945856123793,True,,0.00223172772922,0.00576368876081,0.0643056849953,0.113527533919,0.00499625281039,345,0.05094915061,0.0470442366891,0.0155341466195,0.122994652406,0.138734739179,,0.130969267139,0.0643056849953,0.00576368876081,0.0011374030733,0.00313815988423,0,0.0158137312555,0.0565817906394,0.0745115103796,0.0565817906394,0.0745115103796,0.0657987571063
pm_turn_test,P3-conf,riskcp_0.10,0.1,0.945856123793,True,,0.00223172772922,0.00576368876081,0.0643056849953,0.113527533919,0.00499625281039,345,0.05094915061,0.0470442366891,0.0155341466195,0.122994652406,0.138734739179,,0.130969267139,0.0643056849953,0.00576368876081,0.0011374030733,0.00313815988423,0,0.0158137312555,0.0565817906394,0.0745115103796,0.0565817906394,0.0745115103796,0.0657987571063
pm_turn_test,P3-conf,riskcp_0.20,0.2,0.945856123793,True,,0.00223172772922,0.00576368876081,0.0643056849953,0.113527533919,0.00499625281039,345,0.05094915061,0.0470442366891,0.0155341466195,0.122994652406,0.138734739179,,0.130969267139,0.0643056849953,0.00576368876081,0.0011374030733,0.00313815988423,0,0.0158137312555,0.0565817906394,0.0745115103796,0.0565817906394,0.0745115103796,0.0657987571063
pm_turn_test,P3-conf,riskcp_0.30,0.3,0.945856123793,True,,0.00223172772922,0.00576368876081,0.0643056849953,0.113527533919,0.00499625281039,345,0.05094915061,0.0470442366891,0.0155341466195,0.122994652406,0.138734739179,,0.130969267139,0.0643056849953,0.00576368876081,0.0011374030733,0.00313815988423,0,0.0158137312555,0.0565817906394,0.0745115103796,0.0565817906394,0.0745115103796,0.0657987571063
pm_turn_test,P3-conf,plugin_0.10,0.1,0.999789691451,True,,0,0,0.0645341268365,0.114024468403,0,347,0.0511728597268,0.047298933246,0.0155526754305,0.124555160142,0.139212423738,,0.130969267139,0.0645341268365,0,0,0,0,0,0.0570007283525,0.0745699494979,0.0570007283525,0.0745699494979,0.0678367786892
pm_turn_test,P3-conf,plugin_0.20,0.2,0.999789691451,True,,0,0,0.0645341268365,0.114024468403,0,347,0.0511728597268,0.047298933246,0.0155526754305,0.124555160142,0.139212423738,,0.130969267139,0.0645341268365,0,0,0,0,0,0.0570007283525,0.0745699494979,0.0570007283525,0.0745699494979,0.0678367786892
pm_turn_test,P3-conf,plugin_0.30,0.3,0.999789691451,True,,0,0,0.0645341268365,0.114024468403,0,347,0.0511728597268,0.047298933246,0.0155526754305,0.124555160142,0.139212423738,,0.130969267139,0.0645341268365,0,0,0,0,0,0.0570007283525,0.0745699494979,0.0570007283525,0.0745699494979,0.0678367786892
pm_turn_test,P1-retuned,budget_0.01,0.01,0.6377668978,True,,0.00725311511996,0.0230547550432,0.063506931435,0.113157782182,0.00861853609793,339,0.050797678961,0.0470195748564,0.0153405283643,0.124555160142,0.135933147632,,0.130558183538,0.063506931435,0.0230547550432,0.00513319919095,0.00978321293174,0.00866622181467,0.0450344679018,0.0561219427467,0.0733019851938,0.0561219427467,0.0733019851938,
pm_turn_test,P1-retuned,budget_0.05,0.05,0.5603933811,True,,0.0448205318951,0.109510086455,0.0601635514019,0.109059078451,0.0507119660255,309,0.0479859945183,0.0467949545826,0.0142781293498,0.122302158273,0.124145785877,,0.127973358706,0.0601635514019,0.109510086455,0.0399360860106,0.0514824116417,0.0799230769231,0.146676470588,0.0528008923587,0.0695471045173,0.0528008923587,0.0695471045173,
pm_turn_test,P1-retuned,budget_0.10,0.1,0.5222519966,True,,0.0861074948856,0.195965417867,0.0567765567766,0.10610137129,0.0838121408943,279,0.0459266331077,0.0465052363594,0.0136695018226,0.106542056075,0.117164616286,,0.122646064703,0.0567765567766,0.195965417867,0.0793610042816,0.0945158895599,0.161528574845,0.242988473531,0.0492531801387,0.0662260451236,0.0492531801387,0.0662260451236,
pm_turn_test,P1-retuned,budget_0.20,0.2,0.4546077367,True,,0.186907197322,0.331412103746,0.0530649588289,0.0998559056405,0.160379715214,232,0.042039900768,0.0455159915029,0.0123000133696,0.0947580645161,0.106463878327,,0.114567901235,0.0530649588289,0.331412103746,0.172561081353,0.204993153972,0.268277673546,0.399041840643,0.0450452593743,0.0631751077533,0.0450452593743,0.0631751077533,
pm_turn_test,P1-retuned,budget_0.30,0.3,0.4022893052,True,,0.277478147666,0.438040345821,0.0501930501931,0.0938527463966,0.247689233075,195,0.0383482664589,0.044098169069,0.0114063108687,0.0850111856823,0.102618542109,,0.101954569466,0.0501930501931,0.438040345821,0.258596933617,0.301596498384,0.370232732733,0.521484565006,0.0418584156212,0.0601327422115,0.0418584156212,0.0601327422115,
pm_turn_test,P1-retuned,risk_0.10,0.1,1,True,,0,0,0.0645341268365,0.114024468403,0,347,0.0511728597268,0.047298933246,0.0155526754305,0.124555160142,0.139212423738,,0.130969267139,0.0645341268365,0,0,0,0,0,0.0570007283525,0.0745699494979,0.0570007283525,0.0745699494979,
pm_turn_test,P1-retuned,risk_0.20,0.2,1,True,,0,0,0.0645341268365,0.114024468403,0,347,0.0511728597268,0.047298933246,0.0155526754305,0.124555160142,0.139212423738,,0.130969267139,0.0645341268365,0,0,0,0,0,0.0570007283525,0.0745699494979,0.0570007283525,0.0745699494979,
pm_turn_test,P1-retuned,risk_0.30,0.3,1,True,,0,0,0.0645341268365,0.114024468403,0,347,0.0511728597268,0.047298933246,0.0155526754305,0.124555160142,0.139212423738,,0.130969267139,0.0645341268365,0,0,0,0,0,0.0570007283525,0.0745699494979,0.0570007283525,0.0745699494979,
pm_turn_test,P1-retuned,riskcp_0.10,0.1,1,True,,0,0,0.0645341268365,0.114024468403,0,347,0.0511728597268,0.047298933246,0.0155526754305,0.124555160142,0.139212423738,,0.130969267139,0.0645341268365,0,0,0,0,0,0.0570007283525,0.0745699494979,0.0570007283525,0.0745699494979,
pm_turn_test,P1-retuned,riskcp_0.20,0.2,1,True,,0,0,0.0645341268365,0.114024468403,0,347,0.0511728597268,0.047298933246,0.0155526754305,0.124555160142,0.139212423738,,0.130969267139,0.0645341268365,0,0,0,0,0,0.0570007283525,0.0745699494979,0.0570007283525,0.0745699494979,
pm_turn_test,P1-retuned,riskcp_0.30,0.3,1,True,,0,0,0.0645341268365,0.114024468403,0,347,0.0511728597268,0.047298933246,0.0155526754305,0.124555160142,0.139212423738,,0.130969267139,0.0645341268365,0,0,0,0,0,0.0570007283525,0.0745699494979,0.0570007283525,0.0745699494979,
pm_turn_test,P2-retuned,budget_0.01,0.01,0.929191104217,True,,0.00762506974149,0.0201729106628,0.0637181409295,0.112950730605,0.0132400699475,340,0.0507849360899,0.0469102971033,0.0152554974121,0.121428571429,0.137757947574,,0.13115530303,0.0637181409295,0.0201729106628,0.0051903198571,0.0099978701302,0.00602098660127,0.0383713539764,0.0557967634653,0.0739304194853,0.0557967634653,0.0739304194853,
pm_turn_test,P2-retuned,budget_0.05,0.05,0.391901183164,True,,0.0585828528919,0.115273775216,0.0606479652311,0.110388652984,0.0648263802148,307,0.0495104977589,0.046178343949,0.0146998112762,0.112570356473,0.129089827484,,0.12925170068,0.0606479652311,0.115273775216,0.0486717947968,0.0756236136252,0.0762359105502,0.172587719298,0.0527421627772,0.0708325226648,0.0527421627772,0.0708325226648,
pm_turn_test,P2-retuned,budget_0.10,0.1,0.274920080935,True,,0.106193044449,0.187319884726,0.0586766541823,0.106516578605,0.131276542593,282,0.0480281797994,0.0446129106363,0.0138754881691,0.110891089109,0.123737373737,,0.128076343546,0.0586766541823,0.187319884726,0.092486417164,0.129692679449,0.134833750216,0.248486024845,0.0508981766876,0.0688651420258,0.0508981766876,0.0688651420258,
pm_turn_test,P2-retuned,budget_0.20,0.2,0.166338800405,True,,0.20587688302,0.308357348703,0.056206088993,0.103063215952,0.241443917062,240,0.0465167585914,0.0431226134917,0.0134238438693,0.114470842333,0.121551081283,,0.123355263158,0.056206088993,0.308357348703,0.184986824227,0.232004932091,0.247999460916,0.384396225879,0.0474784593653,0.066755927154,0.0474784593653,0.066755927154,
pm_turn_test,P2-retuned,budget_0.30,0.3,0.111623929604,True,,0.323972475358,0.484149855908,0.0492434662999,0.0963627867129,0.381838621034,179,0.04377117489,0.0400911250438,0.0125004867791,0.103535353535,0.110395584177,,0.116192830655,0.0492434662999,0.484149855908,0.295996482609,0.355963263201,0.42804866254,0.549858069749,0.0421868290568,0.0583351686662,0.0421868290568,0.0583351686662,
pm_turn_test,P2-retuned,risk_0.10,0.1,1.66766666667,True,,0.000743909243072,0.0028818443804,0.0643960543458,0.11374583179,0.00299775168624,346,0.0509447943683,0.0472682189985,0.0155328184228,0.122994652406,0.139212423738,,0.130969267139,0.0643960543458,0.0028818443804,0.00018595489653,0.00148123702404,0,0.00941199744347,0.0568013489436,0.0744477853007,0.0568013489436,0.0744477853007,
pm_turn_test,P2-retuned,risk_0.20,0.2,1.66766666667,True,,0.000743909243072,0.0028818443804,0.0643960543458,0.11374583179,0.00299775168624,346,0.0509447943683,0.0472682189985,0.0155328184228,0.122994652406,0.139212423738,,0.130969267139,0.0643960543458,0.0028818443804,0.00018595489653,0.00148123702404,0,0.00941199744347,0.0568013489436,0.0744477853007,0.0568013489436,0.0744477853007,
pm_turn_test,P2-retuned,risk_0.30,0.3,1.66766666667,True,,0.000743909243072,0.0028818443804,0.0643960543458,0.11374583179,0.00299775168624,346,0.0509447943683,0.0472682189985,0.0155328184228,0.122994652406,0.139212423738,,0.130969267139,0.0643960543458,0.0028818443804,0.00018595489653,0.00148123702404,0,0.00941199744347,0.0568013489436,0.0744477853007,0.0568013489436,0.0744477853007,
pm_turn_test,P2-retuned,riskcp_0.10,0.1,0.0060442366228,True,,0.970429607588,0.991354466859,0.0188679245283,0.0605805637358,0.982013489883,3,0.0332351703828,0.0164072360118,0.0109381573412,0.1,0.0588235294118,,0.0879120879121,0.0188679245283,0.991354466859,0.957254482496,0.983438371825,0.980998284694,0.997549614506,0.00480432242991,0.0365966576332,0.00480432242991,0.0365966576332,
pm_turn_test,P2-retuned,riskcp_0.20,0.2,1.66766666667,True,,0.000743909243072,0.0028818443804,0.0643960543458,0.11374583179,0.00299775168624,346,0.0509447943683,0.0472682189985,0.0155328184228,0.122994652406,0.139212423738,,0.130969267139,0.0643960543458,0.0028818443804,0.00018595489653,0.00148123702404,0,0.00941199744347,0.0568013489436,0.0744477853007,0.0568013489436,0.0744477853007,
pm_turn_test,P2-retuned,riskcp_0.30,0.3,1.66766666667,True,,0.000743909243072,0.0028818443804,0.0643960543458,0.11374583179,0.00299775168624,346,0.0509447943683,0.0472682189985,0.0155328184228,0.122994652406,0.139212423738,,0.130969267139,0.0643960543458,0.0028818443804,0.00018595489653,0.00148123702404,0,0.00941199744347,0.0568013489436,0.0744477853007,0.0568013489436,0.0744477853007,
pm_turn_test,P2-retuned,whisper_rule,,1,True,,0.00595127394458,0.0201729106628,0.0636108512629,0.113047822984,0.0108668498626,340,0.0507922912206,0.0469664525339,0.0152890792291,0.121428571429,0.137527839644,,0.131031220435,0.0636108512629,0.0201729106628,0.00387308644719,0.00812356871151,0.00602098660127,0.0383713539764,0.0557255248393,0.0739001030648,0.0557255248393,0.0739001030648,
pm_turn_test,P4,budget_0.01,0.01,0.218254465312,True,P3 score with thresholds re-tuned on PriMock57 recalibration,0.0132043890645,0.0432276657061,0.0625706747079,0.111594666977,0.0423432425681,332,0.0499679785748,0.0464892873777,0.0151374010247,0.119133574007,0.137032842582,,0.130539499037,0.0625706747079,0.0432276657061,0.00960919522142,0.0171324370918,0.0206995540691,0.0692843111577,0.0547905413813,0.0727693461231,0.0547905413813,0.0727693461231,0.0610192065074
pm_turn_test,P4,budget_0.05,0.05,0.128815571278,True,P3 score with thresholds re-tuned on PriMock57 recalibration,0.0846196763995,0.187319884726,0.057293783015,0.103980897038,0.222208343742,282,0.0444511238019,0.0454697258124,0.0140600474234,0.11889596603,0.134366925065,,0.116890380313,0.057293783015,0.187319884726,0.0755712192229,0.0953106191181,0.142485723276,0.235931717627,0.0483297065701,0.0684201060238,0.0483297065701,0.0684201060238,0.0535822164005
pm_turn_test,P4,budget_0.10,0.1,0.107059025474,True,P3 score with thresholds re-tuned on PriMock57 recalibration,0.141528733495,0.299711815562,0.0526429809359,0.0989085434701,0.343492380714,243,0.0408167105758,0.0447308995107,0.0133609333835,0.105769230769,0.1330502477,,0.111601513241,0.0526429809359,0.299711815562,0.127462194816,0.158725211226,0.242767872612,0.362832177301,0.0444763349054,0.0638172280945,0.0444763349054,0.0638172280945,0.0493979038431
pm_turn_test,P4,budget_0.20,0.2,0.0783476616302,True,P3 score with thresholds re-tuned on PriMock57 recalibration,0.29291426446,0.510086455331,0.0447133087849,0.0862059722297,0.598301274044,170,0.0355974910202,0.0394038492468,0.0112046319627,0.104918032787,0.129807692308,,0.0938337801609,0.0447133087849,0.510086455331,0.269549695352,0.324426378392,0.461751096929,0.563037202982,0.0374168248544,0.0527746724972,0.0374168248544,0.0527746724972,0.04050634188
pm_turn_test,P4,budget_0.30,0.3,0.0634103779084,True,P3 score with thresholds re-tuned on PriMock57 recalibration,0.402826855124,0.64265129683,0.0386172531922,0.0781929074906,0.732575568324,124,0.0328329863774,0.0353529819948,0.0100069391184,0.107296137339,0.120627261761,,0.0924369747899,0.0386172531922,0.64265129683,0.375321863573,0.436933376286,0.591265328874,0.705926550948,0.0291138621096,0.0479035733875,0.0291138621096,0.0479035733875,0.0349637046168
pm_turn_test,P4,risk_0.10,0.1,0.931670119598,True,P3 score with thresholds re-tuned on PriMock57 recalibration,0.00148781848614,0.0028818443804,0.0644440305457,0.11364575467,0.00374718960779,346,0.051009503726,0.0470769274611,0.0155593234829,0.124555160142,0.138734739179,,0.130969267139,0.0644440305457,0.0028818443804,0.000725848020167,0.00249090375367,0,0.011012793177,0.0565408902076,0.0745296642311,0.0565408902076,0.0745296642311,0.0643430428418
pm_turn_test,P4,risk_0.20,0.2,0.931670119598,True,P3 score with thresholds re-tuned on PriMock57 recalibration,0.00148781848614,0.0028818443804,0.0644440305457,0.11364575467,0.00374718960779,346,0.051009503726,0.0470769274611,0.0155593234829,0.124555160142,0.138734739179,,0.130969267139,0.0644440305457,0.0028818443804,0.000725848020167,0.00249090375367,0,0.011012793177,0.0565408902076,0.0745296642311,0.0565408902076,0.0745296642311,0.0643430428418
pm_turn_test,P4,risk_0.30,0.3,0.931670119598,True,P3 score with thresholds re-tuned on PriMock57 recalibration,0.00148781848614,0.0028818443804,0.0644440305457,0.11364575467,0.00374718960779,346,0.051009503726,0.0470769274611,0.0155593234829,0.124555160142,0.138734739179,,0.130969267139,0.0644440305457,0.0028818443804,0.000725848020167,0.00249090375367,0,0.011012793177,0.0565408902076,0.0745296642311,0.0565408902076,0.0745296642311,0.0643430428418
pm_turn_test,P4,riskcp_0.10,0.1,0.931670119598,True,P3 score with thresholds re-tuned on PriMock57 recalibration,0.00148781848614,0.0028818443804,0.0644440305457,0.11364575467,0.00374718960779,346,0.051009503726,0.0470769274611,0.0155593234829,0.124555160142,0.138734739179,,0.130969267139,0.0644440305457,0.0028818443804,0.000725848020167,0.00249090375367,0,0.011012793177,0.0565408902076,0.0745296642311,0.0565408902076,0.0745296642311,0.0643430428418
pm_turn_test,P4,riskcp_0.20,0.2,0.931670119598,True,P3 score with thresholds re-tuned on PriMock57 recalibration,0.00148781848614,0.0028818443804,0.0644440305457,0.11364575467,0.00374718960779,346,0.051009503726,0.0470769274611,0.0155593234829,0.124555160142,0.138734739179,,0.130969267139,0.0644440305457,0.0028818443804,0.000725848020167,0.00249090375367,0,0.011012793177,0.0565408902076,0.0745296642311,0.0565408902076,0.0745296642311,0.0643430428418
pm_turn_test,P4,riskcp_0.30,0.3,0.931670119598,True,P3 score with thresholds re-tuned on PriMock57 recalibration,0.00148781848614,0.0028818443804,0.0644440305457,0.11364575467,0.00374718960779,346,0.051009503726,0.0470769274611,0.0155593234829,0.124555160142,0.138734739179,,0.130969267139,0.0644440305457,0.0028818443804,0.000725848020167,0.00249090375367,0,0.011012793177,0.0565408902076,0.0745296642311,0.0565408902076,0.0745296642311,0.0643430428418
pm_turn_test,P4,plugin_0.10,0.1,0.996883400844,True,,0,0,0.0645341268365,0.114024468403,0,347,0.0511728597268,0.047298933246,0.0155526754305,0.124555160142,0.139212423738,,0.130969267139,0.0645341268365,0,0,0,0,0,0.0570007283525,0.0745699494979,0.0570007283525,0.0745699494979,0.0656602563306
pm_turn_test,P4,plugin_0.20,0.2,0.996883400844,True,,0,0,0.0645341268365,0.114024468403,0,347,0.0511728597268,0.047298933246,0.0155526754305,0.124555160142,0.139212423738,,0.130969267139,0.0645341268365,0,0,0,0,0,0.0570007283525,0.0745699494979,0.0570007283525,0.0745699494979,0.0656602563306
pm_turn_test,P4,plugin_0.30,0.3,0.996883400844,True,,0,0,0.0645341268365,0.114024468403,0,347,0.0511728597268,0.047298933246,0.0155526754305,0.124555160142,0.139212423738,,0.130969267139,0.0645341268365,0,0,0,0,0,0.0570007283525,0.0745699494979,0.0570007283525,0.0745699494979,0.0656602563306
pm_turn_test,P4-refit,budget_0.01,0.01,0.268250533047,True,,0.0130184117538,0.0461095100865,0.0623704541172,0.111333929653,0.0360979265551,331,0.049470525435,0.0466139596618,0.0152494445567,0.119782214156,0.136593591906,,0.128365384615,0.0623704541172,0.0461095100865,0.00937857451485,0.0166671324077,0.0202869314622,0.0757348429195,0.0540924599549,0.0726891677499,0.0540924599549,0.0726891677499,0.0621770302919
pm_turn_test,P4-refit,budget_0.05,0.05,0.168536284227,True,,0.0654640133904,0.158501440922,0.0581094527363,0.103943927836,0.160879340495,292,0.045009360833,0.0456901486903,0.0132444183132,0.11568627451,0.129909365559,,0.119072164948,0.0581094527363,0.158501440922,0.055930874653,0.0768377041285,0.117795565018,0.206873327386,0.049631858799,0.0698282919012,0.049631858799,0.0698282919012,0.0542016628276
pm_turn_test,P4-refit,budget_0.10,0.1,0.128297703127,True,,0.126092616701,0.311239193084,0.0508618855076,0.0963787443578,0.295903072695,239,0.0405553275886,0.0436157844344,0.0122076323348,0.103982300885,0.121151271754,,0.10884749709,0.0508618855076,0.311239193084,0.1123966552,0.143502415813,0.262943757479,0.368500143802,0.0430041775811,0.0601296854126,0.0430041775811,0.0601296854126,0.0478031973588
pm_turn_test,P4-refit,budget_0.20,0.2,0.0831135706406,True,,0.272084805654,0.507204610951,0.0436893203883,0.0839483605621,0.541094179365,171,0.034342511139,0.0391408659888,0.0104649834343,0.103857566766,0.112588652482,,0.0990491283677,0.0436893203883,0.507204610951,0.248982029791,0.297841220399,0.458622222222,0.556825029674,0.0360601156724,0.0531079747357,0.0360601156724,0.0531079747357,0.0367359005693
pm_turn_test,P4-refit,budget_0.30,0.3,0.0620025965048,True,,0.390924307235,0.636887608069,0.0384732824427,0.0739355928115,0.693729702723,126,0.0298214931854,0.0353696779641,0.00874442166204,0.105882352941,0.108744394619,,0.0899470899471,0.0384732824427,0.636887608069,0.362940100031,0.421032943872,0.589652014652,0.695278795279,0.0312851621929,0.046187354539,0.0312851621929,0.046187354539,0.0298311179808
pm_turn_test,P4-refit,risk_0.10,0.1,0.452982470125,True,,0.000557931932304,0.0028818443804,0.0643840714552,0.113729624986,0.00299775168624,346,0.0509375356207,0.0472614840989,0.0155306052662,0.122994652406,0.139212423738,,0.130969267139,0.0643840714552,0.0028818443804,0,0.00123822682969,0,0.00941199744347,0.0567913914129,0.0744346459171,0.0567913914129,0.0744346459171,0.0653897075753
pm_turn_test,P4-refit,risk_0.20,0.2,0.452982470125,True,,0.000557931932304,0.0028818443804,0.0643840714552,0.113729624986,0.00299775168624,346,0.0509375356207,0.0472614840989,0.0155306052662,0.122994652406,0.139212423738,,0.130969267139,0.0643840714552,0.0028818443804,0,0.00123822682969,0,0.00941199744347,0.0567913914129,0.0744346459171,0.0567913914129,0.0744346459171,0.0653897075753
pm_turn_test,P4-refit,risk_0.30,0.3,0.452982470125,True,,0.000557931932304,0.0028818443804,0.0643840714552,0.113729624986,0.00299775168624,346,0.0509375356207,0.0472614840989,0.0155306052662,0.122994652406,0.139212423738,,0.130969267139,0.0643840714552,0.0028818443804,0,0.00123822682969,0,0.00941199744347,0.0567913914129,0.0744346459171,0.0567913914129,0.0744346459171,0.0653897075753
pm_turn_test,P4-refit,riskcp_0.10,0.1,0.452982470125,True,,0.000557931932304,0.0028818443804,0.0643840714552,0.113729624986,0.00299775168624,346,0.0509375356207,0.0472614840989,0.0155306052662,0.122994652406,0.139212423738,,0.130969267139,0.0643840714552,0.0028818443804,0,0.00123822682969,0,0.00941199744347,0.0567913914129,0.0744346459171,0.0567913914129,0.0744346459171,0.0653897075753
pm_turn_test,P4-refit,riskcp_0.20,0.2,0.452982470125,True,,0.000557931932304,0.0028818443804,0.0643840714552,0.113729624986,0.00299775168624,346,0.0509375356207,0.0472614840989,0.0155306052662,0.122994652406,0.139212423738,,0.130969267139,0.0643840714552,0.0028818443804,0,0.00123822682969,0,0.00941199744347,0.0567913914129,0.0744346459171,0.0567913914129,0.0744346459171,0.0653897075753
pm_turn_test,P4-refit,riskcp_0.30,0.3,0.452982470125,True,,0.000557931932304,0.0028818443804,0.0643840714552,0.113729624986,0.00299775168624,346,0.0509375356207,0.0472614840989,0.0155306052662,0.122994652406,0.139212423738,,0.130969267139,0.0643840714552,0.0028818443804,0,0.00123822682969,0,0.00941199744347,0.0567913914129,0.0744346459171,0.0567913914129,0.0744346459171,0.0653897075753
pm_turn_test,P4-refit,plugin_0.10,0.1,0.909568837385,True,,0,0,0.0645341268365,0.114024468403,0,347,0.0511728597268,0.047298933246,0.0155526754305,0.124555160142,0.139212423738,,0.130969267139,0.0645341268365,0,0,0,0,0,0.0570007283525,0.0745699494979,0.0570007283525,0.0745699494979,0.0657828652892
pm_turn_test,P4-refit,plugin_0.20,0.2,0.909568837385,True,,0,0,0.0645341268365,0.114024468403,0,347,0.0511728597268,0.047298933246,0.0155526754305,0.124555160142,0.139212423738,,0.130969267139,0.0645341268365,0,0,0,0,0,0.0570007283525,0.0745699494979,0.0570007283525,0.0745699494979,0.0657828652892
pm_turn_test,P4-refit,plugin_0.30,0.3,0.909568837385,True,,0,0,0.0645341268365,0.114024468403,0,347,0.0511728597268,0.047298933246,0.0155526754305,0.124555160142,0.139212423738,,0.130969267139,0.0645341268365,0,0,0,0,0,0.0570007283525,0.0745699494979,0.0570007283525,0.0745699494979,0.0657828652892
